cell_id,dataset,backbone,plugin,pred_len,seed,val_order,split,n,variant,r,z,p,null_sd,reject
DLinear_ETTh1_h192_fredf_s2021_det,ETTh1,DLinear,fredf,192,2021,deterministic,val,2689,index_order,0.9995784858873298,51.879350374017186,0.0,0.019274537990314936,1
DLinear_ETTh1_h192_fredf_s2021_det,ETTh1,DLinear,fredf,192,2021,deterministic,val,2689,full_permutation,0.041900298599492354,2.1931691659876438,0.014147596598633974,0.019274537990314936,1
DLinear_ETTh1_h192_fredf_s2021_det,ETTh1,DLinear,fredf,192,2021,deterministic,test,2689,index_order,0.9987104848552066,51.86136349530757,0.0,0.019264485955042963,1
DLinear_ETTh1_h192_fredf_s2021_det,ETTh1,DLinear,fredf,192,2021,deterministic,test,2689,full_permutation,0.0188075276261444,0.9955911349218991,0.1597244219256015,0.019264485955042963,0
DLinear_ETTh1_h192_none_s2021_det,ETTh1,DLinear,none,192,2021,deterministic,val,2689,index_order,0.9992370280005415,51.863578985763134,0.0,0.019273815485901274,1
DLinear_ETTh1_h192_none_s2021_det,ETTh1,DLinear,none,192,2021,deterministic,val,2689,full_permutation,0.01576142873094245,0.8370658395203493,0.20127778033838073,0.019273815485901274,0
DLinear_ETTh1_h192_none_s2021_det,ETTh1,DLinear,none,192,2021,deterministic,test,2689,index_order,0.9980484010974093,51.82659620282591,0.0,0.019264634339472463,1
DLinear_ETTh1_h192_none_s2021_det,ETTh1,DLinear,none,192,2021,deterministic,test,2689,full_permutation,0.0009241094144844089,0.0672804477452496,0.47317922102671905,0.019264634339472463,0
DLinear_ETTh1_h192_revin_s2021_det,ETTh1,DLinear,revin,192,2021,deterministic,val,2689,index_order,0.9991558636655943,51.8673393727504,0.0,0.019270853287690348,1
DLinear_ETTh1_h192_revin_s2021_det,ETTh1,DLinear,revin,192,2021,deterministic,val,2689,full_permutation,0.0009511798314518874,0.06866346918955167,0.47262874845474234,0.019270853287690348,0
DLinear_ETTh1_h192_revin_s2021_det,ETTh1,DLinear,revin,192,2021,deterministic,test,2689,index_order,0.9974977272580642,51.79724068207042,0.0,0.019264921025281566,1
DLinear_ETTh1_h192_revin_s2021_det,ETTh1,DLinear,revin,192,2021,deterministic,test,2689,full_permutation,0.008070010669727791,0.43820758300400126,0.33061790605764385,0.019264921025281566,0
DLinear_ETTh1_h192_san_lite_s2021_det,ETTh1,DLinear,san_lite,192,2021,deterministic,val,2689,index_order,0.9993115624460437,51.870280662651346,0.0,0.019272762234644688,1
DLinear_ETTh1_h192_san_lite_s2021_det,ETTh1,DLinear,san_lite,192,2021,deterministic,val,2689,full_permutation,0.027763290489767604,1.459848565387032,0.0721658488868721,0.019272762234644688,0
DLinear_ETTh1_h192_san_lite_s2021_det,ETTh1,DLinear,san_lite,192,2021,deterministic,test,2689,index_order,0.9972912160383205,51.777974451695115,0.0,0.019268100971747894,1
DLinear_ETTh1_h192_san_lite_s2021_det,ETTh1,DLinear,san_lite,192,2021,deterministic,test,2689,full_permutation,-0.0044589622826260505,-0.21210904380741874,0.583989017853419,0.019268100971747894,0
DLinear_ETTh1_h336_fredf_s2021_det,ETTh1,DLinear,fredf,336,2021,deterministic,val,2545,index_order,0.9997284491418987,50.473341735699286,0.0,0.019814846739096118,1
DLinear_ETTh1_h336_fredf_s2021_det,ETTh1,DLinear,fredf,336,2021,deterministic,val,2545,full_permutation,-0.018013214508740376,-0.889238911596944,0.8130626527248687,0.019814846739096118,0
DLinear_ETTh1_h336_fredf_s2021_det,ETTh1,DLinear,fredf,336,2021,deterministic,test,2545,index_order,0.9988570289537809,50.43177918772427,0.0,0.019813897641707975,1
DLinear_ETTh1_h336_fredf_s2021_det,ETTh1,DLinear,fredf,336,2021,deterministic,test,2545,full_permutation,-0.01998026925991327,-0.9885580239233813,0.8385602839133033,0.019813897641707975,0
DLinear_ETTh1_h336_fredf_s2021_shuf,ETTh1,DLinear,fredf,336,2021,shuffled,val,2545,index_order,0.9997281481304047,50.473346895955814,0.0,0.019814838749509317,1
DLinear_ETTh1_h336_fredf_s2021_shuf,ETTh1,DLinear,fredf,336,2021,shuffled,val,2545,full_permutation,-0.014709008134420998,-0.7224851311883231,0.7650018681605831,0.019814838749509317,0
DLinear_ETTh1_h336_fredf_s2021_shuf,ETTh1,DLinear,fredf,336,2021,shuffled,val,2545,observed_loader_order,0.0058193912622979994,0.31352629722803727,0.3769404223910398,0.019814838749509317,0
DLinear_ETTh1_h336_fredf_s2021_shuf,ETTh1,DLinear,fredf,336,2021,shuffled,test,2545,index_order,0.9988568454164948,50.43178164573931,0.0,0.019813893036672477,1
DLinear_ETTh1_h336_fredf_s2021_shuf,ETTh1,DLinear,fredf,336,2021,shuffled,test,2545,full_permutation,0.004656586486661741,0.25485492620364253,0.3994175752875807,0.019813893036672477,0
DLinear_ETTh1_h336_fredf_s2022_det,ETTh1,DLinear,fredf,336,2022,deterministic,val,2545,index_order,0.9997275915263164,50.473407018994735,0.0,0.01981480411875001,1
DLinear_ETTh1_h336_fredf_s2022_det,ETTh1,DLinear,fredf,336,2022,deterministic,val,2545,full_permutation,0.02990619438633646,1.5291231730457366,0.0631169558236802,0.01981480411875001,0
DLinear_ETTh1_h336_fredf_s2022_det,ETTh1,DLinear,fredf,336,2022,deterministic,test,2545,index_order,0.9988716572754184,50.43249492484425,0.0,0.01981390650067092,1
DLinear_ETTh1_h336_fredf_s2022_det,ETTh1,DLinear,fredf,336,2022,deterministic,test,2545,full_permutation,0.0029255972581180636,0.16749241342246057,0.433491308211641,0.01981390650067092,0
DLinear_ETTh1_h336_fredf_s2022_shuf,ETTh1,DLinear,fredf,336,2022,shuffled,val,2545,index_order,0.9997274068400922,50.47340161019115,0.0,0.01981480258305323,1
DLinear_ETTh1_h336_fredf_s2022_shuf,ETTh1,DLinear,fredf,336,2022,shuffled,val,2545,full_permutation,-0.009623018774515001,-0.4658101929010734,0.6793243157686151,0.01981480258305323,0
DLinear_ETTh1_h336_fredf_s2022_shuf,ETTh1,DLinear,fredf,336,2022,shuffled,val,2545,observed_loader_order,-0.005378227170254943,-0.25158693296859996,0.5993198201029974,0.01981480258305323,0
DLinear_ETTh1_h336_fredf_s2022_shuf,ETTh1,DLinear,fredf,336,2022,shuffled,test,2545,index_order,0.9988752302524092,50.43268403478928,0.0,0.019813903049936903,1
DLinear_ETTh1_h336_fredf_s2022_shuf,ETTh1,DLinear,fredf,336,2022,shuffled,test,2545,full_permutation,-0.020210426182771676,-1.0001736847010814,0.8413867690318116,0.019813903049936903,0
DLinear_ETTh1_h336_fredf_s2023_det,ETTh1,DLinear,fredf,336,2023,deterministic,val,2545,index_order,0.9997258432149325,50.47324190064101,0.0,0.019814834302593853,1
DLinear_ETTh1_h336_fredf_s2023_det,ETTh1,DLinear,fredf,336,2023,deterministic,val,2545,full_permutation,-0.015983038853805292,-0.786782107522252,0.7842952853409801,0.019814834302593853,0
DLinear_ETTh1_h336_fredf_s2023_det,ETTh1,DLinear,fredf,336,2023,deterministic,test,2545,index_order,0.9988704776954959,50.432507252216425,0.0,0.019813878268219277,1
DLinear_ETTh1_h336_fredf_s2023_det,ETTh1,DLinear,fredf,336,2023,deterministic,test,2545,full_permutation,0.0038852603060598686,0.2159265343791104,0.41452250675539093,0.019813878268219277,0
DLinear_ETTh1_h336_fredf_s2023_shuf,ETTh1,DLinear,fredf,336,2023,shuffled,val,2545,index_order,0.9997258940612421,50.47327234377635,0.0,0.019814823358596224,1
DLinear_ETTh1_h336_fredf_s2023_shuf,ETTh1,DLinear,fredf,336,2023,shuffled,val,2545,full_permutation,0.009600007341887993,0.504323905494671,0.30701689064299686,0.019814823358596224,0
DLinear_ETTh1_h336_fredf_s2023_shuf,ETTh1,DLinear,fredf,336,2023,shuffled,val,2545,observed_loader_order,-0.00013673734651839864,0.012937002255772384,0.49483902678085606,0.019814823358596224,0
DLinear_ETTh1_h336_fredf_s2023_shuf,ETTh1,DLinear,fredf,336,2023,shuffled,test,2545,index_order,0.9988681283793526,50.43240884347822,0.0,0.019813870347570768,1
DLinear_ETTh1_h336_fredf_s2023_shuf,ETTh1,DLinear,fredf,336,2023,shuffled,test,2545,full_permutation,-0.011848179037001081,-0.5781352696394936,0.7184136016552054,0.019813870347570768,0
DLinear_ETTh1_h336_none_s2021_det,ETTh1,DLinear,none,336,2021,deterministic,val,2545,index_order,0.999430212671218,50.45758506813796,0.0,0.019815123793222807,1
DLinear_ETTh1_h336_none_s2021_det,ETTh1,DLinear,none,336,2021,deterministic,val,2545,full_permutation,0.01221749057419703,0.6364114838140149,0.2622541289183613,0.019815123793222807,0
DLinear_ETTh1_h336_none_s2021_det,ETTh1,DLinear,none,336,2021,deterministic,test,2545,index_order,0.9982199986656412,50.39682526815181,0.0,0.019814999756695376,1
DLinear_ETTh1_h336_none_s2021_det,ETTh1,DLinear,none,336,2021,deterministic,test,2545,full_permutation,-0.00947356223176401,-0.4582629615066979,0.6766182346840428,0.019814999756695376,0
DLinear_ETTh1_h336_none_s2021_shuf,ETTh1,DLinear,none,336,2021,shuffled,val,2545,index_order,0.9994471145655652,50.45827379755663,0.0,0.019815188294748747,1
DLinear_ETTh1_h336_none_s2021_shuf,ETTh1,DLinear,none,336,2021,shuffled,val,2545,full_permutation,0.008779866201993608,0.4629250969788076,0.3217090287920795,0.019815188294748747,0
DLinear_ETTh1_h336_none_s2021_shuf,ETTh1,DLinear,none,336,2021,shuffled,val,2545,observed_loader_order,0.038609059841361114,1.968295280479541,0.024517036334944432,0.019815188294748747,1
DLinear_ETTh1_h336_none_s2021_shuf,ETTh1,DLinear,none,336,2021,shuffled,test,2545,index_order,0.9982726112687748,50.399501305529554,0.0,0.019814991560644927,1
DLinear_ETTh1_h336_none_s2021_shuf,ETTh1,DLinear,none,336,2021,shuffled,test,2545,full_permutation,0.008792985345971355,0.46359177488737024,0.3214701241950587,0.019814991560644927,0
DLinear_ETTh1_h336_none_s2022_det,ETTh1,DLinear,none,336,2022,deterministic,val,2545,index_order,0.9994396568835676,50.458000693054856,0.0,0.01981514774488861,1
DLinear_ETTh1_h336_none_s2022_det,ETTh1,DLinear,none,336,2022,deterministic,val,2545,full_permutation,0.00393690987094506,0.2185192705953094,0.41351227266423285,0.01981514774488861,0
DLinear_ETTh1_h336_none_s2022_det,ETTh1,DLinear,none,336,2022,deterministic,test,2545,index_order,0.9982745502448069,50.39958607877535,0.0,0.01981499670344276,1
DLinear_ETTh1_h336_none_s2022_det,ETTh1,DLinear,none,336,2022,deterministic,test,2545,full_permutation,0.03134165156453989,1.6015512795938252,0.05462743590649523,0.01981499670344276,0
DLinear_ETTh1_h336_none_s2022_shuf,ETTh1,DLinear,none,336,2022,shuffled,val,2545,index_order,0.9994324351330967,50.457721726489766,0.0,0.019815114172489583,1
DLinear_ETTh1_h336_none_s2022_shuf,ETTh1,DLinear,none,336,2022,shuffled,val,2545,full_permutation,-0.026260719092624785,-1.3054498251406477,0.9041301391394023,0.019815114172489583,0
DLinear_ETTh1_h336_none_s2022_shuf,ETTh1,DLinear,none,336,2022,shuffled,val,2545,observed_loader_order,-0.0017843150238756474,-0.07021071141749383,0.5279870255558111,0.019815114172489583,0
DLinear_ETTh1_h336_none_s2022_shuf,ETTh1,DLinear,none,336,2022,shuffled,test,2545,index_order,0.9982510483635963,50.398444294186625,0.0,0.01981497929371194,1
DLinear_ETTh1_h336_none_s2022_shuf,ETTh1,DLinear,none,336,2022,shuffled,test,2545,full_permutation,0.006835327366237919,0.3647951895431989,0.35763214810471256,0.01981497929371194,0
DLinear_ETTh1_h336_none_s2023_det,ETTh1,DLinear,none,336,2023,deterministic,val,2545,index_order,0.9994471171813732,50.45807180192755,0.0,0.01981526767148848,1
DLinear_ETTh1_h336_none_s2023_det,ETTh1,DLinear,none,336,2023,deterministic,val,2545,full_permutation,0.03895053820581906,1.9855204895079746,0.023543296403493858,0.01981526767148848,1
DLinear_ETTh1_h336_none_s2023_det,ETTh1,DLinear,none,336,2023,deterministic,test,2545,index_order,0.9983059711984714,50.40105363755746,0.0,0.01981504315646439,1
DLinear_ETTh1_h336_none_s2023_det,ETTh1,DLinear,none,336,2023,deterministic,test,2545,full_permutation,-0.015762258501878488,-0.7756317571207616,0.781016778012948,0.01981504315646439,0
DLinear_ETTh1_h336_none_s2023_shuf,ETTh1,DLinear,none,336,2023,shuffled,val,2545,index_order,0.9994285293958679,50.4575138894507,0.0,0.019815118385488068,1
DLinear_ETTh1_h336_none_s2023_shuf,ETTh1,DLinear,none,336,2023,shuffled,val,2545,full_permutation,0.016052146384249892,0.8299333784096954,0.20328822590473822,0.019815118385488068,0
DLinear_ETTh1_h336_none_s2023_shuf,ETTh1,DLinear,none,336,2023,shuffled,val,2545,observed_loader_order,-0.016321627500030803,-0.8038582172029842,0.7892605684349681,0.019815118385488068,0
DLinear_ETTh1_h336_none_s2023_shuf,ETTh1,DLinear,none,336,2023,shuffled,test,2545,index_order,0.9982327952269895,50.397522775268044,0.0,0.019814979427482077,1
DLinear_ETTh1_h336_none_s2023_shuf,ETTh1,DLinear,none,336,2023,shuffled,test,2545,full_permutation,0.034100247993348425,1.7407704045614465,0.04086191580679863,0.019814979427482077,1
DLinear_ETTh1_h336_revin_s2021_det,ETTh1,DLinear,revin,336,2021,deterministic,val,2545,index_order,0.9993063909911869,50.45924600323415,0.0,0.01981201765654838,1
DLinear_ETTh1_h336_revin_s2021_det,ETTh1,DLinear,revin,336,2021,deterministic,val,2545,full_permutation,0.021680750928904313,1.1141637905119994,0.13260446315016478,0.01981201765654838,0
DLinear_ETTh1_h336_revin_s2021_det,ETTh1,DLinear,revin,336,2021,deterministic,test,2545,index_order,0.9973770313167613,50.360939036700934,0.0,0.01981238102710187,1
DLinear_ETTh1_h336_revin_s2021_det,ETTh1,DLinear,revin,336,2021,deterministic,test,2545,full_permutation,0.002943165348260667,0.16839203247218076,0.43313743788591075,0.01981238102710187,0
DLinear_ETTh1_h336_revin_s2021_shuf,ETTh1,DLinear,revin,336,2021,shuffled,val,2545,index_order,0.9993038097482533,50.459130167463286,0.0,0.019812011982598094,1
DLinear_ETTh1_h336_revin_s2021_shuf,ETTh1,DLinear,revin,336,2021,shuffled,val,2545,full_permutation,-0.010131273917194391,-0.49152969242809136,0.6884740716893678,0.019812011982598094,0
DLinear_ETTh1_h336_revin_s2021_shuf,ETTh1,DLinear,revin,336,2021,shuffled,val,2545,observed_loader_order,-0.004839755773461421,-0.2244433334868197,0.5887938223070415,0.019812011982598094,0
DLinear_ETTh1_h336_revin_s2021_shuf,ETTh1,DLinear,revin,336,2021,shuffled,test,2545,index_order,0.9973656914126751,50.36033890063807,0.0,0.019812391952768207,1
DLinear_ETTh1_h336_revin_s2021_shuf,ETTh1,DLinear,revin,336,2021,shuffled,test,2545,full_permutation,-0.00015042213187333218,0.012247871418627598,0.49511392840671636,0.019812391952768207,0
DLinear_ETTh1_h336_revin_s2022_det,ETTh1,DLinear,revin,336,2022,deterministic,val,2545,index_order,0.9993149882476157,50.45972360127496,0.0,0.01981200051566201,1
DLinear_ETTh1_h336_revin_s2022_det,ETTh1,DLinear,revin,336,2022,deterministic,val,2545,full_permutation,-0.012010456791496224,-0.586380715127987,0.7211901495606172,0.01981200051566201,0
DLinear_ETTh1_h336_revin_s2022_det,ETTh1,DLinear,revin,336,2022,deterministic,test,2545,index_order,0.9974161655396,50.3629637339398,0.0,0.019812361571330216,1
DLinear_ETTh1_h336_revin_s2022_det,ETTh1,DLinear,revin,336,2022,deterministic,test,2545,full_permutation,-0.022592828546783364,-1.1204997801928651,0.8687495768942081,0.019812361571330216,0
DLinear_ETTh1_h336_revin_s2022_shuf,ETTh1,DLinear,revin,336,2022,shuffled,val,2545,index_order,0.9993090976870999,50.45941825004645,0.0,0.019812003667862062,1
DLinear_ETTh1_h336_revin_s2022_shuf,ETTh1,DLinear,revin,336,2022,shuffled,val,2545,full_permutation,0.02767782187157097,1.4168634381040588,0.07826142895497724,0.01981200366786206,0
DLinear_ETTh1_h336_revin_s2022_shuf,ETTh1,DLinear,revin,336,2022,shuffled,val,2545,observed_loader_order,-0.0057967824591182325,-0.27274882382933985,0.6074768494732059,0.01981200366786206,0
DLinear_ETTh1_h336_revin_s2022_shuf,ETTh1,DLinear,revin,336,2022,shuffled,test,2545,index_order,0.9973995214598943,50.36212497186897,0.0,0.01981236105065548,1
DLinear_ETTh1_h336_revin_s2022_shuf,ETTh1,DLinear,revin,336,2022,shuffled,test,2545,full_permutation,-0.012527051915882256,-0.6124444292051967,0.729878122927959,0.01981236105065548,0
DLinear_ETTh1_h336_revin_s2023_det,ETTh1,DLinear,revin,336,2023,deterministic,val,2545,index_order,0.9993027939636577,50.45910885536339,0.0,0.019812000219627434,1
DLinear_ETTh1_h336_revin_s2023_det,ETTh1,DLinear,revin,336,2023,deterministic,val,2545,full_permutation,0.004920762982734648,0.26821344058317725,0.39426751491091183,0.019812000219627434,0
DLinear_ETTh1_h336_revin_s2023_det,ETTh1,DLinear,revin,336,2023,deterministic,test,2545,index_order,0.9973840162452255,50.36130939866021,0.0,0.019812374021251643,1
DLinear_ETTh1_h336_revin_s2023_det,ETTh1,DLinear,revin,336,2023,deterministic,test,2545,full_permutation,-0.004708250546860716,-0.2178017021698552,0.58620819086858,0.019812374021251643,0
DLinear_ETTh1_h336_revin_s2023_shuf,ETTh1,DLinear,revin,336,2023,shuffled,val,2545,index_order,0.9993129110889407,50.4595730506055,0.0,0.019812018461736684,1
DLinear_ETTh1_h336_revin_s2023_shuf,ETTh1,DLinear,revin,336,2023,shuffled,val,2545,full_permutation,-0.0011834479685978755,-0.03989327029540352,0.5159108918199287,0.019812018461736684,0
DLinear_ETTh1_h336_revin_s2023_shuf,ETTh1,DLinear,revin,336,2023,shuffled,val,2545,observed_loader_order,-0.002131409072653288,-0.087741050464104,0.5349587540655972,0.019812018461736684,0
DLinear_ETTh1_h336_revin_s2023_shuf,ETTh1,DLinear,revin,336,2023,shuffled,test,2545,index_order,0.9974106555125867,50.36262657574013,0.0,0.01981238480032411,1
DLinear_ETTh1_h336_revin_s2023_shuf,ETTh1,DLinear,revin,336,2023,shuffled,test,2545,full_permutation,-0.008437864316035331,-0.4060481681588093,0.6576463956740162,0.01981238480032411,0
DLinear_ETTh1_h336_san_lite_s2021_det,ETTh1,DLinear,san_lite,336,2021,deterministic,val,2545,index_order,0.9994092632317441,50.462603974062006,0.0,0.019812737874300997,1
DLinear_ETTh1_h336_san_lite_s2021_det,ETTh1,DLinear,san_lite,336,2021,deterministic,val,2545,full_permutation,0.018601509552210925,0.9587060321357708,0.16885342939413078,0.019812737874300997,0
DLinear_ETTh1_h336_san_lite_s2021_det,ETTh1,DLinear,san_lite,336,2021,deterministic,test,2545,index_order,0.9970412675084482,50.34449874390271,0.0,0.01981218155221488,1
DLinear_ETTh1_h336_san_lite_s2021_det,ETTh1,DLinear,san_lite,336,2021,deterministic,test,2545,full_permutation,0.014767870085040402,0.765233843940411,0.22206615498548066,0.01981218155221488,0
DLinear_ETTh1_h336_san_lite_s2021_shuf,ETTh1,DLinear,san_lite,336,2021,shuffled,val,2545,index_order,0.9994090429793021,50.46259386361882,0.0,0.019812737479218624,1
DLinear_ETTh1_h336_san_lite_s2021_shuf,ETTh1,DLinear,san_lite,336,2021,shuffled,val,2545,full_permutation,0.00461684505099264,0.25286393751765956,0.4001866788470637,0.019812737479218624,0
DLinear_ETTh1_h336_san_lite_s2021_shuf,ETTh1,DLinear,san_lite,336,2021,shuffled,val,2545,observed_loader_order,-0.0004878798284200386,-0.0047847031493342095,0.5019088131022379,0.019812737479218624,0
DLinear_ETTh1_h336_san_lite_s2021_shuf,ETTh1,DLinear,san_lite,336,2021,shuffled,test,2545,index_order,0.9970354468052272,50.34419828770337,0.0,0.019812184173957866,1
DLinear_ETTh1_h336_san_lite_s2021_shuf,ETTh1,DLinear,san_lite,336,2021,shuffled,test,2545,full_permutation,0.009004835736092886,0.4743504004698418,0.3176250281696843,0.019812184173957866,0
DLinear_ETTh1_h336_san_lite_s2022_det,ETTh1,DLinear,san_lite,336,2022,deterministic,val,2545,index_order,0.9994188323285904,50.463125229719154,0.0,0.019812722845409095,1
DLinear_ETTh1_h336_san_lite_s2022_det,ETTh1,DLinear,san_lite,336,2022,deterministic,val,2545,full_permutation,-0.01826110499908175,-0.9018459187812115,0.8164306383622578,0.019812722845409095,0
DLinear_ETTh1_h336_san_lite_s2022_det,ETTh1,DLinear,san_lite,336,2022,deterministic,test,2545,index_order,0.9970997663245289,50.3475412452256,0.0,0.01981214620247471,1
DLinear_ETTh1_h336_san_lite_s2022_det,ETTh1,DLinear,san_lite,336,2022,deterministic,test,2545,full_permutation,0.0023579852277919385,0.13885759577398007,0.4447813399664596,0.01981214620247471,0
DLinear_ETTh1_h336_san_lite_s2022_shuf,ETTh1,DLinear,san_lite,336,2022,shuffled,val,2545,index_order,0.9994126056096394,50.46280621368891,0.0,0.01981272470533815,1
DLinear_ETTh1_h336_san_lite_s2022_shuf,ETTh1,DLinear,san_lite,336,2022,shuffled,val,2545,full_permutation,0.017791818385993086,0.9178394399282099,0.17935146535345714,0.01981272470533815,0
DLinear_ETTh1_h336_san_lite_s2022_shuf,ETTh1,DLinear,san_lite,336,2022,shuffled,val,2545,observed_loader_order,-0.009365432014707895,-0.4528579681564031,0.6746744905979553,0.01981272470533815,0
DLinear_ETTh1_h336_san_lite_s2022_shuf,ETTh1,DLinear,san_lite,336,2022,shuffled,test,2545,index_order,0.9970808652818638,50.34657902720546,0.0,0.019812149431322264,1
DLinear_ETTh1_h336_san_lite_s2022_shuf,ETTh1,DLinear,san_lite,336,2022,shuffled,test,2545,full_permutation,-0.025398639961530866,-1.2621325256608316,0.8965494484156575,0.019812149431322264,0
DLinear_ETTh1_h336_san_lite_s2023_det,ETTh1,DLinear,san_lite,336,2023,deterministic,val,2545,index_order,0.9994083588037246,50.46257885883964,0.0,0.019812729812352693,1
DLinear_ETTh1_h336_san_lite_s2023_det,ETTh1,DLinear,san_lite,336,2023,deterministic,val,2545,full_permutation,0.021827155719690145,1.1215131731540964,0.13103474370171425,0.019812729812352693,0
DLinear_ETTh1_h336_san_lite_s2023_det,ETTh1,DLinear,san_lite,336,2023,deterministic,test,2545,index_order,0.9970682866159852,50.34588595487741,0.0,0.019812172324685438,1
DLinear_ETTh1_h336_san_lite_s2023_det,ETTh1,DLinear,san_lite,336,2023,deterministic,test,2545,full_permutation,0.0327701678193224,1.6738825524452037,0.047076841919866684,0.019812172324685438,1
DLinear_ETTh1_h336_san_lite_s2023_shuf,ETTh1,DLinear,san_lite,336,2023,shuffled,val,2545,index_order,0.9994170494721103,50.4630163517061,0.0,0.019812730262988215,1
DLinear_ETTh1_h336_san_lite_s2023_shuf,ETTh1,DLinear,san_lite,336,2023,shuffled,val,2545,full_permutation,-0.026227820161437192,-1.303946405039001,0.9038740717098166,0.019812730262988215,0
DLinear_ETTh1_h336_san_lite_s2023_shuf,ETTh1,DLinear,san_lite,336,2023,shuffled,val,2545,observed_loader_order,-0.008076031925347985,-0.38777846679183176,0.6509100089676875,0.019812730262988215,0
DLinear_ETTh1_h336_san_lite_s2023_shuf,ETTh1,DLinear,san_lite,336,2023,shuffled,test,2545,index_order,0.9970895180745526,50.34695471061053,0.0,0.01981217345853375,1
DLinear_ETTh1_h336_san_lite_s2023_shuf,ETTh1,DLinear,san_lite,336,2023,shuffled,test,2545,full_permutation,0.03064333839528259,1.5665328299919803,0.05861196450188976,0.01981217345853375,0
DLinear_ETTh1_h720_fredf_s2021_det,ETTh1,DLinear,fredf,720,2021,deterministic,val,2161,index_order,0.9996998063814263,46.50565769246262,0.0,0.021506260076104466,1
DLinear_ETTh1_h720_fredf_s2021_det,ETTh1,DLinear,fredf,720,2021,deterministic,val,2161,full_permutation,0.0032135634442832903,0.17095145293677674,0.43213096925065714,0.021506260076104466,0
DLinear_ETTh1_h720_fredf_s2021_det,ETTh1,DLinear,fredf,720,2021,deterministic,test,2161,index_order,0.9962767697213751,46.34865929472309,0.0,0.02150525490599939,1
DLinear_ETTh1_h720_fredf_s2021_det,ETTh1,DLinear,fredf,720,2021,deterministic,test,2161,full_permutation,-0.013457494465182213,-0.604249126970084,0.7271609882584098,0.02150525490599939,0
DLinear_ETTh1_h720_none_s2021_det,ETTh1,DLinear,none,720,2021,deterministic,val,2161,index_order,0.9995481382316966,46.49951877949743,0.0,0.021505837639670036,1
DLinear_ETTh1_h720_none_s2021_det,ETTh1,DLinear,none,720,2021,deterministic,val,2161,full_permutation,0.006714994488163369,0.3337678620750745,0.36927736820321655,0.021505837639670032,0
DLinear_ETTh1_h720_none_s2021_det,ETTh1,DLinear,none,720,2021,deterministic,test,2161,index_order,0.9962212012693062,46.34477042550269,0.0,0.021505860425706458,1
DLinear_ETTh1_h720_none_s2021_det,ETTh1,DLinear,none,720,2021,deterministic,test,2161,full_permutation,-0.0022021383106401037,-0.08086983330358936,0.5322272645494915,0.021505860425706458,0
DLinear_ETTh1_h720_revin_s2021_det,ETTh1,DLinear,revin,720,2021,deterministic,val,2161,index_order,0.9994153291389414,46.50701106058906,0.0,0.02149951736952669,1
DLinear_ETTh1_h720_revin_s2021_det,ETTh1,DLinear,revin,720,2021,deterministic,val,2161,full_permutation,-0.03632660771209602,-1.6681139456630785,0.9523534453514293,0.02149951736952669,0
DLinear_ETTh1_h720_revin_s2021_det,ETTh1,DLinear,revin,720,2021,deterministic,test,2161,index_order,0.9932404302853236,46.21693176136412,0.0,0.021500851644136853,1
DLinear_ETTh1_h720_revin_s2021_det,ETTh1,DLinear,revin,720,2021,deterministic,test,2161,full_permutation,0.01716815353968888,0.8200194482742611,0.20610251016474135,0.021500851644136853,0
DLinear_ETTh1_h720_san_lite_s2021_det,ETTh1,DLinear,san_lite,720,2021,deterministic,val,2161,index_order,0.9995026300659261,46.509555378237536,0.0,0.021500218286257512,1
DLinear_ETTh1_h720_san_lite_s2021_det,ETTh1,DLinear,san_lite,720,2021,deterministic,val,2161,full_permutation,-0.00866599340843485,-0.3815324261482076,0.648595892541098,0.021500218286257512,0
DLinear_ETTh1_h720_san_lite_s2021_det,ETTh1,DLinear,san_lite,720,2021,deterministic,test,2161,index_order,0.9926646075634397,46.189959843212016,0.0,0.02150094033200054,1
DLinear_ETTh1_h720_san_lite_s2021_det,ETTh1,DLinear,san_lite,720,2021,deterministic,test,2161,full_permutation,0.03375682380143797,1.5915483804896906,0.05574310823235263,0.02150094033200054,0
DLinear_ETTh1_h96_fredf_s2021_det,ETTh1,DLinear,fredf,96,2021,deterministic,val,2785,index_order,0.999140191975131,52.82631842737207,0.0,0.01892048162984489,1
DLinear_ETTh1_h96_fredf_s2021_det,ETTh1,DLinear,fredf,96,2021,deterministic,val,2785,full_permutation,-0.005729375139037343,-0.2838289131217278,0.6117292520722188,0.01892048162984489,0
DLinear_ETTh1_h96_fredf_s2021_det,ETTh1,DLinear,fredf,96,2021,deterministic,test,2785,index_order,0.9977812490947793,52.77645211250166,0.0,0.01891260978228279,1
DLinear_ETTh1_h96_fredf_s2021_det,ETTh1,DLinear,fredf,96,2021,deterministic,test,2785,full_permutation,-0.007576007420236836,-0.3815873166641786,0.6486162532718289,0.01891260978228279,0
DLinear_ETTh1_h96_fredf_s2021_shuf,ETTh1,DLinear,fredf,96,2021,shuffled,val,2785,index_order,0.999140308800667,52.82618047203684,0.0,0.018920533252106762,1
DLinear_ETTh1_h96_fredf_s2021_shuf,ETTh1,DLinear,fredf,96,2021,shuffled,val,2785,full_permutation,-0.002514420937287857,-0.11390934421729507,0.5453451709149347,0.018920533252106762,0
DLinear_ETTh1_h96_fredf_s2021_shuf,ETTh1,DLinear,fredf,96,2021,shuffled,val,2785,observed_loader_order,-0.0037206799625209524,-0.17766330977208622,0.5705062993338,0.018920533252106762,0
DLinear_ETTh1_h96_fredf_s2021_shuf,ETTh1,DLinear,fredf,96,2021,shuffled,test,2785,index_order,0.9977844925461298,52.77663561035668,0.0,0.018912605481668045,1
DLinear_ETTh1_h96_fredf_s2021_shuf,ETTh1,DLinear,fredf,96,2021,shuffled,test,2785,full_permutation,0.02476055865633726,1.328201663328971,0.09205574753677276,0.018912605481668045,0
DLinear_ETTh1_h96_fredf_s2022_det,ETTh1,DLinear,fredf,96,2022,deterministic,val,2785,index_order,0.9991310335588282,52.82563202656233,0.0,0.018920554106357932,1
DLinear_ETTh1_h96_fredf_s2022_det,ETTh1,DLinear,fredf,96,2022,deterministic,val,2785,full_permutation,-0.0008376000158356739,-0.02528491559219524,0.5100861471503649,0.018920554106357932,0
DLinear_ETTh1_h96_fredf_s2022_det,ETTh1,DLinear,fredf,96,2022,deterministic,test,2785,index_order,0.9977584060901,52.775343350084775,0.0,0.018912574284384937,1
DLinear_ETTh1_h96_fredf_s2022_det,ETTh1,DLinear,fredf,96,2022,deterministic,test,2785,full_permutation,-0.027178106525918285,-1.4180465715744641,0.921911415806918,0.018912574284384937,0
DLinear_ETTh1_h96_fredf_s2022_shuf,ETTh1,DLinear,fredf,96,2022,shuffled,val,2785,index_order,0.9991283842058103,52.82546351242051,0.0,0.01892056431029907,1
DLinear_ETTh1_h96_fredf_s2022_shuf,ETTh1,DLinear,fredf,96,2022,shuffled,val,2785,full_permutation,0.035691724383001604,1.9053829047623483,0.028365157883606745,0.01892056431029907,1
DLinear_ETTh1_h96_fredf_s2022_shuf,ETTh1,DLinear,fredf,96,2022,shuffled,val,2785,observed_loader_order,0.0019033222653050453,0.1195798196342556,0.45240800329855924,0.01892056431029907,0
DLinear_ETTh1_h96_fredf_s2022_shuf,ETTh1,DLinear,fredf,96,2022,shuffled,test,2785,index_order,0.9977464252526078,52.774680728338495,0.0,0.018912584725859886,1
DLinear_ETTh1_h96_fredf_s2022_shuf,ETTh1,DLinear,fredf,96,2022,shuffled,test,2785,full_permutation,0.01455980963209012,0.7888400898471407,0.21510273746306785,0.018912584725859882,0
DLinear_ETTh1_h96_fredf_s2023_det,ETTh1,DLinear,fredf,96,2023,deterministic,val,2785,index_order,0.9991394233178023,52.8272925935543,0.0,0.018920118174711353,1
DLinear_ETTh1_h96_fredf_s2023_det,ETTh1,DLinear,fredf,96,2023,deterministic,val,2785,full_permutation,-0.013934615568458812,-0.717512440503933,0.7634710184868263,0.018920118174711353,0
DLinear_ETTh1_h96_fredf_s2023_det,ETTh1,DLinear,fredf,96,2023,deterministic,test,2785,index_order,0.9978108895608543,52.777605113030056,0.0,0.018912758220564253,1
DLinear_ETTh1_h96_fredf_s2023_det,ETTh1,DLinear,fredf,96,2023,deterministic,test,2785,full_permutation,-0.015070007760060889,-0.7778247988052136,0.7816638468833589,0.018912758220564253,0
DLinear_ETTh1_h96_fredf_s2023_shuf,ETTh1,DLinear,fredf,96,2023,shuffled,val,2785,index_order,0.9991408985772728,52.82735706873152,0.0,0.018920123008977392,1
DLinear_ETTh1_h96_fredf_s2023_shuf,ETTh1,DLinear,fredf,96,2023,shuffled,val,2785,full_permutation,-0.009612713564231821,-0.48908340382048665,0.6876086747226048,0.018920123008977392,0
DLinear_ETTh1_h96_fredf_s2023_shuf,ETTh1,DLinear,fredf,96,2023,shuffled,val,2785,observed_loader_order,-0.0453237079742366,-2.376544409917556,0.991262171199174,0.018920123008977392,0
DLinear_ETTh1_h96_fredf_s2023_shuf,ETTh1,DLinear,fredf,96,2023,shuffled,test,2785,index_order,0.997821666113917,52.7781651309141,0.0,0.01891276172713221,1
DLinear_ETTh1_h96_fredf_s2023_shuf,ETTh1,DLinear,fredf,96,2023,shuffled,test,2785,full_permutation,-0.0015262471805984625,-0.06170710524129122,0.5246019592046716,0.01891276172713221,0
DLinear_ETTh1_h96_none_s2021_det,ETTh1,DLinear,none,96,2021,deterministic,val,2785,index_order,0.9987118494018945,52.81634640354284,0.0,0.018915943885455457,1
DLinear_ETTh1_h96_none_s2021_det,ETTh1,DLinear,none,96,2021,deterministic,val,2785,full_permutation,0.0014069753791876916,0.09336942381419083,0.46280504032045733,0.018915943885455457,0
DLinear_ETTh1_h96_none_s2021_det,ETTh1,DLinear,none,96,2021,deterministic,test,2785,index_order,0.99701278642093,52.734465251446416,0.0,0.018913095583080228,1
DLinear_ETTh1_h96_none_s2021_det,ETTh1,DLinear,none,96,2021,deterministic,test,2785,full_permutation,-0.011189779805935225,-0.5726500115256374,0.716559154849711,0.018913095583080228,0
DLinear_ETTh1_h96_none_s2021_shuf,ETTh1,DLinear,none,96,2021,shuffled,val,2785,index_order,0.9987351566572538,52.816856695108974,0.0,0.01891620241293292,1
DLinear_ETTh1_h96_none_s2021_shuf,ETTh1,DLinear,none,96,2021,shuffled,val,2785,full_permutation,-0.029800853941228434,-1.5564254334051986,0.9401965193854086,0.01891620241293292,0
DLinear_ETTh1_h96_none_s2021_shuf,ETTh1,DLinear,none,96,2021,shuffled,val,2785,observed_loader_order,-0.021722996673257642,-1.1293916614231438,0.8706336755562478,0.01891620241293292,0
DLinear_ETTh1_h96_none_s2021_shuf,ETTh1,DLinear,none,96,2021,shuffled,test,2785,index_order,0.9970869599140778,52.73846202882487,0.0,0.018913068696830976,1
DLinear_ETTh1_h96_none_s2021_shuf,ETTh1,DLinear,none,96,2021,shuffled,test,2785,full_permutation,0.016471080839403823,0.8898754882925324,0.18676637346906994,0.018913068696830976,0
DLinear_ETTh1_h96_none_s2022_det,ETTh1,DLinear,none,96,2022,deterministic,val,2785,index_order,0.998708886740134,52.815792082215246,0.0,0.018916086321061742,1
DLinear_ETTh1_h96_none_s2022_det,ETTh1,DLinear,none,96,2022,deterministic,val,2785,full_permutation,-0.012804631927896834,-0.6579287234347655,0.7447080336532582,0.018916086321061745,0
DLinear_ETTh1_h96_none_s2022_det,ETTh1,DLinear,none,96,2022,deterministic,test,2785,index_order,0.9969997531124288,52.73383359024394,0.0,0.01891307497695834,1
DLinear_ETTh1_h96_none_s2022_det,ETTh1,DLinear,none,96,2022,deterministic,test,2785,full_permutation,0.003405918773800089,0.19907467086584021,0.4211021671911594,0.01891307497695834,0
DLinear_ETTh1_h96_none_s2022_shuf,ETTh1,DLinear,none,96,2022,shuffled,val,2785,index_order,0.9987004576525436,52.815400393024284,0.0,0.018916067011143886,1
DLinear_ETTh1_h96_none_s2022_shuf,ETTh1,DLinear,none,96,2022,shuffled,val,2785,full_permutation,-0.008767934291506043,-0.44452892264831867,0.671669888580888,0.018916067011143886,0
DLinear_ETTh1_h96_none_s2022_shuf,ETTh1,DLinear,none,96,2022,shuffled,val,2785,observed_loader_order,0.0045013820794671255,0.25695497266437567,0.3986067664039644,0.018916067011143886,0
DLinear_ETTh1_h96_none_s2022_shuf,ETTh1,DLinear,none,96,2022,shuffled,test,2785,index_order,0.9969700071668957,52.73222664783243,0.0,0.018913087232780262,1
DLinear_ETTh1_h96_none_s2022_shuf,ETTh1,DLinear,none,96,2022,shuffled,test,2785,full_permutation,-0.023681925249448482,-1.2331529781518986,0.8912406525249406,0.018913087232780262,0
DLinear_ETTh1_h96_none_s2023_det,ETTh1,DLinear,none,96,2023,deterministic,val,2785,index_order,0.998725129536769,52.816951979029795,0.0,0.018915978440704792,1
DLinear_ETTh1_h96_none_s2023_det,ETTh1,DLinear,none,96,2023,deterministic,val,2785,full_permutation,-0.003207491790519858,-0.150576212441215,0.5598449864330693,0.018915978440704792,0
DLinear_ETTh1_h96_none_s2023_det,ETTh1,DLinear,none,96,2023,deterministic,test,2785,index_order,0.9970599311250458,52.73683878814245,0.0,0.018913138319386867,1
DLinear_ETTh1_h96_none_s2023_det,ETTh1,DLinear,none,96,2023,deterministic,test,2785,full_permutation,-0.008988294777253266,-0.4562489434188285,0.6758945130143142,0.018913138319386867,0
DLinear_ETTh1_h96_none_s2023_shuf,ETTh1,DLinear,none,96,2023,shuffled,val,2785,index_order,0.9987284800283325,52.81706438272764,0.0,0.01891600162006269,1
DLinear_ETTh1_h96_none_s2023_shuf,ETTh1,DLinear,none,96,2023,shuffled,val,2785,full_permutation,0.011429301393236441,0.6232023570473887,0.2665757765006662,0.01891600162006269,0
DLinear_ETTh1_h96_none_s2023_shuf,ETTh1,DLinear,none,96,2023,shuffled,val,2785,observed_loader_order,-0.0033365447651284275,-0.1573984514608912,0.5625345830995824,0.01891600162006269,0
DLinear_ETTh1_h96_none_s2023_shuf,ETTh1,DLinear,none,96,2023,shuffled,test,2785,index_order,0.9970769800519284,52.7378192376914,0.0,0.018913109982017718,1
DLinear_ETTh1_h96_none_s2023_shuf,ETTh1,DLinear,none,96,2023,shuffled,test,2785,full_permutation,-0.020300624788288566,-1.0543707198313608,0.8541433888617384,0.018913109982017718,0
DLinear_ETTh1_h96_revin_s2021_det,ETTh1,DLinear,revin,96,2021,deterministic,val,2785,index_order,0.9986525197039255,52.819434531667774,0.0,0.018913714695436,1
DLinear_ETTh1_h96_revin_s2021_det,ETTh1,DLinear,revin,96,2021,deterministic,val,2785,full_permutation,0.014921601175960546,0.8079214910620784,0.20956788934798704,0.018913714695436,0
DLinear_ETTh1_h96_revin_s2021_det,ETTh1,DLinear,revin,96,2021,deterministic,test,2785,index_order,0.9965290045826796,52.70753380474074,0.0,0.01891358081138894,1
DLinear_ETTh1_h96_revin_s2021_det,ETTh1,DLinear,revin,96,2021,deterministic,test,2785,full_permutation,-0.009791909309810918,-0.4987270259173818,0.6910141487012768,0.01891358081138894,0
DLinear_ETTh1_h96_revin_s2021_shuf,ETTh1,DLinear,revin,96,2021,shuffled,val,2785,index_order,0.9986574260353016,52.81952408806006,0.0,0.018913775515509233,1
DLinear_ETTh1_h96_revin_s2021_shuf,ETTh1,DLinear,revin,96,2021,shuffled,val,2785,full_permutation,0.0019177282979982522,0.12038440968224629,0.45208932042649774,0.018913775515509233,0
DLinear_ETTh1_h96_revin_s2021_shuf,ETTh1,DLinear,revin,96,2021,shuffled,val,2785,observed_loader_order,-0.006970061614864364,-0.3495265240482856,0.6366529691798595,0.018913775515509233,0
DLinear_ETTh1_h96_revin_s2021_shuf,ETTh1,DLinear,revin,96,2021,shuffled,test,2785,index_order,0.9965455456955645,52.70845879223899,0.0,0.01891356271727398,1
DLinear_ETTh1_h96_revin_s2021_shuf,ETTh1,DLinear,revin,96,2021,shuffled,test,2785,full_permutation,-0.025949464221521407,-1.3530115505869584,0.9119740298216976,0.01891356271727398,0
DLinear_ETTh1_h96_revin_s2022_det,ETTh1,DLinear,revin,96,2022,deterministic,val,2785,index_order,0.9986657292023017,52.81937955476789,0.0,0.018913984469823647,1
DLinear_ETTh1_h96_revin_s2022_det,ETTh1,DLinear,revin,96,2022,deterministic,val,2785,full_permutation,-0.00592335988209323,-0.29418256574503043,0.6156907989808698,0.018913984469823647,0
DLinear_ETTh1_h96_revin_s2022_det,ETTh1,DLinear,revin,96,2022,deterministic,test,2785,index_order,0.996555560510551,52.70924922258365,0.0,0.01891346908970418,1
DLinear_ETTh1_h96_revin_s2022_det,ETTh1,DLinear,revin,96,2022,deterministic,test,2785,full_permutation,0.016018873869413832,0.865947394104888,0.1932595054848203,0.01891346908970418,0
DLinear_ETTh1_h96_revin_s2022_shuf,ETTh1,DLinear,revin,96,2022,shuffled,val,2785,index_order,0.9986677657834562,52.81950123057242,0.0,0.018913979456653955,1
DLinear_ETTh1_h96_revin_s2022_shuf,ETTh1,DLinear,revin,96,2022,shuffled,val,2785,full_permutation,-0.02357823019638566,-1.2276123513456783,0.8902037385091848,0.01891397945665395,0
DLinear_ETTh1_h96_revin_s2022_shuf,ETTh1,DLinear,revin,96,2022,shuffled,val,2785,observed_loader_order,0.008251361796329893,0.4552483108254377,0.3244653040330657,0.018913979456653955,0
DLinear_ETTh1_h96_revin_s2022_shuf,ETTh1,DLinear,revin,96,2022,shuffled,test,2785,index_order,0.9965333112058475,52.70804167862345,0.0,0.01891348027472725,1
DLinear_ETTh1_h96_revin_s2022_shuf,ETTh1,DLinear,revin,96,2022,shuffled,test,2785,full_permutation,0.011209879728219832,0.6116840984563597,0.2703733923297791,0.01891348027472725,0
DLinear_ETTh1_h96_revin_s2023_det,ETTh1,DLinear,revin,96,2023,deterministic,val,2785,index_order,0.998661980882574,52.82014779046083,0.0,0.018913638414038918,1
DLinear_ETTh1_h96_revin_s2023_det,ETTh1,DLinear,revin,96,2023,deterministic,val,2785,full_permutation,-0.03429543839198677,-1.7942736477661672,0.9636152489586656,0.018913638414038918,0
DLinear_ETTh1_h96_revin_s2023_det,ETTh1,DLinear,revin,96,2023,deterministic,test,2785,index_order,0.9966256374548187,52.712588033198486,0.0,0.018913600528003192,1
DLinear_ETTh1_h96_revin_s2023_det,ETTh1,DLinear,revin,96,2023,deterministic,test,2785,full_permutation,-0.023022658627410122,-1.1982627629020761,0.8845926308538901,0.018913600528003192,0
DLinear_ETTh1_h96_revin_s2023_shuf,ETTh1,DLinear,revin,96,2023,shuffled,val,2785,index_order,0.9986674519854822,52.82052346359725,0.0,0.018913607474494047,1
DLinear_ETTh1_h96_revin_s2023_shuf,ETTh1,DLinear,revin,96,2023,shuffled,val,2785,full_permutation,0.01588710251984216,0.8589740452237872,0.19517741784373355,0.018913607474494047,0
DLinear_ETTh1_h96_revin_s2023_shuf,ETTh1,DLinear,revin,96,2023,shuffled,val,2785,observed_loader_order,-0.0432253814711513,-2.266420413274393,0.9882871725392719,0.018913607474494047,0
DLinear_ETTh1_h96_revin_s2023_shuf,ETTh1,DLinear,revin,96,2023,shuffled,test,2785,index_order,0.9966429025438605,52.71358427856007,0.0,0.01891357060217332,1
DLinear_ETTh1_h96_revin_s2023_shuf,ETTh1,DLinear,revin,96,2023,shuffled,test,2785,full_permutation,0.0073241944411107035,0.40623687642177264,0.34228428055717425,0.01891357060217332,0
DLinear_ETTh1_h96_san_lite_s2021_det,ETTh1,DLinear,san_lite,96,2021,deterministic,val,2785,index_order,0.9989642839378579,52.811783983455,0.0,0.01892235792779178,1
DLinear_ETTh1_h96_san_lite_s2021_det,ETTh1,DLinear,san_lite,96,2021,deterministic,val,2785,full_permutation,-0.022541631890953283,-1.172287120521829,0.8794590996190647,0.01892235792779178,0
DLinear_ETTh1_h96_san_lite_s2021_det,ETTh1,DLinear,san_lite,96,2021,deterministic,test,2785,index_order,0.9963628336692231,52.68148469977894,0.0,0.01891977864237574,1
DLinear_ETTh1_h96_san_lite_s2021_det,ETTh1,DLinear,san_lite,96,2021,deterministic,test,2785,full_permutation,0.0020331092825301217,0.1264446445198247,0.44968998225249757,0.01891977864237574,0
DLinear_ETTh1_h96_san_lite_s2021_shuf,ETTh1,DLinear,san_lite,96,2021,shuffled,val,2785,index_order,0.9989696144614658,52.8120138785319,0.0,0.018922376491118664,1
DLinear_ETTh1_h96_san_lite_s2021_shuf,ETTh1,DLinear,san_lite,96,2021,shuffled,val,2785,full_permutation,0.008821023664537329,0.4851514856574687,0.3137844464279699,0.018922376491118664,0
DLinear_ETTh1_h96_san_lite_s2021_shuf,ETTh1,DLinear,san_lite,96,2021,shuffled,val,2785,observed_loader_order,-0.003083094149747575,-0.14395119707755544,0.5572304963823498,0.018922376491118664,0
DLinear_ETTh1_h96_san_lite_s2021_shuf,ETTh1,DLinear,san_lite,96,2021,shuffled,test,2785,index_order,0.9963864950972879,52.68274474401145,0.0,0.018919775257398463,1
DLinear_ETTh1_h96_san_lite_s2021_shuf,ETTh1,DLinear,san_lite,96,2021,shuffled,test,2785,full_permutation,0.02871764823534784,1.5368493146490398,0.06216510694249563,0.018919775257398463,0
DLinear_ETTh1_h96_san_lite_s2022_det,ETTh1,DLinear,san_lite,96,2022,deterministic,val,2785,index_order,0.9989669345343677,52.8115771793387,0.0,0.018922482215275132,1
DLinear_ETTh1_h96_san_lite_s2022_det,ETTh1,DLinear,san_lite,96,2022,deterministic,val,2785,full_permutation,0.006755099217758445,0.3759704746512747,0.3534694230998232,0.018922482215275132,0
DLinear_ETTh1_h96_san_lite_s2022_det,ETTh1,DLinear,san_lite,96,2022,deterministic,test,2785,index_order,0.9963727572048363,52.68219856198565,0.0,0.01891971063877269,1
DLinear_ETTh1_h96_san_lite_s2022_det,ETTh1,DLinear,san_lite,96,2022,deterministic,test,2785,full_permutation,0.05325437782423804,2.8337417125537376,0.0023003250122488605,0.01891971063877269,1
DLinear_ETTh1_h96_san_lite_s2022_shuf,ETTh1,DLinear,san_lite,96,2022,shuffled,val,2785,index_order,0.998967146540621,52.81160416940305,0.0,0.018922476559079606,1
DLinear_ETTh1_h96_san_lite_s2022_shuf,ETTh1,DLinear,san_lite,96,2022,shuffled,val,2785,full_permutation,0.001518935206562498,0.09925395351911068,0.46046831879379646,0.018922476559079606,0
DLinear_ETTh1_h96_san_lite_s2022_shuf,ETTh1,DLinear,san_lite,96,2022,shuffled,val,2785,observed_loader_order,0.0069603591247761895,0.38681799944219697,0.34944547546627913,0.018922476559079606,0
DLinear_ETTh1_h96_san_lite_s2022_shuf,ETTh1,DLinear,san_lite,96,2022,shuffled,test,2785,index_order,0.9963504955250161,52.68099177715236,0.0,0.01891972146506904,1
DLinear_ETTh1_h96_san_lite_s2022_shuf,ETTh1,DLinear,san_lite,96,2022,shuffled,test,2785,full_permutation,-0.011955054292053078,-0.6128979705733693,0.7300280973780761,0.01891972146506904,0
DLinear_ETTh1_h96_san_lite_s2023_det,ETTh1,DLinear,san_lite,96,2023,deterministic,val,2785,index_order,0.9989677569682933,52.81218146510585,0.0,0.018922281273892637,1
DLinear_ETTh1_h96_san_lite_s2023_det,ETTh1,DLinear,san_lite,96,2023,deterministic,val,2785,full_permutation,0.02044997179344318,1.0997176764544114,0.13572757529592727,0.018922281273892637,0
DLinear_ETTh1_h96_san_lite_s2023_det,ETTh1,DLinear,san_lite,96,2023,deterministic,test,2785,index_order,0.9964154351341901,52.684196731343974,0.0,0.018919803136022137,1
DLinear_ETTh1_h96_san_lite_s2023_det,ETTh1,DLinear,san_lite,96,2023,deterministic,test,2785,full_permutation,0.0038355845693695385,0.22171372194046707,0.4122683736952542,0.018919803136022137,0
DLinear_ETTh1_h96_san_lite_s2023_shuf,ETTh1,DLinear,san_lite,96,2023,shuffled,val,2785,index_order,0.9989682567557706,52.812284675775366,0.0,0.018922253757684037,1
DLinear_ETTh1_h96_san_lite_s2023_shuf,ETTh1,DLinear,san_lite,96,2023,shuffled,val,2785,full_permutation,-0.01266724816450138,-0.6504538476133911,0.7423004478052027,0.018922253757684037,0
DLinear_ETTh1_h96_san_lite_s2023_shuf,ETTh1,DLinear,san_lite,96,2023,shuffled,val,2785,observed_loader_order,-0.04195422445291513,-2.1982069146348473,0.9860328179203331,0.018922253757684037,0
DLinear_ETTh1_h96_san_lite_s2023_shuf,ETTh1,DLinear,san_lite,96,2023,shuffled,test,2785,index_order,0.9964248390981642,52.684705082274995,0.0,0.018919799075345238,1
DLinear_ETTh1_h96_san_lite_s2023_shuf,ETTh1,DLinear,san_lite,96,2023,shuffled,test,2785,full_permutation,0.015849851014000566,0.8567240250147129,0.1957987112253448,0.018919799075345238,0
DLinear_ETTh2_h192_fredf_s2021_det,ETTh2,DLinear,fredf,192,2021,deterministic,val,2689,index_order,0.9995054286579308,51.92849745334551,0.0,0.01925488896276619,1
DLinear_ETTh2_h192_fredf_s2021_det,ETTh2,DLinear,fredf,192,2021,deterministic,val,2689,full_permutation,-0.01899141022523807,-0.9669952629547321,0.8332267991276682,0.01925488896276619,0
DLinear_ETTh2_h192_fredf_s2021_det,ETTh2,DLinear,fredf,192,2021,deterministic,test,2689,index_order,0.9992362744524962,51.867122171605935,0.0,0.019272484310094307,1
DLinear_ETTh2_h192_fredf_s2021_det,ETTh2,DLinear,fredf,192,2021,deterministic,test,2689,full_permutation,0.03398585624380089,1.7827426656836942,0.037314101323533626,0.019272484310094307,1
DLinear_ETTh2_h192_none_s2021_det,ETTh2,DLinear,none,192,2021,deterministic,val,2689,index_order,0.9989891734666396,51.89814736509526,0.0,0.01925620177240269,1
DLinear_ETTh2_h192_none_s2021_det,ETTh2,DLinear,none,192,2021,deterministic,val,2689,full_permutation,0.008731365224455175,0.4727510202466636,0.3181954109724081,0.01925620177240269,0
DLinear_ETTh2_h192_none_s2021_det,ETTh2,DLinear,none,192,2021,deterministic,test,2689,index_order,0.9991109843704057,51.86266916504903,0.0,0.019271723269759802,1
DLinear_ETTh2_h192_none_s2021_det,ETTh2,DLinear,none,192,2021,deterministic,test,2689,full_permutation,0.010102222974693561,0.5435033825258907,0.2933916312932647,0.019271723269759802,0
DLinear_ETTh2_h192_revin_s2021_det,ETTh2,DLinear,revin,192,2021,deterministic,val,2689,index_order,0.9986726270230415,51.881786151833786,0.0,0.01925617302204723,1
DLinear_ETTh2_h192_revin_s2021_det,ETTh2,DLinear,revin,192,2021,deterministic,val,2689,full_permutation,0.006195776370944443,0.34107505021628604,0.36652354165563183,0.01925617302204723,0
DLinear_ETTh2_h192_revin_s2021_det,ETTh2,DLinear,revin,192,2021,deterministic,test,2689,index_order,0.9972855857505576,51.75534888071703,0.0,0.01927641550363093,1
DLinear_ETTh2_h192_revin_s2021_det,ETTh2,DLinear,revin,192,2021,deterministic,test,2689,full_permutation,0.009942431541179762,0.5350816052269016,0.29629671458188744,0.01927641550363093,0
DLinear_ETTh2_h192_san_lite_s2021_det,ETTh2,DLinear,san_lite,192,2021,deterministic,val,2689,index_order,0.9974817795684935,51.81787852330447,0.0,0.019256940496497642,1
DLinear_ETTh2_h192_san_lite_s2021_det,ETTh2,DLinear,san_lite,192,2021,deterministic,val,2689,full_permutation,0.03253757088749574,1.7089731727116768,0.04372795946834369,0.019256940496497642,1
DLinear_ETTh2_h192_san_lite_s2021_det,ETTh2,DLinear,san_lite,192,2021,deterministic,test,2689,index_order,0.9962083584730478,51.70045116179781,0.0,0.019276048078647308,1
DLinear_ETTh2_h192_san_lite_s2021_det,ETTh2,DLinear,san_lite,192,2021,deterministic,test,2689,full_permutation,0.0011139898470165397,0.07709119890536348,0.46927549721067696,0.019276048078647308,0
DLinear_ETTh2_h336_fredf_s2021_det,ETTh2,DLinear,fredf,336,2021,deterministic,val,2545,index_order,0.9996036248031022,50.52631015185765,0.0,0.019791603692385255,1
DLinear_ETTh2_h336_fredf_s2021_det,ETTh2,DLinear,fredf,336,2021,deterministic,val,2545,full_permutation,-0.02111760868421162,-1.0471373237520423,0.8524818763603388,0.019791603692385255,0
DLinear_ETTh2_h336_fredf_s2021_det,ETTh2,DLinear,fredf,336,2021,deterministic,test,2545,index_order,0.9979476493252926,50.391202509003094,0.0,0.019811806056978524,1
DLinear_ETTh2_h336_fredf_s2021_det,ETTh2,DLinear,fredf,336,2021,deterministic,test,2545,full_permutation,-0.019058683022851852,-0.942145365655383,0.8269408895157497,0.019811806056978524,0
DLinear_ETTh2_h336_fredf_s2021_shuf,ETTh2,DLinear,fredf,336,2021,shuffled,val,2545,index_order,0.9996024592074227,50.526245326475085,0.0,0.01979160601598165,1
DLinear_ETTh2_h336_fredf_s2021_shuf,ETTh2,DLinear,fredf,336,2021,shuffled,val,2545,full_permutation,-0.03475815405873425,-1.736345815997868,0.9587486466355439,0.019791606015981646,0
DLinear_ETTh2_h336_fredf_s2021_shuf,ETTh2,DLinear,fredf,336,2021,shuffled,val,2545,observed_loader_order,-0.014602400597698278,-0.717946730811942,0.7636049336925923,0.019791606015981646,0
DLinear_ETTh2_h336_fredf_s2021_shuf,ETTh2,DLinear,fredf,336,2021,shuffled,test,2545,index_order,0.9979483840876086,50.3912530023077,0.0,0.019811800786197858,1
DLinear_ETTh2_h336_fredf_s2021_shuf,ETTh2,DLinear,fredf,336,2021,shuffled,test,2545,full_permutation,0.00039600880568709885,0.03982932067654941,0.48411460012642804,0.019811800786197858,0
DLinear_ETTh2_h336_fredf_s2022_det,ETTh2,DLinear,fredf,336,2022,deterministic,val,2545,index_order,0.999591495712047,50.525681200127345,0.0,0.019791610003479437,1
DLinear_ETTh2_h336_fredf_s2022_det,ETTh2,DLinear,fredf,336,2022,deterministic,val,2545,full_permutation,0.006913974950623816,0.36919971191557927,0.35598943529431837,0.019791610003479437,0
DLinear_ETTh2_h336_fredf_s2022_det,ETTh2,DLinear,fredf,336,2022,deterministic,test,2545,index_order,0.9979345332932805,50.390563473165685,0.0,0.019811797016040966,1
DLinear_ETTh2_h336_fredf_s2022_det,ETTh2,DLinear,fredf,336,2022,deterministic,test,2545,full_permutation,0.0016977102431081795,0.10553267845524678,0.4579765705500007,0.019811797016040966,0
DLinear_ETTh2_h336_fredf_s2022_shuf,ETTh2,DLinear,fredf,336,2022,shuffled,val,2545,index_order,0.9995941708461837,50.52583039369716,0.0,0.01979160450833349,1
DLinear_ETTh2_h336_fredf_s2022_shuf,ETTh2,DLinear,fredf,336,2022,shuffled,val,2545,full_permutation,0.006351039390870149,0.34075666523331877,0.36664338805778507,0.01979160450833349,0
DLinear_ETTh2_h336_fredf_s2022_shuf,ETTh2,DLinear,fredf,336,2022,shuffled,val,2545,observed_loader_order,0.00157516228383204,0.0994484324911392,0.4603911148779064,0.01979160450833349,0
DLinear_ETTh2_h336_fredf_s2022_shuf,ETTh2,DLinear,fredf,336,2022,shuffled,test,2545,index_order,0.997934024431591,50.39052952818266,0.0,0.019811800263663592,1
DLinear_ETTh2_h336_fredf_s2022_shuf,ETTh2,DLinear,fredf,336,2022,shuffled,test,2545,full_permutation,-0.004342905886195719,-0.1993672494484875,0.5790122613183732,0.019811800263663592,0
DLinear_ETTh2_h336_fredf_s2023_det,ETTh2,DLinear,fredf,336,2023,deterministic,val,2545,index_order,0.9995961308795276,50.52582179479776,0.0,0.0197916466693372,1
DLinear_ETTh2_h336_fredf_s2023_det,ETTh2,DLinear,fredf,336,2023,deterministic,val,2545,full_permutation,-0.007588109492532224,-0.3635386105933796,0.6418987120825002,0.0197916466693372,0
DLinear_ETTh2_h336_fredf_s2023_det,ETTh2,DLinear,fredf,336,2023,deterministic,test,2545,index_order,0.9979555150300048,50.391545600157954,0.0,0.019811827259925953,1
DLinear_ETTh2_h336_fredf_s2023_det,ETTh2,DLinear,fredf,336,2023,deterministic,test,2545,full_permutation,-0.006102656477365199,-0.2881902129193231,0.6133994299521158,0.019811827259925953,0
DLinear_ETTh2_h336_fredf_s2023_shuf,ETTh2,DLinear,fredf,336,2023,shuffled,val,2545,index_order,0.9995986807475978,50.52597539228899,0.0,0.019791636969787575,1
DLinear_ETTh2_h336_fredf_s2023_shuf,ETTh2,DLinear,fredf,336,2023,shuffled,val,2545,full_permutation,-0.0014651011951574212,-0.05416527373595201,0.5215982562026861,0.019791636969787575,0
DLinear_ETTh2_h336_fredf_s2023_shuf,ETTh2,DLinear,fredf,336,2023,shuffled,val,2545,observed_loader_order,-0.004190685440041406,-0.19187921063994115,0.5760815888215779,0.019791636969787575,0
DLinear_ETTh2_h336_fredf_s2023_shuf,ETTh2,DLinear,fredf,336,2023,shuffled,test,2545,index_order,0.9979523536885859,50.39139313477036,0.0,0.019811824467316184,1
DLinear_ETTh2_h336_fredf_s2023_shuf,ETTh2,DLinear,fredf,336,2023,shuffled,test,2545,full_permutation,0.016824563760299147,0.8690590586298401,0.1924074143199614,0.019811824467316184,0
DLinear_ETTh2_h336_none_s2021_det,ETTh2,DLinear,none,336,2021,deterministic,val,2545,index_order,0.9992748048739873,50.50172017934361,0.0,0.01979472942871917,1
DLinear_ETTh2_h336_none_s2021_det,ETTh2,DLinear,none,336,2021,deterministic,val,2545,full_permutation,-0.018952505024416966,-0.93759418789952,0.8257735003017787,0.01979472942871917,0
DLinear_ETTh2_h336_none_s2021_det,ETTh2,DLinear,none,336,2021,deterministic,test,2545,index_order,0.9982964986140657,50.404130860471184,0.0,0.019813645495438587,1
DLinear_ETTh2_h336_none_s2021_det,ETTh2,DLinear,none,336,2021,deterministic,test,2545,full_permutation,-0.02593492537438897,-1.2891036946867154,0.9013189803646765,0.019813645495438587,0
DLinear_ETTh2_h336_none_s2021_shuf,ETTh2,DLinear,none,336,2021,shuffled,val,2545,index_order,0.9992649125666861,50.50125751096631,0.0,0.019794714896171,1
DLinear_ETTh2_h336_none_s2021_shuf,ETTh2,DLinear,none,336,2021,shuffled,val,2545,full_permutation,-0.009555541460383935,-0.4628740422601383,0.6782726726650232,0.019794714896171003,0
DLinear_ETTh2_h336_none_s2021_shuf,ETTh2,DLinear,none,336,2021,shuffled,val,2545,observed_loader_order,0.01120562873025341,0.5859498634912544,0.27895460366337643,0.019794714896171003,0
DLinear_ETTh2_h336_none_s2021_shuf,ETTh2,DLinear,none,336,2021,shuffled,test,2545,index_order,0.9983412151371867,50.40623941542295,0.0,0.019813703789071144,1
DLinear_ETTh2_h336_none_s2021_shuf,ETTh2,DLinear,none,336,2021,shuffled,test,2545,full_permutation,0.0020277019965122558,0.12217724577339258,0.4513793233384426,0.019813703789071144,0
DLinear_ETTh2_h336_none_s2022_det,ETTh2,DLinear,none,336,2022,deterministic,val,2545,index_order,0.9991889506565638,50.49717918660444,0.0,0.01979480930457067,1
DLinear_ETTh2_h336_none_s2022_det,ETTh2,DLinear,none,336,2022,deterministic,val,2545,full_permutation,-0.001499679501442902,-0.055903430207892756,0.5222906309026456,0.01979480930457067,0
DLinear_ETTh2_h336_none_s2022_det,ETTh2,DLinear,none,336,2022,deterministic,test,2545,index_order,0.9982467519607224,50.401503581224894,0.0,0.019813691314037166,1
DLinear_ETTh2_h336_none_s2022_det,ETTh2,DLinear,none,336,2022,deterministic,test,2545,full_permutation,-0.007653130913757453,-0.3664157797597121,0.6429725766356216,0.019813691314037166,0
DLinear_ETTh2_h336_none_s2022_shuf,ETTh2,DLinear,none,336,2022,shuffled,val,2545,index_order,0.9992211254537916,50.499684295958076,0.0,0.019794464483311743,1
DLinear_ETTh2_h336_none_s2022_shuf,ETTh2,DLinear,none,336,2022,shuffled,val,2545,full_permutation,0.007575387226401357,0.40256047311235316,0.34363579633954255,0.019794464483311743,0
DLinear_ETTh2_h336_none_s2022_shuf,ETTh2,DLinear,none,336,2022,shuffled,val,2545,observed_loader_order,0.0021240614704195328,0.12716399746747215,0.4494052999296794,0.019794464483311743,0
DLinear_ETTh2_h336_none_s2022_shuf,ETTh2,DLinear,none,336,2022,shuffled,test,2545,index_order,0.998222854621306,50.400629394583476,0.0,0.01981356083004854,1
DLinear_ETTh2_h336_none_s2022_shuf,ETTh2,DLinear,none,336,2022,shuffled,test,2545,full_permutation,0.02688570098114269,1.3767733612415063,0.08429116462473868,0.01981356083004854,0
DLinear_ETTh2_h336_none_s2023_det,ETTh2,DLinear,none,336,2023,deterministic,val,2545,index_order,0.9991039210999174,50.49141084260165,0.0,0.0197953867040215,1
DLinear_ETTh2_h336_none_s2023_det,ETTh2,DLinear,none,336,2023,deterministic,val,2545,full_permutation,0.007683286342154264,0.407992439042366,0.3416396129453567,0.0197953867040215,0
DLinear_ETTh2_h336_none_s2023_det,ETTh2,DLinear,none,336,2023,deterministic,test,2545,index_order,0.9982481710733722,50.40114432007194,0.0,0.019813860703092722,1
DLinear_ETTh2_h336_none_s2023_det,ETTh2,DLinear,none,336,2023,deterministic,test,2545,full_permutation,0.030291188834067135,1.5486265425437231,0.060735760778548774,0.019813860703092722,0
DLinear_ETTh2_h336_none_s2023_shuf,ETTh2,DLinear,none,336,2023,shuffled,val,2545,index_order,0.9991180312990947,50.492204140395195,0.0,0.019795355145933582,1
DLinear_ETTh2_h336_none_s2023_shuf,ETTh2,DLinear,none,336,2023,shuffled,val,2545,full_permutation,0.022426510254968824,1.1527750751500299,0.1245013586840249,0.019795355145933582,0
DLinear_ETTh2_h336_none_s2023_shuf,ETTh2,DLinear,none,336,2023,shuffled,val,2545,observed_loader_order,-0.0037432986418605213,-0.16924257514735436,0.5671970786736068,0.019795355145933582,0
DLinear_ETTh2_h336_none_s2023_shuf,ETTh2,DLinear,none,336,2023,shuffled,test,2545,index_order,0.9982485748590436,50.40118170235216,0.0,0.019813854018693466,1
DLinear_ETTh2_h336_none_s2023_shuf,ETTh2,DLinear,none,336,2023,shuffled,test,2545,full_permutation,-0.022856915525904072,-1.1337437806750863,0.8715489803559788,0.019813854018693466,0
DLinear_ETTh2_h336_revin_s2021_det,ETTh2,DLinear,revin,336,2021,deterministic,val,2545,index_order,0.9992243103505793,50.50345169813778,0.0,0.0197930509400894,1
DLinear_ETTh2_h336_revin_s2021_det,ETTh2,DLinear,revin,336,2021,deterministic,val,2545,full_permutation,0.016024946319032722,0.8294844554148788,0.2034151646170887,0.0197930509400894,0
DLinear_ETTh2_h336_revin_s2021_det,ETTh2,DLinear,revin,336,2021,deterministic,test,2545,index_order,0.9964504975374109,50.3144976506581,0.0,0.019812253442728724,1
DLinear_ETTh2_h336_revin_s2021_det,ETTh2,DLinear,revin,336,2021,deterministic,test,2545,full_permutation,0.027608978881829567,1.4133708073027333,0.07877336222439202,0.019812253442728724,0
DLinear_ETTh2_h336_revin_s2021_shuf,ETTh2,DLinear,revin,336,2021,shuffled,val,2545,index_order,0.9992345050512328,50.503974909582794,0.0,0.019793047747268828,1
DLinear_ETTh2_h336_revin_s2021_shuf,ETTh2,DLinear,revin,336,2021,shuffled,val,2545,full_permutation,-0.0045800408914182696,-0.21153685798538652,0.583765812821472,0.019793047747268828,0
DLinear_ETTh2_h336_revin_s2021_shuf,ETTh2,DLinear,revin,336,2021,shuffled,val,2545,observed_loader_order,-0.015007806614821116,-0.7383766785401435,0.7698572087894591,0.019793047747268828,0
DLinear_ETTh2_h336_revin_s2021_shuf,ETTh2,DLinear,revin,336,2021,shuffled,test,2545,index_order,0.9964697368361741,50.31546702163193,0.0,0.019812254115987894,1
DLinear_ETTh2_h336_revin_s2021_shuf,ETTh2,DLinear,revin,336,2021,shuffled,test,2545,full_permutation,0.0025062945410955473,0.14634257591932087,0.4418254784522835,0.019812254115987898,0
DLinear_ETTh2_h336_revin_s2022_det,ETTh2,DLinear,revin,336,2022,deterministic,val,2545,index_order,0.999279682150713,50.50627647390134,0.0,0.01979304026556563,1
DLinear_ETTh2_h336_revin_s2022_det,ETTh2,DLinear,revin,336,2022,deterministic,val,2545,full_permutation,-0.013633970263149454,-0.6689668855561628,0.7482416990297038,0.01979304026556563,0
DLinear_ETTh2_h336_revin_s2022_det,ETTh2,DLinear,revin,336,2022,deterministic,test,2545,index_order,0.996516218810931,50.31785750250271,0.0,0.019812236650226075,1
DLinear_ETTh2_h336_revin_s2022_det,ETTh2,DLinear,revin,336,2022,deterministic,test,2545,full_permutation,-0.02297233326375979,-1.139661912048474,0.8727864095109039,0.019812236650226075,0
DLinear_ETTh2_h336_revin_s2022_shuf,ETTh2,DLinear,revin,336,2022,shuffled,val,2545,index_order,0.9992945069824951,50.50709111200209,0.0,0.019793014539812685,1
DLinear_ETTh2_h336_revin_s2022_shuf,ETTh2,DLinear,revin,336,2022,shuffled,val,2545,full_permutation,0.015042932999757725,0.7798718446710188,0.21773315622871142,0.019793014539812685,0
DLinear_ETTh2_h336_revin_s2022_shuf,ETTh2,DLinear,revin,336,2022,shuffled,val,2545,observed_loader_order,0.003296191335702476,0.1863926836050149,0.4260684147667758,0.019793014539812685,0
DLinear_ETTh2_h336_revin_s2022_shuf,ETTh2,DLinear,revin,336,2022,shuffled,test,2545,index_order,0.9965374298672727,50.31898609539553,0.0,0.019812213818026506,1
DLinear_ETTh2_h336_revin_s2022_shuf,ETTh2,DLinear,revin,336,2022,shuffled,test,2545,full_permutation,-0.010230284954857232,-0.4965221597245424,0.690236971564826,0.019812213818026506,0
DLinear_ETTh2_h336_revin_s2023_det,ETTh2,DLinear,revin,336,2023,deterministic,val,2545,index_order,0.9992524848207117,50.504900308894435,0.0,0.019793041080524022,1
DLinear_ETTh2_h336_revin_s2023_det,ETTh2,DLinear,revin,336,2023,deterministic,val,2545,full_permutation,-0.022276283456145973,-1.1056007819168496,0.8655503243807178,0.019793041080524022,0
DLinear_ETTh2_h336_revin_s2023_det,ETTh2,DLinear,revin,336,2023,deterministic,test,2545,index_order,0.9964946631059378,50.3167390596238,0.0,0.019812248637290714,1
DLinear_ETTh2_h336_revin_s2023_det,ETTh2,DLinear,revin,336,2023,deterministic,test,2545,full_permutation,0.02153432377339938,1.1067600622139273,0.13419883981114455,0.019812248637290714,0
DLinear_ETTh2_h336_revin_s2023_shuf,ETTh2,DLinear,revin,336,2023,shuffled,val,2545,index_order,0.9992593666746526,50.50534223004857,0.0,0.01979300415156691,1
DLinear_ETTh2_h336_revin_s2023_shuf,ETTh2,DLinear,revin,336,2023,shuffled,val,2545,full_permutation,0.008680599365880629,0.45842869821095855,0.32332223882579736,0.01979300415156691,0
DLinear_ETTh2_h336_revin_s2023_shuf,ETTh2,DLinear,revin,336,2023,shuffled,val,2545,observed_loader_order,-0.002915439564229522,-0.12743683494976435,0.5507026680912448,0.01979300415156691,0
DLinear_ETTh2_h336_revin_s2023_shuf,ETTh2,DLinear,revin,336,2023,shuffled,test,2545,index_order,0.9964982453554295,50.31700622968903,0.0,0.01981221463307629,1
DLinear_ETTh2_h336_revin_s2023_shuf,ETTh2,DLinear,revin,336,2023,shuffled,test,2545,full_permutation,0.019009219709601406,0.9793100786529816,0.16371339602815504,0.01981221463307629,0
DLinear_ETTh2_h336_san_lite_s2021_det,ETTh2,DLinear,san_lite,336,2021,deterministic,val,2545,index_order,0.9984577564971386,50.46787250202632,0.0,0.019791815837254492,1
DLinear_ETTh2_h336_san_lite_s2021_det,ETTh2,DLinear,san_lite,336,2021,deterministic,val,2545,full_permutation,0.0023774177424855424,0.13998207775745722,0.4443370754160919,0.019791815837254492,0
DLinear_ETTh2_h336_san_lite_s2021_det,ETTh2,DLinear,san_lite,336,2021,deterministic,test,2545,index_order,0.9954230183206897,50.263785404485645,0.0,0.01981180072428105,1
DLinear_ETTh2_h336_san_lite_s2021_det,ETTh2,DLinear,san_lite,336,2021,deterministic,test,2545,full_permutation,0.023993211785072528,1.230897377046163,0.1091806243760784,0.01981180072428105,0
DLinear_ETTh2_h336_san_lite_s2021_shuf,ETTh2,DLinear,san_lite,336,2021,shuffled,val,2545,index_order,0.9984808275647781,50.46903961908736,0.0,0.019791815276548493,1
DLinear_ETTh2_h336_san_lite_s2021_shuf,ETTh2,DLinear,san_lite,336,2021,shuffled,val,2545,full_permutation,0.001992537704477636,0.12053565739928201,0.45202941751206943,0.019791815276548493,0
DLinear_ETTh2_h336_san_lite_s2021_shuf,ETTh2,DLinear,san_lite,336,2021,shuffled,val,2545,observed_loader_order,-0.016789844400937892,-0.8284617863910786,0.7962954861391959,0.019791815276548493,0
DLinear_ETTh2_h336_san_lite_s2021_shuf,ETTh2,DLinear,san_lite,336,2021,shuffled,test,2545,index_order,0.9954529270417116,50.26530414123677,0.0,0.019811797139525182,1
DLinear_ETTh2_h336_san_lite_s2021_shuf,ETTh2,DLinear,san_lite,336,2021,shuffled,test,2545,full_permutation,-0.01171238913690823,-0.5713417766286105,0.7161160059332172,0.019811797139525182,0
DLinear_ETTh2_h336_san_lite_s2022_det,ETTh2,DLinear,san_lite,336,2022,deterministic,val,2545,index_order,0.9984429980349021,50.46715204639554,0.0,0.019791805942955862,1
DLinear_ETTh2_h336_san_lite_s2022_det,ETTh2,DLinear,san_lite,336,2022,deterministic,val,2545,full_permutation,0.005232880587978642,0.2842571499134609,0.38810666080352935,0.019791805942955862,0
DLinear_ETTh2_h336_san_lite_s2022_det,ETTh2,DLinear,san_lite,336,2022,deterministic,test,2545,index_order,0.9954111122995888,50.26325037948782,0.0,0.01981177473685581,1
DLinear_ETTh2_h336_san_lite_s2022_det,ETTh2,DLinear,san_lite,336,2022,deterministic,test,2545,full_permutation,-0.004391274676452161,-0.20180892265083353,0.5799669470984031,0.01981177473685581,0
DLinear_ETTh2_h336_san_lite_s2022_shuf,ETTh2,DLinear,san_lite,336,2022,shuffled,val,2545,index_order,0.9984889253439878,50.469469673854555,0.0,0.01979180707782352,1
DLinear_ETTh2_h336_san_lite_s2022_shuf,ETTh2,DLinear,san_lite,336,2022,shuffled,val,2545,full_permutation,0.007229182798898264,0.38512221395110546,0.3500734353168652,0.01979180707782352,0
DLinear_ETTh2_h336_san_lite_s2022_shuf,ETTh2,DLinear,san_lite,336,2022,shuffled,val,2545,observed_loader_order,0.006896303958397968,0.3683031918582071,0.3563235863946889,0.01979180707782352,0
DLinear_ETTh2_h336_san_lite_s2022_shuf,ETTh2,DLinear,san_lite,336,2022,shuffled,test,2545,index_order,0.9954700891385277,50.26623175924665,0.0,0.019811772954640497,1
DLinear_ETTh2_h336_san_lite_s2022_shuf,ETTh2,DLinear,san_lite,336,2022,shuffled,test,2545,full_permutation,0.02703020146757699,1.3841912731066275,0.08314994740756942,0.019811772954640497,0
DLinear_ETTh2_h336_san_lite_s2023_det,ETTh2,DLinear,san_lite,336,2023,deterministic,val,2545,index_order,0.9983958260243897,50.46479781558252,0.0,0.01979179449871867,1
DLinear_ETTh2_h336_san_lite_s2023_det,ETTh2,DLinear,san_lite,336,2023,deterministic,val,2545,full_permutation,0.005993645411255222,0.322695709713184,0.37346285081306374,0.01979179449871867,0
DLinear_ETTh2_h336_san_lite_s2023_det,ETTh2,DLinear,san_lite,336,2023,deterministic,test,2545,index_order,0.9953586625843286,50.26062854093573,0.0,0.01981176466056977,1
DLinear_ETTh2_h336_san_lite_s2023_det,ETTh2,DLinear,san_lite,336,2023,deterministic,test,2545,full_permutation,0.008569557122260684,0.45238973089079765,0.32549412177514603,0.01981176466056977,0
DLinear_ETTh2_h336_san_lite_s2023_shuf,ETTh2,DLinear,san_lite,336,2023,shuffled,val,2545,index_order,0.9983976506862781,50.46489796057975,0.0,0.019791791379970326,1
DLinear_ETTh2_h336_san_lite_s2023_shuf,ETTh2,DLinear,san_lite,336,2023,shuffled,val,2545,full_permutation,0.030595035509340566,1.5657055329366207,0.05870878518982623,0.019791791379970326,0
DLinear_ETTh2_h336_san_lite_s2023_shuf,ETTh2,DLinear,san_lite,336,2023,shuffled,val,2545,observed_loader_order,-0.0011657009198486321,-0.039037353618442454,0.5155696962907516,0.019791791379970326,0
DLinear_ETTh2_h336_san_lite_s2023_shuf,ETTh2,DLinear,san_lite,336,2023,shuffled,test,2545,index_order,0.995357482844426,50.26056367562387,0.0,0.01981176675677369,1
DLinear_ETTh2_h336_san_lite_s2023_shuf,ETTh2,DLinear,san_lite,336,2023,shuffled,test,2545,full_permutation,0.0072124297960189454,0.3838886077348398,0.3505305051784505,0.01981176675677369,0
DLinear_ETTh2_h720_fredf_s2021_det,ETTh2,DLinear,fredf,720,2021,deterministic,val,2161,index_order,0.9999377157383149,46.542812304890404,0.0,0.02149420349049605,1
DLinear_ETTh2_h720_fredf_s2021_det,ETTh2,DLinear,fredf,720,2021,deterministic,val,2161,full_permutation,0.050431619560637186,2.3678282633782577,0.008946419637709016,0.02149420349049605,1
DLinear_ETTh2_h720_fredf_s2021_det,ETTh2,DLinear,fredf,720,2021,deterministic,test,2161,index_order,0.9994161687979676,46.52292822170462,0.0,0.02149217966238099,1
DLinear_ETTh2_h720_fredf_s2021_det,ETTh2,DLinear,fredf,720,2021,deterministic,test,2161,full_permutation,0.003623784370244444,0.19015043599140752,0.42459562438806553,0.02149217966238099,0
DLinear_ETTh2_h720_none_s2021_det,ETTh2,DLinear,none,720,2021,deterministic,val,2161,index_order,0.9998480545086462,46.53427527843121,0.0,0.021496219968751864,1
DLinear_ETTh2_h720_none_s2021_det,ETTh2,DLinear,none,720,2021,deterministic,val,2161,full_permutation,-0.06011022875495888,-2.774779281134199,0.9972380408526618,0.021496219968751864,0
DLinear_ETTh2_h720_none_s2021_det,ETTh2,DLinear,none,720,2021,deterministic,test,2161,index_order,0.9992609248200595,46.51112375509984,0.0,0.021494296569719087,1
DLinear_ETTh2_h720_none_s2021_det,ETTh2,DLinear,none,720,2021,deterministic,test,2161,full_permutation,0.01395235080351589,0.6706576193233966,0.2512193335793813,0.021494296569719087,0
DLinear_ETTh2_h720_revin_s2021_det,ETTh2,DLinear,revin,720,2021,deterministic,val,2161,index_order,0.9993401380442478,46.52555255229241,0.0,0.02148933319778377,1
DLinear_ETTh2_h720_revin_s2021_det,ETTh2,DLinear,revin,720,2021,deterministic,val,2161,full_permutation,0.00398777885157843,0.2071140027276605,0.41796041329989797,0.021489333197783768,0
DLinear_ETTh2_h720_revin_s2021_det,ETTh2,DLinear,revin,720,2021,deterministic,test,2161,index_order,0.997052089692723,46.395046793170756,0.0,0.021500464416009984,1
DLinear_ETTh2_h720_revin_s2021_det,ETTh2,DLinear,revin,720,2021,deterministic,test,2161,full_permutation,0.009632492037402693,0.46954590398746154,0.31933974068430965,0.021500464416009984,0
DLinear_ETTh2_h720_san_lite_s2021_det,ETTh2,DLinear,san_lite,720,2021,deterministic,val,2161,index_order,0.9985824409051155,46.49445761842528,0.0,0.02148740850075358,1
DLinear_ETTh2_h720_san_lite_s2021_det,ETTh2,DLinear,san_lite,720,2021,deterministic,val,2161,full_permutation,-0.00805470004022115,-0.3533109670713404,0.6380723377427368,0.02148740850075358,0
DLinear_ETTh2_h720_san_lite_s2021_det,ETTh2,DLinear,san_lite,720,2021,deterministic,test,2161,index_order,0.9949241503777277,46.298587714601645,0.0,0.02149929754826551,1
DLinear_ETTh2_h720_san_lite_s2021_det,ETTh2,DLinear,san_lite,720,2021,deterministic,test,2161,full_permutation,-0.0002523745646837294,0.009795129250454192,0.49609237128604794,0.02149929754826551,0
DLinear_ETTh2_h96_fredf_s2021_det,ETTh2,DLinear,fredf,96,2021,deterministic,val,2785,index_order,0.9980289200275769,52.761294603426364,0.0,0.018922737262876785,1
DLinear_ETTh2_h96_fredf_s2021_det,ETTh2,DLinear,fredf,96,2021,deterministic,val,2785,full_permutation,-0.019597673151693272,-1.0166857723664042,0.8453485319154037,0.018922737262876785,0
DLinear_ETTh2_h96_fredf_s2021_det,ETTh2,DLinear,fredf,96,2021,deterministic,test,2785,index_order,0.9989001321387826,52.79653468912555,0.0,0.018926608222014578,1
DLinear_ETTh2_h96_fredf_s2021_det,ETTh2,DLinear,fredf,96,2021,deterministic,test,2785,full_permutation,0.02496471489284915,1.3380057323579175,0.09044728407577174,0.01892660822201458,0
DLinear_ETTh2_h96_fredf_s2021_shuf,ETTh2,DLinear,fredf,96,2021,shuffled,val,2785,index_order,0.9980379960757592,52.761754061186394,0.0,0.01892274450012112,1
DLinear_ETTh2_h96_fredf_s2021_shuf,ETTh2,DLinear,fredf,96,2021,shuffled,val,2785,full_permutation,0.010339462623518694,0.5653861693132867,0.2859055648913706,0.01892274450012112,0
DLinear_ETTh2_h96_fredf_s2021_shuf,ETTh2,DLinear,fredf,96,2021,shuffled,val,2785,observed_loader_order,0.04569883368043149,2.4340036447902964,0.007466422360622443,0.01892274450012112,1
DLinear_ETTh2_h96_fredf_s2021_shuf,ETTh2,DLinear,fredf,96,2021,shuffled,test,2785,index_order,0.9989037720142175,52.79662772206067,0.0,0.018926643812877123,1
DLinear_ETTh2_h96_fredf_s2021_shuf,ETTh2,DLinear,fredf,96,2021,shuffled,test,2785,full_permutation,0.00787708157425129,0.43516838262399293,0.331720105201914,0.018926643812877123,0
DLinear_ETTh2_h96_fredf_s2022_det,ETTh2,DLinear,fredf,96,2022,deterministic,val,2785,index_order,0.9980261657345193,52.76103008394221,0.0,0.01892277992958815,1
DLinear_ETTh2_h96_fredf_s2022_det,ETTh2,DLinear,fredf,96,2022,deterministic,val,2785,full_permutation,-0.014002127107735646,-0.7209792512623557,0.7645388596578514,0.01892277992958815,0
DLinear_ETTh2_h96_fredf_s2022_det,ETTh2,DLinear,fredf,96,2022,deterministic,test,2785,index_order,0.9988926271821832,52.79570307348218,0.0,0.01892676419506531,1
DLinear_ETTh2_h96_fredf_s2022_det,ETTh2,DLinear,fredf,96,2022,deterministic,test,2785,full_permutation,-0.012148439686793196,-0.6228874710431539,0.7333207640580947,0.01892676419506531,0
DLinear_ETTh2_h96_fredf_s2022_shuf,ETTh2,DLinear,fredf,96,2022,shuffled,val,2785,index_order,0.9980226852048973,52.76093060451177,0.0,0.0189227496400873,1
DLinear_ETTh2_h96_fredf_s2022_shuf,ETTh2,DLinear,fredf,96,2022,shuffled,val,2785,full_permutation,0.03037279033199441,1.6240761157241352,0.05217978235523422,0.0189227496400873,0
DLinear_ETTh2_h96_fredf_s2022_shuf,ETTh2,DLinear,fredf,96,2022,shuffled,val,2785,observed_loader_order,0.009615422884830787,0.5271230913502494,0.29905405611652475,0.0189227496400873,0
DLinear_ETTh2_h96_fredf_s2022_shuf,ETTh2,DLinear,fredf,96,2022,shuffled,test,2785,index_order,0.9988924132516948,52.795899484115324,0.0,0.018926689731929618,1
DLinear_ETTh2_h96_fredf_s2022_shuf,ETTh2,DLinear,fredf,96,2022,shuffled,test,2785,full_permutation,-0.012383481623714797,-0.6353084660721621,0.7373863734508141,0.018926689731929618,0
DLinear_ETTh2_h96_fredf_s2023_det,ETTh2,DLinear,fredf,96,2023,deterministic,val,2785,index_order,0.9981152443942256,52.7660463942197,0.0,0.018922669178904093,1
DLinear_ETTh2_h96_fredf_s2023_det,ETTh2,DLinear,fredf,96,2023,deterministic,val,2785,full_permutation,-0.04034273441180947,-2.1129967781757872,0.9826994781795114,0.018922669178904093,0
DLinear_ETTh2_h96_fredf_s2023_det,ETTh2,DLinear,fredf,96,2023,deterministic,test,2785,index_order,0.998936667193819,52.79975317413865,0.0,0.018926146478381145,1
DLinear_ETTh2_h96_fredf_s2023_det,ETTh2,DLinear,fredf,96,2023,deterministic,test,2785,full_permutation,-0.02485237905486905,-1.2941453074215683,0.9021923829015663,0.018926146478381145,0
DLinear_ETTh2_h96_fredf_s2023_shuf,ETTh2,DLinear,fredf,96,2023,shuffled,val,2785,index_order,0.9980832103490727,52.76433253578936,0.0,0.01892267669782691,1
DLinear_ETTh2_h96_fredf_s2023_shuf,ETTh2,DLinear,fredf,96,2023,shuffled,val,2785,full_permutation,0.025548756095970487,1.3691483457646676,0.08547645431657608,0.01892267669782691,0
DLinear_ETTh2_h96_fredf_s2023_shuf,ETTh2,DLinear,fredf,96,2023,shuffled,val,2785,observed_loader_order,-0.011185475443163506,-0.5721325906343869,0.7163839243576463,0.01892267669782691,0
DLinear_ETTh2_h96_fredf_s2023_shuf,ETTh2,DLinear,fredf,96,2023,shuffled,test,2785,index_order,0.9989238275087698,52.79918587200438,0.0,0.01892610665121859,1
DLinear_ETTh2_h96_fredf_s2023_shuf,ETTh2,DLinear,fredf,96,2023,shuffled,test,2785,full_permutation,0.014904792433876568,0.8065043760700048,0.2099760429037505,0.01892610665121859,0
DLinear_ETTh2_h96_none_s2021_det,ETTh2,DLinear,none,96,2021,deterministic,val,2785,index_order,0.9972338726620807,52.72106116075978,0.0,0.01892209766079001,1
DLinear_ETTh2_h96_none_s2021_det,ETTh2,DLinear,none,96,2021,deterministic,val,2785,full_permutation,0.0032809196472182076,0.19237375870118414,0.42372472300703995,0.01892209766079001,0
DLinear_ETTh2_h96_none_s2021_det,ETTh2,DLinear,none,96,2021,deterministic,test,2785,index_order,0.9985693748407424,52.790869986657526,0.0,0.01892237370771712,1
DLinear_ETTh2_h96_none_s2021_det,ETTh2,DLinear,none,96,2021,deterministic,test,2785,full_permutation,0.022298093547841683,1.1973809047487631,0.11557906148148145,0.01892237370771712,0
DLinear_ETTh2_h96_none_s2021_shuf,ETTh2,DLinear,none,96,2021,shuffled,val,2785,index_order,0.9980652330838867,52.76649253939684,0.0,0.01892156140074567,1
DLinear_ETTh2_h96_none_s2021_shuf,ETTh2,DLinear,none,96,2021,shuffled,val,2785,full_permutation,-0.023487846598201904,-1.222343690674047,0.8892111581884156,0.01892156140074567,0
DLinear_ETTh2_h96_none_s2021_shuf,ETTh2,DLinear,none,96,2021,shuffled,val,2785,observed_loader_order,-0.016255435728952727,-0.840112503930433,0.799577345029816,0.01892156140074567,0
DLinear_ETTh2_h96_none_s2021_shuf,ETTh2,DLinear,none,96,2021,shuffled,test,2785,index_order,0.9989593503522224,52.80890659060929,0.0,0.018923295524778474,1
DLinear_ETTh2_h96_none_s2021_shuf,ETTh2,DLinear,none,96,2021,shuffled,test,2785,full_permutation,-0.03859494282061214,-2.0205649363900053,0.9783375891409908,0.018923295524778474,0
DLinear_ETTh2_h96_none_s2022_det,ETTh2,DLinear,none,96,2022,deterministic,val,2785,index_order,0.9973794745758523,52.72935694087497,0.0,0.018921882000133398,1
DLinear_ETTh2_h96_none_s2022_det,ETTh2,DLinear,none,96,2022,deterministic,val,2785,full_permutation,0.01715850329074095,0.9257905050309637,0.17727743126838924,0.018921882000133398,0
DLinear_ETTh2_h96_none_s2022_det,ETTh2,DLinear,none,96,2022,deterministic,test,2785,index_order,0.9986336794921661,52.79328760370839,0.0,0.01892272522206577,1
DLinear_ETTh2_h96_none_s2022_det,ETTh2,DLinear,none,96,2022,deterministic,test,2785,full_permutation,-0.007545500397536222,-0.3797711434744837,0.6479423477440683,0.01892272522206577,0
DLinear_ETTh2_h96_none_s2022_shuf,ETTh2,DLinear,none,96,2022,shuffled,val,2785,index_order,0.9972035454993167,52.719380816933096,0.0,0.018922125515199627,1
DLinear_ETTh2_h96_none_s2022_shuf,ETTh2,DLinear,none,96,2022,shuffled,val,2785,full_permutation,0.03014288707570079,1.6119797140917467,0.053483177079561496,0.018922125515199627,0
DLinear_ETTh2_h96_none_s2022_shuf,ETTh2,DLinear,none,96,2022,shuffled,val,2785,observed_loader_order,0.03204213264543191,1.712351396343062,0.04341596515710249,0.018922125515199627,1
DLinear_ETTh2_h96_none_s2022_shuf,ETTh2,DLinear,none,96,2022,shuffled,test,2785,index_order,0.9985464094645307,52.789646401302655,0.0,0.01892237726453459,1
DLinear_ETTh2_h96_none_s2022_shuf,ETTh2,DLinear,none,96,2022,shuffled,test,2785,full_permutation,0.003463645741748574,0.2020275301884195,0.4199476009681345,0.01892237726453459,0
DLinear_ETTh2_h96_none_s2023_det,ETTh2,DLinear,none,96,2023,deterministic,val,2785,index_order,0.9973513660622471,52.72686972675944,0.0,0.01892224148019539,1
DLinear_ETTh2_h96_none_s2023_det,ETTh2,DLinear,none,96,2023,deterministic,val,2785,full_permutation,-0.0190878418993058,-0.989768919110822,0.8388564600898112,0.01892224148019539,0
DLinear_ETTh2_h96_none_s2023_det,ETTh2,DLinear,none,96,2023,deterministic,test,2785,index_order,0.9986064856936115,52.792982719064256,0.0,0.018922319400134415,1
DLinear_ETTh2_h96_none_s2023_det,ETTh2,DLinear,none,96,2023,deterministic,test,2785,full_permutation,-0.01641339647063638,-0.8484267033471324,0.8018998118002679,0.018922319400134415,0
DLinear_ETTh2_h96_none_s2023_shuf,ETTh2,DLinear,none,96,2023,shuffled,val,2785,index_order,0.9976647281508699,52.74422125080125,0.0,0.018921957702390146,1
DLinear_ETTh2_h96_none_s2023_shuf,ETTh2,DLinear,none,96,2023,shuffled,val,2785,full_permutation,0.0013556939577571549,0.09062959483517857,0.4638934577087802,0.018921957702390146,0
DLinear_ETTh2_h96_none_s2023_shuf,ETTh2,DLinear,none,96,2023,shuffled,val,2785,observed_loader_order,-0.0047861559868823,-0.23395890923190543,0.5924915604623341,0.018921957702390146,0
DLinear_ETTh2_h96_none_s2023_shuf,ETTh2,DLinear,none,96,2023,shuffled,test,2785,index_order,0.9987599373417536,52.79964262881281,0.0,0.018922838924648938,1
DLinear_ETTh2_h96_none_s2023_shuf,ETTh2,DLinear,none,96,2023,shuffled,test,2785,full_permutation,-0.011544794149072292,-0.5911163114221224,0.7227787542900711,0.018922838924648938,0
DLinear_ETTh2_h96_revin_s2021_det,ETTh2,DLinear,revin,96,2021,deterministic,val,2785,index_order,0.9965679304826606,52.67724608677701,0.0,0.018925194461431937,1
DLinear_ETTh2_h96_revin_s2021_det,ETTh2,DLinear,revin,96,2021,deterministic,val,2785,full_permutation,-0.04043199124528876,-2.1174311273078397,0.9828883626209436,0.018925194461431937,0
DLinear_ETTh2_h96_revin_s2021_det,ETTh2,DLinear,revin,96,2021,deterministic,test,2785,index_order,0.9979795525157759,52.73171571115689,0.0,0.01893241542502756,1
DLinear_ETTh2_h96_revin_s2021_det,ETTh2,DLinear,revin,96,2021,deterministic,test,2785,full_permutation,0.010537446667428476,0.5755547733926542,0.2824580790520008,0.01893241542502756,0
DLinear_ETTh2_h96_revin_s2021_shuf,ETTh2,DLinear,revin,96,2021,shuffled,val,2785,index_order,0.9965710634318473,52.677468001683444,0.0,0.018925174209251796,1
DLinear_ETTh2_h96_revin_s2021_shuf,ETTh2,DLinear,revin,96,2021,shuffled,val,2785,full_permutation,0.01255343727113136,0.6822992766490739,0.24752486518367656,0.018925174209251796,0
DLinear_ETTh2_h96_revin_s2021_shuf,ETTh2,DLinear,revin,96,2021,shuffled,val,2785,observed_loader_order,0.04964822504855641,2.6423757001089347,0.004116333884606304,0.018925174209251796,1
DLinear_ETTh2_h96_revin_s2021_shuf,ETTh2,DLinear,revin,96,2021,shuffled,test,2785,index_order,0.9979794160998229,52.731634297062584,0.0,0.018932442068417633,1
DLinear_ETTh2_h96_revin_s2021_shuf,ETTh2,DLinear,revin,96,2021,shuffled,test,2785,full_permutation,-0.013148656219317347,-0.6755314909085807,0.7503309244588146,0.018932442068417633,0
DLinear_ETTh2_h96_revin_s2022_det,ETTh2,DLinear,revin,96,2022,deterministic,val,2785,index_order,0.9967987177427495,52.68957970299729,0.0,0.01892514456873385,1
DLinear_ETTh2_h96_revin_s2022_det,ETTh2,DLinear,revin,96,2022,deterministic,val,2785,full_permutation,-0.031729462417152125,-1.6575972194516257,0.9513006043573451,0.018925144568733853,0
DLinear_ETTh2_h96_revin_s2022_det,ETTh2,DLinear,revin,96,2022,deterministic,test,2785,index_order,0.998068883897097,52.7358981456847,0.0,0.018932607851699132,1
DLinear_ETTh2_h96_revin_s2022_det,ETTh2,DLinear,revin,96,2022,deterministic,test,2785,full_permutation,-0.0007545121679309355,-0.02088020671682621,0.5083293920328669,0.018932607851699132,0
DLinear_ETTh2_h96_revin_s2022_shuf,ETTh2,DLinear,revin,96,2022,shuffled,val,2785,index_order,0.9967672141591206,52.68789732776634,0.0,0.018925150938523736,1
DLinear_ETTh2_h96_revin_s2022_shuf,ETTh2,DLinear,revin,96,2022,shuffled,val,2785,full_permutation,0.0013485478563726272,0.09023670480721095,0.4640495585363087,0.018925150938523736,0
DLinear_ETTh2_h96_revin_s2022_shuf,ETTh2,DLinear,revin,96,2022,shuffled,val,2785,observed_loader_order,0.015463534965385314,0.836068912690977,0.20155806797329778,0.018925150938523736,0
DLinear_ETTh2_h96_revin_s2022_shuf,ETTh2,DLinear,revin,96,2022,shuffled,test,2785,index_order,0.9980490968896375,52.73469628485916,0.0,0.018932664121146987,1
DLinear_ETTh2_h96_revin_s2022_shuf,ETTh2,DLinear,revin,96,2022,shuffled,test,2785,full_permutation,-0.00019427116378088107,0.008711095145545633,0.49652481978918456,0.018932664121146987,0
DLinear_ETTh2_h96_revin_s2023_det,ETTh2,DLinear,revin,96,2023,deterministic,val,2785,index_order,0.9968068551586831,52.68986645895244,0.0,0.018925196011605288,1
DLinear_ETTh2_h96_revin_s2023_det,ETTh2,DLinear,revin,96,2023,deterministic,val,2785,full_permutation,0.007437785321215249,0.4119894303199208,0.3401735852028349,0.018925196011605288,0
DLinear_ETTh2_h96_revin_s2023_det,ETTh2,DLinear,revin,96,2023,deterministic,test,2785,index_order,0.9980765573145646,52.73710950495634,0.0,0.01893231847723904,1
DLinear_ETTh2_h96_revin_s2023_det,ETTh2,DLinear,revin,96,2023,deterministic,test,2785,full_permutation,-0.005695302112039224,-0.2818517296841161,0.6109713981912087,0.01893231847723904,0
DLinear_ETTh2_h96_revin_s2023_shuf,ETTh2,DLinear,revin,96,2023,shuffled,val,2785,index_order,0.9968256846373976,52.69081495861784,0.0,0.01892521269262703,1
DLinear_ETTh2_h96_revin_s2023_shuf,ETTh2,DLinear,revin,96,2023,shuffled,val,2785,full_permutation,-0.021319582403004866,-1.1075377244701645,0.8659692442886975,0.01892521269262703,0
DLinear_ETTh2_h96_revin_s2023_shuf,ETTh2,DLinear,revin,96,2023,shuffled,val,2785,observed_loader_order,-0.009509659017133592,-0.48350651395318905,0.6856319321326079,0.01892521269262703,0
DLinear_ETTh2_h96_revin_s2023_shuf,ETTh2,DLinear,revin,96,2023,shuffled,test,2785,index_order,0.9980824861148236,52.73745900131137,0.0,0.018932305431937767,1
DLinear_ETTh2_h96_revin_s2023_shuf,ETTh2,DLinear,revin,96,2023,shuffled,test,2785,full_permutation,-0.019379167128286308,-1.0046305134028635,0.8424626006344693,0.018932305431937767,0
DLinear_ETTh2_h96_san_lite_s2021_det,ETTh2,DLinear,san_lite,96,2021,deterministic,val,2785,index_order,0.994169429861071,52.55133396077731,0.0,0.01892489781526108,1
DLinear_ETTh2_h96_san_lite_s2021_det,ETTh2,DLinear,san_lite,96,2021,deterministic,val,2785,full_permutation,0.009591042040088885,0.525774962671864,0.2995222862291383,0.01892489781526108,0
DLinear_ETTh2_h96_san_lite_s2021_det,ETTh2,DLinear,san_lite,96,2021,deterministic,test,2785,index_order,0.9968118407715217,52.67442214246539,0.0,0.018930839591876893,1
DLinear_ETTh2_h96_san_lite_s2021_det,ETTh2,DLinear,san_lite,96,2021,deterministic,test,2785,full_permutation,0.026052750503940847,1.3951809045792614,0.08148064690998613,0.018930839591876893,0
DLinear_ETTh2_h96_san_lite_s2021_shuf,ETTh2,DLinear,san_lite,96,2021,shuffled,val,2785,index_order,0.9942409283701531,52.55510001531673,0.0,0.01892490212144177,1
DLinear_ETTh2_h96_san_lite_s2021_shuf,ETTh2,DLinear,san_lite,96,2021,shuffled,val,2785,full_permutation,0.014116491222502869,0.7649015319556595,0.22216509081191205,0.01892490212144177,0
DLinear_ETTh2_h96_san_lite_s2021_shuf,ETTh2,DLinear,san_lite,96,2021,shuffled,val,2785,observed_loader_order,0.047836327055411486,2.546672217823794,0.005437776676319074,0.01892490212144177,1
DLinear_ETTh2_h96_san_lite_s2021_shuf,ETTh2,DLinear,san_lite,96,2021,shuffled,test,2785,index_order,0.9968497049833022,52.676399170927965,0.0,0.01893084789546434,1
DLinear_ETTh2_h96_san_lite_s2021_shuf,ETTh2,DLinear,san_lite,96,2021,shuffled,test,2785,full_permutation,-0.007918855061531662,-0.39933022022981013,0.6551750486943181,0.01893084789546434,0
DLinear_ETTh2_h96_san_lite_s2022_det,ETTh2,DLinear,san_lite,96,2022,deterministic,val,2785,index_order,0.9943917736520677,52.562883964973544,0.0,0.01892496937034964,1
DLinear_ETTh2_h96_san_lite_s2022_det,ETTh2,DLinear,san_lite,96,2022,deterministic,val,2785,full_permutation,0.020926705024648072,1.1247521731948602,0.13034703316900775,0.01892496937034964,0
DLinear_ETTh2_h96_san_lite_s2022_det,ETTh2,DLinear,san_lite,96,2022,deterministic,test,2785,index_order,0.9969087458544555,52.6788715831679,0.0,0.01893108017096183,1
DLinear_ETTh2_h96_san_lite_s2022_det,ETTh2,DLinear,san_lite,96,2022,deterministic,test,2785,full_permutation,0.009098141836524215,0.49956669949185295,0.30869010533240127,0.01893108017096183,0
DLinear_ETTh2_h96_san_lite_s2022_shuf,ETTh2,DLinear,san_lite,96,2022,shuffled,val,2785,index_order,0.9943873790282022,52.562598429571025,0.0,0.018924988568884558,1
DLinear_ETTh2_h96_san_lite_s2022_shuf,ETTh2,DLinear,san_lite,96,2022,shuffled,val,2785,full_permutation,-0.008545404927686578,-0.4325608702795758,0.6673330890953,0.018924988568884558,0
DLinear_ETTh2_h96_san_lite_s2022_shuf,ETTh2,DLinear,san_lite,96,2022,shuffled,val,2785,observed_loader_order,0.017931904310449144,0.9665051921257818,0.16689572505186506,0.018924988568884558,0
DLinear_ETTh2_h96_san_lite_s2022_shuf,ETTh2,DLinear,san_lite,96,2022,shuffled,test,2785,index_order,0.9969042988796963,52.67862753033308,0.0,0.018931083458994014,1
DLinear_ETTh2_h96_san_lite_s2022_shuf,ETTh2,DLinear,san_lite,96,2022,shuffled,test,2785,full_permutation,-0.0019662925873475817,-0.08489198140876672,0.5338263666577573,0.018931083458994014,0
DLinear_ETTh2_h96_san_lite_s2023_det,ETTh2,DLinear,san_lite,96,2023,deterministic,val,2785,index_order,0.9945302297229535,52.570216699773574,0.0,0.01892496336484642,1
DLinear_ETTh2_h96_san_lite_s2023_det,ETTh2,DLinear,san_lite,96,2023,deterministic,val,2785,full_permutation,-0.012362940037741075,-0.6342809972218743,0.7370512721439162,0.01892496336484642,0
DLinear_ETTh2_h96_san_lite_s2023_det,ETTh2,DLinear,san_lite,96,2023,deterministic,test,2785,index_order,0.9969867035069264,52.68366926266987,0.0,0.018930835928239263,1
DLinear_ETTh2_h96_san_lite_s2023_det,ETTh2,DLinear,san_lite,96,2023,deterministic,test,2785,full_permutation,-0.03414064075149748,-1.7844666488713583,0.9628260652672583,0.018930835928239263,0
DLinear_ETTh2_h96_san_lite_s2023_shuf,ETTh2,DLinear,san_lite,96,2023,shuffled,val,2785,index_order,0.9945006400093961,52.56864398694027,0.0,0.018924966671364965,1
DLinear_ETTh2_h96_san_lite_s2023_shuf,ETTh2,DLinear,san_lite,96,2023,shuffled,val,2785,full_permutation,0.021801184709362025,1.1709600601406265,0.12080741580297993,0.01892496667136497,0
DLinear_ETTh2_h96_san_lite_s2023_shuf,ETTh2,DLinear,san_lite,96,2023,shuffled,val,2785,observed_loader_order,-0.010198054161642892,-0.5198877720736514,0.6984291007198206,0.01892496667136497,0
DLinear_ETTh2_h96_san_lite_s2023_shuf,ETTh2,DLinear,san_lite,96,2023,shuffled,test,2785,index_order,0.9969714903164137,52.68287738661008,0.0,0.018930831708372006,1
DLinear_ETTh2_h96_san_lite_s2023_shuf,ETTh2,DLinear,san_lite,96,2023,shuffled,test,2785,full_permutation,0.0015485649018199528,0.1007753031408077,0.4598644161269912,0.018930831708372006,0
DLinear_ETTm1_h192_fredf_s2021_det,ETTm1,DLinear,fredf,192,2021,deterministic,val,11329,index_order,0.9995759984306858,106.4748205656074,0.0,0.009388738764306001,1
DLinear_ETTm1_h192_fredf_s2021_det,ETTm1,DLinear,fredf,192,2021,deterministic,val,11329,full_permutation,0.0010404401407549276,0.12022029851381774,0.45215431925144145,0.009388738764306001,0
DLinear_ETTm1_h192_fredf_s2021_det,ETTm1,DLinear,fredf,192,2021,deterministic,test,11329,index_order,0.9986889886495192,106.33657766279954,0.0,0.00939260306696034,1
DLinear_ETTm1_h192_fredf_s2021_det,ETTm1,DLinear,fredf,192,2021,deterministic,test,11329,full_permutation,0.004684146595053794,0.5081044516827912,0.3056900467359513,0.00939260306696034,0
DLinear_ETTm1_h192_none_s2021_det,ETTm1,DLinear,none,192,2021,deterministic,val,11329,index_order,0.9992087641113181,106.43343553329372,0.0,0.009388939067318592,1
DLinear_ETTm1_h192_none_s2021_det,ETTm1,DLinear,none,192,2021,deterministic,val,11329,full_permutation,-0.008594168141166723,-0.9059480782675638,0.8175183325000657,0.009388939067318592,0
DLinear_ETTm1_h192_none_s2021_det,ETTm1,DLinear,none,192,2021,deterministic,test,11329,index_order,0.9978542859298427,106.24739676697192,0.0,0.009392630719741281,1
DLinear_ETTm1_h192_none_s2021_det,ETTm1,DLinear,none,192,2021,deterministic,test,11329,full_permutation,0.00031027088710306854,0.04243195917663402,0.4830771757726464,0.009392630719741281,0
DLinear_ETTm1_h192_revin_s2021_det,ETTm1,DLinear,revin,192,2021,deterministic,val,11329,index_order,0.9992446323872411,106.43632545171728,0.0,0.009389021135239461,1
DLinear_ETTm1_h192_revin_s2021_det,ETTm1,DLinear,revin,192,2021,deterministic,val,11329,full_permutation,0.004424768394009052,0.4806726031565315,0.3153746028310457,0.009389021135239461,0
DLinear_ETTm1_h192_revin_s2021_det,ETTm1,DLinear,revin,192,2021,deterministic,test,11329,index_order,0.9978933187167454,106.25335548943272,0.0,0.009392471333784432,1
DLinear_ETTm1_h192_revin_s2021_det,ETTm1,DLinear,revin,192,2021,deterministic,test,11329,full_permutation,-0.010121202816456532,-1.0681880863676647,0.8572821611469643,0.009392471333784432,0
DLinear_ETTm1_h192_san_lite_s2021_det,ETTm1,DLinear,san_lite,192,2021,deterministic,val,11329,index_order,0.9985060231622285,106.36307752614296,0.0,0.009388542746452051,1
DLinear_ETTm1_h192_san_lite_s2021_det,ETTm1,DLinear,san_lite,192,2021,deterministic,val,11329,full_permutation,0.016138879838389106,1.7283999351954353,0.04195827355607338,0.009388542746452051,1
DLinear_ETTm1_h192_san_lite_s2021_det,ETTm1,DLinear,san_lite,192,2021,deterministic,test,11329,index_order,0.9944089715707622,105.87221306077886,0.0,0.009393373574197433,1
DLinear_ETTm1_h192_san_lite_s2021_det,ETTm1,DLinear,san_lite,192,2021,deterministic,test,11329,full_permutation,0.016054797201210537,1.718559781515768,0.04284728011467664,0.009393373574197433,1
DLinear_ETTm1_h336_fredf_s2021_det,ETTm1,DLinear,fredf,336,2021,deterministic,val,11185,index_order,0.9997575577583514,105.80114895279303,0.0,0.009450246817756691,1
DLinear_ETTm1_h336_fredf_s2021_det,ETTm1,DLinear,fredf,336,2021,deterministic,val,11185,full_permutation,-0.002249957424734401,-0.22862302102970117,0.590419034892878,0.009450246817756691,0
DLinear_ETTm1_h336_fredf_s2021_det,ETTm1,DLinear,fredf,336,2021,deterministic,test,11185,index_order,0.9991683763746492,105.7202123798643,0.0,0.009451908649520956,1
DLinear_ETTm1_h336_fredf_s2021_det,ETTm1,DLinear,fredf,336,2021,deterministic,test,11185,full_permutation,0.0032232192597691912,0.3504723575295694,0.36299211587864155,0.009451908649520956,0
DLinear_ETTm1_h336_fredf_s2021_shuf,ETTm1,DLinear,fredf,336,2021,shuffled,val,11185,index_order,0.9997598956767081,105.80128252364875,0.0,0.009450256984370712,1
DLinear_ETTm1_h336_fredf_s2021_shuf,ETTm1,DLinear,fredf,336,2021,shuffled,val,11185,full_permutation,0.0022750431958216007,0.25020024825934356,0.40121624663837124,0.009450256984370712,0
DLinear_ETTm1_h336_fredf_s2021_shuf,ETTm1,DLinear,fredf,336,2021,shuffled,val,11185,observed_loader_order,0.006664837211758957,0.7147160834580484,0.23739224873319942,0.009450256984370712,0
DLinear_ETTm1_h336_fredf_s2021_shuf,ETTm1,DLinear,fredf,336,2021,shuffled,test,11185,index_order,0.9991756024956594,105.72094871027733,0.0,0.009451911169297913,1
DLinear_ETTm1_h336_fredf_s2021_shuf,ETTm1,DLinear,fredf,336,2021,shuffled,test,11185,full_permutation,0.01274541881857093,1.357908684969883,0.08724633060201764,0.009451911169297913,0
DLinear_ETTm1_h336_fredf_s2022_det,ETTm1,DLinear,fredf,336,2022,deterministic,val,11185,index_order,0.9997550413330054,105.80108751662785,0.0,0.009450228520795224,1
DLinear_ETTm1_h336_fredf_s2022_det,ETTm1,DLinear,fredf,336,2022,deterministic,val,11185,full_permutation,0.0025105141003231,0.2751179553366891,0.39161280865350856,0.009450228520795224,0
DLinear_ETTm1_h336_fredf_s2022_det,ETTm1,DLinear,fredf,336,2022,deterministic,test,11185,index_order,0.9991582541341408,105.71919478306644,0.0,0.009451903882094057,1
DLinear_ETTm1_h336_fredf_s2022_det,ETTm1,DLinear,fredf,336,2022,deterministic,test,11185,full_permutation,0.010074833479876585,1.0753650327437794,0.1411056653250497,0.009451903882094057,0
DLinear_ETTm1_h336_fredf_s2022_shuf,ETTm1,DLinear,fredf,336,2022,shuffled,val,11185,index_order,0.999754721023269,105.80107472095636,0.0,0.009450226636242374,1
DLinear_ETTm1_h336_fredf_s2022_shuf,ETTm1,DLinear,fredf,336,2022,shuffled,val,11185,full_permutation,-0.007900589673919739,-0.8265596717205392,0.7957566583891348,0.009450226636242374,0
DLinear_ETTm1_h336_fredf_s2022_shuf,ETTm1,DLinear,fredf,336,2022,shuffled,val,11185,observed_loader_order,0.0026495596203852884,0.28983146897913054,0.38597258594727946,0.009450226636242374,0
DLinear_ETTm1_h336_fredf_s2022_shuf,ETTm1,DLinear,fredf,336,2022,shuffled,test,11185,index_order,0.9991580974805746,105.71918037360874,0.0,0.009451903688593152,1
DLinear_ETTm1_h336_fredf_s2022_shuf,ETTm1,DLinear,fredf,336,2022,shuffled,test,11185,full_permutation,-0.016438512386499717,-1.7297149312310243,0.9581593901652048,0.009451903688593152,0
DLinear_ETTm1_h336_fredf_s2023_det,ETTm1,DLinear,fredf,336,2023,deterministic,val,11185,index_order,0.9997570269156932,105.80130161603408,0.0,0.009450228164413717,1
DLinear_ETTm1_h336_fredf_s2023_det,ETTm1,DLinear,fredf,336,2023,deterministic,val,11185,full_permutation,0.026568363599231138,2.8208606801048077,0.0023947499249096795,0.009450228164413717,1
DLinear_ETTm1_h336_fredf_s2023_det,ETTm1,DLinear,fredf,336,2023,deterministic,test,11185,index_order,0.9991625966416259,105.7196317351728,0.0,0.009451905891921098,1
DLinear_ETTm1_h336_fredf_s2023_det,ETTm1,DLinear,fredf,336,2023,deterministic,test,11185,full_permutation,0.020199262084461635,2.1465168786313966,0.015915881809373197,0.009451905891921098,1
DLinear_ETTm1_h336_fredf_s2023_shuf,ETTm1,DLinear,fredf,336,2023,shuffled,val,11185,index_order,0.9997565103458679,105.80122037577627,0.0,0.009450230538385835,1
DLinear_ETTm1_h336_fredf_s2023_shuf,ETTm1,DLinear,fredf,336,2023,shuffled,val,11185,full_permutation,0.00025355748445931686,0.03629233496989854,0.4855246308615388,0.009450230538385835,0
DLinear_ETTm1_h336_fredf_s2023_shuf,ETTm1,DLinear,fredf,336,2023,shuffled,val,11185,observed_loader_order,0.002782546284020842,0.30390366881927294,0.38060064129967025,0.009450230538385835,0
DLinear_ETTm1_h336_fredf_s2023_shuf,ETTm1,DLinear,fredf,336,2023,shuffled,test,11185,index_order,0.9991609977936416,105.71945314720443,0.0,0.009451906735178262,1
DLinear_ETTm1_h336_fredf_s2023_shuf,ETTm1,DLinear,fredf,336,2023,shuffled,test,11185,full_permutation,0.008172945852630323,0.8741473579782464,0.19101900490006163,0.009451906735178262,0
DLinear_ETTm1_h336_none_s2021_det,ETTm1,DLinear,none,336,2021,deterministic,val,11185,index_order,0.9995037905136963,105.77243208653113,0.0,0.009450413347248401,1
DLinear_ETTm1_h336_none_s2021_det,ETTm1,DLinear,none,336,2021,deterministic,val,11185,full_permutation,-0.004976326580064897,-0.5171110461221501,0.6974606784603399,0.009450413347248401,0
DLinear_ETTm1_h336_none_s2021_det,ETTm1,DLinear,none,336,2021,deterministic,test,11185,index_order,0.9985157595635965,105.65049277157684,0.0,0.009451968910078136,1
DLinear_ETTm1_h336_none_s2021_det,ETTm1,DLinear,none,336,2021,deterministic,test,11185,full_permutation,-0.01154976477068265,-1.2124829685675897,0.8873362208970588,0.009451968910078136,0
DLinear_ETTm1_h336_none_s2021_shuf,ETTm1,DLinear,none,336,2021,shuffled,val,11185,index_order,0.9995967373774328,105.78207346058504,0.0,0.00945043066486784,1
DLinear_ETTm1_h336_none_s2021_shuf,ETTm1,DLinear,none,336,2021,shuffled,val,11185,full_permutation,-0.007082554024761985,-0.7399811527083706,0.7703442847290265,0.00945043066486784,0
DLinear_ETTm1_h336_none_s2021_shuf,ETTm1,DLinear,none,336,2021,shuffled,val,11185,observed_loader_order,0.008843618322367857,0.9452512892728925,0.1722653001430957,0.00945043066486784,0
DLinear_ETTm1_h336_none_s2021_shuf,ETTm1,DLinear,none,336,2021,shuffled,test,11185,index_order,0.9987495322726199,105.67497278257378,0.0,0.009451991511514398,1
DLinear_ETTm1_h336_none_s2021_shuf,ETTm1,DLinear,none,336,2021,shuffled,test,11185,full_permutation,-0.009877089356729055,-1.0355146740264398,0.8497856914422057,0.009451991511514398,0
DLinear_ETTm1_h336_none_s2022_det,ETTm1,DLinear,none,336,2022,deterministic,val,11185,index_order,0.9995091361154422,105.7731786154977,0.0,0.00945039718619901,1
DLinear_ETTm1_h336_none_s2022_det,ETTm1,DLinear,none,336,2022,deterministic,val,11185,full_permutation,-0.007708246249091695,-0.8061918087882479,0.7899338694908775,0.00945039718619901,0
DLinear_ETTm1_h336_none_s2022_det,ETTm1,DLinear,none,336,2022,deterministic,test,11185,index_order,0.9985211828957049,105.65112022965509,0.0,0.00945196410764785,1
DLinear_ETTm1_h336_none_s2022_det,ETTm1,DLinear,none,336,2022,deterministic,test,11185,full_permutation,-0.006303789101357522,-0.6574692394934879,0.7445603782090904,0.00945196410764785,0
DLinear_ETTm1_h336_none_s2022_shuf,ETTm1,DLinear,none,336,2022,shuffled,val,11185,index_order,0.9995490009716819,105.7770495127722,0.0,0.009450428226387253,1
DLinear_ETTm1_h336_none_s2022_shuf,ETTm1,DLinear,none,336,2022,shuffled,val,11185,full_permutation,-0.0013612024687781109,-0.1345747505329448,0.5535259469349434,0.009450428226387253,0
DLinear_ETTm1_h336_none_s2022_shuf,ETTm1,DLinear,none,336,2022,shuffled,val,11185,observed_loader_order,-0.005935149978647619,-0.6185684278880349,0.7318996469172064,0.009450428226387253,0
DLinear_ETTm1_h336_none_s2022_shuf,ETTm1,DLinear,none,336,2022,shuffled,test,11185,index_order,0.9986402224629017,105.66354286416433,0.0,0.009451979451366686,1
DLinear_ETTm1_h336_none_s2022_shuf,ETTm1,DLinear,none,336,2022,shuffled,test,11185,full_permutation,-0.011621481993335386,-1.2200691511115578,0.8887806691193538,0.009451979451366685,0
DLinear_ETTm1_h336_none_s2023_det,ETTm1,DLinear,none,336,2023,deterministic,val,11185,index_order,0.9995275189162881,105.77461061423229,0.0,0.009450443036937725,1
DLinear_ETTm1_h336_none_s2023_det,ETTm1,DLinear,none,336,2023,deterministic,val,11185,full_permutation,0.009037812127665443,0.9657986974550912,0.16707246021066086,0.009450443036937725,0
DLinear_ETTm1_h336_none_s2023_det,ETTm1,DLinear,none,336,2023,deterministic,test,11185,index_order,0.9985761637188404,105.65682776054518,0.0,0.009451973888804836,1
DLinear_ETTm1_h336_none_s2023_det,ETTm1,DLinear,none,336,2023,deterministic,test,11185,full_permutation,0.012247397285463908,1.30520998876843,0.0959106769068212,0.009451973888804836,0
DLinear_ETTm1_h336_none_s2023_shuf,ETTm1,DLinear,none,336,2023,shuffled,val,11185,index_order,0.9995484454022519,105.77691473266003,0.0,0.009450435015773653,1
DLinear_ETTm1_h336_none_s2023_shuf,ETTm1,DLinear,none,336,2023,shuffled,val,11185,full_permutation,0.00253837985994935,0.27806056582007765,0.3904829331746227,0.009450435015773652,0
DLinear_ETTm1_h336_none_s2023_shuf,ETTm1,DLinear,none,336,2023,shuffled,val,11185,observed_loader_order,-0.007215929447611559,-0.7540939637100512,0.7746035991322539,0.009450435015773652,0
DLinear_ETTm1_h336_none_s2023_shuf,ETTm1,DLinear,none,336,2023,shuffled,test,11185,index_order,0.9986305061558639,105.66253302715785,0.0,0.009451977829709525,1
DLinear_ETTm1_h336_none_s2023_shuf,ETTm1,DLinear,none,336,2023,shuffled,test,11185,full_permutation,0.008640618703383403,0.9236196178672412,0.17784219807099627,0.009451977829709527,0
DLinear_ETTm1_h336_revin_s2021_det,ETTm1,DLinear,revin,336,2021,deterministic,val,11185,index_order,0.9995077841305886,105.7719932343712,0.0,0.009450490314231372,1
DLinear_ETTm1_h336_revin_s2021_det,ETTm1,DLinear,revin,336,2021,deterministic,val,11185,full_permutation,-0.015383161735323869,-1.6183020964013541,0.947201245434829,0.009450490314231372,0
DLinear_ETTm1_h336_revin_s2021_det,ETTm1,DLinear,revin,336,2021,deterministic,test,11185,index_order,0.9984501624007613,105.64563440938745,0.0,0.009451782664100464,1
DLinear_ETTm1_h336_revin_s2021_det,ETTm1,DLinear,revin,336,2021,deterministic,test,11185,full_permutation,-0.001242941352235617,-0.12204342243652858,0.5485676854252217,0.009451782664100464,0
DLinear_ETTm1_h336_revin_s2021_shuf,ETTm1,DLinear,revin,336,2021,shuffled,val,11185,index_order,0.9994986242512234,105.77096777151247,0.0,0.009450495336852039,1
DLinear_ETTm1_h336_revin_s2021_shuf,ETTm1,DLinear,revin,336,2021,shuffled,val,11185,full_permutation,0.011130391894020654,1.1872187585820786,0.11757067175302566,0.009450495336852039,0
DLinear_ETTm1_h336_revin_s2021_shuf,ETTm1,DLinear,revin,336,2021,shuffled,val,11185,observed_loader_order,-0.01003849136952405,-1.0527572965350558,0.8537738793838203,0.009450495336852039,0
DLinear_ETTm1_h336_revin_s2021_shuf,ETTm1,DLinear,revin,336,2021,shuffled,test,11185,index_order,0.9984233715893487,105.64281337887743,0.0,0.00945178146151849,1
DLinear_ETTm1_h336_revin_s2021_shuf,ETTm1,DLinear,revin,336,2021,shuffled,test,11185,full_permutation,-0.019236939079431803,-2.025811293839742,0.9786079369294273,0.00945178146151849,0
DLinear_ETTm1_h336_revin_s2022_det,ETTm1,DLinear,revin,336,2022,deterministic,val,11185,index_order,0.9995024201717002,105.77134127670385,0.0,0.009450497852764235,1
DLinear_ETTm1_h336_revin_s2022_det,ETTm1,DLinear,revin,336,2022,deterministic,val,11185,full_permutation,0.006184962573289506,0.6639201573107412,0.2533707071008964,0.009450497852764235,0
DLinear_ETTm1_h336_revin_s2022_det,ETTm1,DLinear,revin,336,2022,deterministic,test,11185,index_order,0.9984318392251599,105.64370818106019,0.0,0.009451781557701487,1
DLinear_ETTm1_h336_revin_s2022_det,ETTm1,DLinear,revin,336,2022,deterministic,test,11185,full_permutation,-0.004628393366329522,-0.48022480109567606,0.6844662232731299,0.009451781557701487,0
DLinear_ETTm1_h336_revin_s2022_shuf,ETTm1,DLinear,revin,336,2022,shuffled,val,11185,index_order,0.9995172187138749,105.7732368204862,0.0,0.009450468400226297,1
DLinear_ETTm1_h336_revin_s2022_shuf,ETTm1,DLinear,revin,336,2022,shuffled,val,11185,full_permutation,0.01360968392296578,1.4495680838867515,0.07358950077800394,0.009450468400226297,0
DLinear_ETTm1_h336_revin_s2022_shuf,ETTm1,DLinear,revin,336,2022,shuffled,val,11185,observed_loader_order,-0.004944531287594301,-0.5137436192787541,0.6962843744162567,0.009450468400226297,0
DLinear_ETTm1_h336_revin_s2022_shuf,ETTm1,DLinear,revin,336,2022,shuffled,test,11185,index_order,0.9984733927497641,105.64813301743452,0.0,0.009451779010924494,1
DLinear_ETTm1_h336_revin_s2022_shuf,ETTm1,DLinear,revin,336,2022,shuffled,test,11185,full_permutation,-0.00029592120891859286,-0.021848560032705154,0.5087156209432333,0.009451779010924494,0
DLinear_ETTm1_h336_revin_s2023_det,ETTm1,DLinear,revin,336,2023,deterministic,val,11185,index_order,0.9996065007968619,105.78340854941028,0.0,0.00945040368762269,1
DLinear_ETTm1_h336_revin_s2023_det,ETTm1,DLinear,revin,336,2023,deterministic,val,11185,full_permutation,-0.0027150717563996702,-0.27783557141119597,0.609430708133958,0.00945040368762269,0
DLinear_ETTm1_h336_revin_s2023_det,ETTm1,DLinear,revin,336,2023,deterministic,test,11185,index_order,0.998711448416081,105.67326647894514,0.0,0.009451783740051884,1
DLinear_ETTm1_h336_revin_s2023_det,ETTm1,DLinear,revin,336,2023,deterministic,test,11185,full_permutation,-0.003911834200063325,-0.40441263336181626,0.6570453441522456,0.009451783740051883,0
DLinear_ETTm1_h336_revin_s2023_shuf,ETTm1,DLinear,revin,336,2023,shuffled,val,11185,index_order,0.9995444137325532,105.77606934850004,0.0,0.00945047243045916,1
DLinear_ETTm1_h336_revin_s2023_shuf,ETTm1,DLinear,revin,336,2023,shuffled,val,11185,full_permutation,-0.006285273598556224,-0.6556138009359439,0.7439636782729184,0.00945047243045916,0
DLinear_ETTm1_h336_revin_s2023_shuf,ETTm1,DLinear,revin,336,2023,shuffled,val,11185,observed_loader_order,-0.006203158854070289,-0.6469248443689393,0.7411597072098768,0.00945047243045916,0
DLinear_ETTm1_h336_revin_s2023_shuf,ETTm1,DLinear,revin,336,2023,shuffled,test,11185,index_order,0.9985400423410269,105.65518029677332,0.0,0.009451779392016307,1
DLinear_ETTm1_h336_revin_s2023_shuf,ETTm1,DLinear,revin,336,2023,shuffled,test,11185,full_permutation,0.013316991583617903,1.4184001207988963,0.07803699018895635,0.009451779392016307,0
DLinear_ETTm1_h336_san_lite_s2021_det,ETTm1,DLinear,san_lite,336,2021,deterministic,val,11185,index_order,0.9988194912537228,105.70325982857183,0.0,0.009450123925425978,1
DLinear_ETTm1_h336_san_lite_s2021_det,ETTm1,DLinear,san_lite,336,2021,deterministic,val,11185,full_permutation,-0.012031577220078145,-1.263704462135642,0.896831938522143,0.009450123925425978,0
DLinear_ETTm1_h336_san_lite_s2021_det,ETTm1,DLinear,san_lite,336,2021,deterministic,test,11185,index_order,0.9943256568443738,105.19618055068294,0.0,0.009452957940930685,1
DLinear_ETTm1_h336_san_lite_s2021_det,ETTm1,DLinear,san_lite,336,2021,deterministic,test,11185,full_permutation,-0.009251426798053661,-0.9692218464868229,0.8337827433714455,0.009452957940930685,0
DLinear_ETTm1_h336_san_lite_s2021_shuf,ETTm1,DLinear,san_lite,336,2021,shuffled,val,11185,index_order,0.9988206645068312,105.70334661172987,0.0,0.009450127266299485,1
DLinear_ETTm1_h336_san_lite_s2021_shuf,ETTm1,DLinear,san_lite,336,2021,shuffled,val,11185,full_permutation,0.006691267608685234,0.7175227238101507,0.23652581013086843,0.009450127266299485,0
DLinear_ETTm1_h336_san_lite_s2021_shuf,ETTm1,DLinear,san_lite,336,2021,shuffled,val,11185,observed_loader_order,-0.0024142030259958285,-0.24600616612898074,0.597161270359196,0.009450127266299485,0
DLinear_ETTm1_h336_san_lite_s2021_shuf,ETTm1,DLinear,san_lite,336,2021,shuffled,test,11185,index_order,0.9943313404740988,105.19677784315606,0.0,0.00945295829692161,1
DLinear_ETTm1_h336_san_lite_s2021_shuf,ETTm1,DLinear,san_lite,336,2021,shuffled,test,11185,full_permutation,0.007770192890238724,0.8314440930709257,0.20286139938534625,0.00945295829692161,0
DLinear_ETTm1_h336_san_lite_s2022_det,ETTm1,DLinear,san_lite,336,2022,deterministic,val,11185,index_order,0.9988271532947823,105.70405646023964,0.0,0.009450125190969424,1
DLinear_ETTm1_h336_san_lite_s2022_det,ETTm1,DLinear,san_lite,336,2022,deterministic,val,11185,full_permutation,-0.006222986316208564,-0.6490467316017446,0.7418459144923151,0.009450125190969424,0
DLinear_ETTm1_h336_san_lite_s2022_det,ETTm1,DLinear,san_lite,336,2022,deterministic,test,11185,index_order,0.9943561937805672,105.19941177644172,0.0,0.009452957867688811,1
DLinear_ETTm1_h336_san_lite_s2022_det,ETTm1,DLinear,san_lite,336,2022,deterministic,test,11185,full_permutation,0.0023995416367208135,0.26329907731958335,0.396160035399687,0.009452957867688811,0
DLinear_ETTm1_h336_san_lite_s2022_shuf,ETTm1,DLinear,san_lite,336,2022,shuffled,val,11185,index_order,0.9988239870963777,105.70371092951729,0.0,0.009450126128591935,1
DLinear_ETTm1_h336_san_lite_s2022_shuf,ETTm1,DLinear,san_lite,336,2022,shuffled,val,11185,full_permutation,-0.010110767124587493,-1.0604465528226894,0.8555292535023766,0.009450126128591935,0
DLinear_ETTm1_h336_san_lite_s2022_shuf,ETTm1,DLinear,san_lite,336,2022,shuffled,val,11185,observed_loader_order,0.00021116538186348297,0.03180685903615718,0.487313038342801,0.009450126128591935,0
DLinear_ETTm1_h336_san_lite_s2022_shuf,ETTm1,DLinear,san_lite,336,2022,shuffled,test,11185,index_order,0.9943493874571022,105.19870062496231,0.0,0.009452957070735122,1
DLinear_ETTm1_h336_san_lite_s2022_shuf,ETTm1,DLinear,san_lite,336,2022,shuffled,test,11185,full_permutation,-0.0006281529025128204,-0.05699163242771164,0.5227240696679192,0.009452957070735124,0
DLinear_ETTm1_h336_san_lite_s2023_det,ETTm1,DLinear,san_lite,336,2023,deterministic,val,11185,index_order,0.9988267213356594,105.70400245865346,0.0,0.00945012593230963,1
DLinear_ETTm1_h336_san_lite_s2023_det,ETTm1,DLinear,san_lite,336,2023,deterministic,val,11185,full_permutation,-0.002062867695277269,-0.20882835441880782,0.5827088821618921,0.00945012593230963,0
DLinear_ETTm1_h336_san_lite_s2023_det,ETTm1,DLinear,san_lite,336,2023,deterministic,test,11185,index_order,0.9943502632837984,105.19878855006354,0.0,0.009452957495402453,1
DLinear_ETTm1_h336_san_lite_s2023_det,ETTm1,DLinear,san_lite,336,2023,deterministic,test,11185,full_permutation,-0.0010078467669438602,-0.09715830411889649,0.5386996600869133,0.009452957495402453,0
DLinear_ETTm1_h336_san_lite_s2023_shuf,ETTm1,DLinear,san_lite,336,2023,shuffled,val,11185,index_order,0.9988222522133148,105.70351874234811,0.0,0.009450126897818231,1
DLinear_ETTm1_h336_san_lite_s2023_shuf,ETTm1,DLinear,san_lite,336,2023,shuffled,val,11185,full_permutation,-5.8456656014157666e-05,0.003275806992130009,0.498693144425697,0.009450126897818231,0
DLinear_ETTm1_h336_san_lite_s2023_shuf,ETTm1,DLinear,san_lite,336,2023,shuffled,val,11185,observed_loader_order,-0.00020351992124348196,-0.012074596954595335,0.5048169501951186,0.009450126897818231,0
DLinear_ETTm1_h336_san_lite_s2023_shuf,ETTm1,DLinear,san_lite,336,2023,shuffled,test,11185,index_order,0.9943359771674583,105.19727438428183,0.0,0.009452957754234591,1
DLinear_ETTm1_h336_san_lite_s2023_shuf,ETTm1,DLinear,san_lite,336,2023,shuffled,test,11185,full_permutation,0.0030130685174152155,0.3282022458852056,0.3713793749225357,0.009452957754234591,0
DLinear_ETTm1_h720_fredf_s2021_det,ETTm1,DLinear,fredf,720,2021,deterministic,val,10801,index_order,0.9998527822482854,103.93806988079783,0.0,0.009620588259794251,1
DLinear_ETTm1_h720_fredf_s2021_det,ETTm1,DLinear,fredf,720,2021,deterministic,val,10801,full_permutation,-0.004994454468299882,-0.5095178946793553,0.6948053707675966,0.009620588259794251,0
DLinear_ETTm1_h720_fredf_s2021_det,ETTm1,DLinear,fredf,720,2021,deterministic,test,10801,index_order,0.9993807144684507,103.89953813998372,0.0,0.009619612608041185,1
DLinear_ETTm1_h720_fredf_s2021_det,ETTm1,DLinear,fredf,720,2021,deterministic,test,10801,full_permutation,-0.010453613345787564,-1.0770725574264843,0.8592760740400316,0.009619612608041185,0
DLinear_ETTm1_h720_none_s2021_det,ETTm1,DLinear,none,720,2021,deterministic,val,10801,index_order,0.9997232764077979,103.92363905666171,0.0,0.009620678010084562,1
DLinear_ETTm1_h720_none_s2021_det,ETTm1,DLinear,none,720,2021,deterministic,val,10801,full_permutation,-0.0031569496794132406,-0.31851778883032317,0.6249538983947476,0.009620678010084562,0
DLinear_ETTm1_h720_none_s2021_det,ETTm1,DLinear,none,720,2021,deterministic,test,10801,index_order,0.9990704906588467,103.86596584073502,0.0,0.009619735157361616,1
DLinear_ETTm1_h720_none_s2021_det,ETTm1,DLinear,none,720,2021,deterministic,test,10801,full_permutation,0.00043831182029403727,0.055189088285902445,0.477993910986982,0.009619735157361616,0
DLinear_ETTm1_h720_revin_s2021_det,ETTm1,DLinear,revin,720,2021,deterministic,val,10801,index_order,0.9997206853871,103.92460090943958,0.0,0.009620564036141309,1
DLinear_ETTm1_h720_revin_s2021_det,ETTm1,DLinear,revin,720,2021,deterministic,val,10801,full_permutation,0.0011059665729126458,0.12458304533940463,0.45042682583464355,0.00962056403614131,0
DLinear_ETTm1_h720_revin_s2021_det,ETTm1,DLinear,revin,720,2021,deterministic,test,10801,index_order,0.9989086691340869,103.85159690462021,0.0,0.009619507946942657,1
DLinear_ETTm1_h720_revin_s2021_det,ETTm1,DLinear,revin,720,2021,deterministic,test,10801,full_permutation,0.011192129255060702,1.1731080123739477,0.12037624691483684,0.009619507946942657,0
DLinear_ETTm1_h720_san_lite_s2021_det,ETTm1,DLinear,san_lite,720,2021,deterministic,val,10801,index_order,0.9990576881688985,103.85707151466616,0.0,0.0096204357218025,1
DLinear_ETTm1_h720_san_lite_s2021_det,ETTm1,DLinear,san_lite,720,2021,deterministic,val,10801,full_permutation,-0.016605736345480387,-1.7164652652337318,0.9569615399406378,0.0096204357218025,0
DLinear_ETTm1_h720_san_lite_s2021_det,ETTm1,DLinear,san_lite,720,2021,deterministic,test,10801,index_order,0.9949762907258821,103.43842317935307,0.0,0.009619915431165395,1
DLinear_ETTm1_h720_san_lite_s2021_det,ETTm1,DLinear,san_lite,720,2021,deterministic,test,10801,full_permutation,-0.008941231432440922,-0.9198250133448804,0.8211678950894705,0.009619915431165395,0
DLinear_ETTm1_h96_fredf_s2021_det,ETTm1,DLinear,fredf,96,2021,deterministic,val,11425,index_order,0.9988206104792524,106.83445169146111,0.0,0.00935005636925169,1
DLinear_ETTm1_h96_fredf_s2021_det,ETTm1,DLinear,fredf,96,2021,deterministic,val,11425,full_permutation,-0.005385917393303722,-0.5666684958950855,0.7145302856103708,0.00935005636925169,0
DLinear_ETTm1_h96_fredf_s2021_det,ETTm1,DLinear,fredf,96,2021,deterministic,test,11425,index_order,0.9974938605536816,106.6577140209458,0.0,0.009353110599874462,1
DLinear_ETTm1_h96_fredf_s2021_det,ETTm1,DLinear,fredf,96,2021,deterministic,test,11425,full_permutation,-0.0024734511958239076,-0.2550933356706302,0.6006744943486035,0.009353110599874462,0
DLinear_ETTm1_h96_fredf_s2021_shuf,ETTm1,DLinear,fredf,96,2021,shuffled,val,11425,index_order,0.9988219611933667,106.83458808355017,0.0,0.009350057075393724,1
DLinear_ETTm1_h96_fredf_s2021_shuf,ETTm1,DLinear,fredf,96,2021,shuffled,val,11425,full_permutation,0.01419791009694607,1.527845765620647,0.06327541817356183,0.009350057075393724,0
DLinear_ETTm1_h96_fredf_s2021_shuf,ETTm1,DLinear,fredf,96,2021,shuffled,val,11425,observed_loader_order,0.007425628864380798,0.8035420337869997,0.21083075587300215,0.009350057075393724,0
DLinear_ETTm1_h96_fredf_s2021_shuf,ETTm1,DLinear,fredf,96,2021,shuffled,test,11425,index_order,0.997493032246334,106.65762667068603,0.0,0.009353110493827596,1
DLinear_ETTm1_h96_fredf_s2021_shuf,ETTm1,DLinear,fredf,96,2021,shuffled,test,11425,full_permutation,-0.003195486528322506,-0.33229068729252537,0.6301651143771754,0.009353110493827596,0
DLinear_ETTm1_h96_fredf_s2022_det,ETTm1,DLinear,fredf,96,2022,deterministic,val,11425,index_order,0.99881816077256,106.83417917278327,0.0,0.009350057289914983,1
DLinear_ETTm1_h96_fredf_s2022_det,ETTm1,DLinear,fredf,96,2022,deterministic,val,11425,full_permutation,0.017441715909632213,1.8747747078025876,0.030411862049969957,0.009350057289914983,1
DLinear_ETTm1_h96_fredf_s2022_det,ETTm1,DLinear,fredf,96,2022,deterministic,test,11425,index_order,0.9974912821331997,106.6574521725392,0.0,0.009353109387363083,1
DLinear_ETTm1_h96_fredf_s2022_det,ETTm1,DLinear,fredf,96,2022,deterministic,test,11425,full_permutation,-0.007832526915640093,-0.8280660025315958,0.7961834390549315,0.009353109387363083,0
DLinear_ETTm1_h96_fredf_s2022_shuf,ETTm1,DLinear,fredf,96,2022,shuffled,val,11425,index_order,0.9988180029564028,106.83413780531954,0.0,0.00935005943316248,1
DLinear_ETTm1_h96_fredf_s2022_shuf,ETTm1,DLinear,fredf,96,2022,shuffled,val,11425,full_permutation,0.004406816452593006,0.4806762458277207,0.3153733081624246,0.00935005943316248,0
DLinear_ETTm1_h96_fredf_s2022_shuf,ETTm1,DLinear,fredf,96,2022,shuffled,val,11425,observed_loader_order,0.0017335604976934187,0.19476833540116545,0.4227871561094726,0.00935005943316248,0
DLinear_ETTm1_h96_fredf_s2022_shuf,ETTm1,DLinear,fredf,96,2022,shuffled,test,11425,index_order,0.9974920252536137,106.65752872289899,0.0,0.009353109641789802,1
DLinear_ETTm1_h96_fredf_s2022_shuf,ETTm1,DLinear,fredf,96,2022,shuffled,test,11425,full_permutation,0.0013221556767472368,0.150718931429428,0.4400987193562521,0.009353109641789802,0
DLinear_ETTm1_h96_fredf_s2023_det,ETTm1,DLinear,fredf,96,2023,deterministic,val,11425,index_order,0.9988245755406434,106.83483291763545,0.0,0.009350060118732647,1
DLinear_ETTm1_h96_fredf_s2023_det,ETTm1,DLinear,fredf,96,2023,deterministic,val,11425,full_permutation,-0.0056985256050581115,-0.600102087024126,0.7257808991161273,0.009350060118732647,0
DLinear_ETTm1_h96_fredf_s2023_det,ETTm1,DLinear,fredf,96,2023,deterministic,test,11425,index_order,0.9975035348810246,106.65877426444843,0.0,0.009353108328637037,1
DLinear_ETTm1_h96_fredf_s2023_det,ETTm1,DLinear,fredf,96,2023,deterministic,test,11425,full_permutation,-0.01363127055729634,-1.448046474755668,0.9261979732930987,0.009353108328637037,0
DLinear_ETTm1_h96_fredf_s2023_shuf,ETTm1,DLinear,fredf,96,2023,shuffled,val,11425,index_order,0.9988263040513056,106.83503593699966,0.0,0.009350058529997294,1
DLinear_ETTm1_h96_fredf_s2023_shuf,ETTm1,DLinear,fredf,96,2023,shuffled,val,11425,full_permutation,0.012007576716891045,1.2935867398147878,0.09790410257487703,0.009350058529997294,0
DLinear_ETTm1_h96_fredf_s2023_shuf,ETTm1,DLinear,fredf,96,2023,shuffled,val,11425,observed_loader_order,-0.027798640125024268,-2.9637360046586454,0.9984803554785722,0.009350058529997294,0
DLinear_ETTm1_h96_fredf_s2023_shuf,ETTm1,DLinear,fredf,96,2023,shuffled,test,11425,index_order,0.9975046819024255,106.65888499724247,0.0,0.00935310937239052,1
DLinear_ETTm1_h96_fredf_s2023_shuf,ETTm1,DLinear,fredf,96,2023,shuffled,test,11425,full_permutation,-0.011208596578805742,-1.1890229357980615,0.8827846791923519,0.00935310937239052,0
DLinear_ETTm1_h96_none_s2021_det,ETTm1,DLinear,none,96,2021,deterministic,val,11425,index_order,0.9979572447828192,106.74213655107225,0.0,0.009350054365075374,1
DLinear_ETTm1_h96_none_s2021_det,ETTm1,DLinear,none,96,2021,deterministic,val,11425,full_permutation,-0.00021789666642516847,-0.013942341651669674,0.5055620093732638,0.009350054365075374,0
DLinear_ETTm1_h96_none_s2021_det,ETTm1,DLinear,none,96,2021,deterministic,test,11425,index_order,0.9960410027931949,106.50157298408028,0.0,0.009353181459170565,1
DLinear_ETTm1_h96_none_s2021_det,ETTm1,DLinear,none,96,2021,deterministic,test,11425,full_permutation,-0.00039682864514291034,-0.03306828082909193,0.5131899314294965,0.009353181459170565,0
DLinear_ETTm1_h96_none_s2021_shuf,ETTm1,DLinear,none,96,2021,shuffled,val,11425,index_order,0.9980919156436694,106.7569641366918,0.0,0.009350017197750249,1
DLinear_ETTm1_h96_none_s2021_shuf,ETTm1,DLinear,none,96,2021,shuffled,val,11425,full_permutation,0.004918964198025533,0.5354534763033133,0.2961681600717225,0.009350017197750249,0
DLinear_ETTm1_h96_none_s2021_shuf,ETTm1,DLinear,none,96,2021,shuffled,val,11425,observed_loader_order,0.0035176557829302794,0.38558119420393616,0.34990343153579656,0.009350017197750249,0
DLinear_ETTm1_h96_none_s2021_shuf,ETTm1,DLinear,none,96,2021,shuffled,test,11425,index_order,0.9962479106872036,106.52366831852194,0.0,0.00935318377059655,1
DLinear_ETTm1_h96_none_s2021_shuf,ETTm1,DLinear,none,96,2021,shuffled,test,11425,full_permutation,-0.0065118856221041,-0.6868624380389726,0.7539152904709647,0.009353183770596551,0
DLinear_ETTm1_h96_none_s2022_det,ETTm1,DLinear,none,96,2022,deterministic,val,11425,index_order,0.9981247808469244,106.76006506833022,0.0,0.009350053460739638,1
DLinear_ETTm1_h96_none_s2022_det,ETTm1,DLinear,none,96,2022,deterministic,val,11425,full_permutation,1.0124225422870525e-05,0.010444778721163313,0.49583321192034335,0.009350053460739638,0
DLinear_ETTm1_h96_none_s2022_det,ETTm1,DLinear,none,96,2022,deterministic,test,11425,index_order,0.9963181303237519,106.53146470273677,0.0,0.009353158413038886,1
DLinear_ETTm1_h96_none_s2022_det,ETTm1,DLinear,none,96,2022,deterministic,test,11425,full_permutation,-0.012308115096648252,-1.3065725547432618,0.904321038624633,0.009353158413038886,0
DLinear_ETTm1_h96_none_s2022_shuf,ETTm1,DLinear,none,96,2022,shuffled,val,11425,index_order,0.9978798388964892,106.73341743005626,0.0,0.009350092950640087,1
DLinear_ETTm1_h96_none_s2022_shuf,ETTm1,DLinear,none,96,2022,shuffled,val,11425,full_permutation,-0.001588339924008721,-0.16051229842590783,0.5637612327548297,0.009350092950640087,0
DLinear_ETTm1_h96_none_s2022_shuf,ETTm1,DLinear,none,96,2022,shuffled,val,11425,observed_loader_order,0.022931964221056703,2.4619540529259063,0.006909118385408881,0.009350092950640087,1
DLinear_ETTm1_h96_none_s2022_shuf,ETTm1,DLinear,none,96,2022,shuffled,test,11425,index_order,0.995913711169985,106.48815365760913,0.0,0.009353164760339715,1
DLinear_ETTm1_h96_none_s2022_shuf,ETTm1,DLinear,none,96,2022,shuffled,test,11425,full_permutation,-0.004848097613524221,-0.5089788025230629,0.6946164588144274,0.009353164760339715,0
DLinear_ETTm1_h96_none_s2023_det,ETTm1,DLinear,none,96,2023,deterministic,val,11425,index_order,0.9981112990291129,106.75872226345739,0.0,0.009350044782100147,1
DLinear_ETTm1_h96_none_s2023_det,ETTm1,DLinear,none,96,2023,deterministic,val,11425,full_permutation,-0.02051020301627075,-2.1842321056432352,0.9855274015632709,0.009350044782100147,0
DLinear_ETTm1_h96_none_s2023_det,ETTm1,DLinear,none,96,2023,deterministic,test,11425,index_order,0.9962833589036891,106.52744231736435,0.0,0.009353185172223766,1
DLinear_ETTm1_h96_none_s2023_det,ETTm1,DLinear,none,96,2023,deterministic,test,11425,full_permutation,0.0038990261494271415,0.42622498004975545,0.33497195841938404,0.009353185172223766,0
DLinear_ETTm1_h96_none_s2023_shuf,ETTm1,DLinear,none,96,2023,shuffled,val,11425,index_order,0.997893873960232,106.73493416782925,0.0,0.009350091577374459,1
DLinear_ETTm1_h96_none_s2023_shuf,ETTm1,DLinear,none,96,2023,shuffled,val,11425,full_permutation,-0.0003377962731949241,-0.026765647921022415,0.5106766738081262,0.009350091577374459,0
DLinear_ETTm1_h96_none_s2023_shuf,ETTm1,DLinear,none,96,2023,shuffled,val,11425,observed_loader_order,0.007344280778969345,0.7948388239275223,0.21335363197921614,0.009350091577374459,0
DLinear_ETTm1_h96_none_s2023_shuf,ETTm1,DLinear,none,96,2023,shuffled,test,11425,index_order,0.9959373013786647,106.49068118082018,0.0,0.009353164289572244,1
DLinear_ETTm1_h96_none_s2023_shuf,ETTm1,DLinear,none,96,2023,shuffled,test,11425,full_permutation,0.008479482698298737,0.915948597402018,0.17984692797352386,0.009353164289572244,0
DLinear_ETTm1_h96_revin_s2021_det,ETTm1,DLinear,revin,96,2021,deterministic,val,11425,index_order,0.9980881587982646,106.75595942654962,0.0,0.009350070002406155,1
DLinear_ETTm1_h96_revin_s2021_det,ETTm1,DLinear,revin,96,2021,deterministic,val,11425,full_permutation,-0.014387712432323362,-1.52941928933556,0.9369197332309129,0.009350070002406155,0
DLinear_ETTm1_h96_revin_s2021_det,ETTm1,DLinear,revin,96,2021,deterministic,test,11425,index_order,0.9961474120165148,106.5148617347887,0.0,0.009353013568294773,1
DLinear_ETTm1_h96_revin_s2021_det,ETTm1,DLinear,revin,96,2021,deterministic,test,11425,full_permutation,0.002488236133615001,0.2753947835970278,0.39150647564657626,0.009353013568294773,0
DLinear_ETTm1_h96_revin_s2021_shuf,ETTm1,DLinear,revin,96,2021,shuffled,val,11425,index_order,0.9982086915120365,106.76918811624522,0.0,0.009350040438999542,1
DLinear_ETTm1_h96_revin_s2021_shuf,ETTm1,DLinear,revin,96,2021,shuffled,val,11425,full_permutation,-0.014991047158474474,-1.5939516242416971,0.9445265647959232,0.009350040438999542,0
DLinear_ETTm1_h96_revin_s2021_shuf,ETTm1,DLinear,revin,96,2021,shuffled,val,11425,observed_loader_order,0.003193143295542346,0.3508731679773336,0.36284175107220706,0.009350040438999542,0
DLinear_ETTm1_h96_revin_s2021_shuf,ETTm1,DLinear,revin,96,2021,shuffled,test,11425,index_order,0.996340944671202,106.53553107282977,0.0,0.009353015558762548,1
DLinear_ETTm1_h96_revin_s2021_shuf,ETTm1,DLinear,revin,96,2021,shuffled,test,11425,full_permutation,-0.01955861152004018,-2.0817966551753178,0.9813194762927941,0.009353015558762548,0
DLinear_ETTm1_h96_revin_s2022_det,ETTm1,DLinear,revin,96,2022,deterministic,val,11425,index_order,0.9982262913176798,106.77107874269547,0.0,0.009350039711947587,1
DLinear_ETTm1_h96_revin_s2022_det,ETTm1,DLinear,revin,96,2022,deterministic,val,11425,full_permutation,0.0009089187990479301,0.10657214768620205,0.45756420782103313,0.009350039711947587,0
DLinear_ETTm1_h96_revin_s2022_det,ETTm1,DLinear,revin,96,2022,deterministic,test,11425,index_order,0.9964002205672977,106.54192409831697,0.0,0.00935301069522401,1
DLinear_ETTm1_h96_revin_s2022_det,ETTm1,DLinear,revin,96,2022,deterministic,test,11425,full_permutation,0.0030257997427251683,0.33286979542539746,0.3696162851226077,0.00935301069522401,0
DLinear_ETTm1_h96_revin_s2022_shuf,ETTm1,DLinear,revin,96,2022,shuffled,val,11425,index_order,0.998080247493612,106.75465502016291,0.0,0.009350110141043425,1
DLinear_ETTm1_h96_revin_s2022_shuf,ETTm1,DLinear,revin,96,2022,shuffled,val,11425,full_permutation,-0.005917000431831059,-0.623464892914611,0.7335104671787209,0.009350110141043423,0
DLinear_ETTm1_h96_revin_s2022_shuf,ETTm1,DLinear,revin,96,2022,shuffled,val,11425,observed_loader_order,-0.008649606110889637,-0.9157187421033472,0.8200927838632834,0.009350110141043423,0
DLinear_ETTm1_h96_revin_s2022_shuf,ETTm1,DLinear,revin,96,2022,shuffled,test,11425,index_order,0.9961549615560013,106.51562090139942,0.0,0.009353017784050847,1
DLinear_ETTm1_h96_revin_s2022_shuf,ETTm1,DLinear,revin,96,2022,shuffled,test,11425,full_permutation,-0.0015122496981333858,-0.15232673742556826,0.5605353812141017,0.009353017784050847,0
DLinear_ETTm1_h96_revin_s2023_det,ETTm1,DLinear,revin,96,2023,deterministic,val,11425,index_order,0.9980048848912174,106.7468907414243,0.0,0.009350084231707766,1
DLinear_ETTm1_h96_revin_s2023_det,ETTm1,DLinear,revin,96,2023,deterministic,val,11425,full_permutation,0.0038709087443268655,0.42335915487356734,0.3360166203945609,0.009350084231707766,0
DLinear_ETTm1_h96_revin_s2023_det,ETTm1,DLinear,revin,96,2023,deterministic,test,11425,index_order,0.9960234463957283,106.50162619741977,0.0,0.009353011939585452,1
DLinear_ETTm1_h96_revin_s2023_det,ETTm1,DLinear,revin,96,2023,deterministic,test,11425,full_permutation,0.006644307724107836,0.7197513251984375,0.23583905948339368,0.009353011939585452,0
DLinear_ETTm1_h96_revin_s2023_shuf,ETTm1,DLinear,revin,96,2023,shuffled,val,11425,index_order,0.9980357444343038,106.7502686503851,0.0,0.009350077447741474,1
DLinear_ETTm1_h96_revin_s2023_shuf,ETTm1,DLinear,revin,96,2023,shuffled,val,11425,full_permutation,0.005040174563826063,0.5484135940574771,0.29170397214594096,0.009350077447741474,0
DLinear_ETTm1_h96_revin_s2023_shuf,ETTm1,DLinear,revin,96,2023,shuffled,val,11425,observed_loader_order,-0.01088951570568004,-1.1552824831716952,0.8760126166006543,0.009350077447741474,0
DLinear_ETTm1_h96_revin_s2023_shuf,ETTm1,DLinear,revin,96,2023,shuffled,test,11425,index_order,0.9960748639622419,106.50712409955496,0.0,0.009353011898482103,1
DLinear_ETTm1_h96_revin_s2023_shuf,ETTm1,DLinear,revin,96,2023,shuffled,test,11425,full_permutation,-0.004124596441618343,-0.4316322347743313,0.6669956368407467,0.009353011898482103,0
DLinear_ETTm1_h96_san_lite_s2021_det,ETTm1,DLinear,san_lite,96,2021,deterministic,val,11425,index_order,0.9972372327628272,106.66449208809222,0.0,0.009350110315559941,1
DLinear_ETTm1_h96_san_lite_s2021_det,ETTm1,DLinear,san_lite,96,2021,deterministic,val,11425,full_permutation,0.002615420450007687,0.2890827351539563,0.38625903259134514,0.009350110315559941,0
DLinear_ETTm1_h96_san_lite_s2021_det,ETTm1,DLinear,san_lite,96,2021,deterministic,test,11425,index_order,0.9934635623984862,106.2168523660949,0.0,0.009353987387877441,1
DLinear_ETTm1_h96_san_lite_s2021_det,ETTm1,DLinear,san_lite,96,2021,deterministic,test,11425,full_permutation,0.008564135130774583,0.9249178757705571,0.17750431372383685,0.009353987387877441,0
DLinear_ETTm1_h96_san_lite_s2021_shuf,ETTm1,DLinear,san_lite,96,2021,shuffled,val,11425,index_order,0.9972434676340736,106.66512375775646,0.0,0.009350113397075165,1
DLinear_ETTm1_h96_san_lite_s2021_shuf,ETTm1,DLinear,san_lite,96,2021,shuffled,val,11425,full_permutation,0.012457202328248153,1.3416668664337172,0.08985201740490217,0.009350113397075165,0
DLinear_ETTm1_h96_san_lite_s2021_shuf,ETTm1,DLinear,san_lite,96,2021,shuffled,val,11425,observed_loader_order,0.006908885659559835,0.7482712108875607,0.22714829288214033,0.009350113397075165,0
DLinear_ETTm1_h96_san_lite_s2021_shuf,ETTm1,DLinear,san_lite,96,2021,shuffled,test,11425,index_order,0.9934811459526429,106.21872432926838,0.0,0.00935398807734384,1
DLinear_ETTm1_h96_san_lite_s2021_shuf,ETTm1,DLinear,san_lite,96,2021,shuffled,test,11425,full_permutation,0.008139607800756798,0.8795331730953606,0.18955612733782273,0.00935398807734384,0
DLinear_ETTm1_h96_san_lite_s2022_det,ETTm1,DLinear,san_lite,96,2022,deterministic,val,11425,index_order,0.9972240387055493,106.66310369443335,0.0,0.009350108324023988,1
DLinear_ETTm1_h96_san_lite_s2022_det,ETTm1,DLinear,san_lite,96,2022,deterministic,val,11425,full_permutation,-0.01271447971086955,-1.35045972295535,0.9115657175820032,0.009350108324023988,0
DLinear_ETTm1_h96_san_lite_s2022_det,ETTm1,DLinear,san_lite,96,2022,deterministic,test,11425,index_order,0.9934528745795693,106.21570892892323,0.0,0.009353987462046938,1
DLinear_ETTm1_h96_san_lite_s2022_det,ETTm1,DLinear,san_lite,96,2022,deterministic,test,11425,full_permutation,-0.004467983124516197,-0.46829741094735433,0.6802140401693685,0.009353987462046938,0
DLinear_ETTm1_h96_san_lite_s2022_shuf,ETTm1,DLinear,san_lite,96,2022,shuffled,val,11425,index_order,0.9972365146354946,106.66437703485155,0.0,0.009350113668442784,1
DLinear_ETTm1_h96_san_lite_s2022_shuf,ETTm1,DLinear,san_lite,96,2022,shuffled,val,11425,full_permutation,0.002962481363957761,0.3262009945673023,0.37213614447917254,0.009350113668442784,0
DLinear_ETTm1_h96_san_lite_s2022_shuf,ETTm1,DLinear,san_lite,96,2022,shuffled,val,11425,observed_loader_order,0.008746361181438053,0.944790246268193,0.17238298621414272,0.009350113668442784,0
DLinear_ETTm1_h96_san_lite_s2022_shuf,ETTm1,DLinear,san_lite,96,2022,shuffled,test,11425,index_order,0.9934687656001998,106.21740582297683,0.0,0.00935398763428734,1
DLinear_ETTm1_h96_san_lite_s2022_shuf,ETTm1,DLinear,san_lite,96,2022,shuffled,test,11425,full_permutation,0.016798575429094444,1.8052312129645616,0.03551925426871744,0.00935398763428734,1
DLinear_ETTm1_h96_san_lite_s2023_det,ETTm1,DLinear,san_lite,96,2023,deterministic,val,11425,index_order,0.9972379488223214,106.66455906616395,0.0,0.009350111157518467,1
DLinear_ETTm1_h96_san_lite_s2023_det,ETTm1,DLinear,san_lite,96,2023,deterministic,val,11425,full_permutation,-0.0011762526514963337,-0.1164390047507926,0.5463476878528374,0.009350111157518467,0
DLinear_ETTm1_h96_san_lite_s2023_det,ETTm1,DLinear,san_lite,96,2023,deterministic,test,11425,index_order,0.9934638510104682,106.21688088628326,0.0,0.009353987593442692,1
DLinear_ETTm1_h96_san_lite_s2023_det,ETTm1,DLinear,san_lite,96,2023,deterministic,test,11425,full_permutation,0.009190857409802562,0.9919184017640218,0.16061866584954887,0.009353987593442692,0
DLinear_ETTm1_h96_san_lite_s2023_shuf,ETTm1,DLinear,san_lite,96,2023,shuffled,val,11425,index_order,0.997239029147018,106.66470841801807,0.0,0.009350108193728984,1
DLinear_ETTm1_h96_san_lite_s2023_shuf,ETTm1,DLinear,san_lite,96,2023,shuffled,val,11425,full_permutation,0.014922858992859264,1.6053711567671674,0.054206074029244114,0.009350108193728982,0
DLinear_ETTm1_h96_san_lite_s2023_shuf,ETTm1,DLinear,san_lite,96,2023,shuffled,val,11425,observed_loader_order,-0.028187902410381556,-3.0053521108154206,0.998673632189358,0.009350108193728982,0
DLinear_ETTm1_h96_san_lite_s2023_shuf,ETTm1,DLinear,san_lite,96,2023,shuffled,test,11425,index_order,0.9934663330548174,106.21714897032369,0.0,0.009353987352328716,1
DLinear_ETTm1_h96_san_lite_s2023_shuf,ETTm1,DLinear,san_lite,96,2023,shuffled,test,11425,full_permutation,0.01508558063476681,1.6221013646116378,0.0523908230230862,0.009353987352328716,0
DLinear_ETTm2_h192_fredf_s2021_det,ETTm2,DLinear,fredf,192,2021,deterministic,val,11329,index_order,0.9988713588740235,106.370424307333,0.0,0.0093913288605855,1
DLinear_ETTm2_h192_fredf_s2021_det,ETTm2,DLinear,fredf,192,2021,deterministic,val,11329,full_permutation,0.005772175646778482,0.6240280337250703,0.2663045872934181,0.0093913288605855,0
DLinear_ETTm2_h192_fredf_s2021_det,ETTm2,DLinear,fredf,192,2021,deterministic,test,11329,index_order,0.9995005135944734,106.42396512315756,0.0,0.009392515955159839,1
DLinear_ETTm2_h192_fredf_s2021_det,ETTm2,DLinear,fredf,192,2021,deterministic,test,11329,full_permutation,0.006044564167637668,0.6529497562819411,0.2568943351710234,0.009392515955159839,0
DLinear_ETTm2_h192_none_s2021_det,ETTm2,DLinear,none,192,2021,deterministic,val,11329,index_order,0.997552769093288,106.24273402894596,0.0,0.009390204940110424,1
DLinear_ETTm2_h192_none_s2021_det,ETTm2,DLinear,none,192,2021,deterministic,val,11329,full_permutation,-0.0034129428934984193,-0.35405681543103046,0.6383518476133987,0.009390204940110424,0
DLinear_ETTm2_h192_none_s2021_det,ETTm2,DLinear,none,192,2021,deterministic,test,11329,index_order,0.9990143898478221,106.38493880843937,0.0,0.009391392032315789,1
DLinear_ETTm2_h192_none_s2021_det,ETTm2,DLinear,none,192,2021,deterministic,test,11329,full_permutation,-0.013881680146445955,-1.4687283059662135,0.9290467516493126,0.009391392032315789,0
DLinear_ETTm2_h192_revin_s2021_det,ETTm2,DLinear,revin,192,2021,deterministic,val,11329,index_order,0.9956565788616009,106.02450118005834,0.0,0.009391648577593536,1
DLinear_ETTm2_h192_revin_s2021_det,ETTm2,DLinear,revin,192,2021,deterministic,val,11329,full_permutation,0.0010953461590530586,0.12602931055524394,0.44985436154275366,0.009391648577593536,0
DLinear_ETTm2_h192_revin_s2021_det,ETTm2,DLinear,revin,192,2021,deterministic,test,11329,index_order,0.9984534601130213,106.31706414230638,0.0,0.009392111652110917,1
DLinear_ETTm2_h192_revin_s2021_det,ETTm2,DLinear,revin,192,2021,deterministic,test,11329,full_permutation,-0.001957214226304992,-0.1989901163203004,0.5788647619877644,0.009392111652110917,0
DLinear_ETTm2_h192_san_lite_s2021_det,ETTm2,DLinear,san_lite,192,2021,deterministic,val,11329,index_order,0.9934908615503592,105.78861204457006,0.0,0.009392118104053677,1
DLinear_ETTm2_h192_san_lite_s2021_det,ETTm2,DLinear,san_lite,192,2021,deterministic,val,11329,full_permutation,0.0053611772343449635,0.5802156670230914,0.2808845948522789,0.009392118104053677,0
DLinear_ETTm2_h192_san_lite_s2021_det,ETTm2,DLinear,san_lite,192,2021,deterministic,test,11329,index_order,0.9980955849964053,106.27708962619266,0.0,0.009392276974684435,1
DLinear_ETTm2_h192_san_lite_s2021_det,ETTm2,DLinear,san_lite,192,2021,deterministic,test,11329,full_permutation,-0.00976913674462676,-1.0307255561736488,0.8486652315992058,0.009392276974684435,0
DLinear_ETTm2_h336_fredf_s2021_det,ETTm2,DLinear,fredf,336,2021,deterministic,val,11185,index_order,0.99952262617226,105.74803467542978,0.0,0.009452771795600086,1
DLinear_ETTm2_h336_fredf_s2021_det,ETTm2,DLinear,fredf,336,2021,deterministic,val,11185,full_permutation,0.008320135135999168,0.889638379686268,0.18683004554232213,0.009452771795600086,0
DLinear_ETTm2_h336_fredf_s2021_det,ETTm2,DLinear,fredf,336,2021,deterministic,test,11185,index_order,0.9997716690764504,105.77253826944138,0.0,0.00945293645102116,1
DLinear_ETTm2_h336_fredf_s2021_det,ETTm2,DLinear,fredf,336,2021,deterministic,test,11185,full_permutation,-0.02355417901468538,-2.4822726449587034,0.9934726327019932,0.00945293645102116,0
DLinear_ETTm2_h336_fredf_s2021_shuf,ETTm2,DLinear,fredf,336,2021,shuffled,val,11185,index_order,0.9994854102469843,105.74443639683359,0.0,0.009452741512977586,1
DLinear_ETTm2_h336_fredf_s2021_shuf,ETTm2,DLinear,fredf,336,2021,shuffled,val,11185,full_permutation,-0.014156327280170935,-1.4881305929159327,0.9316417715614169,0.009452741512977586,0
DLinear_ETTm2_h336_fredf_s2021_shuf,ETTm2,DLinear,fredf,336,2021,shuffled,val,11185,observed_loader_order,-0.0028695762334562,-0.2941117962293576,0.6156637613799746,0.009452741512977586,0
DLinear_ETTm2_h336_fredf_s2021_shuf,ETTm2,DLinear,fredf,336,2021,shuffled,test,11185,index_order,0.9997548398909155,105.77176449908457,0.0,0.009452846495222754,1
DLinear_ETTm2_h336_fredf_s2021_shuf,ETTm2,DLinear,fredf,336,2021,shuffled,test,11185,full_permutation,0.009547707096573129,1.019494027457872,0.1539842435904643,0.009452846495222754,0
DLinear_ETTm2_h336_fredf_s2022_det,ETTm2,DLinear,fredf,336,2022,deterministic,val,11185,index_order,0.9995549791485072,105.75139601854949,0.0,0.009452777270391264,1
DLinear_ETTm2_h336_fredf_s2022_det,ETTm2,DLinear,fredf,336,2022,deterministic,val,11185,full_permutation,0.008413215779597208,0.8994847740687134,0.18419725115176377,0.009452777270391264,0
DLinear_ETTm2_h336_fredf_s2022_det,ETTm2,DLinear,fredf,336,2022,deterministic,test,11185,index_order,0.9997854395602398,105.77370665200745,0.0,0.009452962221486507,1
DLinear_ETTm2_h336_fredf_s2022_det,ETTm2,DLinear,fredf,336,2022,deterministic,test,11185,full_permutation,-0.009381611135063942,-0.9829932109704517,0.8371946099958775,0.009452962221486507,0
DLinear_ETTm2_h336_fredf_s2022_shuf,ETTm2,DLinear,fredf,336,2022,shuffled,val,11185,index_order,0.9995572018375348,105.75185130033596,0.0,0.009452757592359442,1
DLinear_ETTm2_h336_fredf_s2022_shuf,ETTm2,DLinear,fredf,336,2022,shuffled,val,11185,full_permutation,0.00777553224450949,0.8320265928165961,0.20269696717815744,0.009452757592359442,0
DLinear_ETTm2_h336_fredf_s2022_shuf,ETTm2,DLinear,fredf,336,2022,shuffled,val,11185,observed_loader_order,-0.015198407668415697,-1.5983689492731286,0.9450195545987917,0.009452757592359442,0
DLinear_ETTm2_h336_fredf_s2022_shuf,ETTm2,DLinear,fredf,336,2022,shuffled,test,11185,index_order,0.9997858114250263,105.77442681020287,0.0,0.009452901377257685,1
DLinear_ETTm2_h336_fredf_s2022_shuf,ETTm2,DLinear,fredf,336,2022,shuffled,test,11185,full_permutation,-0.004144967140466634,-0.42902739918996347,0.6660483573356913,0.009452901377257685,0
DLinear_ETTm2_h336_fredf_s2023_det,ETTm2,DLinear,fredf,336,2023,deterministic,val,11185,index_order,0.9995549737252916,105.75166722454402,0.0,0.00945275297693903,1
DLinear_ETTm2_h336_fredf_s2023_det,ETTm2,DLinear,fredf,336,2023,deterministic,val,11185,full_permutation,0.0016387497897463416,0.18282115715336275,0.42746917369004056,0.00945275297693903,0
DLinear_ETTm2_h336_fredf_s2023_det,ETTm2,DLinear,fredf,336,2023,deterministic,test,11185,index_order,0.9997852649390578,105.77447958911256,0.0,0.00945289149396825,1
DLinear_ETTm2_h336_fredf_s2023_det,ETTm2,DLinear,fredf,336,2023,deterministic,test,11185,full_permutation,-0.0163778022247004,-1.7231117893727261,0.9575658443693726,0.00945289149396825,0
DLinear_ETTm2_h336_fredf_s2023_shuf,ETTm2,DLinear,fredf,336,2023,shuffled,val,11185,index_order,0.9995549064302901,105.75153028542077,0.0,0.009452764581089818,1
DLinear_ETTm2_h336_fredf_s2023_shuf,ETTm2,DLinear,fredf,336,2023,shuffled,val,11185,full_permutation,-0.010297900777382681,-1.079947272782201,0.859917169677441,0.009452764581089818,0
DLinear_ETTm2_h336_fredf_s2023_shuf,ETTm2,DLinear,fredf,336,2023,shuffled,val,11185,observed_loader_order,0.022139141704500598,2.351540119464225,0.009347936678841326,0.009452764581089818,1
DLinear_ETTm2_h336_fredf_s2023_shuf,ETTm2,DLinear,fredf,336,2023,shuffled,test,11185,index_order,0.9997854116693125,105.77416018612195,0.0,0.00945292142577827,1
DLinear_ETTm2_h336_fredf_s2023_shuf,ETTm2,DLinear,fredf,336,2023,shuffled,test,11185,full_permutation,-0.01690236763364139,-1.7785987451466216,0.9623472150054934,0.00945292142577827,0
DLinear_ETTm2_h336_none_s2021_det,ETTm2,DLinear,none,336,2021,deterministic,val,11185,index_order,0.9983939376010743,105.63349585106435,0.0,0.009452336524549436,1
DLinear_ETTm2_h336_none_s2021_det,ETTm2,DLinear,none,336,2021,deterministic,val,11185,full_permutation,-0.001434917047344469,-0.14234613802284812,0.5565966976670722,0.009452336524549436,0
DLinear_ETTm2_h336_none_s2021_det,ETTm2,DLinear,none,336,2021,deterministic,test,11185,index_order,0.9992938078247374,105.73233727084633,0.0,0.009452011059894358,1
DLinear_ETTm2_h336_none_s2021_det,ETTm2,DLinear,none,336,2021,deterministic,test,11185,full_permutation,0.017522405380111242,1.8632880046683558,0.03121087844483374,0.009452011059894358,1
DLinear_ETTm2_h336_none_s2021_shuf,ETTm2,DLinear,none,336,2021,shuffled,val,11185,index_order,0.998835953632925,105.68089338025332,0.0,0.009452279736947783,1
DLinear_ETTm2_h336_none_s2021_shuf,ETTm2,DLinear,none,336,2021,shuffled,val,11185,full_permutation,-0.0045862239758373505,-0.47573819789498323,0.6828695479365623,0.009452279736947783,0
DLinear_ETTm2_h336_none_s2021_shuf,ETTm2,DLinear,none,336,2021,shuffled,val,11185,observed_loader_order,0.0041626615987245775,0.4498465095024952,0.3264105596616782,0.009452279736947783,0
DLinear_ETTm2_h336_none_s2021_shuf,ETTm2,DLinear,none,336,2021,shuffled,test,11185,index_order,0.9994666645827538,105.75200498788622,0.0,0.009451887726809854,1
DLinear_ETTm2_h336_none_s2021_shuf,ETTm2,DLinear,none,336,2021,shuffled,test,11185,full_permutation,0.0008432388893836833,0.09867365801656777,0.4606986923148916,0.009451887726809854,0
DLinear_ETTm2_h336_none_s2022_det,ETTm2,DLinear,none,336,2022,deterministic,val,11185,index_order,0.9985753516267124,105.65267233954779,0.0,0.009452337957576449,1
DLinear_ETTm2_h336_none_s2022_det,ETTm2,DLinear,none,336,2022,deterministic,val,11185,full_permutation,0.010435576524341678,1.1134800743860411,0.13275115067366666,0.009452337957576449,0
DLinear_ETTm2_h336_none_s2022_det,ETTm2,DLinear,none,336,2022,deterministic,test,11185,index_order,0.999366826259949,105.74011885266736,0.0,0.00945200601770006,1
DLinear_ETTm2_h336_none_s2022_det,ETTm2,DLinear,none,336,2022,deterministic,test,11185,full_permutation,0.0033488113329447145,0.36375609307577206,0.35802007615675835,0.00945200601770006,0
DLinear_ETTm2_h336_none_s2022_shuf,ETTm2,DLinear,none,336,2022,shuffled,val,11185,index_order,0.9994213000933081,105.74206153711012,0.0,0.009452347523887766,1
DLinear_ETTm2_h336_none_s2022_shuf,ETTm2,DLinear,none,336,2022,shuffled,val,11185,full_permutation,0.017798085494583678,1.8923869332101182,0.0292197228636118,0.009452347523887766,1
DLinear_ETTm2_h336_none_s2022_shuf,ETTm2,DLinear,none,336,2022,shuffled,val,11185,observed_loader_order,0.013592702795966383,1.4474834118373012,0.07388078953754053,0.009452347523887766,0
DLinear_ETTm2_h336_none_s2022_shuf,ETTm2,DLinear,none,336,2022,shuffled,test,11185,index_order,0.9997146267613827,105.77669059418216,0.0,0.00945202609944535,1
DLinear_ETTm2_h336_none_s2022_shuf,ETTm2,DLinear,none,336,2022,shuffled,test,11185,full_permutation,0.006181521739146318,0.6634487802881591,0.2535215865504946,0.00945202609944535,0
DLinear_ETTm2_h336_none_s2023_det,ETTm2,DLinear,none,336,2023,deterministic,val,11185,index_order,0.9985534533866545,105.65068132502277,0.0,0.009452308819118935,1
DLinear_ETTm2_h336_none_s2023_det,ETTm2,DLinear,none,336,2023,deterministic,val,11185,full_permutation,0.0013889147384853568,0.1563986338742687,0.4378594069676023,0.009452308819118935,0
DLinear_ETTm2_h336_none_s2023_det,ETTm2,DLinear,none,336,2023,deterministic,test,11185,index_order,0.9993550224981559,105.7395324934798,0.0,0.009451946801519735,1
DLinear_ETTm2_h336_none_s2023_det,ETTm2,DLinear,none,336,2023,deterministic,test,11185,full_permutation,-0.011295459506684228,-1.185580737409558,0.8821060434944871,0.009451946801519735,0
DLinear_ETTm2_h336_none_s2023_shuf,ETTm2,DLinear,none,336,2023,shuffled,val,11185,index_order,0.9985684388474544,105.65246399791035,0.0,0.009452291167719373,1
DLinear_ETTm2_h336_none_s2023_shuf,ETTm2,DLinear,none,336,2023,shuffled,val,11185,full_permutation,0.006799139174304656,0.7287706757925927,0.23307097601489124,0.009452291167719373,0
DLinear_ETTm2_h336_none_s2023_shuf,ETTm2,DLinear,none,336,2023,shuffled,val,11185,observed_loader_order,0.021122543799698048,2.2441074731089317,0.012412743629005532,0.009452291167719373,1
DLinear_ETTm2_h336_none_s2023_shuf,ETTm2,DLinear,none,336,2023,shuffled,test,11185,index_order,0.9993572808804432,105.74036860140366,0.0,0.009451893421099334,1
DLinear_ETTm2_h336_none_s2023_shuf,ETTm2,DLinear,none,336,2023,shuffled,test,11185,full_permutation,0.012026055241656678,1.2818033540659726,0.09995581866356595,0.009451893421099334,0
DLinear_ETTm2_h336_revin_s2021_det,ETTm2,DLinear,revin,336,2021,deterministic,val,11185,index_order,0.9981972236495432,105.60529975596687,0.0,0.009452997523838012,1
DLinear_ETTm2_h336_revin_s2021_det,ETTm2,DLinear,revin,336,2021,deterministic,val,11185,full_permutation,0.011420411399153613,1.2175846674995272,0.1116909219300099,0.009452997523838012,0
DLinear_ETTm2_h336_revin_s2021_det,ETTm2,DLinear,revin,336,2021,deterministic,test,11185,index_order,0.999256655860676,105.71494795504351,0.0,0.009453214409502825,1
DLinear_ETTm2_h336_revin_s2021_det,ETTm2,DLinear,revin,336,2021,deterministic,test,11185,full_permutation,0.008362981568613218,0.894129197778378,0.1856263844326274,0.009453214409502825,0
DLinear_ETTm2_h336_revin_s2021_shuf,ETTm2,DLinear,revin,336,2021,shuffled,val,11185,index_order,0.997793551286942,105.56281297439118,0.0,0.009452978152228704,1
DLinear_ETTm2_h336_revin_s2021_shuf,ETTm2,DLinear,revin,336,2021,shuffled,val,11185,full_permutation,-0.0016190723523456976,-0.16181767057215798,0.5642752813325482,0.009452978152228704,0
DLinear_ETTm2_h336_revin_s2021_shuf,ETTm2,DLinear,revin,336,2021,shuffled,val,11185,observed_loader_order,-4.2104798962827906e-05,0.005004629023559601,0.49800345021914943,0.009452978152228704,0
DLinear_ETTm2_h336_revin_s2021_shuf,ETTm2,DLinear,revin,336,2021,shuffled,test,11185,index_order,0.999108325193447,105.69939034370498,0.0,0.009453202477252867,1
DLinear_ETTm2_h336_revin_s2021_shuf,ETTm2,DLinear,revin,336,2021,shuffled,test,11185,full_permutation,-0.008977243014458803,-0.9401924467462682,0.8264405722631182,0.009453202477252867,0
DLinear_ETTm2_h336_revin_s2022_det,ETTm2,DLinear,revin,336,2022,deterministic,val,11185,index_order,0.9982071871894964,105.60654680470361,0.0,0.009452980244524158,1
DLinear_ETTm2_h336_revin_s2022_det,ETTm2,DLinear,revin,336,2022,deterministic,val,11185,full_permutation,-0.011928541570216356,-1.2524228144126164,0.8947920813164554,0.009452980244524158,0
DLinear_ETTm2_h336_revin_s2022_det,ETTm2,DLinear,revin,336,2022,deterministic,test,11185,index_order,0.999258659722006,105.71515777216919,0.0,0.009453214602616609,1
DLinear_ETTm2_h336_revin_s2022_det,ETTm2,DLinear,revin,336,2022,deterministic,test,11185,full_permutation,0.007209475875975072,0.772106593426676,0.22002564870960578,0.009453214602616609,0
DLinear_ETTm2_h336_revin_s2022_shuf,ETTm2,DLinear,revin,336,2022,shuffled,val,11185,index_order,0.9981186622042042,105.59746984484593,0.0,0.009452954480051947,1
DLinear_ETTm2_h336_revin_s2022_shuf,ETTm2,DLinear,revin,336,2022,shuffled,val,11185,full_permutation,0.001731690331845271,0.19264916418150466,0.4236168693136412,0.009452954480051947,0
DLinear_ETTm2_h336_revin_s2022_shuf,ETTm2,DLinear,revin,336,2022,shuffled,val,11185,observed_loader_order,0.00727197906159363,0.7787398664523901,0.21806648345021523,0.009452954480051947,0
DLinear_ETTm2_h336_revin_s2022_shuf,ETTm2,DLinear,revin,336,2022,shuffled,test,11185,index_order,0.9992254319853402,105.71190679772467,0.0,0.009453190995270477,1
DLinear_ETTm2_h336_revin_s2022_shuf,ETTm2,DLinear,revin,336,2022,shuffled,test,11185,full_permutation,-0.009892288408858259,-1.0369911034253074,0.8501299983151747,0.009453190995270477,0
DLinear_ETTm2_h336_revin_s2023_det,ETTm2,DLinear,revin,336,2023,deterministic,val,11185,index_order,0.9981401659090108,105.59958556699766,0.0,0.00945296872139206,1
DLinear_ETTm2_h336_revin_s2023_det,ETTm2,DLinear,revin,336,2023,deterministic,val,11185,full_permutation,0.02749624481065114,2.9182005221288176,0.0017602893584095533,0.009452968721392058,1
DLinear_ETTm2_h336_revin_s2023_det,ETTm2,DLinear,revin,336,2023,deterministic,test,11185,index_order,0.9992366267680026,105.71292453958333,0.0,0.009453205883464096,1
DLinear_ETTm2_h336_revin_s2023_det,ETTm2,DLinear,revin,336,2023,deterministic,test,11185,full_permutation,-0.011794815446596225,-1.2382468067567647,0.8921877196125199,0.009453205883464096,0
DLinear_ETTm2_h336_revin_s2023_shuf,ETTm2,DLinear,revin,336,2023,shuffled,val,11185,index_order,0.9981301737668568,105.59853061863153,0.0,0.00945296853437955,1
DLinear_ETTm2_h336_revin_s2023_shuf,ETTm2,DLinear,revin,336,2023,shuffled,val,11185,full_permutation,-0.009187931987252537,-0.9625038427219492,0.8321017130787425,0.00945296853437955,0
DLinear_ETTm2_h336_revin_s2023_shuf,ETTm2,DLinear,revin,336,2023,shuffled,val,11185,observed_loader_order,-0.005731206249081514,-0.5968276294140092,0.7246887653929693,0.00945296853437955,0
DLinear_ETTm2_h336_revin_s2023_shuf,ETTm2,DLinear,revin,336,2023,shuffled,test,11185,index_order,0.9992330242771512,105.71277783123641,0.0,0.009453184924534735,1
DLinear_ETTm2_h336_revin_s2023_shuf,ETTm2,DLinear,revin,336,2023,shuffled,test,11185,full_permutation,-0.0075589756772818225,-0.7901635574813334,0.7852838721534965,0.009453184924534735,0
DLinear_ETTm2_h336_san_lite_s2021_det,ETTm2,DLinear,san_lite,336,2021,deterministic,val,11185,index_order,0.9959865069387429,105.3714476903774,0.0,0.009452996444666746,1
DLinear_ETTm2_h336_san_lite_s2021_det,ETTm2,DLinear,san_lite,336,2021,deterministic,val,11185,full_permutation,0.014132281709037,1.504464244757358,0.06623093653222634,0.009452996444666746,0
DLinear_ETTm2_h336_san_lite_s2021_det,ETTm2,DLinear,san_lite,336,2021,deterministic,test,11185,index_order,0.9986459835976558,105.64929253177705,0.0,0.009453308896934071,1
DLinear_ETTm2_h336_san_lite_s2021_det,ETTm2,DLinear,san_lite,336,2021,deterministic,test,11185,full_permutation,-0.006380531802699238,-0.6654937888422379,0.7471326425370359,0.009453308896934071,0
DLinear_ETTm2_h336_san_lite_s2021_shuf,ETTm2,DLinear,san_lite,336,2021,shuffled,val,11185,index_order,0.9959978849106955,105.37265460515978,0.0,0.00945299615057532,1
DLinear_ETTm2_h336_san_lite_s2021_shuf,ETTm2,DLinear,san_lite,336,2021,shuffled,val,11185,full_permutation,0.008658377895294807,0.925398805176172,0.17737925005211447,0.00945299615057532,0
DLinear_ETTm2_h336_san_lite_s2021_shuf,ETTm2,DLinear,san_lite,336,2021,shuffled,val,11185,observed_loader_order,0.003972177835324576,0.42966179382818537,0.33372083972256805,0.00945299615057532,0
DLinear_ETTm2_h336_san_lite_s2021_shuf,ETTm2,DLinear,san_lite,336,2021,shuffled,test,11185,index_order,0.998648883407233,105.64958978124396,0.0,0.009453309747089262,1
DLinear_ETTm2_h336_san_lite_s2021_shuf,ETTm2,DLinear,san_lite,336,2021,shuffled,test,11185,full_permutation,-0.008663683657470781,-0.9070125108646006,0.8177999093352819,0.009453309747089262,0
DLinear_ETTm2_h336_san_lite_s2022_det,ETTm2,DLinear,san_lite,336,2022,deterministic,val,11185,index_order,0.9959973548522539,105.37260781028337,0.0,0.00945299531822755,1
DLinear_ETTm2_h336_san_lite_s2022_det,ETTm2,DLinear,san_lite,336,2022,deterministic,val,11185,full_permutation,-0.01240525585874583,-1.3028507892324355,0.9036871463456949,0.00945299531822755,0
DLinear_ETTm2_h336_san_lite_s2022_det,ETTm2,DLinear,san_lite,336,2022,deterministic,test,11185,index_order,0.9986502712095281,105.64974137355401,0.0,0.00945330931881782,1
DLinear_ETTm2_h336_san_lite_s2022_det,ETTm2,DLinear,san_lite,336,2022,deterministic,test,11185,full_permutation,-0.0013331877440180646,-0.13157025273251693,0.5523378920911498,0.00945330931881782,0
DLinear_ETTm2_h336_san_lite_s2022_shuf,ETTm2,DLinear,san_lite,336,2022,shuffled,val,11185,index_order,0.9959617564154245,105.3688208215068,0.0,0.009452997215851003,1
DLinear_ETTm2_h336_san_lite_s2022_shuf,ETTm2,DLinear,san_lite,336,2022,shuffled,val,11185,full_permutation,-0.005355880454331404,-0.5571213961343313,0.7112777550696533,0.009452997215851003,0
DLinear_ETTm2_h336_san_lite_s2022_shuf,ETTm2,DLinear,san_lite,336,2022,shuffled,val,11185,observed_loader_order,-0.00787384082315548,-0.8234877465445379,0.794884658742984,0.009452997215851003,0
DLinear_ETTm2_h336_san_lite_s2022_shuf,ETTm2,DLinear,san_lite,336,2022,shuffled,test,11185,index_order,0.9986372426494902,105.64835917564133,0.0,0.009453309676460577,1
DLinear_ETTm2_h336_san_lite_s2022_shuf,ETTm2,DLinear,san_lite,336,2022,shuffled,test,11185,full_permutation,-0.0022795089136577787,-0.23167499434919897,0.5916047726821015,0.009453309676460577,0
DLinear_ETTm2_h336_san_lite_s2023_det,ETTm2,DLinear,san_lite,336,2023,deterministic,val,11185,index_order,0.9960475959715512,105.37790802985378,0.0,0.009452996629399078,1
DLinear_ETTm2_h336_san_lite_s2023_det,ETTm2,DLinear,san_lite,336,2023,deterministic,val,11185,full_permutation,0.0028627956497444054,0.3123040463534601,0.37740473259658464,0.009452996629399078,0
DLinear_ETTm2_h336_san_lite_s2023_det,ETTm2,DLinear,san_lite,336,2023,deterministic,test,11185,index_order,0.99866620416243,105.65141758611408,0.0,0.009453310144145955,1
DLinear_ETTm2_h336_san_lite_s2023_det,ETTm2,DLinear,san_lite,336,2023,deterministic,test,11185,full_permutation,0.005325039434181203,0.5727573515946366,0.28340449971125115,0.009453310144145955,0
DLinear_ETTm2_h336_san_lite_s2023_shuf,ETTm2,DLinear,san_lite,336,2023,shuffled,val,11185,index_order,0.996056985335365,105.37888832972894,0.0,0.009452997792747829,1
DLinear_ETTm2_h336_san_lite_s2023_shuf,ETTm2,DLinear,san_lite,336,2023,shuffled,val,11185,full_permutation,0.007651289910399494,0.8188622834674276,0.20643249541010134,0.009452997792747829,0
DLinear_ETTm2_h336_san_lite_s2023_shuf,ETTm2,DLinear,san_lite,336,2023,shuffled,val,11185,observed_loader_order,-0.006587245288239547,-0.6873831966238289,0.7540793581702803,0.009452997792747829,0
DLinear_ETTm2_h336_san_lite_s2023_shuf,ETTm2,DLinear,san_lite,336,2023,shuffled,test,11185,index_order,0.9986692433465991,105.65174709775587,0.0,0.009453309426774222,1
DLinear_ETTm2_h336_san_lite_s2023_shuf,ETTm2,DLinear,san_lite,336,2023,shuffled,test,11185,full_permutation,0.009624267933220713,1.027542942103598,0.1520824378840866,0.009453309426774222,0
DLinear_ETTm2_h720_fredf_s2021_det,ETTm2,DLinear,fredf,720,2021,deterministic,val,10801,index_order,0.999868450183137,103.9564649137177,0.0,0.009619036618893132,1
DLinear_ETTm2_h720_fredf_s2021_det,ETTm2,DLinear,fredf,720,2021,deterministic,val,10801,full_permutation,-0.012151313941069566,-1.2536308807466188,0.8950118992547038,0.009619036618893132,0
DLinear_ETTm2_h720_fredf_s2021_det,ETTm2,DLinear,fredf,720,2021,deterministic,test,10801,index_order,0.9998910664197849,103.94201788189642,0.0,0.009620591166015305,1
DLinear_ETTm2_h720_fredf_s2021_det,ETTm2,DLinear,fredf,720,2021,deterministic,test,10801,full_permutation,0.013168736936712689,1.3784318760109948,0.08403499371293627,0.009620591166015305,0
DLinear_ETTm2_h720_none_s2021_det,ETTm2,DLinear,none,720,2021,deterministic,val,10801,index_order,0.9994182255729044,103.90735797054326,0.0,0.00961924966323221,1
DLinear_ETTm2_h720_none_s2021_det,ETTm2,DLinear,none,720,2021,deterministic,val,10801,full_permutation,-0.0030231082947358872,-0.30465117392104346,0.6196840798278921,0.00961924966323221,0
DLinear_ETTm2_h720_none_s2021_det,ETTm2,DLinear,none,720,2021,deterministic,test,10801,index_order,0.9996306523215956,103.91795324367625,0.0,0.009620313080743098,1
DLinear_ETTm2_h720_none_s2021_det,ETTm2,DLinear,none,720,2021,deterministic,test,10801,full_permutation,0.008622570559138735,0.905912632841066,0.18249104863527482,0.009620313080743098,0
DLinear_ETTm2_h720_revin_s2021_det,ETTm2,DLinear,revin,720,2021,deterministic,val,10801,index_order,0.9989427286562168,103.85382064441526,0.0,0.009619629928391398,1
DLinear_ETTm2_h720_revin_s2021_det,ETTm2,DLinear,revin,720,2021,deterministic,val,10801,full_permutation,0.005344320050367376,0.5651893766633841,0.28597248081555127,0.009619629928391398,0
DLinear_ETTm2_h720_revin_s2021_det,ETTm2,DLinear,revin,720,2021,deterministic,test,10801,index_order,0.9992444984853002,103.87619022497569,0.0,0.009620463447047128,1
DLinear_ETTm2_h720_revin_s2021_det,ETTm2,DLinear,revin,720,2021,deterministic,test,10801,full_permutation,-0.008745751510135165,-0.8994534374743187,0.8157944066588747,0.009620463447047128,0
DLinear_ETTm2_h720_san_lite_s2021_det,ETTm2,DLinear,san_lite,720,2021,deterministic,val,10801,index_order,0.9980687337571871,103.76235335774565,0.0,0.009619686659460957,1
DLinear_ETTm2_h720_san_lite_s2021_det,ETTm2,DLinear,san_lite,720,2021,deterministic,val,10801,full_permutation,0.0009398416010341884,0.10732513752008571,0.4572655214297844,0.009619686659460957,0
DLinear_ETTm2_h720_san_lite_s2021_det,ETTm2,DLinear,san_lite,720,2021,deterministic,test,10801,index_order,0.998858085445097,103.83818728042289,0.0,0.009620263066996227,1
DLinear_ETTm2_h720_san_lite_s2021_det,ETTm2,DLinear,san_lite,720,2021,deterministic,test,10801,full_permutation,-0.0026504852240864557,-0.2658859340623545,0.6048364708540102,0.009620263066996227,0
DLinear_ETTm2_h96_fredf_s2021_det,ETTm2,DLinear,fredf,96,2021,deterministic,val,11425,index_order,0.9972191496338438,106.6547667558021,0.0,0.009350793358643722,1
DLinear_ETTm2_h96_fredf_s2021_det,ETTm2,DLinear,fredf,96,2021,deterministic,val,11425,full_permutation,-0.006324984851590764,-0.6670503344851872,0.7476300086964618,0.009350793358643722,0
DLinear_ETTm2_h96_fredf_s2021_det,ETTm2,DLinear,fredf,96,2021,deterministic,test,11425,index_order,0.9988137602166225,106.81988570045374,0.0,0.009351267216590787,1
DLinear_ETTm2_h96_fredf_s2021_det,ETTm2,DLinear,fredf,96,2021,deterministic,test,11425,full_permutation,-0.012546650701575048,-1.3323451676650613,0.9086266043611524,0.009351267216590789,0
DLinear_ETTm2_h96_fredf_s2021_shuf,ETTm2,DLinear,fredf,96,2021,shuffled,val,11425,index_order,0.9972502807419952,106.65813811322603,0.0,0.009350789666863,1
DLinear_ETTm2_h96_fredf_s2021_shuf,ETTm2,DLinear,fredf,96,2021,shuffled,val,11425,full_permutation,0.00209040130939398,0.23291469501422715,0.40791382362856954,0.009350789666863,0
DLinear_ETTm2_h96_fredf_s2021_shuf,ETTm2,DLinear,fredf,96,2021,shuffled,val,11425,observed_loader_order,0.005351578222746779,0.5816742147486559,0.2803930715214748,0.009350789666863,0
DLinear_ETTm2_h96_fredf_s2021_shuf,ETTm2,DLinear,fredf,96,2021,shuffled,test,11425,index_order,0.9988247351385638,106.82110026545492,0.0,0.009351263633029716,1
DLinear_ETTm2_h96_fredf_s2021_shuf,ETTm2,DLinear,fredf,96,2021,shuffled,test,11425,full_permutation,0.008684225478627098,0.938029429696523,0.17411464309715574,0.009351263633029716,0
DLinear_ETTm2_h96_fredf_s2022_det,ETTm2,DLinear,fredf,96,2022,deterministic,val,11425,index_order,0.9971258507768525,106.64509277840793,0.0,0.009350766733007713,1
DLinear_ETTm2_h96_fredf_s2022_det,ETTm2,DLinear,fredf,96,2022,deterministic,val,11425,full_permutation,0.012091092932357486,1.3024202500286068,0.09638638194276666,0.009350766733007715,0
DLinear_ETTm2_h96_fredf_s2022_det,ETTm2,DLinear,fredf,96,2022,deterministic,test,11425,index_order,0.9987804427531105,106.81644711514464,0.0,0.009351256334994638,1
DLinear_ETTm2_h96_fredf_s2022_det,ETTm2,DLinear,fredf,96,2022,deterministic,test,11425,full_permutation,-0.0136563664407882,-1.4510169479586164,0.926612429504582,0.00935125633499464,0
DLinear_ETTm2_h96_fredf_s2022_shuf,ETTm2,DLinear,fredf,96,2022,shuffled,val,11425,index_order,0.9971608053938873,106.6486765023362,0.0,0.009350780273265254,1
DLinear_ETTm2_h96_fredf_s2022_shuf,ETTm2,DLinear,fredf,96,2022,shuffled,val,11425,full_permutation,-0.01171821064314321,-1.2438187284103752,0.89321685703299,0.009350780273265254,0
DLinear_ETTm2_h96_fredf_s2022_shuf,ETTm2,DLinear,fredf,96,2022,shuffled,val,11425,observed_loader_order,-0.00786654169257479,-0.8319098996273165,0.7972700982124551,0.009350780273265254,0
DLinear_ETTm2_h96_fredf_s2022_shuf,ETTm2,DLinear,fredf,96,2022,shuffled,test,11425,index_order,0.9987939148719878,106.81781310042344,0.0,0.009351262873608051,1
DLinear_ETTm2_h96_fredf_s2022_shuf,ETTm2,DLinear,fredf,96,2022,shuffled,test,11425,full_permutation,-0.018800492872971638,-2.001115583198861,0.9773100323112712,0.009351262873608051,0
DLinear_ETTm2_h96_fredf_s2023_det,ETTm2,DLinear,fredf,96,2023,deterministic,val,11425,index_order,0.9971991113454355,106.65284299200803,0.0,0.009350774141427924,1
DLinear_ETTm2_h96_fredf_s2023_det,ETTm2,DLinear,fredf,96,2023,deterministic,val,11425,full_permutation,-0.01123356789072573,-1.1919903858375147,0.8833674924694437,0.009350774141427924,0
DLinear_ETTm2_h96_fredf_s2023_det,ETTm2,DLinear,fredf,96,2023,deterministic,test,11425,index_order,0.9988069297106279,106.81916243876157,0.0,0.00935126658849521,1
DLinear_ETTm2_h96_fredf_s2023_det,ETTm2,DLinear,fredf,96,2023,deterministic,test,11425,full_permutation,0.0027406731447659166,0.30244118612242765,0.3811578809354914,0.00935126658849521,0
DLinear_ETTm2_h96_fredf_s2023_shuf,ETTm2,DLinear,fredf,96,2023,shuffled,val,11425,index_order,0.9971967497296873,106.65255324673015,0.0,0.009350777401799038,1
DLinear_ETTm2_h96_fredf_s2023_shuf,ETTm2,DLinear,fredf,96,2023,shuffled,val,11425,full_permutation,-0.004330665485633244,-0.45377301686288535,0.6750038966749292,0.009350777401799038,0
DLinear_ETTm2_h96_fredf_s2023_shuf,ETTm2,DLinear,fredf,96,2023,shuffled,val,11425,observed_loader_order,-0.018012809796092332,-1.9169823012403233,0.9723799099115187,0.009350777401799038,0
DLinear_ETTm2_h96_fredf_s2023_shuf,ETTm2,DLinear,fredf,96,2023,shuffled,test,11425,index_order,0.9988048467859346,106.81894579289028,0.0,0.009351266054775324,1
DLinear_ETTm2_h96_fredf_s2023_shuf,ETTm2,DLinear,fredf,96,2023,shuffled,test,11425,full_permutation,0.017212185258990882,1.8499869613015874,0.032157714439109086,0.009351266054775324,1
DLinear_ETTm2_h96_none_s2021_det,ETTm2,DLinear,none,96,2021,deterministic,val,11425,index_order,0.9933626285048159,106.26014184054898,0.0,0.00934922677789726,1
DLinear_ETTm2_h96_none_s2021_det,ETTm2,DLinear,none,96,2021,deterministic,val,11425,full_permutation,0.010118494967971538,1.0916442850766517,0.13749474149237617,0.00934922677789726,0
DLinear_ETTm2_h96_none_s2021_det,ETTm2,DLinear,none,96,2021,deterministic,test,11425,index_order,0.997398506509788,106.67868512890331,0.0,0.009350378103353063,1
DLinear_ETTm2_h96_none_s2021_det,ETTm2,DLinear,none,96,2021,deterministic,test,11425,full_permutation,-0.0035831527608834257,-0.37384774265163545,0.6457412014190032,0.009350378103353063,0
DLinear_ETTm2_h96_none_s2021_shuf,ETTm2,DLinear,none,96,2021,shuffled,val,11425,index_order,0.9925726067805338,106.17358176707796,0.0,0.009349408066238385,1
DLinear_ETTm2_h96_none_s2021_shuf,ETTm2,DLinear,none,96,2021,shuffled,val,11425,full_permutation,0.012553253974454968,1.3520416371714141,0.08818099794035777,0.009349408066238385,0
DLinear_ETTm2_h96_none_s2021_shuf,ETTm2,DLinear,none,96,2021,shuffled,val,11425,observed_loader_order,-0.0017431661314243044,-0.1770840576953044,0.5702788179307955,0.009349408066238385,0
DLinear_ETTm2_h96_none_s2021_shuf,ETTm2,DLinear,none,96,2021,shuffled,test,11425,index_order,0.9971376706697825,106.64894838361396,0.0,0.009350539511151959,1
DLinear_ETTm2_h96_none_s2021_shuf,ETTm2,DLinear,none,96,2021,shuffled,test,11425,full_permutation,-0.0008189112630301675,-0.07821754543171401,0.5311724972307086,0.009350539511151959,0
DLinear_ETTm2_h96_none_s2022_det,ETTm2,DLinear,none,96,2022,deterministic,val,11425,index_order,0.9932405068274747,106.24567408152042,0.0,0.00934935045994736,1
DLinear_ETTm2_h96_none_s2022_det,ETTm2,DLinear,none,96,2022,deterministic,val,11425,full_permutation,0.005512714851968684,0.5989988170799425,0.274586836699367,0.00934935045994736,0
DLinear_ETTm2_h96_none_s2022_det,ETTm2,DLinear,none,96,2022,deterministic,test,11425,index_order,0.9973610207420162,106.6733399107655,0.0,0.009350495227677398,1
DLinear_ETTm2_h96_none_s2022_det,ETTm2,DLinear,none,96,2022,deterministic,test,11425,full_permutation,-0.007228777545245003,-0.763728803379459,0.7774855638172087,0.009350495227677398,0
DLinear_ETTm2_h96_none_s2022_shuf,ETTm2,DLinear,none,96,2022,shuffled,val,11425,index_order,0.9947811094168256,106.40728282305076,0.0,0.009349629255031735,1
DLinear_ETTm2_h96_none_s2022_shuf,ETTm2,DLinear,none,96,2022,shuffled,val,11425,full_permutation,-0.00641966230419746,-0.6772597198743541,0.7508794085832595,0.009349629255031735,0
DLinear_ETTm2_h96_none_s2022_shuf,ETTm2,DLinear,none,96,2022,shuffled,val,11425,observed_loader_order,0.016960242592729716,1.8233640224355028,0.03412413778268094,0.009349629255031735,1
DLinear_ETTm2_h96_none_s2022_shuf,ETTm2,DLinear,none,96,2022,shuffled,test,11425,index_order,0.9978932337518234,106.72728039500859,0.0,0.009350756105394984,1
DLinear_ETTm2_h96_none_s2022_shuf,ETTm2,DLinear,none,96,2022,shuffled,test,11425,full_permutation,0.005543370529493671,0.6021871900017243,0.27352477082566284,0.009350756105394984,0
DLinear_ETTm2_h96_none_s2023_det,ETTm2,DLinear,none,96,2023,deterministic,val,11425,index_order,0.9933572215631703,106.25802329771864,0.0,0.009349362295152965,1
DLinear_ETTm2_h96_none_s2023_det,ETTm2,DLinear,none,96,2023,deterministic,val,11425,full_permutation,0.019976685459261612,2.1460523017349757,0.015934403079707057,0.009349362295152965,1
DLinear_ETTm2_h96_none_s2023_det,ETTm2,DLinear,none,96,2023,deterministic,test,11425,index_order,0.997398957881459,106.67732572966877,0.0,0.009350501487290722,1
DLinear_ETTm2_h96_none_s2023_det,ETTm2,DLinear,none,96,2023,deterministic,test,11425,full_permutation,-0.021904125416227892,-2.3332000355141997,0.9901811755071072,0.009350501487290722,0
DLinear_ETTm2_h96_none_s2023_shuf,ETTm2,DLinear,none,96,2023,shuffled,val,11425,index_order,0.9925828354375368,106.17572952870839,0.0,0.0093493152800343,1
DLinear_ETTm2_h96_none_s2023_shuf,ETTm2,DLinear,none,96,2023,shuffled,val,11425,full_permutation,0.0066075448110980975,0.7161037599621025,0.23696364114082413,0.0093493152800343,0
DLinear_ETTm2_h96_none_s2023_shuf,ETTm2,DLinear,none,96,2023,shuffled,val,11425,observed_loader_order,0.003544747007315845,0.38850781180502897,0.3488201371087196,0.0093493152800343,0
DLinear_ETTm2_h96_none_s2023_shuf,ETTm2,DLinear,none,96,2023,shuffled,test,11425,index_order,0.99713665118638,106.64973045298241,0.0,0.009350461383866523,1
DLinear_ETTm2_h96_none_s2023_shuf,ETTm2,DLinear,none,96,2023,shuffled,test,11425,full_permutation,0.0022247165817862696,0.24728743330050837,0.402342891806839,0.009350461383866523,0
DLinear_ETTm2_h96_revin_s2021_det,ETTm2,DLinear,revin,96,2021,deterministic,val,11425,index_order,0.9910486150109858,105.99493538885312,0.0,0.009350787812539424,1
DLinear_ETTm2_h96_revin_s2021_det,ETTm2,DLinear,revin,96,2021,deterministic,val,11425,full_permutation,0.001995760421636184,0.22279357391128946,0.41184808479806334,0.009350787812539422,0
DLinear_ETTm2_h96_revin_s2021_det,ETTm2,DLinear,revin,96,2021,deterministic,test,11425,index_order,0.9966883659408508,106.6019754297636,0.0,0.009350444932529397,1
DLinear_ETTm2_h96_revin_s2021_det,ETTm2,DLinear,revin,96,2021,deterministic,test,11425,full_permutation,-0.009651823064749519,-1.0228698334418909,0.8468153028395973,0.009350444932529397,0
DLinear_ETTm2_h96_revin_s2021_shuf,ETTm2,DLinear,revin,96,2021,shuffled,val,11425,index_order,0.9927897634313916,106.1796136562783,0.0,0.009350922123897643,1
DLinear_ETTm2_h96_revin_s2021_shuf,ETTm2,DLinear,revin,96,2021,shuffled,val,11425,full_permutation,-0.008336882890358267,-0.8821961906056575,0.811164639190169,0.009350922123897643,0
DLinear_ETTm2_h96_revin_s2021_shuf,ETTm2,DLinear,revin,96,2021,shuffled,val,11425,observed_loader_order,0.009839930416488937,1.0616563050101182,0.144195871285412,0.009350922123897643,0
DLinear_ETTm2_h96_revin_s2021_shuf,ETTm2,DLinear,revin,96,2021,shuffled,test,11425,index_order,0.9972593221743121,106.66136176401093,0.0,0.009350591823447324,1
DLinear_ETTm2_h96_revin_s2021_shuf,ETTm2,DLinear,revin,96,2021,shuffled,test,11425,full_permutation,0.002063950314529321,0.230090818758649,0.40901059954275126,0.009350591823447324,0
DLinear_ETTm2_h96_revin_s2022_det,ETTm2,DLinear,revin,96,2022,deterministic,val,11425,index_order,0.9927147502809908,106.17401593147785,0.0,0.009350708613449518,1
DLinear_ETTm2_h96_revin_s2022_det,ETTm2,DLinear,revin,96,2022,deterministic,val,11425,full_permutation,-0.0024182441007171334,-0.24925480870606684,0.5984181571535585,0.009350708613449518,0
DLinear_ETTm2_h96_revin_s2022_det,ETTm2,DLinear,revin,96,2022,deterministic,test,11425,index_order,0.9972048932284813,106.65793327331825,0.0,0.009350382082567237,1
DLinear_ETTm2_h96_revin_s2022_det,ETTm2,DLinear,revin,96,2022,deterministic,test,11425,full_permutation,-0.004708311115672236,-0.4941804581741708,0.6894106302211855,0.009350382082567237,0
DLinear_ETTm2_h96_revin_s2022_shuf,ETTm2,DLinear,revin,96,2022,shuffled,val,11425,index_order,0.9930014231087844,106.20201425900122,0.0,0.009350942776856231,1
DLinear_ETTm2_h96_revin_s2022_shuf,ETTm2,DLinear,revin,96,2022,shuffled,val,11425,full_permutation,-0.003750475892291048,-0.3917188850039054,0.6523670326275117,0.009350942776856231,0
DLinear_ETTm2_h96_revin_s2022_shuf,ETTm2,DLinear,revin,96,2022,shuffled,val,11425,observed_loader_order,0.0147417486103329,1.5858597339555187,0.0563855658580159,0.009350942776856231,0
DLinear_ETTm2_h96_revin_s2022_shuf,ETTm2,DLinear,revin,96,2022,shuffled,test,11425,index_order,0.9973367193151316,106.66977111350674,0.0,0.009350580243279826,1
DLinear_ETTm2_h96_revin_s2022_shuf,ETTm2,DLinear,revin,96,2022,shuffled,test,11425,full_permutation,0.015658343581355833,1.6839466841298807,0.046095986509931165,0.009350580243279826,1
DLinear_ETTm2_h96_revin_s2023_det,ETTm2,DLinear,revin,96,2023,deterministic,val,11425,index_order,0.9913184465386763,106.02187524263223,0.0,0.009350956859457903,1
DLinear_ETTm2_h96_revin_s2023_det,ETTm2,DLinear,revin,96,2023,deterministic,val,11425,full_permutation,0.0044093674068277034,0.4809029159711043,0.31529275011565633,0.009350956859457903,0
DLinear_ETTm2_h96_revin_s2023_det,ETTm2,DLinear,revin,96,2023,deterministic,test,11425,index_order,0.9967852109897491,106.61008089317971,0.0,0.00935064243129684,1
DLinear_ETTm2_h96_revin_s2023_det,ETTm2,DLinear,revin,96,2023,deterministic,test,11425,full_permutation,-0.013676811771403887,-1.4532987286429249,0.9269295849230073,0.00935064243129684,0
DLinear_ETTm2_h96_revin_s2023_shuf,ETTm2,DLinear,revin,96,2023,shuffled,val,11425,index_order,0.9912316045495767,106.01335472922611,0.0,0.009350889254429869,1
DLinear_ETTm2_h96_revin_s2023_shuf,ETTm2,DLinear,revin,96,2023,shuffled,val,11425,full_permutation,-0.005378468679004506,-0.5658214444676894,0.7142424164210287,0.009350889254429869,0
DLinear_ETTm2_h96_revin_s2023_shuf,ETTm2,DLinear,revin,96,2023,shuffled,val,11425,observed_loader_order,0.00843600575546953,0.9115219459408322,0.18101021388048377,0.009350889254429869,0
DLinear_ETTm2_h96_revin_s2023_shuf,ETTm2,DLinear,revin,96,2023,shuffled,test,11425,index_order,0.996744303167584,106.60645164049261,0.0,0.009350577032084242,1
DLinear_ETTm2_h96_revin_s2023_shuf,ETTm2,DLinear,revin,96,2023,shuffled,test,11425,full_permutation,0.004167012016387008,0.4550036875579081,0.3245532929595181,0.009350577032084242,0
DLinear_ETTm2_h96_san_lite_s2021_det,ETTm2,DLinear,san_lite,96,2021,deterministic,val,11425,index_order,0.9887410366950092,105.73685300398895,0.0,0.009351787419583132,1
DLinear_ETTm2_h96_san_lite_s2021_det,ETTm2,DLinear,san_lite,96,2021,deterministic,val,11425,full_permutation,0.0036748998838241117,0.4023225431697665,0.34372333304116565,0.009351787419583132,0
DLinear_ETTm2_h96_san_lite_s2021_det,ETTm2,DLinear,san_lite,96,2021,deterministic,test,11425,index_order,0.9964876491308929,106.57131141660564,0.0,0.00935125195418788,1
DLinear_ETTm2_h96_san_lite_s2021_det,ETTm2,DLinear,san_lite,96,2021,deterministic,test,11425,full_permutation,-0.013778750686436296,-1.4641050994566773,0.9284173829129144,0.00935125195418788,0
DLinear_ETTm2_h96_san_lite_s2021_shuf,ETTm2,DLinear,san_lite,96,2021,shuffled,val,11425,index_order,0.9900787455434898,105.87960369015394,0.0,0.009351813248707635,1
DLinear_ETTm2_h96_san_lite_s2021_shuf,ETTm2,DLinear,san_lite,96,2021,shuffled,val,11425,full_permutation,-0.0033800883993865887,-0.3520764687891942,0.6376095424152401,0.009351813248707635,0
DLinear_ETTm2_h96_san_lite_s2021_shuf,ETTm2,DLinear,san_lite,96,2021,shuffled,val,11425,observed_loader_order,0.014529677955848225,1.5630351655999801,0.05902216187161603,0.009351813248707635,0
DLinear_ETTm2_h96_san_lite_s2021_shuf,ETTm2,DLinear,san_lite,96,2021,shuffled,test,11425,index_order,0.9968790100541118,106.61294751533221,0.0,0.009351270819379061,1
DLinear_ETTm2_h96_san_lite_s2021_shuf,ETTm2,DLinear,san_lite,96,2021,shuffled,test,11425,full_permutation,0.010116200479256598,1.0911603022036895,0.13760117617678025,0.009351270819379061,0
DLinear_ETTm2_h96_san_lite_s2022_det,ETTm2,DLinear,san_lite,96,2022,deterministic,val,11425,index_order,0.9875588318902897,105.61055157017039,0.0,0.009351777376601214,1
DLinear_ETTm2_h96_san_lite_s2022_det,ETTm2,DLinear,san_lite,96,2022,deterministic,val,11425,full_permutation,0.011632013458871812,1.2531894206763865,0.10506838957813591,0.009351777376601214,0
DLinear_ETTm2_h96_san_lite_s2022_det,ETTm2,DLinear,san_lite,96,2022,deterministic,test,11425,index_order,0.996157082116968,106.53644755704143,0.0,0.009351209280725897,1
DLinear_ETTm2_h96_san_lite_s2022_det,ETTm2,DLinear,san_lite,96,2022,deterministic,test,11425,full_permutation,0.019638040703226015,2.109414421714279,0.017454412867506427,0.009351209280725897,1
DLinear_ETTm2_h96_san_lite_s2022_shuf,ETTm2,DLinear,san_lite,96,2022,shuffled,val,11425,index_order,0.9902576041840723,105.89869347417515,0.0,0.00935181640781609,1
DLinear_ETTm2_h96_san_lite_s2022_shuf,ETTm2,DLinear,san_lite,96,2022,shuffled,val,11425,full_permutation,-0.011262535895835637,-1.194955118290192,0.8839477169646969,0.00935181640781609,0
DLinear_ETTm2_h96_san_lite_s2022_shuf,ETTm2,DLinear,san_lite,96,2022,shuffled,val,11425,observed_loader_order,0.012415447008003334,1.3369576001897507,0.09061823864953211,0.00935181640781609,0
DLinear_ETTm2_h96_san_lite_s2022_shuf,ETTm2,DLinear,san_lite,96,2022,shuffled,test,11425,index_order,0.9969255252630317,106.61796978284464,0.0,0.009351266604566894,1
DLinear_ETTm2_h96_san_lite_s2022_shuf,ETTm2,DLinear,san_lite,96,2022,shuffled,test,11425,full_permutation,0.014382025590655427,1.5473369776019974,0.06089100476489598,0.009351266604566894,0
DLinear_ETTm2_h96_san_lite_s2023_det,ETTm2,DLinear,san_lite,96,2023,deterministic,val,11425,index_order,0.9882024205036949,105.67935993949982,0.0,0.009351778399145158,1
DLinear_ETTm2_h96_san_lite_s2023_det,ETTm2,DLinear,san_lite,96,2023,deterministic,val,11425,full_permutation,-0.00973124366175167,-1.0312165489964555,0.848780359112113,0.009351778399145158,0
DLinear_ETTm2_h96_san_lite_s2023_det,ETTm2,DLinear,san_lite,96,2023,deterministic,test,11425,index_order,0.9963437704973861,106.55625839193016,0.0,0.0093512227301222,1
DLinear_ETTm2_h96_san_lite_s2023_det,ETTm2,DLinear,san_lite,96,2023,deterministic,test,11425,full_permutation,-0.010483558258799234,-1.1117287594173024,0.8668726047509401,0.0093512227301222,0
DLinear_ETTm2_h96_san_lite_s2023_shuf,ETTm2,DLinear,san_lite,96,2023,shuffled,val,11425,index_order,0.9875466764526293,105.60934232729291,0.0,0.009351769357732265,1
DLinear_ETTm2_h96_san_lite_s2023_shuf,ETTm2,DLinear,san_lite,96,2023,shuffled,val,11425,full_permutation,0.006758410922819786,0.7320482012492106,0.2320695740452866,0.009351769357732263,0
DLinear_ETTm2_h96_san_lite_s2023_shuf,ETTm2,DLinear,san_lite,96,2023,shuffled,val,11425,observed_loader_order,-0.019852670394246343,-2.1135182684866427,0.9827217834617256,0.009351769357732265,0
DLinear_ETTm2_h96_san_lite_s2023_shuf,ETTm2,DLinear,san_lite,96,2023,shuffled,test,11425,index_order,0.9961523803102967,106.53586492174887,0.0,0.009351216288111478,1
DLinear_ETTm2_h96_san_lite_s2023_shuf,ETTm2,DLinear,san_lite,96,2023,shuffled,test,11425,full_permutation,0.0024207862253254916,0.2682347581372927,0.3942593109239315,0.009351216288111476,0
DLinear_Exchange_h192_fredf_s2021_det,Exchange,DLinear,fredf,192,2021,deterministic,val,569,index_order,0.9953700167789304,23.796842612055833,1.800434238229684e-125,0.04190180169759374,1
DLinear_Exchange_h192_fredf_s2021_det,Exchange,DLinear,fredf,192,2021,deterministic,val,569,full_permutation,-0.06641671387466955,-1.543039866424188,0.9385894482956969,0.04190180169759374,0
DLinear_Exchange_h192_fredf_s2021_det,Exchange,DLinear,fredf,192,2021,deterministic,test,1326,index_order,0.9995083922250411,36.45507537062066,2.8583131632023392e-291,0.02743824005401153,1
DLinear_Exchange_h192_fredf_s2021_det,Exchange,DLinear,fredf,192,2021,deterministic,test,1326,full_permutation,-0.03448048275682809,-1.2291519320957773,0.8904925763979379,0.02743824005401153,0
DLinear_Exchange_h192_none_s2021_det,Exchange,DLinear,none,192,2021,deterministic,val,569,index_order,0.9934423664563243,23.753027179182858,5.111911503402182e-125,0.041897940937347194,1
DLinear_Exchange_h192_none_s2021_det,Exchange,DLinear,none,192,2021,deterministic,val,569,full_permutation,-0.05329641914983032,-1.2300331380631249,0.8906576520669656,0.041897940937347194,0
DLinear_Exchange_h192_none_s2021_det,Exchange,DLinear,none,192,2021,deterministic,test,1326,index_order,0.9993205140853361,36.43235036300519,6.547202958957302e-291,0.02745019799990678,1
DLinear_Exchange_h192_none_s2021_det,Exchange,DLinear,none,192,2021,deterministic,test,1326,full_permutation,-0.03617116084197497,-1.290207227684229,0.9015106413335381,0.02745019799990678,0
DLinear_Exchange_h192_revin_s2021_det,Exchange,DLinear,revin,192,2021,deterministic,val,569,index_order,0.9862349725856743,23.618577900058355,1.2418455489763693e-123,0.04183128807105338,1
DLinear_Exchange_h192_revin_s2021_det,Exchange,DLinear,revin,192,2021,deterministic,val,569,full_permutation,-0.06201163567288686,-1.4403350953540923,0.9251136916070064,0.04183128807105338,0
DLinear_Exchange_h192_revin_s2021_det,Exchange,DLinear,revin,192,2021,deterministic,test,1326,index_order,0.9989291620207104,36.450545608744,3.3719063819610936e-291,0.027425758992261327,1
DLinear_Exchange_h192_revin_s2021_det,Exchange,DLinear,revin,192,2021,deterministic,test,1326,full_permutation,0.001121176628613362,0.06839896792919221,0.47273402169058376,0.027425758992261327,0
DLinear_Exchange_h192_san_lite_s2021_det,Exchange,DLinear,san_lite,192,2021,deterministic,val,569,index_order,0.9890356061364448,23.65548107355922,5.182805991595989e-124,0.04188442274480663,1
DLinear_Exchange_h192_san_lite_s2021_det,Exchange,DLinear,san_lite,192,2021,deterministic,val,569,full_permutation,-0.007556293114882402,-0.1383743490966302,0.5550277157825566,0.04188442274480663,0
DLinear_Exchange_h192_san_lite_s2021_det,Exchange,DLinear,san_lite,192,2021,deterministic,test,1326,index_order,0.9992395953932285,36.45617605079493,2.7458083602882475e-291,0.027430038492820902,1
DLinear_Exchange_h192_san_lite_s2021_det,Exchange,DLinear,san_lite,192,2021,deterministic,test,1326,full_permutation,-0.03242932190371342,-1.1547415411345978,0.8759018586462328,0.027430038492820902,0
DLinear_Exchange_h336_fredf_s2021_det,Exchange,DLinear,fredf,336,2021,deterministic,val,425,index_order,0.994456359280111,20.57099424986287,2.496592040133556e-94,0.04845730049498184,1
DLinear_Exchange_h336_fredf_s2021_det,Exchange,DLinear,fredf,336,2021,deterministic,val,425,full_permutation,-0.036921864089052514,-0.7132748454816237,0.7621621500622537,0.04845730049498184,0
DLinear_Exchange_h336_fredf_s2021_det,Exchange,DLinear,fredf,336,2021,deterministic,test,1182,index_order,0.9997814999794576,34.412049214625306,8.325895645542127e-260,0.029077845198622745,1
DLinear_Exchange_h336_fredf_s2021_det,Exchange,DLinear,fredf,336,2021,deterministic,test,1182,full_permutation,0.022484091994682234,0.8023576673622188,0.21117304660267833,0.029077845198622745,0
DLinear_Exchange_h336_none_s2021_det,Exchange,DLinear,none,336,2021,deterministic,val,425,index_order,0.9909504841804251,20.49855624751159,1.10888018874177e-93,0.04845750904369399,1
DLinear_Exchange_h336_none_s2021_det,Exchange,DLinear,none,336,2021,deterministic,val,425,full_permutation,-0.023512155975650182,-0.436540503774931,0.6687776906027995,0.04845750904369399,0
DLinear_Exchange_h336_none_s2021_det,Exchange,DLinear,none,336,2021,deterministic,test,1182,index_order,0.999552683967308,34.41417660743248,7.737655161283094e-260,0.029069398795438697,1
DLinear_Exchange_h336_none_s2021_det,Exchange,DLinear,none,336,2021,deterministic,test,1182,full_permutation,0.06347522946963764,2.212703811766993,0.013459036217147375,0.029069398795438697,1
DLinear_Exchange_h336_revin_s2021_det,Exchange,DLinear,revin,336,2021,deterministic,val,425,index_order,0.9950924292833595,20.61261756577526,1.057402516902569e-94,0.04839030834713312,1
DLinear_Exchange_h336_revin_s2021_det,Exchange,DLinear,revin,336,2021,deterministic,val,425,full_permutation,0.028103213430710417,0.6295001010993321,0.2645108512784562,0.04839030834713312,0
DLinear_Exchange_h336_revin_s2021_det,Exchange,DLinear,revin,336,2021,deterministic,test,1182,index_order,0.9989294196440925,34.41048460322174,8.786849838110008e-260,0.029054405110042866,1
DLinear_Exchange_h336_revin_s2021_det,Exchange,DLinear,revin,336,2021,deterministic,test,1182,full_permutation,-0.01729110439590938,-0.5659852364150062,0.7142980916418395,0.029054405110042866,0
DLinear_Exchange_h336_san_lite_s2021_det,Exchange,DLinear,san_lite,336,2021,deterministic,val,425,index_order,0.9970641598943835,20.625462438122625,8.108651161189165e-95,0.04845576934135353,1
DLinear_Exchange_h336_san_lite_s2021_det,Exchange,DLinear,san_lite,336,2021,deterministic,val,425,full_permutation,-0.027613026007357343,-0.5211873794307228,0.6988818774779768,0.04845576934135353,0
DLinear_Exchange_h336_san_lite_s2021_det,Exchange,DLinear,san_lite,336,2021,deterministic,test,1182,index_order,0.999142889708651,34.41112301959078,8.595762293648302e-260,0.029060069594071248,1
DLinear_Exchange_h336_san_lite_s2021_det,Exchange,DLinear,san_lite,336,2021,deterministic,test,1182,full_permutation,-0.029695554550506483,-0.9927303995716421,0.8395793219179501,0.029060069594071248,0
DLinear_Exchange_h720_fredf_s2021_det,Exchange,DLinear,fredf,720,2021,deterministic,val,41,index_order,0.8499680868999345,5.696143569741643,6.1273846628745544e-09,0.1536070985899711,1
DLinear_Exchange_h720_fredf_s2021_det,Exchange,DLinear,fredf,720,2021,deterministic,val,41,full_permutation,0.14882104430771098,1.1315951274602074,0.12890234477376378,0.1536070985899711,0
DLinear_Exchange_h720_fredf_s2021_det,Exchange,DLinear,fredf,720,2021,deterministic,test,798,index_order,0.9960620176150676,28.20069219422058,2.8671904379186656e-175,0.03536497316770642,1
DLinear_Exchange_h720_fredf_s2021_det,Exchange,DLinear,fredf,720,2021,deterministic,test,798,full_permutation,0.014479334729784316,0.44490461789584984,0.32819434264314806,0.03536497316770642,0
DLinear_Exchange_h720_none_s2021_det,Exchange,DLinear,none,720,2021,deterministic,val,41,index_order,0.8722618963954764,5.847300238815073,2.498076303391763e-09,0.15344891826134485,1
DLinear_Exchange_h720_none_s2021_det,Exchange,DLinear,none,720,2021,deterministic,val,41,full_permutation,-0.18503833430383076,-1.0429420820762205,0.8515124410267279,0.15344891826134485,0
DLinear_Exchange_h720_none_s2021_det,Exchange,DLinear,none,720,2021,deterministic,test,798,index_order,0.9949696294893581,28.171760730216278,6.487162844408865e-175,0.03536251582476084,1
DLinear_Exchange_h720_none_s2021_det,Exchange,DLinear,none,720,2021,deterministic,test,798,full_permutation,0.0020244243882053784,0.09272896613878424,0.4630594422489807,0.03536251582476084,0
DLinear_Exchange_h720_revin_s2021_det,Exchange,DLinear,revin,720,2021,deterministic,val,41,index_order,0.9028583117313809,6.0306520015058664,8.164974675000096e-10,0.1538570475463835,1
DLinear_Exchange_h720_revin_s2021_det,Exchange,DLinear,revin,720,2021,deterministic,val,41,full_permutation,-0.008676388229822954,0.10609596395157621,0.457753106686522,0.1538570475463835,0
DLinear_Exchange_h720_revin_s2021_det,Exchange,DLinear,revin,720,2021,deterministic,test,798,index_order,0.9987325959706395,28.280276308708068,3.021074930315633e-176,0.035359884401377446,1
DLinear_Exchange_h720_revin_s2021_det,Exchange,DLinear,revin,720,2021,deterministic,test,798,full_permutation,-0.009136344796747936,-0.22289777769041053,0.5881924669855599,0.035359884401377446,0
DLinear_Exchange_h720_san_lite_s2021_det,Exchange,DLinear,san_lite,720,2021,deterministic,val,41,index_order,0.8679130632804574,5.873210702975691,2.137173165104358e-09,0.15203150515748712,1
DLinear_Exchange_h720_san_lite_s2021_det,Exchange,DLinear,san_lite,720,2021,deterministic,val,41,full_permutation,0.13676739588130382,1.0640386393184191,0.14365559793782845,0.15203150515748712,0
DLinear_Exchange_h720_san_lite_s2021_det,Exchange,DLinear,san_lite,720,2021,deterministic,test,798,index_order,0.9987991343290907,28.280320780168665,3.0172730818460644e-176,0.035362181611980195,1
DLinear_Exchange_h720_san_lite_s2021_det,Exchange,DLinear,san_lite,720,2021,deterministic,test,798,full_permutation,-0.0025990706644185065,-0.03801704133751645,0.5151629525863373,0.035362181611980195,0
DLinear_Exchange_h96_fredf_s2021_det,Exchange,DLinear,fredf,96,2021,deterministic,val,665,index_order,0.998725515649683,25.805511665459882,3.8449853915234384e-147,0.038760383933206674,1
DLinear_Exchange_h96_fredf_s2021_det,Exchange,DLinear,fredf,96,2021,deterministic,val,665,full_permutation,-0.036390078713587126,-0.8999924943291345,0.8159378774981871,0.038760383933206674,0
DLinear_Exchange_h96_fredf_s2021_det,Exchange,DLinear,fredf,96,2021,deterministic,test,1422,index_order,0.9993321257509794,37.73308667686998,0.0,0.02650289026399107,1
DLinear_Exchange_h96_fredf_s2021_det,Exchange,DLinear,fredf,96,2021,deterministic,test,1422,full_permutation,0.04917303405715313,1.8819367747482558,0.029922300290345934,0.02650289026399107,1
DLinear_Exchange_h96_none_s2021_det,Exchange,DLinear,none,96,2021,deterministic,val,665,index_order,0.9981944391256645,25.792922274260583,5.323083597434401e-147,0.03875871266512817,1
DLinear_Exchange_h96_none_s2021_det,Exchange,DLinear,none,96,2021,deterministic,val,665,full_permutation,-0.04459538024177305,-1.1117334189521648,0.8668736067570373,0.03875871266512817,0
DLinear_Exchange_h96_none_s2021_det,Exchange,DLinear,none,96,2021,deterministic,test,1422,index_order,0.9983831104287078,37.690318872500455,0.0,0.026507784229053817,1
DLinear_Exchange_h96_none_s2021_det,Exchange,DLinear,none,96,2021,deterministic,test,1422,full_permutation,-0.002638565265913818,-0.07299121953859758,0.5290934476665416,0.026507784229053817,0
DLinear_Exchange_h96_revin_s2021_det,Exchange,DLinear,revin,96,2021,deterministic,val,665,index_order,0.9965218930843678,25.923319389239705,1.81808848604198e-148,0.03849923314971062,1
DLinear_Exchange_h96_revin_s2021_det,Exchange,DLinear,revin,96,2021,deterministic,val,665,full_permutation,0.0051040405323844575,0.17169341017951378,0.43183928339862654,0.03849923314971062,0
DLinear_Exchange_h96_revin_s2021_det,Exchange,DLinear,revin,96,2021,deterministic,test,1422,index_order,0.9986577232609982,37.69904135385046,0.0,0.026508935430176288,1
DLinear_Exchange_h96_revin_s2021_det,Exchange,DLinear,revin,96,2021,deterministic,test,1422,full_permutation,0.02492580166675198,0.9668261293264133,0.16681547995322343,0.026508935430176288,0
DLinear_Exchange_h96_san_lite_s2021_det,Exchange,DLinear,san_lite,96,2021,deterministic,val,665,index_order,0.9968396399335707,25.823589927795464,2.4094279532609608e-147,0.03866021985407139,1
DLinear_Exchange_h96_san_lite_s2021_det,Exchange,DLinear,san_lite,96,2021,deterministic,val,665,full_permutation,0.029516710421890014,0.8024458897382211,0.21114753845835055,0.03866021985407139,0
DLinear_Exchange_h96_san_lite_s2021_det,Exchange,DLinear,san_lite,96,2021,deterministic,test,1422,index_order,0.9986934533437858,37.71199973827866,0.0,0.026500774025439468,1
DLinear_Exchange_h96_san_lite_s2021_det,Exchange,DLinear,san_lite,96,2021,deterministic,test,1422,full_permutation,0.009469035578815274,0.38386672543296607,0.3505386148600881,0.026500774025439468,0
DLinear_ILI_h24_fredf_s2021_det,ILI,DLinear,fredf,24,2021,deterministic,val,74,index_order,0.9756752699725364,8.589712681786523,4.3593537371357316e-18,0.11518125655208165,1
DLinear_ILI_h24_fredf_s2021_det,ILI,DLinear,fredf,24,2021,deterministic,val,74,full_permutation,0.03631970583746256,0.4342575994717683,0.3320506950848245,0.11518125655208165,0
DLinear_ILI_h24_fredf_s2021_det,ILI,DLinear,fredf,24,2021,deterministic,test,170,index_order,0.9904758001650226,13.11939680140683,1.2747807300757673e-39,0.07594807711140272,1
DLinear_ILI_h24_fredf_s2021_det,ILI,DLinear,fredf,24,2021,deterministic,test,170,full_permutation,0.06489516531702624,0.9323781163869415,0.1755705750510147,0.07594807711140272,0
DLinear_ILI_h24_none_s2021_det,ILI,DLinear,none,24,2021,deterministic,val,74,index_order,0.9758912318264191,8.590806515989188,4.318047813360534e-18,0.11519172968470227,1
DLinear_ILI_h24_none_s2021_det,ILI,DLinear,none,24,2021,deterministic,val,74,full_permutation,-0.04735984520902536,-0.29221902617640216,0.6149404172943106,0.11519172968470227,0
DLinear_ILI_h24_none_s2021_det,ILI,DLinear,none,24,2021,deterministic,test,170,index_order,0.990647725476996,13.123270015079036,1.211259356033635e-39,0.07593876252604924,1
DLinear_ILI_h24_none_s2021_det,ILI,DLinear,none,24,2021,deterministic,test,170,full_permutation,-0.07917170100596074,-0.9646528176900256,0.8326406325211368,0.07593876252604924,0
DLinear_ILI_h24_revin_s2021_det,ILI,DLinear,revin,24,2021,deterministic,val,74,index_order,0.9735459587130945,8.576727145641192,4.880540144835079e-18,0.1151073797831859,1
DLinear_ILI_h24_revin_s2021_det,ILI,DLinear,revin,24,2021,deterministic,val,74,full_permutation,0.027050376399094377,0.3540086362215415,0.3616662055237121,0.1151073797831859,0
DLinear_ILI_h24_revin_s2021_det,ILI,DLinear,revin,24,2021,deterministic,test,170,index_order,0.9901969378940785,13.1000355305995,1.6455178054058457e-39,0.07603903785838104,1
DLinear_ILI_h24_revin_s2021_det,ILI,DLinear,revin,24,2021,deterministic,test,170,full_permutation,-0.10387043556173671,-1.2881972018222565,0.9011613371004181,0.07603903785838105,0
DLinear_ILI_h24_san_lite_s2021_det,ILI,DLinear,san_lite,24,2021,deterministic,val,74,index_order,0.9801790182007618,8.628086902115825,3.119333587214254e-18,0.11519096407038089,1
DLinear_ILI_h24_san_lite_s2021_det,ILI,DLinear,san_lite,24,2021,deterministic,val,74,full_permutation,0.008512585993361684,0.19282081984119073,0.4235496487929295,0.11519096407038087,0
DLinear_ILI_h24_san_lite_s2021_det,ILI,DLinear,san_lite,24,2021,deterministic,test,170,index_order,0.9908850608543305,13.080115880259116,2.1389377203729915e-39,0.07620744569412007,1
DLinear_ILI_h24_san_lite_s2021_det,ILI,DLinear,san_lite,24,2021,deterministic,test,170,full_permutation,0.0309763891729938,0.48412000428921353,0.3141503525487152,0.07620744569412007,0
DLinear_ILI_h36_fredf_s2021_det,ILI,DLinear,fredf,36,2021,deterministic,val,62,index_order,0.8824122695059143,7.165735469491275,3.8685022706755015e-13,0.125431048348855,1
DLinear_ILI_h36_fredf_s2021_det,ILI,DLinear,fredf,36,2021,deterministic,val,62,full_permutation,-0.09839427169046731,-0.6537522419445284,0.7433642801411275,0.125431048348855,0
DLinear_ILI_h36_fredf_s2021_det,ILI,DLinear,fredf,36,2021,deterministic,test,158,index_order,0.9921916322110904,12.63299671363322,6.944319880442376e-37,0.07904387862976804,1
DLinear_ILI_h36_fredf_s2021_det,ILI,DLinear,fredf,36,2021,deterministic,test,158,full_permutation,0.039148694543036135,0.5758589037340875,0.2823552776854255,0.07904387862976804,0
DLinear_ILI_h36_none_s2021_det,ILI,DLinear,none,36,2021,deterministic,val,62,index_order,0.8812599852376456,7.156331202671132,4.143240083472832e-13,0.12543486354090813,1
DLinear_ILI_h36_none_s2021_det,ILI,DLinear,none,36,2021,deterministic,val,62,full_permutation,0.16594296820706464,1.4536342264250162,0.07302387124849599,0.12543486354090813,0
DLinear_ILI_h36_none_s2021_det,ILI,DLinear,none,36,2021,deterministic,test,158,index_order,0.9921683187678602,12.63607920722168,6.677456498475629e-37,0.07902275137281313,1
DLinear_ILI_h36_none_s2021_det,ILI,DLinear,none,36,2021,deterministic,test,158,full_permutation,0.020013256874907185,0.3338618710203022,0.36924189650221695,0.07902275137281313,0
DLinear_ILI_h36_revin_s2021_det,ILI,DLinear,revin,36,2021,deterministic,val,62,index_order,0.8805901245684319,7.138519851707559,4.717062374537137e-13,0.12565399912375688,1
DLinear_ILI_h36_revin_s2021_det,ILI,DLinear,revin,36,2021,deterministic,val,62,full_permutation,0.035196106698156884,0.4105683040799764,0.3406945545505876,0.12565399912375688,0
DLinear_ILI_h36_revin_s2021_det,ILI,DLinear,revin,36,2021,deterministic,test,158,index_order,0.9902927508429304,12.589354658510603,1.2082039916925252e-36,0.07916705856886504,1
DLinear_ILI_h36_revin_s2021_det,ILI,DLinear,revin,36,2021,deterministic,test,158,full_permutation,0.09331183754504285,1.2591255264325059,0.10399249784393405,0.07916705856886504,0
DLinear_ILI_h36_san_lite_s2021_det,ILI,DLinear,san_lite,36,2021,deterministic,val,62,index_order,0.9427434311501505,7.618628944579237,1.2819214727367414e-14,0.12589363266674652,1
DLinear_ILI_h36_san_lite_s2021_det,ILI,DLinear,san_lite,36,2021,deterministic,val,62,full_permutation,0.0013212611114212427,0.140711673490785,0.44404886137190186,0.12589363266674652,0
DLinear_ILI_h36_san_lite_s2021_det,ILI,DLinear,san_lite,36,2021,deterministic,test,158,index_order,0.9928367546510961,12.61042544346063,9.249584258364414e-37,0.07923651631601734,1
DLinear_ILI_h36_san_lite_s2021_det,ILI,DLinear,san_lite,36,2021,deterministic,test,158,full_permutation,-0.017747776686170044,-0.1435998257318337,0.55709176086161,0.07923651631601734,0
DLinear_ILI_h48_fredf_s2021_det,ILI,DLinear,fredf,48,2021,deterministic,val,50,index_order,0.9219005949521961,6.679385747830289,1.1997290911819332e-11,0.1410771579592628,1
DLinear_ILI_h48_fredf_s2021_det,ILI,DLinear,fredf,48,2021,deterministic,val,50,full_permutation,-0.02679520199193687,-0.04527337252197171,0.5180552943407412,0.1410771579592628,0
DLinear_ILI_h48_fredf_s2021_det,ILI,DLinear,fredf,48,2021,deterministic,test,146,index_order,0.985642543010085,12.038451037378517,1.1155271555182429e-33,0.08244740886119495,1
DLinear_ILI_h48_fredf_s2021_det,ILI,DLinear,fredf,48,2021,deterministic,test,146,full_permutation,-0.08915208477425031,-0.9976727490441136,0.840780964200742,0.08244740886119495,0
DLinear_ILI_h48_none_s2021_det,ILI,DLinear,none,48,2021,deterministic,val,50,index_order,0.9195068814803307,6.66376333490837,1.3345157310264989e-11,0.14104868338013404,1
DLinear_ILI_h48_none_s2021_det,ILI,DLinear,none,48,2021,deterministic,val,50,full_permutation,0.3717562041067948,2.780347593285902,0.002715037080168541,0.14104868338013404,1
DLinear_ILI_h48_none_s2021_det,ILI,DLinear,none,48,2021,deterministic,test,146,index_order,0.9852843139457406,12.03668290267807,1.1396897112503096e-33,0.08242975857153517,1
DLinear_ILI_h48_none_s2021_det,ILI,DLinear,none,48,2021,deterministic,test,146,full_permutation,-0.07575618420827727,-0.8353734582927446,0.7982462654731409,0.08242975857153517,0
DLinear_ILI_h48_revin_s2021_det,ILI,DLinear,revin,48,2021,deterministic,val,50,index_order,0.9238818807156137,6.6995215435961075,1.0455152030235434e-11,0.14094887789166696,1
DLinear_ILI_h48_revin_s2021_det,ILI,DLinear,revin,48,2021,deterministic,val,50,full_permutation,-0.17565922916188753,-1.1014707475422905,0.8646540854522871,0.14094887789166696,0
DLinear_ILI_h48_revin_s2021_det,ILI,DLinear,revin,48,2021,deterministic,test,146,index_order,0.9763752332655975,11.918879515304434,4.7184573559432166e-33,0.08249699845754507,1
DLinear_ILI_h48_revin_s2021_det,ILI,DLinear,revin,48,2021,deterministic,test,146,full_permutation,0.2694999855148981,3.350382952190392,0.0004034995358942674,0.08249699845754507,1
DLinear_ILI_h48_san_lite_s2021_det,ILI,DLinear,san_lite,48,2021,deterministic,val,50,index_order,0.908493358751177,6.591087854701813,2.183077042068447e-11,0.1409329601567733,1
DLinear_ILI_h48_san_lite_s2021_det,ILI,DLinear,san_lite,48,2021,deterministic,val,50,full_permutation,-0.27739404971962917,-1.8234619223810586,0.9658832704360791,0.1409329601567733,0
DLinear_ILI_h48_san_lite_s2021_det,ILI,DLinear,san_lite,48,2021,deterministic,test,146,index_order,0.9792951417101233,11.989705344073457,2.0116688851823335e-33,0.08225320515668373,1
DLinear_ILI_h48_san_lite_s2021_det,ILI,DLinear,san_lite,48,2021,deterministic,test,146,full_permutation,0.09298759917626755,1.2143496500852053,0.1123071167623973,0.08225320515668372,0
DLinear_ILI_h60_fredf_s2021_det,ILI,DLinear,fredf,60,2021,deterministic,val,38,index_order,0.9412489295345203,6.0677635199341875,6.485184646196592e-10,0.15957707537225338,1
DLinear_ILI_h60_fredf_s2021_det,ILI,DLinear,fredf,60,2021,deterministic,val,38,full_permutation,-0.19519168416333896,-1.0538146331108391,0.8540161036873,0.15957707537225338,0
DLinear_ILI_h60_fredf_s2021_det,ILI,DLinear,fredf,60,2021,deterministic,test,134,index_order,0.990882461237358,11.595784377825577,2.164407137703476e-31,0.0861003642098645,1
DLinear_ILI_h60_fredf_s2021_det,ILI,DLinear,fredf,60,2021,deterministic,test,134,full_permutation,0.014083363289201163,0.25089510921264385,0.40094760289261544,0.0861003642098645,0
DLinear_ILI_h60_none_s2021_det,ILI,DLinear,none,60,2021,deterministic,val,38,index_order,0.9400575210785347,6.061336119732608,6.749769459966378e-10,0.1595497311157567,1
DLinear_ILI_h60_none_s2021_det,ILI,DLinear,none,60,2021,deterministic,val,38,full_permutation,0.4617374692893807,3.0633990599570406,0.001094190093391987,0.1595497311157567,1
DLinear_ILI_h60_none_s2021_det,ILI,DLinear,none,60,2021,deterministic,test,134,index_order,0.9907857929663915,11.594954364764869,2.1854928129038247e-31,0.08609819051919289,1
DLinear_ILI_h60_none_s2021_det,ILI,DLinear,none,60,2021,deterministic,test,134,full_permutation,-0.03316748818557758,-0.29790046734348974,0.6171104343754397,0.08609819051919289,0
DLinear_ILI_h60_revin_s2021_det,ILI,DLinear,revin,60,2021,deterministic,val,38,index_order,0.9272968550234383,5.9811506694087795,1.1078340270691587e-09,0.15955523189399903,1
DLinear_ILI_h60_revin_s2021_det,ILI,DLinear,revin,60,2021,deterministic,val,38,full_permutation,0.18643400068578103,1.3378503805793187,0.09047260744894758,0.15955523189399903,0
DLinear_ILI_h60_revin_s2021_det,ILI,DLinear,revin,60,2021,deterministic,test,134,index_order,0.9888257444265953,11.570394693431226,2.910712551764979e-31,0.08611154310792214,1
DLinear_ILI_h60_revin_s2021_det,ILI,DLinear,revin,60,2021,deterministic,test,134,full_permutation,0.031038957603686558,0.44776522640923966,0.3271613210104823,0.08611154310792214,0
DLinear_ILI_h60_san_lite_s2021_det,ILI,DLinear,san_lite,60,2021,deterministic,val,38,index_order,0.9202363064667994,5.9378172155141415,1.444209035096143e-09,0.15953056470294283,1
DLinear_ILI_h60_san_lite_s2021_det,ILI,DLinear,san_lite,60,2021,deterministic,val,38,full_permutation,-0.16412783717357654,-0.8594015222214056,0.8049404849049717,0.15953056470294283,0
DLinear_ILI_h60_san_lite_s2021_det,ILI,DLinear,san_lite,60,2021,deterministic,test,134,index_order,0.9710994109876643,11.35419023273704,3.534590855334057e-30,0.08619004860060725,1
DLinear_ILI_h60_san_lite_s2021_det,ILI,DLinear,san_lite,60,2021,deterministic,test,134,full_permutation,0.017144053747584202,0.28614499168401264,0.387383536568408,0.08619004860060725,0
DLinear_Weather_h192_fredf_s2021_det,Weather,DLinear,fredf,192,2021,deterministic,val,5079,index_order,0.9891540438608686,70.69700412343151,0.0,0.013994241821872928,1
DLinear_Weather_h192_fredf_s2021_det,Weather,DLinear,fredf,192,2021,deterministic,val,5079,full_permutation,0.009339777002347954,0.6814734980370147,0.24778596522720747,0.013994241821872928,0
DLinear_Weather_h192_fredf_s2021_det,Weather,DLinear,fredf,192,2021,deterministic,test,10348,index_order,0.997804860972527,101.52578429601114,0.0,0.009829045047649658,1
DLinear_Weather_h192_fredf_s2021_det,Weather,DLinear,fredf,192,2021,deterministic,test,10348,full_permutation,-0.01023471096834177,-1.0314394275603849,0.8488326002268753,0.009829045047649658,0
DLinear_Weather_h192_none_s2021_det,Weather,DLinear,none,192,2021,deterministic,val,5079,index_order,0.9929244463967364,70.90272203537238,0.0,0.014006815899475082,1
DLinear_Weather_h192_none_s2021_det,Weather,DLinear,none,192,2021,deterministic,val,5079,full_permutation,-0.022698362660938665,-1.606463231761492,0.9459139163249589,0.014006815899475082,0
DLinear_Weather_h192_none_s2021_det,Weather,DLinear,none,192,2021,deterministic,test,10348,index_order,0.9982608196032327,101.57190824823236,0.0,0.009829070686889804,1
DLinear_Weather_h192_none_s2021_det,Weather,DLinear,none,192,2021,deterministic,test,10348,full_permutation,-2.21350389362672e-05,0.007580709750301116,0.4969757633308968,0.009829070686889804,0
DLinear_Weather_h192_revin_s2021_det,Weather,DLinear,revin,192,2021,deterministic,val,5079,index_order,0.9933546838187528,70.92071988767694,0.0,0.014009327786247841,1
DLinear_Weather_h192_revin_s2021_det,Weather,DLinear,revin,192,2021,deterministic,val,5079,full_permutation,0.0007542585361837554,0.06789665250727861,0.4729339517589415,0.014009327786247841,0
DLinear_Weather_h192_revin_s2021_det,Weather,DLinear,revin,192,2021,deterministic,test,10348,index_order,0.9985507135102113,101.60405341060996,0.0,0.009828814169896657,1
DLinear_Weather_h192_revin_s2021_det,Weather,DLinear,revin,192,2021,deterministic,test,10348,full_permutation,-0.005687627498135995,-0.5688357751569951,0.7152662030617536,0.009828814169896657,0
DLinear_Weather_h192_san_lite_s2021_det,Weather,DLinear,san_lite,192,2021,deterministic,val,5079,index_order,0.9978037191831678,71.20629872518141,0.0,0.014015623125691467,1
DLinear_Weather_h192_san_lite_s2021_det,Weather,DLinear,san_lite,192,2021,deterministic,val,5079,full_permutation,0.01878220970086508,1.3541415501145198,0.08784561118609596,0.014015623125691467,0
DLinear_Weather_h192_san_lite_s2021_det,Weather,DLinear,san_lite,192,2021,deterministic,test,10348,index_order,0.989638182566513,100.7059003042111,0.0,0.009827972600886973,1
DLinear_Weather_h192_san_lite_s2021_det,Weather,DLinear,san_lite,192,2021,deterministic,test,10348,full_permutation,-0.008986332104095307,-0.9045289495784963,0.8171425045604996,0.009827972600886973,0
DLinear_Weather_h336_fredf_s2021_det,Weather,DLinear,fredf,336,2021,deterministic,val,4935,index_order,0.9921111441078783,69.83722358174204,0.0,0.014208952883995398,1
DLinear_Weather_h336_fredf_s2021_det,Weather,DLinear,fredf,336,2021,deterministic,val,4935,full_permutation,0.00022352939743829048,0.02999550459943417,0.48803531918451043,0.014208952883995398,0
DLinear_Weather_h336_fredf_s2021_det,Weather,DLinear,fredf,336,2021,deterministic,test,10204,index_order,0.9991423552071124,100.95843384561448,0.0,0.009897542261048253,1
DLinear_Weather_h336_fredf_s2021_det,Weather,DLinear,fredf,336,2021,deterministic,test,10204,full_permutation,0.008256499450505059,0.8440994359261745,0.19930692145070628,0.009897542261048253,0
DLinear_Weather_h336_none_s2021_det,Weather,DLinear,none,336,2021,deterministic,val,4935,index_order,0.993082935341237,69.88952725171694,0.0,0.014212223915579315,1
DLinear_Weather_h336_none_s2021_det,Weather,DLinear,none,336,2021,deterministic,val,4935,full_permutation,-0.011676798723918299,-0.8073418683752743,0.7902652257527636,0.014212223915579315,0
DLinear_Weather_h336_none_s2021_det,Weather,DLinear,none,336,2021,deterministic,test,10204,index_order,0.9991890847158721,100.96272038853297,0.0,0.009897584883404838,1
DLinear_Weather_h336_none_s2021_det,Weather,DLinear,none,336,2021,deterministic,test,10204,full_permutation,0.0031859790654079957,0.33179704879474853,0.3700212564448936,0.009897584883404838,0
DLinear_Weather_h336_revin_s2021_det,Weather,DLinear,revin,336,2021,deterministic,val,4935,index_order,0.9940786198495912,69.9416561781017,0.0,0.014215867188387247,1
DLinear_Weather_h336_revin_s2021_det,Weather,DLinear,revin,336,2021,deterministic,val,4935,full_permutation,0.0026916450645540855,0.2035978769599898,0.4193338761679694,0.014215867188387247,0
DLinear_Weather_h336_revin_s2021_det,Weather,DLinear,revin,336,2021,deterministic,test,10204,index_order,0.9994202952787841,100.99644080711862,0.0,0.009896569598692586,1
DLinear_Weather_h336_revin_s2021_det,Weather,DLinear,revin,336,2021,deterministic,test,10204,full_permutation,0.0069831413793097355,0.7155157853228715,0.2371451952008748,0.009896569598692586,0
DLinear_Weather_h336_san_lite_s2021_det,Weather,DLinear,san_lite,336,2021,deterministic,val,4935,index_order,0.9978013551168903,70.158087410625,0.0,0.014225074645918805,1
DLinear_Weather_h336_san_lite_s2021_det,Weather,DLinear,san_lite,336,2021,deterministic,val,4935,full_permutation,0.011979206159561176,0.8563667873056057,0.19589746482556197,0.014225074645918805,0
DLinear_Weather_h336_san_lite_s2021_det,Weather,DLinear,san_lite,336,2021,deterministic,test,10204,index_order,0.9949862726281296,100.55234675945802,0.0,0.009896181591839701,1
DLinear_Weather_h336_san_lite_s2021_det,Weather,DLinear,san_lite,336,2021,deterministic,test,10204,full_permutation,-0.004681284687796461,-0.4631356302591033,0.6783664239591121,0.009896181591839701,0
DLinear_Weather_h720_fredf_s2021_det,Weather,DLinear,fredf,720,2021,deterministic,val,4551,index_order,0.9985676839334753,67.39987110300491,0.0,0.014818833445940021,1
DLinear_Weather_h720_fredf_s2021_det,Weather,DLinear,fredf,720,2021,deterministic,val,4551,full_permutation,-0.020964871606847707,-1.3999139313325035,0.9192304531463514,0.014818833445940021,0
DLinear_Weather_h720_fredf_s2021_det,Weather,DLinear,fredf,720,2021,deterministic,test,9820,index_order,0.9998126806549219,99.12186537049527,0.0,0.010087729082603226,1
DLinear_Weather_h720_fredf_s2021_det,Weather,DLinear,fredf,720,2021,deterministic,test,9820,full_permutation,-0.005541391286735859,-0.5392242275034769,0.7051339274512582,0.010087729082603226,0
DLinear_Weather_h720_none_s2021_det,Weather,DLinear,none,720,2021,deterministic,val,4551,index_order,0.9926430427985975,67.04867178965614,0.0,0.014808090846798109,1
DLinear_Weather_h720_none_s2021_det,Weather,DLinear,none,720,2021,deterministic,val,4551,full_permutation,-0.03938169505287904,-2.644629563544759,0.9959109804258476,0.014808090846798109,0
DLinear_Weather_h720_none_s2021_det,Weather,DLinear,none,720,2021,deterministic,test,9820,index_order,0.9996225221894343,99.10013082136362,0.0,0.010088022662214513,1
DLinear_Weather_h720_none_s2021_det,Weather,DLinear,none,720,2021,deterministic,test,9820,full_permutation,-0.0049230515967998165,-0.4779140960847815,0.6836443259439602,0.010088022662214513,0
DLinear_Weather_h720_revin_s2021_det,Weather,DLinear,revin,720,2021,deterministic,val,4551,index_order,0.9919246794277345,67.0088467075487,0.0,0.01480617125045591,1
DLinear_Weather_h720_revin_s2021_det,Weather,DLinear,revin,720,2021,deterministic,val,4551,full_permutation,0.016574514839934714,1.134276699602391,0.12833924987028378,0.01480617125045591,0
DLinear_Weather_h720_revin_s2021_det,Weather,DLinear,revin,720,2021,deterministic,test,9820,index_order,0.9997373692514451,99.13772411390593,0.0,0.01008535571653398,1
DLinear_Weather_h720_revin_s2021_det,Weather,DLinear,revin,720,2021,deterministic,test,9820,full_permutation,0.00015378596315877093,0.025346585212107836,0.4898892581133285,0.01008535571653398,0
DLinear_Weather_h720_san_lite_s2021_det,Weather,DLinear,san_lite,720,2021,deterministic,val,4551,index_order,0.9967206627646968,67.27288871120989,0.0,0.014819349400382651,1
DLinear_Weather_h720_san_lite_s2021_det,Weather,DLinear,san_lite,720,2021,deterministic,val,4551,full_permutation,0.019664427412861497,1.341773319153153,0.08983475284221493,0.014819349400382651,0
DLinear_Weather_h720_san_lite_s2021_det,Weather,DLinear,san_lite,720,2021,deterministic,test,9820,index_order,0.9974646279792407,98.9149757987116,0.0,0.010085090384838766,1
DLinear_Weather_h720_san_lite_s2021_det,Weather,DLinear,san_lite,720,2021,deterministic,test,9820,full_permutation,0.014587132243353434,1.456504111290922,0.07262665696234949,0.010085090384838766,0
DLinear_Weather_h96_fredf_s2021_det,Weather,DLinear,fredf,96,2021,deterministic,val,5175,index_order,0.989103092516966,71.45753168311265,0.0,0.013844535954120905,1
DLinear_Weather_h96_fredf_s2021_det,Weather,DLinear,fredf,96,2021,deterministic,val,5175,full_permutation,-0.01277825385567516,-0.9090214243915032,0.8183305915368214,0.013844535954120905,0
DLinear_Weather_h96_fredf_s2021_det,Weather,DLinear,fredf,96,2021,deterministic,test,10444,index_order,0.9959011772858997,101.81208137718579,0.0,0.009782698887374406,1
DLinear_Weather_h96_fredf_s2021_det,Weather,DLinear,fredf,96,2021,deterministic,test,10444,full_permutation,0.02431638297260826,2.495440284693101,0.006290046381095814,0.009782698887374406,1
DLinear_Weather_h96_none_s2021_det,Weather,DLinear,none,96,2021,deterministic,val,5175,index_order,0.9934257600444932,71.72652248361341,0.0,0.013852881747252079,1
DLinear_Weather_h96_none_s2021_det,Weather,DLinear,none,96,2021,deterministic,val,5175,full_permutation,0.009057335732683197,0.6677751217459852,0.25213857465521694,0.013852881747252079,0
DLinear_Weather_h96_none_s2021_det,Weather,DLinear,none,96,2021,deterministic,test,10444,index_order,0.996665321119819,101.89143557648858,0.0,0.00978257959959286,1
DLinear_Weather_h96_none_s2021_det,Weather,DLinear,none,96,2021,deterministic,test,10444,full_permutation,0.0032140452133821488,0.3383364381198705,0.36755483372457454,0.00978257959959286,0
DLinear_Weather_h96_revin_s2021_det,Weather,DLinear,revin,96,2021,deterministic,val,5175,index_order,0.994209287628317,71.77275845980266,0.0,0.01385487450991405,1
DLinear_Weather_h96_revin_s2021_det,Weather,DLinear,revin,96,2021,deterministic,val,5175,full_permutation,-0.007983474906556967,-0.5622714834668322,0.7130344678562794,0.013854874509914048,0
DLinear_Weather_h96_revin_s2021_det,Weather,DLinear,revin,96,2021,deterministic,test,10444,index_order,0.9971597918694641,101.94868654367708,0.0,0.009781936223044775,1
DLinear_Weather_h96_revin_s2021_det,Weather,DLinear,revin,96,2021,deterministic,test,10444,full_permutation,0.006282151743791447,0.652008919536222,0.25719770919194296,0.009781936223044775,0
DLinear_Weather_h96_san_lite_s2021_det,Weather,DLinear,san_lite,96,2021,deterministic,val,5175,index_order,0.9971405322416306,71.99350738896753,0.0,0.01385310762699534,1
DLinear_Weather_h96_san_lite_s2021_det,Weather,DLinear,san_lite,96,2021,deterministic,val,5175,full_permutation,0.004528388245163163,0.3408377697566521,0.3666128574770254,0.01385310762699534,0
DLinear_Weather_h96_san_lite_s2021_det,Weather,DLinear,san_lite,96,2021,deterministic,test,10444,index_order,0.9822350123272685,100.43561906961929,0.0,0.00978070110336365,1
DLinear_Weather_h96_san_lite_s2021_det,Weather,DLinear,san_lite,96,2021,deterministic,test,10444,full_permutation,0.00450172522531233,0.47005660439816865,0.3191572885269933,0.00978070110336365,0
PatchTST_ETTh1_h336_fredf_s2021_det,ETTh1,PatchTST,fredf,336,2021,deterministic,val,2545,index_order,0.9996732160719579,50.474198902161554,0.0,0.01981341595478272,1
PatchTST_ETTh1_h336_fredf_s2021_det,ETTh1,PatchTST,fredf,336,2021,deterministic,val,2545,full_permutation,-0.03212845451733409,-1.601711326747131,0.9453902703585232,0.01981341595478272,0
PatchTST_ETTh1_h336_fredf_s2021_det,ETTh1,PatchTST,fredf,336,2021,deterministic,test,2545,index_order,0.9986197405909198,50.42948163260248,0.0,0.019810095008116597,1
PatchTST_ETTh1_h336_fredf_s2021_det,ETTh1,PatchTST,fredf,336,2021,deterministic,test,2545,full_permutation,0.023317036634156067,1.1968705039247838,0.11567851623894643,0.019810095008116597,0
PatchTST_ETTh1_h336_none_s2021_det,ETTh1,PatchTST,none,336,2021,deterministic,val,2545,index_order,0.9984709140173601,50.41507674836228,0.0,0.019812803236698717,1
PatchTST_ETTh1_h336_none_s2021_det,ETTh1,PatchTST,none,336,2021,deterministic,val,2545,full_permutation,0.009150613467881841,0.48169333308729395,0.31501190641033994,0.019812803236698717,0
PatchTST_ETTh1_h336_none_s2021_det,ETTh1,PatchTST,none,336,2021,deterministic,test,2545,index_order,0.9962367203456343,50.30493582878322,0.0,0.019811769674028566,1
PatchTST_ETTh1_h336_none_s2021_det,ETTh1,PatchTST,none,336,2021,deterministic,test,2545,full_permutation,0.002620628067619846,0.15211714441526322,0.4395472711402337,0.019811769674028566,0
PatchTST_ETTh1_h336_san_lite_s2021_det,ETTh1,PatchTST,san_lite,336,2021,deterministic,val,2545,index_order,0.9990322355557292,50.44062726054879,0.0,0.01981389549646655,1
PatchTST_ETTh1_h336_san_lite_s2021_det,ETTh1,PatchTST,san_lite,336,2021,deterministic,val,2545,full_permutation,-0.006241553335374143,-0.2951702039314189,0.6160680688506643,0.01981389549646655,0
PatchTST_ETTh1_h336_san_lite_s2021_det,ETTh1,PatchTST,san_lite,336,2021,deterministic,test,2545,index_order,0.9965509204738167,50.321391467555856,0.0,0.01981153487930856,1
PatchTST_ETTh1_h336_san_lite_s2021_det,ETTh1,PatchTST,san_lite,336,2021,deterministic,test,2545,full_permutation,-0.0019708355202704047,-0.07963813853271627,0.5317374693148165,0.01981153487930856,0
PatchTST_ETTh1_h96_fredf_s2021_det,ETTh1,PatchTST,fredf,96,2021,deterministic,val,2785,index_order,0.9989892517014349,52.81738094106369,0.0,0.01892082548013612,1
PatchTST_ETTh1_h96_fredf_s2021_det,ETTh1,PatchTST,fredf,96,2021,deterministic,val,2785,full_permutation,0.005895287244548683,0.33056077037514847,0.37048814124487084,0.01892082548013612,0
PatchTST_ETTh1_h96_fredf_s2021_det,ETTh1,PatchTST,fredf,96,2021,deterministic,test,2785,index_order,0.996679625666515,52.7070644684576,0.0,0.0189166069316095,1
PatchTST_ETTh1_h96_fredf_s2021_det,ETTh1,PatchTST,fredf,96,2021,deterministic,test,2785,full_permutation,0.01982618500301466,1.0670719372819393,0.14296967641300212,0.0189166069316095,0
PatchTST_ETTh1_h96_none_s2021_det,ETTh1,PatchTST,none,96,2021,deterministic,val,2785,index_order,0.9977169102901677,52.773000216275534,0.0,0.01891262769981104,1
PatchTST_ETTh1_h96_none_s2021_det,ETTh1,PatchTST,none,96,2021,deterministic,val,2785,full_permutation,-0.01849951389622611,-0.959164362660642,0.831262024781511,0.01891262769981104,0
PatchTST_ETTh1_h96_none_s2021_det,ETTh1,PatchTST,none,96,2021,deterministic,test,2785,index_order,0.9946892418376209,52.61127078301038,0.0,0.01891321806963933,1
PatchTST_ETTh1_h96_none_s2021_det,ETTh1,PatchTST,none,96,2021,deterministic,test,2785,full_permutation,-0.021592320265500713,-1.1226606061972388,0.8692091675842448,0.01891321806963933,0
PatchTST_ETTh1_h96_san_lite_s2021_det,ETTh1,PatchTST,san_lite,96,2021,deterministic,val,2785,index_order,0.9984463122700484,52.785993175661716,0.0,0.01892179056570013,1
PatchTST_ETTh1_h96_san_lite_s2021_det,ETTh1,PatchTST,san_lite,96,2021,deterministic,val,2785,full_permutation,0.01589534052036676,0.859037936511701,0.19515979318768928,0.01892179056570013,0
PatchTST_ETTh1_h96_san_lite_s2021_det,ETTh1,PatchTST,san_lite,96,2021,deterministic,test,2785,index_order,0.9946979069553658,52.59111498321265,0.0,0.018920631416072694,1
PatchTST_ETTh1_h96_san_lite_s2021_det,ETTh1,PatchTST,san_lite,96,2021,deterministic,test,2785,full_permutation,-0.031823867741289376,-1.6629821514445824,0.9518419958318075,0.018920631416072694,0
PatchTST_ETTh2_h336_fredf_s2021_det,ETTh2,PatchTST,fredf,336,2021,deterministic,val,2545,index_order,0.9995112366968182,50.52112765173099,0.0,0.019791805229501146,1
PatchTST_ETTh2_h336_fredf_s2021_det,ETTh2,PatchTST,fredf,336,2021,deterministic,val,2545,full_permutation,-0.007645218063780322,-0.3664211636422224,0.6429745850388421,0.019791805229501146,0
PatchTST_ETTh2_h336_fredf_s2021_det,ETTh2,PatchTST,fredf,336,2021,deterministic,test,2545,index_order,0.9963775812777695,50.31206392756657,0.0,0.019811762532219106,1
PatchTST_ETTh2_h336_fredf_s2021_det,ETTh2,PatchTST,fredf,336,2021,deterministic,test,2545,full_permutation,0.024746436851924295,1.2689188340536162,0.102235007103601,0.019811762532219106,0
PatchTST_ETTh2_h336_none_s2021_det,ETTh2,PatchTST,none,336,2021,deterministic,val,2545,index_order,0.9958273843911013,50.32840249039249,0.0,0.01979439872629143,1
PatchTST_ETTh2_h336_none_s2021_det,ETTh2,PatchTST,none,336,2021,deterministic,val,2545,full_permutation,0.03659500468150246,1.8686137908993525,0.030838282843766357,0.01979439872629143,1
PatchTST_ETTh2_h336_none_s2021_det,ETTh2,PatchTST,none,336,2021,deterministic,test,2545,index_order,0.9908507865044945,50.0335530916668,0.0,0.019811582568390385,1
PatchTST_ETTh2_h336_none_s2021_det,ETTh2,PatchTST,none,336,2021,deterministic,test,2545,full_permutation,0.01682108464922383,0.8688940598665513,0.19245253945074542,0.019811582568390385,0
PatchTST_ETTh2_h336_san_lite_s2021_det,ETTh2,PatchTST,san_lite,336,2021,deterministic,val,2545,index_order,0.9938841518409156,50.23390003585621,0.0,0.019792953222668788,1
PatchTST_ETTh2_h336_san_lite_s2021_det,ETTh2,PatchTST,san_lite,336,2021,deterministic,val,2545,full_permutation,0.03034624928544435,1.553044192073622,0.060206288667047574,0.019792953222668788,0
PatchTST_ETTh2_h336_san_lite_s2021_det,ETTh2,PatchTST,san_lite,336,2021,deterministic,test,2545,index_order,0.987508036797713,49.86537055116102,0.0,0.019811366237520476,1
PatchTST_ETTh2_h336_san_lite_s2021_det,ETTh2,PatchTST,san_lite,336,2021,deterministic,test,2545,full_permutation,0.025070973537157776,1.2853255546777,0.09933927188689695,0.019811366237520476,0
PatchTST_ETTh2_h96_fredf_s2021_det,ETTh2,PatchTST,fredf,96,2021,deterministic,val,2785,index_order,0.9953778479830665,52.61167301911761,0.0,0.018926161937932336,1
PatchTST_ETTh2_h96_fredf_s2021_det,ETTh2,PatchTST,fredf,96,2021,deterministic,val,2785,full_permutation,-0.018999556900606288,-0.984899186609405,0.8376632035188087,0.018926161937932336,0
PatchTST_ETTh2_h96_fredf_s2021_det,ETTh2,PatchTST,fredf,96,2021,deterministic,test,2785,index_order,0.9968723477473892,52.677459428963786,0.0,0.01893089670534448,1
PatchTST_ETTh2_h96_fredf_s2021_det,ETTh2,PatchTST,fredf,96,2021,deterministic,test,2785,full_permutation,0.013076914701047907,0.7097450433794581,0.23893112716690523,0.01893089670534448,0
PatchTST_ETTh2_h96_none_s2021_det,ETTh2,PatchTST,none,96,2021,deterministic,val,2785,index_order,0.9859832533789916,52.10956555421825,0.0,0.018928241644137953,1
PatchTST_ETTh2_h96_none_s2021_det,ETTh2,PatchTST,none,96,2021,deterministic,val,2785,full_permutation,0.03330147878729936,1.7783307516059146,0.037674774293399084,0.01892824164413795,1
PatchTST_ETTh2_h96_none_s2021_det,ETTh2,PatchTST,none,96,2021,deterministic,test,2785,index_order,0.9913612906886033,52.387647708279005,0.0,0.01893042595867837,1
PatchTST_ETTh2_h96_none_s2021_det,ETTh2,PatchTST,none,96,2021,deterministic,test,2785,full_permutation,0.04010978866693604,2.1377746151920314,0.016267520114289707,0.01893042595867837,1
PatchTST_ETTh2_h96_san_lite_s2021_det,ETTh2,PatchTST,san_lite,96,2021,deterministic,val,2785,index_order,0.9737708954323782,51.46583314287961,0.0,0.018927704679924134,1
PatchTST_ETTh2_h96_san_lite_s2021_det,ETTh2,PatchTST,san_lite,96,2021,deterministic,val,2785,full_permutation,-0.011498409810454606,-0.5885137472569867,0.7219062453908438,0.018927704679924134,0
PatchTST_ETTh2_h96_san_lite_s2021_det,ETTh2,PatchTST,san_lite,96,2021,deterministic,test,2785,index_order,0.986696709786142,52.14601795516502,0.0,0.018928691852120105,1
PatchTST_ETTh2_h96_san_lite_s2021_det,ETTh2,PatchTST,san_lite,96,2021,deterministic,test,2785,full_permutation,0.016217102505166937,0.8757233747037391,0.19059021743450966,0.018928691852120105,0
PatchTST_ETTm1_h336_fredf_s2021_det,ETTm1,PatchTST,fredf,336,2021,deterministic,val,11185,index_order,0.9997394206248053,105.79244657734354,0.0,0.009450852744402933,1
PatchTST_ETTm1_h336_fredf_s2021_det,ETTm1,PatchTST,fredf,336,2021,deterministic,val,11185,full_permutation,-0.006338581156344714,-0.6612279206511926,0.7457669209113699,0.009450852744402933,0
PatchTST_ETTm1_h336_fredf_s2021_det,ETTm1,PatchTST,fredf,336,2021,deterministic,test,11185,index_order,0.9991411748385406,105.70844607102576,0.0,0.00945270340664111,1
PatchTST_ETTm1_h336_fredf_s2021_det,ETTm1,PatchTST,fredf,336,2021,deterministic,test,11185,full_permutation,0.009350337581973386,0.9986297700956029,0.15898703660775682,0.00945270340664111,0
PatchTST_ETTm1_h336_none_s2021_det,ETTm1,PatchTST,none,336,2021,deterministic,val,11185,index_order,0.9986401648912767,105.69140239840931,0.0,0.009449487429207303,1
PatchTST_ETTm1_h336_none_s2021_det,ETTm1,PatchTST,none,336,2021,deterministic,val,11185,full_permutation,-0.0015541167902667317,-0.15500347013076626,0.5615907091983573,0.009449487429207301,0
PatchTST_ETTm1_h336_none_s2021_det,ETTm1,PatchTST,none,336,2021,deterministic,test,11185,index_order,0.9966031274464066,105.45341479811142,0.0,0.009451496120844814,1
PatchTST_ETTm1_h336_none_s2021_det,ETTm1,PatchTST,none,336,2021,deterministic,test,11185,full_permutation,-0.01849778935376587,-1.9476679322107058,0.9742726452252717,0.009451496120844814,0
PatchTST_ETTm1_h336_san_lite_s2021_det,ETTm1,PatchTST,san_lite,336,2021,deterministic,val,11185,index_order,0.9975354066120885,105.56814628780836,0.0,0.009450055297362769,1
PatchTST_ETTm1_h336_san_lite_s2021_det,ETTm1,PatchTST,san_lite,336,2021,deterministic,val,11185,full_permutation,0.0004155628527851588,0.053436332876129235,0.4786921285523521,0.009450055297362769,0
PatchTST_ETTm1_h336_san_lite_s2021_det,ETTm1,PatchTST,san_lite,336,2021,deterministic,test,11185,index_order,0.9917138560723862,104.92493484580343,0.0,0.009452503077344887,1
PatchTST_ETTm1_h336_san_lite_s2021_det,ETTm1,PatchTST,san_lite,336,2021,deterministic,test,11185,full_permutation,-0.0031258151247439392,-0.3212272614053766,0.6259809128132076,0.009452503077344887,0
PatchTST_ETTm1_h96_fredf_s2021_det,ETTm1,PatchTST,fredf,96,2021,deterministic,val,11425,index_order,0.9985225447672095,106.80062686576997,0.0,0.009350226764458005,1
PatchTST_ETTm1_h96_fredf_s2021_det,ETTm1,PatchTST,fredf,96,2021,deterministic,val,11425,full_permutation,0.022773582051993566,2.4449799605822005,0.0072430095309757,0.009350226764458005,1
PatchTST_ETTm1_h96_fredf_s2021_det,ETTm1,PatchTST,fredf,96,2021,deterministic,test,11425,index_order,0.9975139624813489,106.65653000992671,0.0,0.009353402903718187,1
PatchTST_ETTm1_h96_fredf_s2021_det,ETTm1,PatchTST,fredf,96,2021,deterministic,test,11425,full_permutation,-0.013741197081229084,-1.459753440300946,0.9278210755548857,0.009353402903718187,0
PatchTST_ETTm1_h96_none_s2021_det,ETTm1,PatchTST,none,96,2021,deterministic,val,11425,index_order,0.9959155038783677,106.53135572200605,0.0,0.00934938856397779,1
PatchTST_ETTm1_h96_none_s2021_det,ETTm1,PatchTST,none,96,2021,deterministic,val,11425,full_permutation,0.010157958228587964,1.0958463403765646,0.13657301249768705,0.00934938856397779,0
PatchTST_ETTm1_h96_none_s2021_det,ETTm1,PatchTST,none,96,2021,deterministic,test,11425,index_order,0.99467591670787,106.36152419897125,0.0,0.009352662621315623,1
PatchTST_ETTm1_h96_none_s2021_det,ETTm1,PatchTST,none,96,2021,deterministic,test,11425,full_permutation,-0.01085886150777153,-1.1516855605608005,0.8752748460426973,0.009352662621315623,0
PatchTST_ETTm1_h96_san_lite_s2021_det,ETTm1,PatchTST,san_lite,96,2021,deterministic,val,11425,index_order,0.9942699429682218,106.3535398694715,0.0,0.009349547548700399,1
PatchTST_ETTm1_h96_san_lite_s2021_det,ETTm1,PatchTST,san_lite,96,2021,deterministic,val,11425,full_permutation,0.010727503889139345,1.1567446282091216,0.12368835526418731,0.009349547548700399,0
PatchTST_ETTm1_h96_san_lite_s2021_det,ETTm1,PatchTST,san_lite,96,2021,deterministic,test,11425,index_order,0.9895822435091952,105.80763902313416,0.0,0.009353481352200061,1
PatchTST_ETTm1_h96_san_lite_s2021_det,ETTm1,PatchTST,san_lite,96,2021,deterministic,test,11425,full_permutation,-0.00011424363903509543,-0.0028554742372166025,0.5011391678557441,0.009353481352200061,0
PatchTST_ETTm2_h336_fredf_s2021_det,ETTm2,PatchTST,fredf,336,2021,deterministic,val,11185,index_order,0.9992954866536455,105.72053759250349,0.0,0.009453081897422107,1
PatchTST_ETTm2_h336_fredf_s2021_det,ETTm2,PatchTST,fredf,336,2021,deterministic,val,11185,full_permutation,0.021198201782076674,2.251923283946629,0.012163560220741651,0.009453081897422107,1
PatchTST_ETTm2_h336_fredf_s2021_det,ETTm2,PatchTST,fredf,336,2021,deterministic,test,11185,index_order,0.999692242262305,105.75866283031219,0.0,0.009453425648111859,1
PatchTST_ETTm2_h336_fredf_s2021_det,ETTm2,PatchTST,fredf,336,2021,deterministic,test,11185,full_permutation,0.0022957645689505725,0.25230832774461104,0.40040137585705976,0.009453425648111859,0
PatchTST_ETTm2_h336_none_s2021_det,ETTm2,PatchTST,none,336,2021,deterministic,val,11185,index_order,0.9944762800887165,105.21140859796328,0.0,0.00945302136707399,1
PatchTST_ETTm2_h336_none_s2021_det,ETTm2,PatchTST,none,336,2021,deterministic,val,11185,full_permutation,-0.0016332074012683827,-0.16331222511175697,0.564863695560776,0.00945302136707399,0
PatchTST_ETTm2_h336_none_s2021_det,ETTm2,PatchTST,none,336,2021,deterministic,test,11185,index_order,0.9976050079538816,105.53914423110524,0.0,0.00945331164725909,1
PatchTST_ETTm2_h336_none_s2021_det,ETTm2,PatchTST,none,336,2021,deterministic,test,11185,full_permutation,-0.010497671563090111,-1.1010171359711125,0.8645554003870044,0.00945331164725909,0
PatchTST_ETTm2_h336_san_lite_s2021_det,ETTm2,PatchTST,san_lite,336,2021,deterministic,val,11185,index_order,0.9906405447121883,104.80385888012367,0.0,0.009453182055950665,1
PatchTST_ETTm2_h336_san_lite_s2021_det,ETTm2,PatchTST,san_lite,336,2021,deterministic,val,11185,full_permutation,0.0025775587400407407,0.28212428069598644,0.3889241079144315,0.009453182055950665,0
PatchTST_ETTm2_h336_san_lite_s2021_det,ETTm2,PatchTST,san_lite,336,2021,deterministic,test,11185,index_order,0.9959075429607154,105.35951913312702,0.0,0.009453317219016594,1
PatchTST_ETTm2_h336_san_lite_s2021_det,ETTm2,PatchTST,san_lite,336,2021,deterministic,test,11185,full_permutation,0.021950193351670352,2.3314151306715196,0.009865740227338354,0.009453317219016594,1
PatchTST_ETTm2_h96_fredf_s2021_det,ETTm2,PatchTST,fredf,96,2021,deterministic,val,11425,index_order,0.9966299539538466,106.58003289681609,0.0,0.009351821930218484,1
PatchTST_ETTm2_h96_fredf_s2021_det,ETTm2,PatchTST,fredf,96,2021,deterministic,val,11425,full_permutation,0.003132548028458966,0.34432681315921276,0.3653002608834982,0.009351821930218484,0
PatchTST_ETTm2_h96_fredf_s2021_det,ETTm2,PatchTST,fredf,96,2021,deterministic,test,11425,index_order,0.9984540332830316,106.78548184928462,0.0,0.009350911294349576,1
PatchTST_ETTm2_h96_fredf_s2021_det,ETTm2,PatchTST,fredf,96,2021,deterministic,test,11425,full_permutation,-0.010774300537201787,-1.1428581864158864,0.8734512621999538,0.009350911294349576,0
PatchTST_ETTm2_h96_none_s2021_det,ETTm2,PatchTST,none,96,2021,deterministic,val,11425,index_order,0.9812849681064596,104.95700490351146,0.0,0.009350233498208677,1
PatchTST_ETTm2_h96_none_s2021_det,ETTm2,PatchTST,none,96,2021,deterministic,val,11425,full_permutation,0.013456310120012655,1.448503412948243,0.07373815608812474,0.009350233498208677,0
PatchTST_ETTm2_h96_none_s2021_det,ETTm2,PatchTST,none,96,2021,deterministic,test,11425,index_order,0.9927776535549754,106.19437951164409,0.0,0.009349507884832214,1
PatchTST_ETTm2_h96_none_s2021_det,ETTm2,PatchTST,none,96,2021,deterministic,test,11425,full_permutation,-0.008459662448074477,-0.8954618293494409,0.8147298691676854,0.009349507884832213,0
PatchTST_ETTm2_h96_san_lite_s2021_det,ETTm2,PatchTST,san_lite,96,2021,deterministic,val,11425,index_order,0.9725414092806612,104.00347791447393,0.0,0.009351888646401778,1
PatchTST_ETTm2_h96_san_lite_s2021_det,ETTm2,PatchTST,san_lite,96,2021,deterministic,val,11425,full_permutation,-0.0016761633151021055,-0.16987245690823555,0.5674447787625939,0.009351888646401778,0
PatchTST_ETTm2_h96_san_lite_s2021_det,ETTm2,PatchTST,san_lite,96,2021,deterministic,test,11425,index_order,0.9891428626898726,105.78774001967514,0.0,0.009351087352087247,1
PatchTST_ETTm2_h96_san_lite_s2021_det,ETTm2,PatchTST,san_lite,96,2021,deterministic,test,11425,full_permutation,-0.014093846284375251,-1.4978270165814798,0.9329109001939629,0.009351087352087246,0
PatchTST_Exchange_h336_fredf_s2021_det,Exchange,PatchTST,fredf,336,2021,deterministic,val,425,index_order,0.9977433835543419,20.637849841605842,6.276178448913717e-95,0.04845959641125876,1
PatchTST_Exchange_h336_fredf_s2021_det,Exchange,PatchTST,fredf,336,2021,deterministic,val,425,full_permutation,-0.17070080171473756,-3.4738694420820306,0.9997434947068258,0.04845959641125876,0
PatchTST_Exchange_h336_fredf_s2021_det,Exchange,PatchTST,fredf,336,2021,deterministic,test,1182,index_order,0.9993753316567814,34.41799922276099,6.783060097327397e-260,0.02906101732508984,1
PatchTST_Exchange_h336_fredf_s2021_det,Exchange,PatchTST,fredf,336,2021,deterministic,test,1182,full_permutation,-0.015249840821725447,-0.49561584888104115,0.6899172656509659,0.02906101732508984,0
PatchTST_Exchange_h336_none_s2021_det,Exchange,PatchTST,none,336,2021,deterministic,val,425,index_order,0.9938870908938725,20.580267105262813,2.062014056473884e-94,0.048407806194369025,1
PatchTST_Exchange_h336_none_s2021_det,Exchange,PatchTST,none,336,2021,deterministic,val,425,full_permutation,0.06405769354821428,1.3720139236960047,0.08502955167180026,0.048407806194369025,0
PatchTST_Exchange_h336_none_s2021_det,Exchange,PatchTST,none,336,2021,deterministic,test,1182,index_order,0.9972327865531705,34.35723673900364,5.49085696900698e-259,0.029050052371380527,1
PatchTST_Exchange_h336_none_s2021_det,Exchange,PatchTST,none,336,2021,deterministic,test,1182,full_permutation,-0.02927407217299914,-0.9785638854889198,0.8361022445635865,0.029050052371380527,0
PatchTST_Exchange_h336_san_lite_s2021_det,Exchange,PatchTST,san_lite,336,2021,deterministic,val,425,index_order,0.9900626132534455,20.492164037082663,1.264493618083112e-93,0.04842929726814581,1
PatchTST_Exchange_h336_san_lite_s2021_det,Exchange,PatchTST,san_lite,336,2021,deterministic,val,425,full_permutation,0.008116079896993051,0.21628582395145338,0.41438247920484206,0.04842929726814581,0
PatchTST_Exchange_h336_san_lite_s2021_det,Exchange,PatchTST,san_lite,336,2021,deterministic,test,1182,index_order,0.9962402494435257,34.310552106291354,2.731147702696503e-258,0.029060651265693255,1
PatchTST_Exchange_h336_san_lite_s2021_det,Exchange,PatchTST,san_lite,336,2021,deterministic,test,1182,full_permutation,-0.007741640137322544,-0.23725896654827291,0.5937720533718057,0.029060651265693255,0
PatchTST_Exchange_h96_fredf_s2021_det,Exchange,PatchTST,fredf,96,2021,deterministic,val,665,index_order,0.9963782979550335,25.81356948153421,3.1220505081411015e-147,0.0386573551079504,1
PatchTST_Exchange_h96_fredf_s2021_det,Exchange,PatchTST,fredf,96,2021,deterministic,val,665,full_permutation,-0.0070399222449377095,-0.14315252901029557,0.5569151400238226,0.0386573551079504,0
PatchTST_Exchange_h96_fredf_s2021_det,Exchange,PatchTST,fredf,96,2021,deterministic,test,1422,index_order,0.9985264404846016,37.703808424212276,0.0,0.026502101830400096,1
PatchTST_Exchange_h96_fredf_s2021_det,Exchange,PatchTST,fredf,96,2021,deterministic,test,1422,full_permutation,-0.026241170216432092,-0.9636005707052776,0.8323768897004089,0.026502101830400096,0
PatchTST_Exchange_h96_none_s2021_det,Exchange,PatchTST,none,96,2021,deterministic,val,665,index_order,0.9846298455338794,25.61623848722069,5.029487978647477e-145,0.038496513456580436,1
PatchTST_Exchange_h96_none_s2021_det,Exchange,PatchTST,none,96,2021,deterministic,val,665,full_permutation,0.011606637799646614,0.34061946702840257,0.3666950361841037,0.038496513456580436,0
PatchTST_Exchange_h96_none_s2021_det,Exchange,PatchTST,none,96,2021,deterministic,test,1422,index_order,0.9772741863402998,36.9007995867582,2.2432996471715006e-298,0.026502892269548953,1
PatchTST_Exchange_h96_none_s2021_det,Exchange,PatchTST,none,96,2021,deterministic,test,1422,full_permutation,0.011613870326663498,0.4647643724751217,0.32105010202020523,0.026502892269548956,0
PatchTST_Exchange_h96_san_lite_s2021_det,Exchange,PatchTST,san_lite,96,2021,deterministic,val,665,index_order,0.9753996516365439,25.357057660158116,3.755989348334487e-142,0.038525987077273456,1
PatchTST_Exchange_h96_san_lite_s2021_det,Exchange,PatchTST,san_lite,96,2021,deterministic,val,665,full_permutation,0.007585197251378057,0.23597633798529008,0.40672551563865156,0.038525987077273456,0
PatchTST_Exchange_h96_san_lite_s2021_det,Exchange,PatchTST,san_lite,96,2021,deterministic,test,1422,index_order,0.9655976147827906,36.46653970215429,1.8812169938137466e-291,0.02649830097516696,1
PatchTST_Exchange_h96_san_lite_s2021_det,Exchange,PatchTST,san_lite,96,2021,deterministic,test,1422,full_permutation,0.0020916939731923344,0.10549445202472638,0.45799173603444177,0.02649830097516696,0
PatchTST_ILI_h24_fredf_s2021_det,ILI,PatchTST,fredf,24,2021,deterministic,val,74,index_order,0.9817421517420429,8.647913553935599,2.622476873638526e-18,0.11510762401481357,1
PatchTST_ILI_h24_fredf_s2021_det,ILI,PatchTST,fredf,24,2021,deterministic,val,74,full_permutation,0.08483763699536055,0.8560359748166282,0.19598894047215581,0.11510762401481357,0
PatchTST_ILI_h24_fredf_s2021_det,ILI,PatchTST,fredf,24,2021,deterministic,test,170,index_order,0.9812253727484771,12.938364247763296,1.3669424332045024e-38,0.07629577538616922,1
PatchTST_ILI_h24_fredf_s2021_det,ILI,PatchTST,fredf,24,2021,deterministic,test,170,full_permutation,-0.07875677601318838,-0.9547005175738607,0.8301354159674499,0.07629577538616922,0
PatchTST_ILI_h24_none_s2021_det,ILI,PatchTST,none,24,2021,deterministic,val,74,index_order,0.9808552456718158,8.63731072480456,2.877584847436002e-18,0.11514624256282112,1
PatchTST_ILI_h24_none_s2021_det,ILI,PatchTST,none,24,2021,deterministic,val,74,full_permutation,-0.07503319417576254,-0.5326666565373466,0.7028678242925986,0.11514624256282112,0
PatchTST_ILI_h24_none_s2021_det,ILI,PatchTST,none,24,2021,deterministic,test,170,index_order,0.9801240772973702,12.922905344675666,1.6713831382613866e-38,0.07630182306233019,1
PatchTST_ILI_h24_none_s2021_det,ILI,PatchTST,none,24,2021,deterministic,test,170,full_permutation,-0.05428453434374542,-0.6338953990774374,0.7369254557954097,0.07630182306233019,0
PatchTST_ILI_h24_san_lite_s2021_det,ILI,PatchTST,san_lite,24,2021,deterministic,val,74,index_order,0.9809371130994976,8.630105473120091,3.0647711903976007e-18,0.11525186410924448,1
PatchTST_ILI_h24_san_lite_s2021_det,ILI,PatchTST,san_lite,24,2021,deterministic,val,74,full_permutation,-0.012772359210521913,0.0080369279371169,0.49679376415769194,0.11525186410924448,0
PatchTST_ILI_h24_san_lite_s2021_det,ILI,PatchTST,san_lite,24,2021,deterministic,test,170,index_order,0.9858479848928282,13.011041007932347,5.294483379107671e-39,0.07622488808170688,1
PatchTST_ILI_h24_san_lite_s2021_det,ILI,PatchTST,san_lite,24,2021,deterministic,test,170,full_permutation,-0.06123698798289077,-0.7257449582645344,0.7660024324267752,0.07622488808170687,0
PatchTST_ILI_h48_fredf_s2021_det,ILI,PatchTST,fredf,48,2021,deterministic,val,50,index_order,0.9297523256098225,6.74830186411567,7.479274464124278e-12,0.14079993871163946,1
PatchTST_ILI_h48_fredf_s2021_det,ILI,PatchTST,fredf,48,2021,deterministic,val,50,full_permutation,-0.11650422297740551,-0.6825007211750684,0.7525388065437681,0.14079993871163948,0
PatchTST_ILI_h48_fredf_s2021_det,ILI,PatchTST,fredf,48,2021,deterministic,test,146,index_order,0.9801211329205017,11.969679107397187,2.5613180230243706e-33,0.08245982835368318,1
PatchTST_ILI_h48_fredf_s2021_det,ILI,PatchTST,fredf,48,2021,deterministic,test,146,full_permutation,-0.06722228843421778,-0.7315772772571545,0.7677866892444368,0.08245982835368318,0
PatchTST_ILI_h48_none_s2021_det,ILI,PatchTST,none,48,2021,deterministic,val,50,index_order,0.9185582933016473,6.663736101498098,1.3347631694794117e-11,0.1409069090169794,1
PatchTST_ILI_h48_none_s2021_det,ILI,PatchTST,none,48,2021,deterministic,val,50,full_permutation,0.0948931666112806,0.8182801729239041,0.2065986124170746,0.1409069090169794,0
PatchTST_ILI_h48_none_s2021_det,ILI,PatchTST,none,48,2021,deterministic,test,146,index_order,0.9765215633330915,11.93123935405715,4.0676593386555705e-33,0.08242380241268261,1
PatchTST_ILI_h48_none_s2021_det,ILI,PatchTST,none,48,2021,deterministic,test,146,full_permutation,-0.09434696272659432,-1.0609849150686639,0.8556516216601624,0.08242380241268261,0
PatchTST_ILI_h48_san_lite_s2021_det,ILI,PatchTST,san_lite,48,2021,deterministic,val,50,index_order,0.8728535317066778,6.39550079533006,8.001100451769863e-11,0.13967032818199882,1
PatchTST_ILI_h48_san_lite_s2021_det,ILI,PatchTST,san_lite,48,2021,deterministic,val,50,full_permutation,0.011994437874597858,0.23199344887112636,0.4082715510280792,0.13967032818199882,0
PatchTST_ILI_h48_san_lite_s2021_det,ILI,PatchTST,san_lite,48,2021,deterministic,test,146,index_order,0.9850009908343557,12.034795153913944,1.1660608163392643e-33,0.08241914630644209,1
PatchTST_ILI_h48_san_lite_s2021_det,ILI,PatchTST,san_lite,48,2021,deterministic,test,146,full_permutation,-0.008680609087919967,-0.02164615194082142,0.5086348908904187,0.08241914630644209,0
PatchTST_Weather_h336_fredf_s2021_det,Weather,PatchTST,fredf,336,2021,deterministic,val,4935,index_order,0.9992039623574621,70.25818630498301,0.0,0.014224771378715858,1
PatchTST_Weather_h336_fredf_s2021_det,Weather,PatchTST,fredf,336,2021,deterministic,val,4935,full_permutation,-0.0020371704119979002,-0.1289648212270089,0.5513072575419324,0.014224771378715858,0
PatchTST_Weather_h336_fredf_s2021_det,Weather,PatchTST,fredf,336,2021,deterministic,test,10204,index_order,0.9993557281047285,100.9978348083287,0.0,0.00989579371073221,1
PatchTST_Weather_h336_fredf_s2021_det,Weather,PatchTST,fredf,336,2021,deterministic,test,10204,full_permutation,0.00010723534731793979,0.02074070483063839,0.49172624911798185,0.00989579371073221,0
PatchTST_Weather_h336_none_s2021_det,Weather,PatchTST,none,336,2021,deterministic,val,4935,index_order,0.9968305985725364,70.08927913792444,0.0,0.014225189446230172,1
PatchTST_Weather_h336_none_s2021_det,Weather,PatchTST,none,336,2021,deterministic,val,4935,full_permutation,0.002124532214488747,0.16359764749932515,0.43502394838884495,0.014225189446230172,0
PatchTST_Weather_h336_none_s2021_det,Weather,PatchTST,none,336,2021,deterministic,test,10204,index_order,0.9977379862439387,100.82864060602496,0.0,0.00989635475233626,1
PatchTST_Weather_h336_none_s2021_det,Weather,PatchTST,none,336,2021,deterministic,test,10204,full_permutation,-0.002555575890770253,-0.2483303765044239,0.5980606010548454,0.00989635475233626,0
PatchTST_Weather_h336_san_lite_s2021_det,Weather,PatchTST,san_lite,336,2021,deterministic,val,4935,index_order,0.9954530524326826,69.99415094194008,0.0,0.014224841852467396,1
PatchTST_Weather_h336_san_lite_s2021_det,Weather,PatchTST,san_lite,336,2021,deterministic,val,4935,full_permutation,0.01018564982294868,0.7302945962308531,0.23260506529989589,0.014224841852467396,0
PatchTST_Weather_h336_san_lite_s2021_det,Weather,PatchTST,san_lite,336,2021,deterministic,test,10204,index_order,0.9922774430748933,100.27851175890912,0.0,0.009896192474913034,1
PatchTST_Weather_h336_san_lite_s2021_det,Weather,PatchTST,san_lite,336,2021,deterministic,test,10204,full_permutation,0.006138939090747604,0.6302372852649735,0.2642696740829664,0.009896192474913034,0
PatchTST_Weather_h96_fredf_s2021_det,Weather,PatchTST,fredf,96,2021,deterministic,val,5175,index_order,0.9977439066237584,72.0432586948673,0.0,0.013851916178764924,1
PatchTST_Weather_h96_fredf_s2021_det,Weather,PatchTST,fredf,96,2021,deterministic,val,5175,full_permutation,0.03785099630234674,2.746498742411512,0.0030117558471671104,0.013851916178764924,1
PatchTST_Weather_h96_fredf_s2021_det,Weather,PatchTST,fredf,96,2021,deterministic,test,10444,index_order,0.9963685005964702,101.86672296607867,0.0,0.00978203901633567,1
PatchTST_Weather_h96_fredf_s2021_det,Weather,PatchTST,fredf,96,2021,deterministic,test,10444,full_permutation,0.011895346664714326,1.2258287427250905,0.11013156421881892,0.00978203901633567,0
PatchTST_Weather_h96_none_s2021_det,Weather,PatchTST,none,96,2021,deterministic,val,5175,index_order,0.9962400898215548,71.92420666037077,0.0,0.01385393611068075,1
PatchTST_Weather_h96_none_s2021_det,Weather,PatchTST,none,96,2021,deterministic,val,5175,full_permutation,0.004619704115892216,0.34740871764252074,0.364142142497089,0.013853936110680752,0
PatchTST_Weather_h96_none_s2021_det,Weather,PatchTST,none,96,2021,deterministic,test,10444,index_order,0.9932236638543827,101.54446725585777,0.0,0.009782112690349946,1
PatchTST_Weather_h96_none_s2021_det,Weather,PatchTST,none,96,2021,deterministic,test,10444,full_permutation,0.010982552660094522,1.1325069476036074,0.12871068257133134,0.009782112690349946,0
PatchTST_Weather_h96_san_lite_s2021_det,Weather,PatchTST,san_lite,96,2021,deterministic,val,5175,index_order,0.9953279686133811,71.85739975131666,0.0,0.013854122833852761,1
PatchTST_Weather_h96_san_lite_s2021_det,Weather,PatchTST,san_lite,96,2021,deterministic,val,5175,full_permutation,-0.016343619746745197,-1.1657429256120628,0.8781408003909867,0.013854122833852761,0
PatchTST_Weather_h96_san_lite_s2021_det,Weather,PatchTST,san_lite,96,2021,deterministic,test,10444,index_order,0.984756435587846,100.68525900733322,0.0,0.00978149337074342,1
PatchTST_Weather_h96_san_lite_s2021_det,Weather,PatchTST,san_lite,96,2021,deterministic,test,10444,full_permutation,0.01650346320552903,1.6970027479797447,0.044848070501321426,0.00978149337074342,1
iTransformer_ETTh1_h336_fredf_s2021_det,ETTh1,iTransformer,fredf,336,2021,deterministic,val,2545,index_order,0.9987026748880155,50.42784504657131,0.0,0.019812382538383962,1
iTransformer_ETTh1_h336_fredf_s2021_det,ETTh1,iTransformer,fredf,336,2021,deterministic,val,2545,full_permutation,-0.015129965984556846,-0.7438219101109987,0.7715078884398554,0.019812382538383962,0
iTransformer_ETTh1_h336_fredf_s2021_det,ETTh1,iTransformer,fredf,336,2021,deterministic,test,2545,index_order,0.9952932976331852,50.253677113866864,0.0,0.019813204457419582,1
iTransformer_ETTh1_h336_fredf_s2021_det,ETTh1,iTransformer,fredf,336,2021,deterministic,test,2545,full_permutation,-0.018536317282898795,-0.915714343981258,0.8200916301672567,0.01981320445741958,0
iTransformer_ETTh1_h336_none_s2021_det,ETTh1,iTransformer,none,336,2021,deterministic,val,2545,index_order,0.9989352399333872,50.436602063443274,0.0,0.019813553665596995,1
iTransformer_ETTh1_h336_none_s2021_det,ETTh1,iTransformer,none,336,2021,deterministic,val,2545,full_permutation,-0.027423569680916318,-1.3642422947501873,0.9137543396087311,0.019813553665596995,0
iTransformer_ETTh1_h336_none_s2021_det,ETTh1,iTransformer,none,336,2021,deterministic,test,2545,index_order,0.9947223629268025,50.22179980525141,0.0,0.019814412238243904,1
iTransformer_ETTh1_h336_none_s2021_det,ETTh1,iTransformer,none,336,2021,deterministic,test,2545,full_permutation,-0.003774276636896917,-0.17064320834935318,0.5677478395835214,0.019814412238243904,0
iTransformer_ETTh1_h336_san_lite_s2021_det,ETTh1,iTransformer,san_lite,336,2021,deterministic,val,2545,index_order,0.9976970776520204,50.37914513215625,0.0,0.019811573951777135,1
iTransformer_ETTh1_h336_san_lite_s2021_det,ETTh1,iTransformer,san_lite,336,2021,deterministic,val,2545,full_permutation,-0.009779334211457616,-0.47377621148618343,0.6821702500211538,0.019811573951777135,0
iTransformer_ETTh1_h336_san_lite_s2021_det,ETTh1,iTransformer,san_lite,336,2021,deterministic,test,2545,index_order,0.984762102291678,49.72288235980694,0.0,0.019812913839625395,1
iTransformer_ETTh1_h336_san_lite_s2021_det,ETTh1,iTransformer,san_lite,336,2021,deterministic,test,2545,full_permutation,-0.012206457305260533,-0.5962462482740802,0.7244946331005097,0.019812913839625395,0
iTransformer_ETTh1_h96_fredf_s2021_det,ETTh1,iTransformer,fredf,96,2021,deterministic,val,2785,index_order,0.9975351005921831,52.7850261156915,0.0,0.018904874534064805,1
iTransformer_ETTh1_h96_fredf_s2021_det,ETTh1,iTransformer,fredf,96,2021,deterministic,val,2785,full_permutation,-0.008650771292091346,-0.4385946002895632,0.6695223448562758,0.018904874534064805,0
iTransformer_ETTh1_h96_fredf_s2021_det,ETTh1,iTransformer,fredf,96,2021,deterministic,test,2785,index_order,0.993220449385455,52.53819013411295,0.0,0.018911569702943085,1
iTransformer_ETTh1_h96_fredf_s2021_det,ETTh1,iTransformer,fredf,96,2021,deterministic,test,2785,full_permutation,-0.018092567177375105,-0.9376996226979786,0.8258006011044144,0.018911569702943085,0
iTransformer_ETTh1_h96_none_s2021_det,ETTh1,iTransformer,none,96,2021,deterministic,val,2785,index_order,0.9964536715017025,52.74422899121532,0.0,0.01889899399363716,1
iTransformer_ETTh1_h96_none_s2021_det,ETTh1,iTransformer,none,96,2021,deterministic,val,2785,full_permutation,-0.03136338324348957,-1.6405205404916836,0.9495515093906745,0.01889899399363716,0
iTransformer_ETTh1_h96_none_s2021_det,ETTh1,iTransformer,none,96,2021,deterministic,test,2785,index_order,0.9889710035710184,52.304907535944025,0.0,0.018914672553305784,1
iTransformer_ETTh1_h96_none_s2021_det,ETTh1,iTransformer,none,96,2021,deterministic,test,2785,full_permutation,0.02577500615818965,1.3816893465555096,0.0835335534477975,0.018914672553305784,0
iTransformer_ETTh1_h96_san_lite_s2021_det,ETTh1,iTransformer,san_lite,96,2021,deterministic,val,2785,index_order,0.9964334612398617,52.679449580444114,0.0,0.01892185025813546,1
iTransformer_ETTh1_h96_san_lite_s2021_det,ETTh1,iTransformer,san_lite,96,2021,deterministic,val,2785,full_permutation,-0.0037575419910926646,-0.17959906364509426,0.571266330084005,0.01892185025813546,0
iTransformer_ETTh1_h96_san_lite_s2021_det,ETTh1,iTransformer,san_lite,96,2021,deterministic,test,2785,index_order,0.9863387604057983,52.14495688499167,0.0,0.018922212515858614,1
iTransformer_ETTh1_h96_san_lite_s2021_det,ETTh1,iTransformer,san_lite,96,2021,deterministic,test,2785,full_permutation,-0.01297547003138683,-0.6667441568217428,0.747532215889151,0.018922212515858614,0
iTransformer_ETTh2_h336_fredf_s2021_det,ETTh2,iTransformer,fredf,336,2021,deterministic,val,2545,index_order,0.9985786423439524,50.478123237876645,0.0,0.01979019147358816,1
iTransformer_ETTh2_h336_fredf_s2021_det,ETTh2,iTransformer,fredf,336,2021,deterministic,val,2545,full_permutation,-0.026806892596891153,-1.3346920301977137,0.9090114184537027,0.01979019147358816,0
iTransformer_ETTh2_h336_fredf_s2021_det,ETTh2,iTransformer,fredf,336,2021,deterministic,test,2545,index_order,0.9938263042158075,50.18009350903494,0.0,0.01981302377999364,1
iTransformer_ETTh2_h336_fredf_s2021_det,ETTh2,iTransformer,fredf,336,2021,deterministic,test,2545,full_permutation,0.010420538781372578,0.5457834534725591,0.29260739926853463,0.01981302377999364,0
iTransformer_ETTh2_h336_none_s2021_det,ETTh2,iTransformer,none,336,2021,deterministic,val,2545,index_order,0.9974582743233946,50.42047030477385,0.0,0.0197905999300035,1
iTransformer_ETTh2_h336_none_s2021_det,ETTh2,iTransformer,none,336,2021,deterministic,val,2545,full_permutation,0.025564653520040007,1.3116194240121606,0.09482428793675302,0.0197905999300035,0
iTransformer_ETTh2_h336_none_s2021_det,ETTh2,iTransformer,none,336,2021,deterministic,test,2545,index_order,0.992576016819048,50.11610274196913,0.0,0.019813374230085615,1
iTransformer_ETTh2_h336_none_s2021_det,ETTh2,iTransformer,none,336,2021,deterministic,test,2545,full_permutation,-0.018390646357756644,-0.9083543462991758,0.8181544810179506,0.019813374230085615,0
iTransformer_ETTh2_h336_san_lite_s2021_det,ETTh2,iTransformer,san_lite,336,2021,deterministic,val,2545,index_order,0.9950493653389553,50.296399459220986,0.0,0.01979152499588048,1
iTransformer_ETTh2_h336_san_lite_s2021_det,ETTh2,iTransformer,san_lite,336,2021,deterministic,val,2545,full_permutation,0.009039718131980894,0.47660803778135236,0.3168206293693183,0.01979152499588048,0
iTransformer_ETTh2_h336_san_lite_s2021_det,ETTh2,iTransformer,san_lite,336,2021,deterministic,test,2545,index_order,0.988342292017178,49.90242962941595,0.0,0.01981337143543318,1
iTransformer_ETTh2_h336_san_lite_s2021_det,ETTh2,iTransformer,san_lite,336,2021,deterministic,test,2545,full_permutation,-0.010143752986837184,-0.4921257978535301,0.6886847920037357,0.019813371435433175,0
iTransformer_ETTh2_h96_fredf_s2021_det,ETTh2,iTransformer,fredf,96,2021,deterministic,val,2785,index_order,0.9934016658031717,52.50431523515181,0.0,0.018927222586461703,1
iTransformer_ETTh2_h96_fredf_s2021_det,ETTh2,iTransformer,fredf,96,2021,deterministic,val,2785,full_permutation,-0.03711456029542517,-1.9419312434892988,0.9739272877611558,0.018927222586461703,0
iTransformer_ETTh2_h96_fredf_s2021_det,ETTh2,iTransformer,fredf,96,2021,deterministic,test,2785,index_order,0.9952302692770225,52.57794159686251,0.0,0.018935497176989738,1
iTransformer_ETTh2_h96_fredf_s2021_det,ETTh2,iTransformer,fredf,96,2021,deterministic,test,2785,full_permutation,0.0016931938984582715,0.10838845590234457,0.45684377902081585,0.018935497176989738,0
iTransformer_ETTh2_h96_none_s2021_det,ETTh2,iTransformer,none,96,2021,deterministic,val,2785,index_order,0.989842891480442,52.32356366815434,0.0,0.01892459185621959,1
iTransformer_ETTh2_h96_none_s2021_det,ETTh2,iTransformer,none,96,2021,deterministic,val,2785,full_permutation,-0.004361769884590787,-0.21150123145067906,0.5837519143060428,0.01892459185621959,0
iTransformer_ETTh2_h96_none_s2021_det,ETTh2,iTransformer,none,96,2021,deterministic,test,2785,index_order,0.9937237159028179,52.49760554566823,0.0,0.018935776231553143,1
iTransformer_ETTh2_h96_none_s2021_det,ETTh2,iTransformer,none,96,2021,deterministic,test,2785,full_permutation,-0.00013319303062547322,0.011935205027232214,0.49523865513120935,0.018935776231553143,0
iTransformer_ETTh2_h96_san_lite_s2021_det,ETTh2,iTransformer,san_lite,96,2021,deterministic,val,2785,index_order,0.9811115733621325,51.85965786069513,0.0,0.01892551569470142,1
iTransformer_ETTh2_h96_san_lite_s2021_det,ETTh2,iTransformer,san_lite,96,2021,deterministic,val,2785,full_permutation,-0.026501851167583277,-1.3813444339909635,0.9164134589502344,0.01892551569470142,0
iTransformer_ETTh2_h96_san_lite_s2021_det,ETTh2,iTransformer,san_lite,96,2021,deterministic,test,2785,index_order,0.9875241927270669,52.17925021590953,0.0,0.018932494891008584,1
iTransformer_ETTh2_h96_san_lite_s2021_det,ETTh2,iTransformer,san_lite,96,2021,deterministic,test,2785,full_permutation,-0.028027430789392533,-1.4614151777869422,0.9280492310397187,0.018932494891008584,0
iTransformer_ETTm1_h336_fredf_s2021_det,ETTm1,iTransformer,fredf,336,2021,deterministic,val,11185,index_order,0.9987352144185708,105.68722682631994,0.0,0.009450760114159887,1
iTransformer_ETTm1_h336_fredf_s2021_det,ETTm1,iTransformer,fredf,336,2021,deterministic,val,11185,full_permutation,-0.008726885744696702,-0.9139447190044323,0.8196270529251524,0.009450760114159887,0
iTransformer_ETTm1_h336_fredf_s2021_det,ETTm1,iTransformer,fredf,336,2021,deterministic,test,11185,index_order,0.9954319418263273,105.32478215231487,0.0,0.009451919433685056,1
iTransformer_ETTm1_h336_fredf_s2021_det,ETTm1,iTransformer,fredf,336,2021,deterministic,test,11185,full_permutation,0.006116452932606795,0.6565720776536323,0.25572805387393105,0.009451919433685056,0
iTransformer_ETTm1_h336_none_s2021_det,ETTm1,iTransformer,none,336,2021,deterministic,val,11185,index_order,0.9988209111600858,105.70239545194178,0.0,0.009450214636450967,1
iTransformer_ETTm1_h336_none_s2021_det,ETTm1,iTransformer,none,336,2021,deterministic,val,11185,full_permutation,0.01547091014994375,1.6465576916854012,0.04982449635516171,0.009450214636450967,1
iTransformer_ETTm1_h336_none_s2021_det,ETTm1,iTransformer,none,336,2021,deterministic,test,11185,index_order,0.9964926216476502,105.43673979524593,0.0,0.009451942814532738,1
iTransformer_ETTm1_h336_none_s2021_det,ETTm1,iTransformer,none,336,2021,deterministic,test,11185,full_permutation,0.003172503508382536,0.3451054476493187,0.3650075490648105,0.009451942814532738,0
iTransformer_ETTm1_h336_san_lite_s2021_det,ETTm1,iTransformer,san_lite,336,2021,deterministic,val,11185,index_order,0.9966445142583963,105.4631395144497,0.0,0.009451017031117441,1
iTransformer_ETTm1_h336_san_lite_s2021_det,ETTm1,iTransformer,san_lite,336,2021,deterministic,val,11185,full_permutation,-0.003991895890331698,-0.4129166659736451,0.6601661649228621,0.009451017031117441,0
iTransformer_ETTm1_h336_san_lite_s2021_det,ETTm1,iTransformer,san_lite,336,2021,deterministic,test,11185,index_order,0.9847315269589887,104.19245905400292,0.0,0.00945194066200452,1
iTransformer_ETTm1_h336_san_lite_s2021_det,ETTm1,iTransformer,san_lite,336,2021,deterministic,test,11185,full_permutation,0.005966601945924157,0.640716611568568,0.26085340974325355,0.00945194066200452,0
iTransformer_ETTm1_h96_fredf_s2021_det,ETTm1,iTransformer,fredf,96,2021,deterministic,val,11425,index_order,0.996392744137968,106.56859617572124,0.0,0.009350599659855467,1
iTransformer_ETTm1_h96_fredf_s2021_det,ETTm1,iTransformer,fredf,96,2021,deterministic,val,11425,full_permutation,0.010197057679474876,1.0998858969050813,0.13569092011400968,0.009350599659855467,0
iTransformer_ETTm1_h96_fredf_s2021_det,ETTm1,iTransformer,fredf,96,2021,deterministic,test,11425,index_order,0.9933312938535565,106.21783967677781,0.0,0.00935265518382362,1
iTransformer_ETTm1_h96_fredf_s2021_det,ETTm1,iTransformer,fredf,96,2021,deterministic,test,11425,full_permutation,0.006520293632576254,0.7065190062829192,0.23993271867920252,0.00935265518382362,0
iTransformer_ETTm1_h96_none_s2021_det,ETTm1,iTransformer,none,96,2021,deterministic,val,11425,index_order,0.9970785042461593,106.64052926793326,0.0,0.009350722901560206,1
iTransformer_ETTm1_h96_none_s2021_det,ETTm1,iTransformer,none,96,2021,deterministic,val,11425,full_permutation,0.009311571831845535,1.0051743533414788,0.15740645114398472,0.009350722901560206,0
iTransformer_ETTm1_h96_none_s2021_det,ETTm1,iTransformer,none,96,2021,deterministic,test,11425,index_order,0.9946480464901467,106.35901618352115,0.0,0.009352621124172008,1
iTransformer_ETTm1_h96_none_s2021_det,ETTm1,iTransformer,none,96,2021,deterministic,test,11425,full_permutation,-0.0008680031308850449,-0.08344913222907208,0.5332527885775772,0.009352621124172008,0
iTransformer_ETTm1_h96_san_lite_s2021_det,ETTm1,iTransformer,san_lite,96,2021,deterministic,val,11425,index_order,0.9939783508676162,106.30477048011883,0.0,0.009351093853944517,1
iTransformer_ETTm1_h96_san_lite_s2021_det,ETTm1,iTransformer,san_lite,96,2021,deterministic,val,11425,full_permutation,-0.011287694069860093,-1.1977378508643663,0.8844904555702489,0.009351093853944517,0
iTransformer_ETTm1_h96_san_lite_s2021_det,ETTm1,iTransformer,san_lite,96,2021,deterministic,test,11425,index_order,0.9853065439592175,105.35926397167694,0.0,0.009352704658587216,1
iTransformer_ETTm1_h96_san_lite_s2021_det,ETTm1,iTransformer,san_lite,96,2021,deterministic,test,11425,full_permutation,0.006635110859039108,0.7187916349814694,0.23613465625247138,0.009352704658587216,0
iTransformer_ETTm2_h336_fredf_s2021_det,ETTm2,iTransformer,fredf,336,2021,deterministic,val,11185,index_order,0.9936543925415773,105.13067550414918,0.0,0.009452462863231008,1
iTransformer_ETTm2_h336_fredf_s2021_det,ETTm2,iTransformer,fredf,336,2021,deterministic,val,11185,full_permutation,-0.0006717858254954273,-0.06161064964118952,0.52456355206552,0.009452462863231008,0
iTransformer_ETTm2_h336_fredf_s2021_det,ETTm2,iTransformer,fredf,336,2021,deterministic,test,11185,index_order,0.9975131544480325,105.52847434527237,0.0,0.009453397048381636,1
iTransformer_ETTm2_h336_fredf_s2021_det,ETTm2,iTransformer,fredf,336,2021,deterministic,test,11185,full_permutation,0.0022399791813576975,0.24640799674642055,0.40268320827121695,0.009453397048381636,0
iTransformer_ETTm2_h336_none_s2021_det,ETTm2,iTransformer,none,336,2021,deterministic,val,11185,index_order,0.9794814506518527,103.63987546059128,0.0,0.009451679286049642,1
iTransformer_ETTm2_h336_none_s2021_det,ETTm2,iTransformer,none,336,2021,deterministic,val,11185,full_permutation,0.016152057662241332,1.7183688335675693,0.042864680677467557,0.009451679286049642,1
iTransformer_ETTm2_h336_none_s2021_det,ETTm2,iTransformer,none,336,2021,deterministic,test,11185,index_order,0.9916356538624802,104.9058426262063,0.0,0.009453477923473846,1
iTransformer_ETTm2_h336_none_s2021_det,ETTm2,iTransformer,none,336,2021,deterministic,test,11185,full_permutation,0.0060085192505318465,0.6450464842333498,0.2594485312742961,0.009453477923473846,0
iTransformer_ETTm2_h336_san_lite_s2021_det,ETTm2,iTransformer,san_lite,336,2021,deterministic,val,11185,index_order,0.9704230943317641,102.67072744437044,0.0,0.009452670025206498,1
iTransformer_ETTm2_h336_san_lite_s2021_det,ETTm2,iTransformer,san_lite,336,2021,deterministic,val,11185,full_permutation,-6.637211086578001e-05,0.002437548000228976,0.4990275600051822,0.009452670025206498,0
iTransformer_ETTm2_h336_san_lite_s2021_det,ETTm2,iTransformer,san_lite,336,2021,deterministic,test,11185,index_order,0.9914885458478276,104.8909753262434,0.0,0.009453415379268767,1
iTransformer_ETTm2_h336_san_lite_s2021_det,ETTm2,iTransformer,san_lite,336,2021,deterministic,test,11185,full_permutation,0.0032001770988158915,0.3479790546189764,0.36392795681576234,0.009453415379268767,0
iTransformer_ETTm2_h96_fredf_s2021_det,ETTm2,iTransformer,fredf,96,2021,deterministic,val,11425,index_order,0.9811818309552144,104.94774044370213,0.0,0.009350076160006602,1
iTransformer_ETTm2_h96_fredf_s2021_det,ETTm2,iTransformer,fredf,96,2021,deterministic,val,11425,full_permutation,0.02106754102363245,2.2625565477343783,0.011831519637517683,0.009350076160006602,1
iTransformer_ETTm2_h96_fredf_s2021_det,ETTm2,iTransformer,fredf,96,2021,deterministic,test,11425,index_order,0.9932326368710593,106.24376525435146,0.0,0.00934944436040101,1
iTransformer_ETTm2_h96_fredf_s2021_det,ETTm2,iTransformer,fredf,96,2021,deterministic,test,11425,full_permutation,-0.005414999880839548,-0.5698162009924453,0.7155988169766562,0.00934944436040101,0
iTransformer_ETTm2_h96_none_s2021_det,ETTm2,iTransformer,none,96,2021,deterministic,val,11425,index_order,0.9854664287699686,105.40438127712848,0.0,0.009350218196269872,1
iTransformer_ETTm2_h96_none_s2021_det,ETTm2,iTransformer,none,96,2021,deterministic,val,11425,full_permutation,-0.014803043831670923,-1.5738144831246665,0.9422348276256911,0.009350218196269872,0
iTransformer_ETTm2_h96_none_s2021_det,ETTm2,iTransformer,none,96,2021,deterministic,test,11425,index_order,0.9937555166841429,106.29910783397979,0.0,0.009349495700851541,1
iTransformer_ETTm2_h96_none_s2021_det,ETTm2,iTransformer,none,96,2021,deterministic,test,11425,full_permutation,0.013462422699113786,1.4492715058294827,0.07363088762173471,0.009349495700851541,0
iTransformer_ETTm2_h96_san_lite_s2021_det,ETTm2,iTransformer,san_lite,96,2021,deterministic,val,11425,index_order,0.9555490591876413,102.19582236088624,0.0,0.009351033849769196,1
iTransformer_ETTm2_h96_san_lite_s2021_det,ETTm2,iTransformer,san_lite,96,2021,deterministic,val,11425,full_permutation,0.0007392711156963046,0.08841868642388823,0.4647719549214268,0.009351033849769196,0
iTransformer_ETTm2_h96_san_lite_s2021_det,ETTm2,iTransformer,san_lite,96,2021,deterministic,test,11425,index_order,0.9846645830725729,105.3041995083725,0.0,0.009351499016031958,1
iTransformer_ETTm2_h96_san_lite_s2021_det,ETTm2,iTransformer,san_lite,96,2021,deterministic,test,11425,full_permutation,0.004866852026139012,0.5297960285993664,0.29812667951726207,0.009351499016031958,0
iTransformer_Exchange_h336_fredf_s2021_det,Exchange,iTransformer,fredf,336,2021,deterministic,val,425,index_order,0.9882907331063929,20.59789685441815,1.4331152594911555e-94,0.048094678338965524,1
iTransformer_Exchange_h336_fredf_s2021_det,Exchange,iTransformer,fredf,336,2021,deterministic,val,425,full_permutation,-0.058463672667483826,-1.166556967197566,0.8783053348590444,0.048094678338965524,0
iTransformer_Exchange_h336_fredf_s2021_det,Exchange,iTransformer,fredf,336,2021,deterministic,test,1182,index_order,0.9956860632976139,34.30664643444843,3.12312374646258e-258,0.02904780580207825,1
iTransformer_Exchange_h336_fredf_s2021_det,Exchange,iTransformer,fredf,336,2021,deterministic,test,1182,full_permutation,-0.005289349897551364,-0.15294132290119863,0.5607777258661593,0.02904780580207825,0
iTransformer_Exchange_h336_none_s2021_det,Exchange,iTransformer,none,336,2021,deterministic,val,425,index_order,0.9878105501558067,20.51897543922893,7.287586235367182e-94,0.04825626131550423,1
iTransformer_Exchange_h336_none_s2021_det,Exchange,iTransformer,none,336,2021,deterministic,val,425,full_permutation,0.06655317055296106,1.428035642223659,0.07664079993081468,0.04825626131550423,0
iTransformer_Exchange_h336_none_s2021_det,Exchange,iTransformer,none,336,2021,deterministic,test,1182,index_order,0.996672974326499,34.350013804302755,7.038733331229512e-259,0.029039863566295045,1
iTransformer_Exchange_h336_none_s2021_det,Exchange,iTransformer,none,336,2021,deterministic,test,1182,full_permutation,0.006415178237171539,0.2500672315969296,0.40126767822059195,0.029039863566295045,0
iTransformer_Exchange_h336_san_lite_s2021_det,Exchange,iTransformer,san_lite,336,2021,deterministic,val,425,index_order,0.9889613202808276,20.47643251299577,1.7466249641860988e-93,0.04841272083004228,1
iTransformer_Exchange_h336_san_lite_s2021_det,Exchange,iTransformer,san_lite,336,2021,deterministic,val,425,full_permutation,0.0612021642578576,1.312891606464991,0.0946097378065675,0.04841272083004228,0
iTransformer_Exchange_h336_san_lite_s2021_det,Exchange,iTransformer,san_lite,336,2021,deterministic,test,1182,index_order,0.9962180690190697,34.31207718861038,2.5917931505367526e-258,0.029058713163563347,1
iTransformer_Exchange_h336_san_lite_s2021_det,Exchange,iTransformer,san_lite,336,2021,deterministic,test,1182,full_permutation,-0.010869650857066409,-0.3449192932201041,0.6349224771068359,0.02905871316356335,0
iTransformer_Exchange_h96_fredf_s2021_det,Exchange,iTransformer,fredf,96,2021,deterministic,val,665,index_order,0.9905229276422348,25.793887882540847,5.191948752871289e-147,0.03845984584627495,1
iTransformer_Exchange_h96_fredf_s2021_det,Exchange,iTransformer,fredf,96,2021,deterministic,val,665,full_permutation,0.05567733463702001,1.486832759599947,0.06852949345429353,0.03845984584627495,0
iTransformer_Exchange_h96_fredf_s2021_det,Exchange,iTransformer,fredf,96,2021,deterministic,test,1422,index_order,0.984028643794804,37.164166056087964,1.2944326545498485e-302,0.02649682417402883,1
iTransformer_Exchange_h96_fredf_s2021_det,Exchange,iTransformer,fredf,96,2021,deterministic,test,1422,full_permutation,0.03199346811675344,1.2340044101047833,0.10860063045512347,0.02649682417402883,0
iTransformer_Exchange_h96_none_s2021_det,Exchange,iTransformer,none,96,2021,deterministic,val,665,index_order,0.9866380600596648,25.669520186334623,1.2801156683415852e-145,0.038494840456040035,1
iTransformer_Exchange_h96_none_s2021_det,Exchange,iTransformer,none,96,2021,deterministic,val,665,full_permutation,0.08417522208556782,2.2257852004815764,0.01301428629405248,0.038494840456040035,1
iTransformer_Exchange_h96_none_s2021_det,Exchange,iTransformer,none,96,2021,deterministic,test,1422,index_order,0.9830687717349115,37.1271027034721,5.133617537282275e-302,0.026497421825772555,1
iTransformer_Exchange_h96_none_s2021_det,Exchange,iTransformer,none,96,2021,deterministic,test,1422,full_permutation,0.024057404724226107,0.9344733481923709,0.1750298888272095,0.026497421825772555,0
iTransformer_Exchange_h96_san_lite_s2021_det,Exchange,iTransformer,san_lite,96,2021,deterministic,val,665,index_order,0.9760957167750532,25.392160567061428,1.539180390518452e-142,0.03850014016292802,1
iTransformer_Exchange_h96_san_lite_s2021_det,Exchange,iTransformer,san_lite,96,2021,deterministic,val,665,full_permutation,0.0564106309344566,1.504323225467381,0.06624908085835939,0.03850014016292802,0
iTransformer_Exchange_h96_san_lite_s2021_det,Exchange,iTransformer,san_lite,96,2021,deterministic,test,1422,index_order,0.9780900872333931,36.924798141548585,9.244510488921721e-299,0.02650776351570091,1
iTransformer_Exchange_h96_san_lite_s2021_det,Exchange,iTransformer,san_lite,96,2021,deterministic,test,1422,full_permutation,-0.008619942481307498,-0.2986375183575725,0.6173916822393446,0.02650776351570091,0
iTransformer_ILI_h24_fredf_s2021_det,ILI,iTransformer,fredf,24,2021,deterministic,val,74,index_order,0.9692243466435861,8.535675016451231,6.96697544548547e-18,0.11515468605425302,1
iTransformer_ILI_h24_fredf_s2021_det,ILI,iTransformer,fredf,24,2021,deterministic,val,74,full_permutation,0.05139248060068214,0.5652493438868996,0.2859520892136967,0.11515468605425302,0
iTransformer_ILI_h24_fredf_s2021_det,ILI,iTransformer,fredf,24,2021,deterministic,test,170,index_order,0.9597458652996526,12.770691429106002,1.1951085378166753e-37,0.07561556321548099,1
iTransformer_ILI_h24_fredf_s2021_det,ILI,iTransformer,fredf,24,2021,deterministic,test,170,full_permutation,0.04638728748743015,0.6917153695158264,0.24455804653183638,0.07561556321548099,0
iTransformer_ILI_h24_none_s2021_det,ILI,iTransformer,none,24,2021,deterministic,val,74,index_order,0.9607300086071336,8.489577732960491,1.0369463061621424e-17,0.11477940003552056,1
iTransformer_ILI_h24_none_s2021_det,ILI,iTransformer,none,24,2021,deterministic,val,74,full_permutation,0.09107327118082298,0.9128110208398521,0.18067097052385256,0.11477940003552056,0
iTransformer_ILI_h24_none_s2021_det,ILI,iTransformer,none,24,2021,deterministic,test,170,index_order,0.9450508734043979,13.052608558089846,3.070410241827265e-39,0.07285655039262733,1
iTransformer_ILI_h24_none_s2021_det,ILI,iTransformer,none,24,2021,deterministic,test,170,full_permutation,0.13243901920046505,1.8990218205250013,0.028780803530305522,0.07285655039262734,1
iTransformer_ILI_h24_san_lite_s2021_det,ILI,iTransformer,san_lite,24,2021,deterministic,val,74,index_order,0.9757753185358703,8.590749128162738,4.320205287754763e-18,0.11517900638363426,1
iTransformer_ILI_h24_san_lite_s2021_det,ILI,iTransformer,san_lite,24,2021,deterministic,val,74,full_permutation,-0.02860784325287805,-0.12944384210289725,0.5514967707565888,0.11517900638363426,0
iTransformer_ILI_h24_san_lite_s2021_det,ILI,iTransformer,san_lite,24,2021,deterministic,test,170,index_order,0.9680090367906352,12.775262931275012,1.1269238562502448e-37,0.07623531521763739,1
iTransformer_ILI_h24_san_lite_s2021_det,ILI,iTransformer,san_lite,24,2021,deterministic,test,170,full_permutation,0.07531304521623862,1.0655193691749731,0.14332048261943714,0.07623531521763739,0
iTransformer_ILI_h48_fredf_s2021_det,ILI,iTransformer,fredf,48,2021,deterministic,val,50,index_order,0.9393524867992067,6.813079681371273,4.7765595923846745e-12,0.1408703104836345,1
iTransformer_ILI_h48_fredf_s2021_det,ILI,iTransformer,fredf,48,2021,deterministic,val,50,full_permutation,0.1371777078951213,1.1186592165475127,0.13164277514998096,0.1408703104836345,0
iTransformer_ILI_h48_fredf_s2021_det,ILI,iTransformer,fredf,48,2021,deterministic,test,146,index_order,0.974502279993537,11.91039941361486,5.223780197680555e-33,0.08239848200185723,1
iTransformer_ILI_h48_fredf_s2021_det,ILI,iTransformer,fredf,48,2021,deterministic,test,146,full_permutation,-0.04685010697554438,-0.4848821759908867,0.6861200367197311,0.08239848200185723,0
iTransformer_ILI_h48_none_s2021_det,ILI,iTransformer,none,48,2021,deterministic,val,50,index_order,0.953856244820484,6.9253391938393785,2.174660660510262e-12,0.1406811104577337,1
iTransformer_ILI_h48_none_s2021_det,ILI,iTransformer,none,48,2021,deterministic,val,50,full_permutation,-0.21599933565552243,-1.3903158125054735,0.9177835008640216,0.1406811104577337,0
iTransformer_ILI_h48_none_s2021_det,ILI,iTransformer,none,48,2021,deterministic,test,146,index_order,0.9723268079475506,11.94292802473897,3.534504740242317e-33,0.08199189994641962,1
iTransformer_ILI_h48_none_s2021_det,ILI,iTransformer,none,48,2021,deterministic,test,146,full_permutation,0.17318054801510302,2.1962791429021458,0.014035984826431726,0.08199189994641962,1
iTransformer_ILI_h48_san_lite_s2021_det,ILI,iTransformer,san_lite,48,2021,deterministic,val,50,index_order,0.8724430501972003,6.356898766874657,1.029337821583072e-10,0.14045389838754235,1
iTransformer_ILI_h48_san_lite_s2021_det,ILI,iTransformer,san_lite,48,2021,deterministic,val,50,full_permutation,0.16311452539823282,1.306640048944463,0.09566749414838771,0.14045389838754233,0
iTransformer_ILI_h48_san_lite_s2021_det,ILI,iTransformer,san_lite,48,2021,deterministic,test,146,index_order,0.9675457083809256,11.825555930343192,1.439948964433595e-32,0.0824013911772843,1
iTransformer_ILI_h48_san_lite_s2021_det,ILI,iTransformer,san_lite,48,2021,deterministic,test,146,full_permutation,0.07151178850316628,0.9515414619470544,0.17066479069934654,0.0824013911772843,0
iTransformer_Weather_h336_fredf_s2021_det,Weather,iTransformer,fredf,336,2021,deterministic,val,4935,index_order,0.9978933108735663,70.16549315760243,0.0,0.014224883789326997,1
iTransformer_Weather_h336_fredf_s2021_det,Weather,iTransformer,fredf,336,2021,deterministic,val,4935,full_permutation,0.017768855452689625,1.2633868250171922,0.10322509831169624,0.014224883789326997,0
iTransformer_Weather_h336_fredf_s2021_det,Weather,iTransformer,fredf,336,2021,deterministic,test,10204,index_order,0.9949244103594975,100.5437167866152,0.0,0.00989641573386772,1
iTransformer_Weather_h336_fredf_s2021_det,Weather,iTransformer,fredf,336,2021,deterministic,test,10204,full_permutation,-0.012450700924336762,-1.248198425310881,0.8940207997521197,0.00989641573386772,0
iTransformer_Weather_h336_none_s2021_det,Weather,iTransformer,none,336,2021,deterministic,val,4935,index_order,0.9963560971325985,70.06278647538215,0.0,0.014223795863398959,1
iTransformer_Weather_h336_none_s2021_det,Weather,iTransformer,none,336,2021,deterministic,val,4935,full_permutation,0.03448845225600292,2.438950045635692,0.00736500216088649,0.014223795863398959,1
iTransformer_Weather_h336_none_s2021_det,Weather,iTransformer,none,336,2021,deterministic,test,10204,index_order,0.9961497427911608,100.66756571712303,0.0,0.009896412474895134,1
iTransformer_Weather_h336_none_s2021_det,Weather,iTransformer,none,336,2021,deterministic,test,10204,full_permutation,-0.00910557647905479,-0.9101849900460007,0.8186375206653882,0.009896412474895134,0
iTransformer_Weather_h336_san_lite_s2021_det,Weather,iTransformer,san_lite,336,2021,deterministic,val,4935,index_order,0.9945893575799928,69.9386345034133,0.0,0.014223784035211462,1
iTransformer_Weather_h336_san_lite_s2021_det,Weather,iTransformer,san_lite,336,2021,deterministic,val,4935,full_permutation,-0.02276774142908946,-1.5864319972155188,0.9436793265906963,0.014223784035211458,0
iTransformer_Weather_h336_san_lite_s2021_det,Weather,iTransformer,san_lite,336,2021,deterministic,test,10204,index_order,0.9776731559620291,98.82797735259533,0.0,0.009893667689491098,1
iTransformer_Weather_h336_san_lite_s2021_det,Weather,iTransformer,san_lite,336,2021,deterministic,test,10204,full_permutation,0.0021631675001888002,0.22854799253989835,0.40961012527618984,0.009893667689491098,0
iTransformer_Weather_h96_fredf_s2021_det,Weather,iTransformer,fredf,96,2021,deterministic,val,5175,index_order,0.9841108244663175,71.07808350302594,0.0,0.01384820819608951,1
iTransformer_Weather_h96_fredf_s2021_det,Weather,iTransformer,fredf,96,2021,deterministic,val,5175,full_permutation,0.010863168804082508,0.7984024149655295,0.21231850115102385,0.01384820819608951,0
iTransformer_Weather_h96_fredf_s2021_det,Weather,iTransformer,fredf,96,2021,deterministic,test,10444,index_order,0.9872682446479208,100.94921408703732,0.0,0.00978079930092962,1
iTransformer_Weather_h96_fredf_s2021_det,Weather,iTransformer,fredf,96,2021,deterministic,test,10444,full_permutation,-0.009946726456695941,-1.0071741817451918,0.8430744610950569,0.00978079930092962,0
iTransformer_Weather_h96_none_s2021_det,Weather,iTransformer,none,96,2021,deterministic,val,5175,index_order,0.9963834978618193,71.94290072416524,0.0,0.013852329582113933,1
iTransformer_Weather_h96_none_s2021_det,Weather,iTransformer,none,96,2021,deterministic,val,5175,full_permutation,0.023385991218542346,1.7021877180578049,0.044360092193300345,0.013852329582113933,1
iTransformer_Weather_h96_none_s2021_det,Weather,iTransformer,none,96,2021,deterministic,test,10444,index_order,0.9891539525721778,101.13742508210639,0.0,0.009781242796057379,1
iTransformer_Weather_h96_none_s2021_det,Weather,iTransformer,none,96,2021,deterministic,test,10444,full_permutation,0.004599798150474925,0.480057204625962,0.3155933586901447,0.009781242796057377,0
iTransformer_Weather_h96_san_lite_s2021_det,Weather,iTransformer,san_lite,96,2021,deterministic,val,5175,index_order,0.9963394318728623,71.93970806103388,0.0,0.013852331803876957,1
iTransformer_Weather_h96_san_lite_s2021_det,Weather,iTransformer,san_lite,96,2021,deterministic,val,5175,full_permutation,1.1814972558868095e-05,0.01480537992327505,0.4940937237472324,0.013852331803876957,0
iTransformer_Weather_h96_san_lite_s2021_det,Weather,iTransformer,san_lite,96,2021,deterministic,test,10444,index_order,0.9718264140992608,99.41264781501243,0.0,0.00977664505860247,1
iTransformer_Weather_h96_san_lite_s2021_det,Weather,iTransformer,san_lite,96,2021,deterministic,test,10444,full_permutation,0.006876763386703505,0.7131813898200786,0.2378667603382229,0.00977664505860247,0
