block_id,seed,val_order,variant,stride,overlap_ratio,n,n_arms,aot_median_p,aot_certify_rate,cat_rho_bar,cat_p,cat_certify
ETTh1_h192_DLinear,2021,deterministic,index_order,1,0.9965277777777778,2689,4,0.0,1.0,0.9891283417809601,0.0004997501249375312,1
ETTh1_h192_DLinear,2021,deterministic,full_permutation,1,0.9965277777777778,2689,4,0.18442545671521027,0.25,0.00794021568912665,0.1504247876061969,0
ETTh1_h192_DLinear,2021,deterministic,index_order,4,0.9861111111111112,673,4,6.443044703371211e-148,1.0,0.9890771535398873,0.0004997501249375312,1
ETTh1_h192_DLinear,2021,deterministic,full_permutation,4,0.9861111111111112,673,4,0.8096877690539852,0.0,-0.006456867946538408,0.6746626686656672,0
ETTh1_h192_DLinear,2021,deterministic,index_order,16,0.9444444444444444,169,4,8.456558157973758e-35,1.0,0.9882618136011799,0.0004997501249375312,1
ETTh1_h192_DLinear,2021,deterministic,full_permutation,16,0.9444444444444444,169,4,0.5050918800246812,0.25,0.07667114182951286,0.009995002498750625,1
ETTh1_h192_DLinear,2021,deterministic,index_order,64,0.7777777777777778,43,4,9.898227742899983e-05,1.0,0.9881707439846973,0.0004997501249375312,1
ETTh1_h192_DLinear,2021,deterministic,full_permutation,64,0.7777777777777778,43,4,0.7755024241086163,0.0,0.041578576462297394,0.25837081459270367,0
ETTh1_h336_DLinear,2021,deterministic,index_order,1,0.9976851851851852,2545,4,0.0,1.0,0.9760474839328088,0.0004997501249375312,1
ETTh1_h336_DLinear,2021,deterministic,full_permutation,1,0.9976851851851852,2545,4,0.3867049682859559,0.0,-0.008063950418815195,0.8350824587706147,0
ETTh1_h336_DLinear,2021,deterministic,index_order,4,0.9907407407407407,637,4,1.8711993824748395e-140,1.0,0.9763576495382426,0.0004997501249375312,1
ETTh1_h336_DLinear,2021,deterministic,full_permutation,4,0.9907407407407407,637,4,0.33265976698946614,0.0,-0.013083571941272474,0.7991004497751124,0
ETTh1_h336_DLinear,2021,deterministic,index_order,16,0.962962962962963,160,4,2.3625155978944264e-34,1.0,0.9768404039220281,0.0004997501249375312,1
ETTh1_h336_DLinear,2021,deterministic,full_permutation,16,0.962962962962963,160,4,0.5803081818026771,0.0,-0.010555588108910505,0.6131934032983508,0
ETTh1_h336_DLinear,2021,deterministic,index_order,64,0.8518518518518519,40,4,1.3833884632824006e-05,1.0,0.9839899937460913,0.0004997501249375312,1
ETTh1_h336_DLinear,2021,deterministic,full_permutation,64,0.8518518518518519,40,4,0.5528677801095996,0.0,0.10825515947467167,0.059470264867566215,0
ETTh1_h336_DLinear,2021,shuffled,index_order,1,0.9976851851851852,2545,4,0.0,1.0,0.9755452794976435,0.0004997501249375312,1
ETTh1_h336_DLinear,2021,shuffled,full_permutation,1,0.9976851851851852,2545,4,0.4745049421472163,0.0,-0.0004933408239124339,0.5197401299350325,0
ETTh1_h336_DLinear,2021,shuffled,index_order,4,0.9907407407407407,637,4,1.8353031087015683e-140,1.0,0.9758227412516844,0.0004997501249375312,1
ETTh1_h336_DLinear,2021,shuffled,full_permutation,4,0.9907407407407407,637,4,0.6503065309518024,0.0,-0.009094446774528567,0.7221389305347327,0
ETTh1_h336_DLinear,2021,shuffled,index_order,16,0.962962962962963,160,4,2.2300104790199624e-34,1.0,0.9759404664244696,0.0004997501249375312,1
ETTh1_h336_DLinear,2021,shuffled,full_permutation,16,0.962962962962963,160,4,0.7069034301497916,0.25,-0.02517334661510215,0.7971014492753623,0
ETTh1_h336_DLinear,2021,shuffled,index_order,64,0.8518518518518519,40,4,1.3628110149494947e-05,1.0,0.9834271419637274,0.0004997501249375312,1
ETTh1_h336_DLinear,2021,shuffled,full_permutation,64,0.8518518518518519,40,4,0.7529671746961403,0.0,-0.03880550343964977,0.7066466766616691,0
ETTh1_h336_DLinear,2022,deterministic,index_order,1,0.9976851851851852,2545,4,0.0,1.0,0.9755094531731602,0.0004997501249375312,1
ETTh1_h336_DLinear,2022,deterministic,full_permutation,1,0.9976851851851852,2545,4,0.4717706501459753,0.0,-0.010549338988572028,0.9080459770114943,0
ETTh1_h336_DLinear,2022,deterministic,index_order,4,0.9907407407407407,637,4,1.855237158912812e-140,1.0,0.975806306343531,0.0004997501249375312,1
ETTh1_h336_DLinear,2022,deterministic,full_permutation,4,0.9907407407407407,637,4,0.5712868175041788,0.0,-0.0022470171647604492,0.5427286356821589,0
ETTh1_h336_DLinear,2022,deterministic,index_order,16,0.962962962962963,160,4,2.3532635909706336e-34,1.0,0.9763159693738036,0.0004997501249375312,1
ETTh1_h336_DLinear,2022,deterministic,full_permutation,16,0.962962962962963,160,4,0.668820711638893,0.0,0.02671539903902496,0.20039980009995004,0
ETTh1_h336_DLinear,2022,deterministic,index_order,64,0.8518518518518519,40,4,1.368033002961699e-05,1.0,0.9832082551594746,0.0004997501249375312,1
ETTh1_h336_DLinear,2022,deterministic,full_permutation,64,0.8518518518518519,40,4,0.3400224614948997,0.25,-0.04549718574108818,0.7391304347826086,0
ETTh1_h336_DLinear,2022,shuffled,index_order,1,0.9976851851851852,2545,4,0.0,1.0,0.9758315344719288,0.0004997501249375312,1
ETTh1_h336_DLinear,2022,shuffled,full_permutation,1,0.9976851851851852,2545,4,0.357973299883822,0.0,0.013308115563072065,0.050474762618690654,0
ETTh1_h336_DLinear,2022,shuffled,index_order,4,0.9907407407407407,637,4,1.8844724434339504e-140,1.0,0.9761041078077978,0.0004997501249375312,1
ETTh1_h336_DLinear,2022,shuffled,full_permutation,4,0.9907407407407407,637,4,0.3009804113256477,0.25,0.014880849856219314,0.1874062968515742,0
ETTh1_h336_DLinear,2022,shuffled,index_order,16,0.962962962962963,160,4,2.3944133616839782e-34,1.0,0.9766875659205437,0.0004997501249375312,1
ETTh1_h336_DLinear,2022,shuffled,full_permutation,16,0.962962962962963,160,4,0.5046282080489927,0.0,-0.05992665729130043,0.9790104947526237,0
ETTh1_h336_DLinear,2022,shuffled,index_order,64,0.8518518518518519,40,4,1.3778176069243192e-05,1.0,0.9838336460287681,0.0004997501249375312,1
ETTh1_h336_DLinear,2022,shuffled,full_permutation,64,0.8518518518518519,40,4,0.8779347464174418,0.0,0.03746091307066917,0.2613693153423288,0
ETTh1_h336_DLinear,2023,deterministic,index_order,1,0.9976851851851852,2545,4,0.0,1.0,0.9744866217780214,0.0004997501249375312,1
ETTh1_h336_DLinear,2023,deterministic,full_permutation,1,0.9976851851851852,2545,4,0.6677317506011172,0.0,0.01662651227739383,0.022488755622188907,1
ETTh1_h336_DLinear,2023,deterministic,index_order,4,0.9907407407407407,637,4,1.8821650349850452e-140,1.0,0.9747800995361179,0.0004997501249375312,1
ETTh1_h336_DLinear,2023,deterministic,full_permutation,4,0.9907407407407407,637,4,0.5883433305735395,0.25,-0.015799502415358907,0.8490754622688655,0
ETTh1_h336_DLinear,2023,deterministic,index_order,16,0.962962962962963,160,4,2.296542528142821e-34,1.0,0.9753335091214499,0.0004997501249375312,1
ETTh1_h336_DLinear,2023,deterministic,full_permutation,16,0.962962962962963,160,4,0.4699662556995736,0.25,-0.001799874995116998,0.5077461269365318,0
ETTh1_h336_DLinear,2023,deterministic,index_order,64,0.8518518518518519,40,4,1.3249742834585579e-05,1.0,0.9831457160725453,0.0004997501249375312,1
ETTh1_h336_DLinear,2023,deterministic,full_permutation,64,0.8518518518518519,40,4,0.5822149169257744,0.0,-0.01960600375234521,0.6011994002998501,0
ETTh1_h336_DLinear,2023,shuffled,index_order,1,0.9976851851851852,2545,4,0.0,1.0,0.9759556961294334,0.0004997501249375312,1
ETTh1_h336_DLinear,2023,shuffled,full_permutation,1,0.9976851851851852,2545,4,0.4067151432726442,0.0,0.008053735438243517,0.15792103948025987,0
ETTh1_h336_DLinear,2023,shuffled,index_order,4,0.9907407407407407,637,4,1.8918154839193363e-140,1.0,0.9762048219153899,0.0004997501249375312,1
ETTh1_h336_DLinear,2023,shuffled,full_permutation,4,0.9907407407407407,637,4,0.35577247072342605,0.0,0.0006125562636390761,0.48075962018990503,0
ETTh1_h336_DLinear,2023,shuffled,index_order,16,0.962962962962963,160,4,2.4217894855246177e-34,1.0,0.9767598343685299,0.0004997501249375312,1
ETTh1_h336_DLinear,2023,shuffled,full_permutation,16,0.962962962962963,160,4,0.3312420111955232,0.0,0.04964695886558068,0.06546726636681659,0
ETTh1_h336_DLinear,2023,shuffled,index_order,64,0.8518518518518519,40,4,1.3749017965548815e-05,1.0,0.9838336460287681,0.0004997501249375312,1
ETTh1_h336_DLinear,2023,shuffled,full_permutation,64,0.8518518518518519,40,4,0.34612629548504303,0.0,-0.034740462789243275,0.6966516741629185,0
ETTh1_h336_PatchTST,2021,deterministic,index_order,1,0.9976851851851852,2545,3,0.0,1.0,0.9865483933989984,0.0004997501249375312,1
ETTh1_h336_PatchTST,2021,deterministic,full_permutation,1,0.9976851851851852,2545,3,0.7149951621608253,0.0,0.015712047575413696,0.07196401799100449,0
ETTh1_h336_PatchTST,2021,deterministic,index_order,4,0.9907407407407407,637,3,5.565601571856767e-140,1.0,0.9864560726629693,0.0004997501249375312,1
ETTh1_h336_PatchTST,2021,deterministic,full_permutation,4,0.9907407407407407,637,3,0.6611887891724838,0.0,0.016264941490334184,0.23338330834582707,0
ETTh1_h336_PatchTST,2021,deterministic,index_order,16,0.962962962962963,160,3,2.6856478696348828e-34,1.0,0.986631313723192,0.0004997501249375312,1
ETTh1_h336_PatchTST,2021,deterministic,full_permutation,16,0.962962962962963,160,3,0.3924176896669551,0.0,-0.08698191335599044,0.9710144927536232,0
ETTh1_h336_PatchTST,2021,deterministic,index_order,64,0.8518518518518519,40,3,1.703399359685452e-05,1.0,0.9871169480925578,0.0004997501249375312,1
ETTh1_h336_PatchTST,2021,deterministic,full_permutation,64,0.8518518518518519,40,3,0.6413023168999995,0.0,0.03514696685428393,0.344327836081959,0
ETTh1_h336_iTransformer,2021,deterministic,index_order,1,0.9976851851851852,2545,3,0.0,1.0,0.9833377119943267,0.0004997501249375312,1
ETTh1_h336_iTransformer,2021,deterministic,full_permutation,1,0.9976851851851852,2545,3,0.8946307401007003,0.0,-0.013420102766942188,0.8830584707646177,0
ETTh1_h336_iTransformer,2021,deterministic,index_order,4,0.9907407407407407,637,3,2.630907737676086e-139,1.0,0.9836226295004992,0.0004997501249375312,1
ETTh1_h336_iTransformer,2021,deterministic,full_permutation,4,0.9907407407407407,637,3,0.5965693125291283,0.0,0.012349409737642843,0.28235882058970513,0
ETTh1_h336_iTransformer,2021,deterministic,index_order,16,0.962962962962963,160,3,1.320731915137779e-33,1.0,0.9826438532755185,0.0004997501249375312,1
ETTh1_h336_iTransformer,2021,deterministic,full_permutation,16,0.962962962962963,160,3,0.3268754570219221,0.0,-0.09693152076252977,0.9800099950024987,0
ETTh1_h336_iTransformer,2021,deterministic,index_order,64,0.8518518518518519,40,3,3.0340633475591757e-05,1.0,0.9876797998749218,0.0004997501249375312,1
ETTh1_h336_iTransformer,2021,deterministic,full_permutation,64,0.8518518518518519,40,3,0.7628329535725187,0.0,0.08692933083176986,0.18190904547726136,0
ETTh1_h720_DLinear,2021,deterministic,index_order,1,0.9987745098039216,2161,4,0.0,1.0,0.9597061453308311,0.0004997501249375312,1
ETTh1_h720_DLinear,2021,deterministic,full_permutation,1,0.9987745098039216,2161,4,0.6391979205146638,0.0,-0.0017837347642694987,0.5632183908045977,0
ETTh1_h720_DLinear,2021,deterministic,index_order,4,0.9950980392156863,541,4,7.32392499084206e-120,1.0,0.9599086976698481,0.0004997501249375312,1
ETTh1_h720_DLinear,2021,deterministic,full_permutation,4,0.9950980392156863,541,4,0.62715043448636,0.0,-0.010536915905203415,0.7286356821589205,0
ETTh1_h720_DLinear,2021,deterministic,index_order,16,0.9803921568627451,136,4,5.007258428994465e-30,1.0,0.9589380277658509,0.0004997501249375312,1
ETTh1_h720_DLinear,2021,deterministic,full_permutation,16,0.9803921568627451,136,4,0.5169809555643092,0.0,-0.023353688596281983,0.7436281859070465,0
ETTh1_h96_DLinear,2021,deterministic,index_order,1,0.9947916666666666,2785,4,0.0,1.0,0.9879336362040618,0.0004997501249375312,1
ETTh1_h96_DLinear,2021,deterministic,full_permutation,1,0.9947916666666666,2785,4,0.27235248373282117,0.0,0.0024739390113862002,0.35082458770614694,0
ETTh1_h96_DLinear,2021,deterministic,index_order,4,0.9791666666666666,697,4,6.123155603959235e-153,1.0,0.9878615807552148,0.0004997501249375312,1
ETTh1_h96_DLinear,2021,deterministic,full_permutation,4,0.9791666666666666,697,4,0.8937252288653188,0.0,0.009717361343336254,0.27636181909045476,0
ETTh1_h96_DLinear,2021,deterministic,index_order,16,0.9166666666666666,175,4,4.259617416352316e-33,1.0,0.9875757575757574,0.0004997501249375312,1
ETTh1_h96_DLinear,2021,deterministic,full_permutation,16,0.9166666666666666,175,4,0.35681924486050604,0.0,-0.010682937751903265,0.6201899050474763,0
ETTh1_h96_DLinear,2021,deterministic,index_order,64,0.6666666666666667,44,4,0.12255818291653109,0.0,0.9802443035001177,0.0004997501249375312,1
ETTh1_h96_DLinear,2021,deterministic,full_permutation,64,0.6666666666666667,44,4,0.42798543052076865,0.0,-0.10925534413906508,0.9635182408795602,0
ETTh1_h96_DLinear,2021,shuffled,index_order,1,0.9947916666666666,2785,4,0.0,1.0,0.9877880230461855,0.0004997501249375312,1
ETTh1_h96_DLinear,2021,shuffled,full_permutation,1,0.9947916666666666,2785,4,0.20553924160859008,0.0,0.00782029236365662,0.1634182908545727,0
ETTh1_h96_DLinear,2021,shuffled,index_order,4,0.9791666666666666,697,4,5.850603852105498e-153,1.0,0.9876928193251895,0.0004997501249375312,1
ETTh1_h96_DLinear,2021,shuffled,full_permutation,4,0.9791666666666666,697,4,0.27558219744585577,0.0,-0.010255032944036178,0.7536231884057971,0
ETTh1_h96_DLinear,2021,shuffled,index_order,16,0.9166666666666666,175,4,3.8640490209745615e-33,1.0,0.9872954918644573,0.0004997501249375312,1
ETTh1_h96_DLinear,2021,shuffled,full_permutation,16,0.9166666666666666,175,4,0.7799465491612176,0.0,-0.04380989699955216,0.9320339830084957,0
ETTh1_h96_DLinear,2021,shuffled,index_order,64,0.6666666666666667,44,4,0.12175877391262091,0.0,0.979281183932347,0.0004997501249375312,1
ETTh1_h96_DLinear,2021,shuffled,full_permutation,64,0.6666666666666667,44,4,0.7115588017868,0.0,-0.04031007751937985,0.7321339330334833,0
ETTh1_h96_DLinear,2022,deterministic,index_order,1,0.9947916666666666,2785,4,0.0,1.0,0.9882238969157996,0.0004997501249375312,1
ETTh1_h96_DLinear,2022,deterministic,full_permutation,1,0.9947916666666666,2785,4,0.5164892150071707,0.0,-0.0024840993814689515,0.6191904047976012,0
ETTh1_h96_DLinear,2022,deterministic,index_order,4,0.9791666666666666,697,4,6.10302525927493e-153,1.0,0.9881552653353531,0.0004997501249375312,1
ETTh1_h96_DLinear,2022,deterministic,full_permutation,4,0.9791666666666666,697,4,0.48736745325607644,0.25,0.009948141358524074,0.2588705647176412,0
ETTh1_h96_DLinear,2022,deterministic,index_order,16,0.9166666666666666,175,4,4.1389939864833896e-33,1.0,0.9877653381101656,0.0004997501249375312,1
ETTh1_h96_DLinear,2022,deterministic,full_permutation,16,0.9166666666666666,175,4,0.5581494843103485,0.0,0.03019592476489028,0.16441779110444776,0
ETTh1_h96_DLinear,2022,deterministic,index_order,64,0.6666666666666667,44,4,0.12200644681902073,0.0,0.9798684519614754,0.0004997501249375312,1
ETTh1_h96_DLinear,2022,deterministic,full_permutation,64,0.6666666666666667,44,4,0.810482604468699,0.0,0.04042753112520556,0.24987506246876562,0
ETTh1_h96_DLinear,2022,shuffled,index_order,1,0.9947916666666666,2785,4,0.0,1.0,0.98811209604564,0.0004997501249375312,1
ETTh1_h96_DLinear,2022,shuffled,full_permutation,1,0.9947916666666666,2785,4,0.42779189989766975,0.0,0.004907563008653182,0.263368315842079,0
ETTh1_h96_DLinear,2022,shuffled,index_order,4,0.9791666666666666,697,4,6.317496973728089e-153,1.0,0.9880191138680594,0.0004997501249375312,1
ETTh1_h96_DLinear,2022,shuffled,full_permutation,4,0.9791666666666666,697,4,0.4491809396383948,0.0,0.013585011603500086,0.17791104447776113,0
ETTh1_h96_DLinear,2022,shuffled,index_order,16,0.9166666666666666,175,4,4.230157726608639e-33,1.0,0.987511568890879,0.0004997501249375312,1
ETTh1_h96_DLinear,2022,shuffled,full_permutation,16,0.9166666666666666,175,4,0.5969270228766139,0.25,-0.05820906105388864,0.9710144927536232,0
ETTh1_h96_DLinear,2022,shuffled,index_order,64,0.6666666666666667,44,4,0.12210792705810133,0.0,0.9797509983556495,0.0004997501249375312,1
ETTh1_h96_DLinear,2022,shuffled,full_permutation,64,0.6666666666666667,44,4,0.513846188392907,0.0,-0.07930467465351188,0.9020489755122438,0
ETTh1_h96_DLinear,2023,deterministic,index_order,1,0.9947916666666666,2785,4,0.0,1.0,0.9881209615470845,0.0004997501249375312,1
ETTh1_h96_DLinear,2023,deterministic,full_permutation,1,0.9947916666666666,2785,4,0.25502586980814657,0.5,0.006241896334112947,0.19940029985007496,0
ETTh1_h96_DLinear,2023,deterministic,index_order,4,0.9791666666666666,697,4,5.592409610155306e-153,1.0,0.9880644878462709,0.0004997501249375312,1
ETTh1_h96_DLinear,2023,deterministic,full_permutation,4,0.9791666666666666,697,4,0.44375805370613025,0.25,-0.010021293756356313,0.7236381809095452,0
ETTh1_h96_DLinear,2023,deterministic,index_order,16,0.9166666666666666,175,4,3.7057675577560826e-33,1.0,0.9879045379907447,0.0004997501249375312,1
ETTh1_h96_DLinear,2023,deterministic,full_permutation,16,0.9166666666666666,175,4,0.39794862255372243,0.25,0.007688460964323032,0.39730134932533734,0
ETTh1_h96_DLinear,2023,deterministic,index_order,64,0.6666666666666667,44,4,0.12011955993999562,0.0,0.9802443035001175,0.0004997501249375312,1
ETTh1_h96_DLinear,2023,deterministic,full_permutation,64,0.6666666666666667,44,4,0.770981236990038,0.0,-0.0007986845196147526,0.4917541229385307,0
ETTh1_h96_DLinear,2023,shuffled,index_order,1,0.9947916666666666,2785,4,0.0,1.0,0.9880535156517406,0.0004997501249375312,1
ETTh1_h96_DLinear,2023,shuffled,full_permutation,1,0.9947916666666666,2785,4,0.7459818442131387,0.0,0.001950742949387117,0.4147926036981509,0
ETTh1_h96_DLinear,2023,shuffled,index_order,4,0.9791666666666666,697,4,5.654968192073907e-153,1.0,0.9879743777952955,0.0004997501249375312,1
ETTh1_h96_DLinear,2023,shuffled,full_permutation,4,0.9791666666666666,697,4,0.6504136655478245,0.0,-0.031648261204419346,0.9890054972513743,0
ETTh1_h96_DLinear,2023,shuffled,index_order,16,0.9166666666666666,175,4,3.690452815491799e-33,1.0,0.9877414539483503,0.0004997501249375312,1
ETTh1_h96_DLinear,2023,shuffled,full_permutation,16,0.9166666666666666,175,4,0.31359386988680593,0.25,-0.010810568741603218,0.6421789105447276,0
ETTh1_h96_DLinear,2023,shuffled,index_order,64,0.6666666666666667,44,4,0.12087642697357986,0.0,0.980291284942448,0.0004997501249375312,1
ETTh1_h96_DLinear,2023,shuffled,full_permutation,64,0.6666666666666667,44,4,0.6263420295038702,0.25,0.13237021376556263,0.0239880059970015,1
ETTh1_h96_PatchTST,2021,deterministic,index_order,1,0.9947916666666666,2785,3,0.0,1.0,0.9804116208642982,0.0004997501249375312,1
ETTh1_h96_PatchTST,2021,deterministic,full_permutation,1,0.9947916666666666,2785,3,0.7827992112720097,0.0,-0.0074349934100343745,0.7511244377811095,0
ETTh1_h96_PatchTST,2021,deterministic,index_order,4,0.9791666666666666,697,3,1.5891887885222335e-152,1.0,0.980296317475807,0.0004997501249375312,1
ETTh1_h96_PatchTST,2021,deterministic,full_permutation,4,0.9791666666666666,697,3,0.7180280684618475,0.0,0.004833574957741126,0.43428285857071464,0
ETTh1_h96_PatchTST,2021,deterministic,index_order,16,0.9166666666666666,175,3,1.1605863679702454e-33,1.0,0.9787139871622629,0.0004997501249375312,1
ETTh1_h96_PatchTST,2021,deterministic,full_permutation,16,0.9166666666666666,175,3,0.39522238296557344,0.0,0.061629347663830415,0.08045977011494253,0
ETTh1_h96_PatchTST,2021,deterministic,index_order,64,0.6666666666666667,44,3,0.07991070391604366,0.0,0.965703547098896,0.0004997501249375312,1
ETTh1_h96_PatchTST,2021,deterministic,full_permutation,64,0.6666666666666667,44,3,0.38576025204046893,0.3333333333333333,-0.03984026309607705,0.6656671664167916,0
ETTh1_h96_iTransformer,2021,deterministic,index_order,1,0.9947916666666666,2785,3,0.0,1.0,0.9304462930134157,0.0004997501249375312,1
ETTh1_h96_iTransformer,2021,deterministic,full_permutation,1,0.9947916666666666,2785,3,0.2584170665087693,0.0,0.0032803378073458737,0.3828085957021489,0
ETTh1_h96_iTransformer,2021,deterministic,index_order,4,0.9791666666666666,697,3,3.23222900107064e-149,1.0,0.9288512513649403,0.0004997501249375312,1
ETTh1_h96_iTransformer,2021,deterministic,full_permutation,4,0.9791666666666666,697,3,0.5071079401635278,0.0,0.009278263853853311,0.3353323338330835,0
ETTh1_h96_iTransformer,2021,deterministic,index_order,16,0.9166666666666666,175,3,2.5157898573128918e-29,1.0,0.9250888192267501,0.0004997501249375312,1
ETTh1_h96_iTransformer,2021,deterministic,full_permutation,16,0.9166666666666666,175,3,0.7753210793283554,0.0,-0.06803702045081354,0.9445277361319341,0
ETTh1_h96_iTransformer,2021,deterministic,index_order,64,0.6666666666666667,44,3,0.11856984578334101,0.0,0.9030772844726335,0.0004997501249375312,1
ETTh1_h96_iTransformer,2021,deterministic,full_permutation,64,0.6666666666666667,44,3,0.19014146173611168,0.0,0.10735259572468876,0.12343828085957022,0
ETTh2_h192_DLinear,2021,deterministic,index_order,1,0.9965277777777778,2689,4,0.0,1.0,0.8277983963737882,0.0004997501249375312,1
ETTh2_h192_DLinear,2021,deterministic,full_permutation,1,0.9965277777777778,2689,4,0.3648408875762008,0.0,0.0009071497524827717,0.4612693653173413,0
ETTh2_h192_DLinear,2021,deterministic,index_order,4,0.9861111111111112,673,4,3.2741227516784047e-149,1.0,0.8261016882116712,0.0004997501249375312,1
ETTh2_h192_DLinear,2021,deterministic,full_permutation,4,0.9861111111111112,673,4,0.3801066462480077,0.0,0.019155788922153485,0.10144927536231885,0
ETTh2_h192_DLinear,2021,deterministic,index_order,16,0.9444444444444444,169,4,4.3486335933894136e-38,1.0,0.8276225283012612,0.0004997501249375312,1
ETTh2_h192_DLinear,2021,deterministic,full_permutation,16,0.9444444444444444,169,4,0.5036254974565334,0.25,0.00067168879386074,0.47176411794102946,0
ETTh2_h192_DLinear,2021,deterministic,index_order,64,0.7777777777777778,43,4,6.313315608704228e-08,1.0,0.8275193798449613,0.0004997501249375312,1
ETTh2_h192_DLinear,2021,deterministic,full_permutation,64,0.7777777777777778,43,4,0.5556126507011057,0.0,-0.015403201449713076,0.5677161419290355,0
ETTh2_h336_DLinear,2021,deterministic,index_order,1,0.9976851851851852,2545,4,0.0,1.0,0.7085960672290902,0.0004997501249375312,1
ETTh2_h336_DLinear,2021,deterministic,full_permutation,1,0.9976851851851852,2545,4,0.26248934482744646,0.25,0.012704867491611463,0.06446776611694154,0
ETTh2_h336_DLinear,2021,deterministic,index_order,4,0.9907407407407407,637,4,6.073946465781674e-142,1.0,0.7078341771621816,0.0004997501249375312,1
ETTh2_h336_DLinear,2021,deterministic,full_permutation,4,0.9907407407407407,637,4,0.37402276134912626,0.5,-0.022294556452006026,0.9115442278860569,0
ETTh2_h336_DLinear,2021,deterministic,index_order,16,0.962962962962963,160,4,2.456234967399219e-37,1.0,0.7100887729989451,0.0004997501249375312,1
ETTh2_h336_DLinear,2021,deterministic,full_permutation,16,0.962962962962963,160,4,0.4776880548042434,0.0,0.0748539982030548,0.014492753623188406,1
ETTh2_h336_DLinear,2021,deterministic,index_order,64,0.8518518518518519,40,4,6.5775067581640826e-09,1.0,0.7075359599749843,0.0004997501249375312,1
ETTh2_h336_DLinear,2021,deterministic,full_permutation,64,0.8518518518518519,40,4,0.5879228098314376,0.0,0.13098811757348341,0.02798600699650175,1
ETTh2_h336_DLinear,2021,shuffled,index_order,1,0.9976851851851852,2545,4,0.0,1.0,0.7114305860161562,0.0004997501249375312,1
ETTh2_h336_DLinear,2021,shuffled,full_permutation,1,0.9976851851851852,2545,4,0.47672760140284465,0.0,0.0065994631088329364,0.21689155422288856,0
ETTh2_h336_DLinear,2021,shuffled,index_order,4,0.9907407407407407,637,4,6.0723229553114936e-142,1.0,0.7104842983642129,0.0004997501249375312,1
ETTh2_h336_DLinear,2021,shuffled,full_permutation,4,0.9907407407407407,637,4,0.2524208046663522,0.0,0.0015657499856774877,0.45377311344327836,0
ETTh2_h336_DLinear,2021,shuffled,index_order,16,0.962962962962963,160,4,2.452664975486822e-37,1.0,0.7116347318254618,0.0004997501249375312,1
ETTh2_h336_DLinear,2021,shuffled,full_permutation,16,0.962962962962963,160,4,0.6846731626182488,0.0,0.005017285831477789,0.43228385807096453,0
ETTh2_h336_DLinear,2021,shuffled,index_order,64,0.8518518518518519,40,4,6.581305674343304e-09,1.0,0.7115071919949968,0.0004997501249375312,1
ETTh2_h336_DLinear,2021,shuffled,full_permutation,64,0.8518518518518519,40,4,0.5361806923785177,0.25,0.07185741088180113,0.14742628685657172,0
ETTh2_h336_DLinear,2022,deterministic,index_order,1,0.9976851851851852,2545,4,0.0,1.0,0.7077636608543877,0.0004997501249375312,1
ETTh2_h336_DLinear,2022,deterministic,full_permutation,1,0.9976851851851852,2545,4,0.713774288878404,0.0,0.006499260282655414,0.2048975512243878,0
ETTh2_h336_DLinear,2022,deterministic,index_order,4,0.9907407407407407,637,4,6.552941561545614e-142,1.0,0.7066597698859062,0.0004997501249375312,1
ETTh2_h336_DLinear,2022,deterministic,full_permutation,4,0.9907407407407407,637,4,0.5257310254636335,0.25,0.005300698929288947,0.3733133433283358,0
ETTh2_h336_DLinear,2022,deterministic,index_order,16,0.962962962962963,160,4,2.5692355239572576e-37,1.0,0.7070168756592053,0.0004997501249375312,1
ETTh2_h336_DLinear,2022,deterministic,full_permutation,16,0.962962962962963,160,4,0.4093539775719651,0.0,0.015967908902691504,0.3008495752123938,0
ETTh2_h336_DLinear,2022,deterministic,index_order,64,0.8518518518518519,40,4,6.380868789187695e-09,1.0,0.7024077548467793,0.0004997501249375312,1
ETTh2_h336_DLinear,2022,deterministic,full_permutation,64,0.8518518518518519,40,4,0.5581769422241011,0.0,0.14061913696060038,0.022488755622188907,1
ETTh2_h336_DLinear,2022,shuffled,index_order,1,0.9976851851851852,2545,4,0.0,1.0,0.7193298546394923,0.0004997501249375312,1
ETTh2_h336_DLinear,2022,shuffled,full_permutation,1,0.9976851851851852,2545,4,0.3950360516279202,0.0,0.013048444291226214,0.06096951524237881,0
ETTh2_h336_DLinear,2022,shuffled,index_order,4,0.9907407407407407,637,4,6.075444283165619e-142,1.0,0.7183719787353954,0.0004997501249375312,1
ETTh2_h336_DLinear,2022,shuffled,full_permutation,4,0.9907407407407407,637,4,0.6365201026942386,0.0,0.005954404365037322,0.35282358820589704,0
ETTh2_h336_DLinear,2022,shuffled,index_order,16,0.962962962962963,160,4,2.416914350313428e-37,1.0,0.718737548341732,0.0004997501249375312,1
ETTh2_h336_DLinear,2022,shuffled,full_permutation,16,0.962962962962963,160,4,0.45331366700851616,0.0,0.04425026368217508,0.09745127436281859,0
ETTh2_h336_DLinear,2022,shuffled,index_order,64,0.8518518518518519,40,4,6.139863235585617e-09,1.0,0.7153846153846154,0.0004997501249375312,1
ETTh2_h336_DLinear,2022,shuffled,full_permutation,64,0.8518518518518519,40,4,0.4672661231675259,0.0,0.023139462163852414,0.35132433783108447,0
ETTh2_h336_DLinear,2023,deterministic,index_order,1,0.9976851851851852,2545,4,0.0,1.0,0.6917196671894614,0.0004997501249375312,1
ETTh2_h336_DLinear,2023,deterministic,full_permutation,1,0.9976851851851852,2545,4,0.3204642144441495,0.0,-0.0004684622532458405,0.5247376311844077,0
ETTh2_h336_DLinear,2023,deterministic,index_order,4,0.9907407407407407,637,4,7.879494130391543e-142,1.0,0.6910568441379855,0.0004997501249375312,1
ETTh2_h336_DLinear,2023,deterministic,full_permutation,4,0.9907407407407407,637,4,0.2250431125950506,0.0,0.008973939590167864,0.27436281859070466,0
ETTh2_h336_DLinear,2023,deterministic,index_order,16,0.962962962962963,160,4,2.8696393369230344e-37,1.0,0.6916188132348919,0.0004997501249375312,1
ETTh2_h336_DLinear,2023,deterministic,full_permutation,16,0.962962962962963,160,4,0.6110376985852684,0.25,0.028296515488886283,0.18340829585207397,0
ETTh2_h336_DLinear,2023,deterministic,index_order,64,0.8518518518518519,40,4,6.55801673930438e-09,1.0,0.6904627892432771,0.0004997501249375312,1
ETTh2_h336_DLinear,2023,deterministic,full_permutation,64,0.8518518518518519,40,4,0.5436478753049878,0.0,-0.0711694809255785,0.8525737131434283,0
ETTh2_h336_DLinear,2023,shuffled,index_order,1,0.9976851851851852,2545,4,0.0,1.0,0.6921996532769312,0.0004997501249375312,1
ETTh2_h336_DLinear,2023,shuffled,full_permutation,1,0.9976851851851852,2545,4,0.5225595708965023,0.0,-0.013112914708566188,0.952023988005997,0
ETTh2_h336_DLinear,2023,shuffled,index_order,4,0.9907407407407407,637,4,7.640497374383544e-142,1.0,0.6914860629657543,0.0004997501249375312,1
ETTh2_h336_DLinear,2023,shuffled,full_permutation,4,0.9907407407407407,637,4,0.6380770272822613,0.0,0.02252654090650187,0.08445777111444278,0
ETTh2_h336_DLinear,2023,shuffled,index_order,16,0.962962962962963,160,4,2.767235578590322e-37,1.0,0.692608597992109,0.0004997501249375312,1
ETTh2_h336_DLinear,2023,shuffled,full_permutation,16,0.962962962962963,160,4,0.46892651303313304,0.0,0.011624477518653068,0.3488255872063968,0
ETTh2_h336_DLinear,2023,shuffled,index_order,64,0.8518518518518519,40,4,6.370973620961153e-09,1.0,0.6910256410256411,0.0004997501249375312,1
ETTh2_h336_DLinear,2023,shuffled,full_permutation,64,0.8518518518518519,40,4,0.7164951720257349,0.0,-0.01832395247029393,0.6046976511744128,0
ETTh2_h336_PatchTST,2021,deterministic,index_order,1,0.9976851851851852,2545,3,0.0,1.0,0.9662171729508846,0.0004997501249375312,1
ETTh2_h336_PatchTST,2021,deterministic,full_permutation,1,0.9976851851851852,2545,3,0.2580199863168623,0.0,0.0068906940248962085,0.2913543228385807,0
ETTh2_h336_PatchTST,2021,deterministic,index_order,4,0.9907407407407407,637,3,4.91257191806805e-140,1.0,0.9681584332574201,0.0004997501249375312,1
ETTh2_h336_PatchTST,2021,deterministic,full_permutation,4,0.9907407407407407,637,3,0.40054796974649104,0.0,-0.006845232098508426,0.6306846576711644,0
ETTh2_h336_PatchTST,2021,deterministic,index_order,16,0.962962962962963,160,3,3.2252143938189285e-36,1.0,0.9653638814016171,0.0004997501249375312,1
ETTh2_h336_PatchTST,2021,deterministic,full_permutation,16,0.962962962962963,160,3,0.4943166802761498,0.0,-0.011126411187937025,0.5902048975512244,0
ETTh2_h336_PatchTST,2021,deterministic,index_order,64,0.8518518518518519,40,3,6.360278954202186e-09,1.0,0.9564727954971857,0.0004997501249375312,1
ETTh2_h336_PatchTST,2021,deterministic,full_permutation,64,0.8518518518518519,40,3,0.07289616729852127,0.3333333333333333,0.11969981238273923,0.1089455272363818,0
ETTh2_h336_iTransformer,2021,deterministic,index_order,1,0.9976851851851852,2545,3,0.0,1.0,0.941496050824011,0.0004997501249375312,1
ETTh2_h336_iTransformer,2021,deterministic,full_permutation,1,0.9976851851851852,2545,3,0.6209285085687435,0.0,0.006698940869426241,0.28335832083958024,0
ETTh2_h336_iTransformer,2021,deterministic,index_order,4,0.9907407407407407,637,3,5.20195193027333e-139,1.0,0.9423488801683803,0.0004997501249375312,1
ETTh2_h336_iTransformer,2021,deterministic,full_permutation,4,0.9907407407407407,637,3,0.44187410836153124,0.0,-0.01048630707520939,0.6771614192903548,0
ETTh2_h336_iTransformer,2021,deterministic,index_order,16,0.962962962962963,160,3,3.975467584113963e-36,1.0,0.9413688034688854,0.0004997501249375312,1
ETTh2_h336_iTransformer,2021,deterministic,full_permutation,16,0.962962962962963,160,3,0.22389586438501508,0.3333333333333333,0.004339036681120359,0.4672663668165917,0
ETTh2_h336_iTransformer,2021,deterministic,index_order,64,0.8518518518518519,40,3,1.3450182700699416e-08,1.0,0.9474671669793621,0.0004997501249375312,1
ETTh2_h336_iTransformer,2021,deterministic,full_permutation,64,0.8518518518518519,40,3,0.37143853409707317,0.0,0.07479674796747969,0.2128935532233883,0
ETTh2_h720_DLinear,2021,deterministic,index_order,1,0.9987745098039216,2161,4,0.0,1.0,0.7637884294728021,0.0004997501249375312,1
ETTh2_h720_DLinear,2021,deterministic,full_permutation,1,0.9987745098039216,2161,4,0.2810580962295338,0.0,0.002969927420889541,0.36081959020489757,0
ETTh2_h720_DLinear,2021,deterministic,index_order,4,0.9950980392156863,541,4,8.353969051013845e-121,1.0,0.7630752530569053,0.0004997501249375312,1
ETTh2_h720_DLinear,2021,deterministic,full_permutation,4,0.9950980392156863,541,4,0.7405526772219873,0.0,0.006450428028617931,0.3568215892053973,0
ETTh2_h720_DLinear,2021,deterministic,index_order,16,0.9803921568627451,136,4,3.857991955123368e-32,1.0,0.7569565701381932,0.0004997501249375312,1
ETTh2_h720_DLinear,2021,deterministic,full_permutation,16,0.9803921568627451,136,4,0.8441543284391805,0.0,0.05160059157482944,0.06946526736631684,0
ETTh2_h96_DLinear,2021,deterministic,index_order,1,0.9947916666666666,2785,4,0.0,1.0,0.8940761166070509,0.0004997501249375312,1
ETTh2_h96_DLinear,2021,deterministic,full_permutation,1,0.9947916666666666,2785,4,0.5556317998499687,0.0,-0.010311368246006277,0.9085457271364318,0
ETTh2_h96_DLinear,2021,deterministic,index_order,4,0.9791666666666666,697,4,4.103261233692263e-150,1.0,0.8926816049474243,0.0004997501249375312,1
ETTh2_h96_DLinear,2021,deterministic,full_permutation,4,0.9791666666666666,697,4,0.324578512317542,0.0,-0.006657009959499618,0.6701649175412294,0
ETTh2_h96_DLinear,2021,deterministic,index_order,16,0.9166666666666666,175,4,1.7289563843332032e-32,1.0,0.893040752351097,0.0004997501249375312,1
ETTh2_h96_DLinear,2021,deterministic,full_permutation,16,0.9166666666666666,175,4,0.22039528428842758,0.25,0.051415882967607095,0.050974512743628186,0
ETTh2_h96_DLinear,2021,deterministic,index_order,64,0.6666666666666667,44,4,0.05118952131475682,0.25,0.8818651632605122,0.0004997501249375312,1
ETTh2_h96_DLinear,2021,deterministic,full_permutation,64,0.6666666666666667,44,4,0.8117381377274787,0.25,-0.017665022316185115,0.5857071464267866,0
ETTh2_h96_DLinear,2021,shuffled,index_order,1,0.9947916666666666,2785,4,0.0,1.0,0.9149854984920441,0.0004997501249375312,1
ETTh2_h96_DLinear,2021,shuffled,full_permutation,1,0.9947916666666666,2785,4,0.30107610565535786,0.0,0.003533614913261039,0.312343828085957,0
ETTh2_h96_DLinear,2021,shuffled,index_order,4,0.9791666666666666,697,4,3.848832230756593e-150,1.0,0.9135935217346906,0.0004997501249375312,1
ETTh2_h96_DLinear,2021,shuffled,full_permutation,4,0.9791666666666666,697,4,0.6640435533095991,0.25,-0.020379572878358374,0.9140429785107447,0
ETTh2_h96_DLinear,2021,shuffled,index_order,16,0.9166666666666666,175,4,9.702939552970836e-33,1.0,0.914274145394835,0.0004997501249375312,1
ETTh2_h96_DLinear,2021,shuffled,full_permutation,16,0.9166666666666666,175,4,0.4970750910727435,0.25,0.013000821018062395,0.3363318340829585,0
ETTh2_h96_DLinear,2021,shuffled,index_order,64,0.6666666666666667,44,4,0.0380535920125094,0.75,0.9074465586093495,0.0004997501249375312,1
ETTh2_h96_DLinear,2021,shuffled,full_permutation,64,0.6666666666666667,44,4,0.43598073589237046,0.0,0.15022316185106885,0.00849575212393803,1
ETTh2_h96_DLinear,2022,deterministic,index_order,1,0.9947916666666666,2785,4,0.0,1.0,0.9042080592321445,0.0004997501249375312,1
ETTh2_h96_DLinear,2022,deterministic,full_permutation,1,0.9947916666666666,2785,4,0.41334158487128453,0.0,0.00041902170526479074,0.4862568715642179,0
ETTh2_h96_DLinear,2022,deterministic,index_order,4,0.9791666666666666,697,4,2.3727773165824244e-150,1.0,0.9027288224723788,0.0004997501249375312,1
ETTh2_h96_DLinear,2022,deterministic,full_permutation,4,0.9791666666666666,697,4,0.5515497308490676,0.0,-0.022339501926261815,0.9305347326336831,0
ETTh2_h96_DLinear,2022,deterministic,index_order,16,0.9166666666666666,175,4,1.3956622851332227e-32,1.0,0.904006568144499,0.0004997501249375312,1
ETTh2_h96_DLinear,2022,deterministic,full_permutation,16,0.9166666666666666,175,4,0.4494715594439847,0.25,0.04213725929243171,0.09195402298850575,0
ETTh2_h96_DLinear,2022,deterministic,index_order,64,0.6666666666666667,44,4,0.04942681638979893,0.5,0.8963824289405685,0.0004997501249375312,1
ETTh2_h96_DLinear,2022,deterministic,full_permutation,64,0.6666666666666667,44,4,0.7759001016412632,0.0,-0.09412731970871507,0.9460269865067467,0
ETTh2_h96_DLinear,2022,shuffled,index_order,1,0.9947916666666666,2785,4,0.0,1.0,0.8932217652279144,0.0004997501249375312,1
ETTh2_h96_DLinear,2022,shuffled,full_permutation,1,0.9947916666666666,2785,4,0.31152822275221337,0.0,-0.010613012508914601,0.9025487256371814,0
ETTh2_h96_DLinear,2022,shuffled,index_order,4,0.9791666666666666,697,4,2.709612113552287e-150,1.0,0.8919510614534008,0.0004997501249375312,1
ETTh2_h96_DLinear,2022,shuffled,full_permutation,4,0.9791666666666666,697,4,0.8551627372593109,0.0,0.008540715212972292,0.2848575712143928,0
ETTh2_h96_DLinear,2022,shuffled,index_order,16,0.9166666666666666,175,4,1.6976186349129708e-32,1.0,0.8925862068965515,0.0004997501249375312,1
ETTh2_h96_DLinear,2022,shuffled,full_permutation,16,0.9166666666666666,175,4,0.742616306557765,0.0,-0.004511867442901927,0.5537231384307846,0
ETTh2_h96_DLinear,2022,shuffled,index_order,64,0.6666666666666667,44,4,0.050247938530128364,0.5,0.8840263096077051,0.0004997501249375312,1
ETTh2_h96_DLinear,2022,shuffled,full_permutation,64,0.6666666666666667,44,4,0.44268440331011094,0.0,-0.06072351421188631,0.8420789605197402,0
ETTh2_h96_DLinear,2023,deterministic,index_order,1,0.9947916666666666,2785,4,0.0,1.0,0.8931382402337826,0.0004997501249375312,1
ETTh2_h96_DLinear,2023,deterministic,full_permutation,1,0.9947916666666666,2785,4,0.5029359231906501,0.25,0.006407552464737807,0.21039480259870064,0
ETTh2_h96_DLinear,2023,deterministic,index_order,4,0.9791666666666666,697,4,2.6924019638143683e-150,1.0,0.8916378675983299,0.0004997501249375312,1
ETTh2_h96_DLinear,2023,deterministic,full_permutation,4,0.9791666666666666,697,4,0.5650561454602121,0.0,0.009491613693344487,0.26936531734132935,0
ETTh2_h96_DLinear,2023,deterministic,index_order,16,0.9166666666666666,175,4,1.278985296637359e-32,1.0,0.8914080459770113,0.0004997501249375312,1
ETTh2_h96_DLinear,2023,deterministic,full_permutation,16,0.9166666666666666,175,4,0.5433646880119547,0.0,0.035219808926705475,0.12093953023488256,0
ETTh2_h96_DLinear,2023,deterministic,index_order,64,0.6666666666666667,44,4,0.04514748061117064,0.75,0.8750763448437868,0.0004997501249375312,1
ETTh2_h96_DLinear,2023,deterministic,full_permutation,64,0.6666666666666667,44,4,0.7611107476878312,0.0,0.0007047216349541918,0.4987506246876562,0
ETTh2_h96_DLinear,2023,shuffled,index_order,1,0.9947916666666666,2785,4,0.0,1.0,0.9099065449331124,0.0004997501249375312,1
ETTh2_h96_DLinear,2023,shuffled,full_permutation,1,0.9947916666666666,2785,4,0.4264928870569655,0.0,8.151813194390405e-05,0.5032483758120939,0
ETTh2_h96_DLinear,2023,shuffled,index_order,4,0.9791666666666666,697,4,2.494536597807243e-150,1.0,0.908533886080766,0.0004997501249375312,1
ETTh2_h96_DLinear,2023,shuffled,full_permutation,4,0.9791666666666666,697,4,0.2529934565900692,0.25,0.029822758916488768,0.026486756621689155,1
ETTh2_h96_DLinear,2023,shuffled,index_order,16,0.9166666666666666,175,4,1.0029410510015068e-32,1.0,0.9090140319450665,0.0004997501249375312,1
ETTh2_h96_DLinear,2023,shuffled,full_permutation,16,0.9166666666666666,175,4,0.6612099848461817,0.0,0.01740744887296611,0.30184907546226886,0
ETTh2_h96_DLinear,2023,shuffled,index_order,64,0.6666666666666667,44,4,0.04544183884736036,0.75,0.9030068123091382,0.0004997501249375312,1
ETTh2_h96_DLinear,2023,shuffled,full_permutation,64,0.6666666666666667,44,4,0.4341787095582272,0.0,0.0027484143763213454,0.4567716141929036,0
ETTh2_h96_PatchTST,2021,deterministic,index_order,1,0.9947916666666666,2785,3,0.0,1.0,0.9237073230118068,0.0004997501249375312,1
ETTh2_h96_PatchTST,2021,deterministic,full_permutation,1,0.9947916666666666,2785,3,0.49989271437025623,0.0,-0.016469249165230775,0.9320339830084957,0
ETTh2_h96_PatchTST,2021,deterministic,index_order,4,0.9791666666666666,697,3,5.750373745574192e-143,1.0,0.9214648378720778,0.0004997501249375312,1
ETTh2_h96_PatchTST,2021,deterministic,full_permutation,4,0.9791666666666666,697,3,0.48799794377760847,0.0,0.029175550681327902,0.10144927536231885,0
ETTh2_h96_PatchTST,2021,deterministic,index_order,16,0.9166666666666666,175,3,2.34621122328257e-29,1.0,0.9168151962979548,0.0004997501249375312,1
ETTh2_h96_PatchTST,2021,deterministic,full_permutation,16,0.9166666666666666,175,3,0.37631534436693415,0.0,0.04116808478877444,0.175912043978011,0
ETTh2_h96_PatchTST,2021,deterministic,index_order,64,0.6666666666666667,44,3,0.01628614677331578,0.6666666666666666,0.9136481089969463,0.0004997501249375312,1
ETTh2_h96_PatchTST,2021,deterministic,full_permutation,64,0.6666666666666667,44,3,0.697716461295194,0.0,0.0374911909795631,0.31284357821089454,0
ETTh2_h96_iTransformer,2021,deterministic,index_order,1,0.9947916666666666,2785,3,0.0,1.0,0.9236354010651348,0.0004997501249375312,1
ETTh2_h96_iTransformer,2021,deterministic,full_permutation,1,0.9947916666666666,2785,3,0.49288501197947737,0.0,-0.0094967810652227,0.8175912043978011,0
ETTh2_h96_iTransformer,2021,deterministic,index_order,4,0.9791666666666666,697,3,2.2057211137544835e-140,1.0,0.9206285083913626,0.0004997501249375312,1
ETTh2_h96_iTransformer,2021,deterministic,full_permutation,4,0.9791666666666666,697,3,0.28891750779540276,0.0,0.024404006121813194,0.11644177911044477,0
ETTh2_h96_iTransformer,2021,deterministic,index_order,16,0.9166666666666666,175,3,7.581799765907312e-26,1.0,0.916822660098522,0.0004997501249375312,1
ETTh2_h96_iTransformer,2021,deterministic,full_permutation,16,0.9166666666666666,175,3,0.8601242839904754,0.3333333333333333,0.046771906254664875,0.14742628685657172,0
ETTh2_h96_iTransformer,2021,deterministic,index_order,64,0.6666666666666667,44,3,0.0963801510027093,0.3333333333333333,0.9328635189100307,0.0004997501249375312,1
ETTh2_h96_iTransformer,2021,deterministic,full_permutation,64,0.6666666666666667,44,3,0.5840998999408099,0.0,-0.193610523843082,0.9905047476261869,0
ETTm1_h192_DLinear,2021,deterministic,index_order,1,0.9965277777777778,11329,4,0.0,1.0,0.9752235537373725,0.0004997501249375312,1
ETTm1_h192_DLinear,2021,deterministic,full_permutation,1,0.9965277777777778,11329,4,0.3979062509727562,0.25,0.0002702406550120741,0.46326836581709147,0
ETTm1_h192_DLinear,2021,deterministic,index_order,4,0.9861111111111112,2833,4,0.0,1.0,0.9750558270915022,0.0004997501249375312,1
ETTm1_h192_DLinear,2021,deterministic,full_permutation,4,0.9861111111111112,2833,4,0.4540366934998751,0.0,0.002359074207414401,0.3778110944527736,0
ETTm1_h192_DLinear,2021,deterministic,index_order,16,0.9444444444444444,709,4,6.077208074559966e-147,1.0,0.9752236727641953,0.0004997501249375312,1
ETTm1_h192_DLinear,2021,deterministic,full_permutation,16,0.9444444444444444,709,4,0.5955594056332338,0.0,-0.010974031097408158,0.7501249375312344,0
ETTm1_h192_DLinear,2021,deterministic,index_order,64,0.7777777777777778,178,4,3.4039697654685646e-18,1.0,0.975332888618892,0.0004997501249375312,1
ETTm1_h192_DLinear,2021,deterministic,full_permutation,64,0.7777777777777778,178,4,0.31890035791724014,0.0,-0.03681980234677299,0.8855572213893054,0
ETTm1_h192_DLinear,2021,deterministic,index_order,192,0.33333333333333337,60,4,0.06974743045915426,0.0,0.9829304436417523,0.0004997501249375312,1
ETTm1_h192_DLinear,2021,deterministic,full_permutation,192,0.33333333333333337,60,4,0.23041380503713838,0.5,-0.03760303788089283,0.7626186906546727,0
ETTm1_h336_DLinear,2021,deterministic,index_order,1,0.9976851851851852,11185,4,0.0,1.0,0.9756867183993035,0.0004997501249375312,1
ETTm1_h336_DLinear,2021,deterministic,full_permutation,1,0.9976851851851852,11185,4,0.7414013668311104,0.0,-0.004223310235111931,0.8620689655172413,0
ETTm1_h336_DLinear,2021,deterministic,index_order,4,0.9907407407407407,2797,4,0.0,1.0,0.9756358815106817,0.0004997501249375312,1
ETTm1_h336_DLinear,2021,deterministic,full_permutation,4,0.9907407407407407,2797,4,0.6897023854604067,0.0,-0.0010820742716641507,0.5657171414292853,0
ETTm1_h336_DLinear,2021,deterministic,index_order,16,0.962962962962963,700,4,3.406039327626082e-149,1.0,0.9759016884291016,0.0004997501249375312,1
ETTm1_h336_DLinear,2021,deterministic,full_permutation,16,0.962962962962963,700,4,0.5404196318865628,0.0,0.0010903229248572805,0.4832583708145927,0
ETTm1_h336_DLinear,2021,deterministic,index_order,64,0.8518518518518519,175,4,8.428823343388485e-25,1.0,0.9763091506194953,0.0004997501249375312,1
ETTm1_h336_DLinear,2021,deterministic,full_permutation,64,0.8518518518518519,175,4,0.6419411530405403,0.0,0.026411777877295112,0.1934032983508246,0
ETTm1_h336_DLinear,2021,deterministic,index_order,192,0.5555555555555556,59,4,0.008834349990831075,1.0,0.9779271381258523,0.0004997501249375312,1
ETTm1_h336_DLinear,2021,deterministic,full_permutation,192,0.5555555555555556,59,4,0.4936052883816381,0.0,-0.035437366062731346,0.7301349325337332,0
ETTm1_h336_DLinear,2021,shuffled,index_order,1,0.9976851851851852,11185,4,0.0,1.0,0.9750220388229889,0.0004997501249375312,1
ETTm1_h336_DLinear,2021,shuffled,full_permutation,1,0.9976851851851852,11185,4,0.17939509758650787,0.0,-0.0025202789695758497,0.7466266866566716,0
ETTm1_h336_DLinear,2021,shuffled,index_order,4,0.9907407407407407,2797,4,0.0,1.0,0.974944992050189,0.0004997501249375312,1
ETTm1_h336_DLinear,2021,shuffled,full_permutation,4,0.9907407407407407,2797,4,0.4995642789599307,0.0,0.01787435105809119,0.012993503248375811,1
ETTm1_h336_DLinear,2021,shuffled,index_order,16,0.962962962962963,700,4,3.760066013509788e-149,1.0,0.9752311856030026,0.0004997501249375312,1
ETTm1_h336_DLinear,2021,shuffled,full_permutation,16,0.962962962962963,700,4,0.5925035610014164,0.0,-0.002334307970890903,0.5537231384307846,0
ETTm1_h336_DLinear,2021,shuffled,index_order,64,0.8518518518518519,175,4,8.673847124318543e-25,1.0,0.9757848186296462,0.0004997501249375312,1
ETTm1_h336_DLinear,2021,shuffled,full_permutation,64,0.8518518518518519,175,4,0.4002544773203228,0.0,0.00832064487236901,0.383808095952024,0
ETTm1_h336_DLinear,2021,shuffled,index_order,192,0.5555555555555556,59,4,0.008837477779362168,1.0,0.9774887979738943,0.0004997501249375312,1
ETTm1_h336_DLinear,2021,shuffled,full_permutation,192,0.5555555555555556,59,4,0.582123656720845,0.0,-0.027781024741866358,0.6976511744127936,0
ETTm1_h336_DLinear,2022,deterministic,index_order,1,0.9976851851851852,11185,4,0.0,1.0,0.9759831895838164,0.0004997501249375312,1
ETTm1_h336_DLinear,2022,deterministic,full_permutation,1,0.9976851851851852,11185,4,0.339779950327294,0.0,-0.003263170281021846,0.8060969515242379,0
ETTm1_h336_DLinear,2022,deterministic,index_order,4,0.9907407407407407,2797,4,0.0,1.0,0.9759236974429926,0.0004997501249375312,1
ETTm1_h336_DLinear,2022,deterministic,full_permutation,4,0.9907407407407407,2797,4,0.3468022177004489,0.0,-0.007540639794382746,0.8445777111444278,0
ETTm1_h336_DLinear,2022,deterministic,index_order,16,0.962962962962963,700,4,3.483831033178476e-149,1.0,0.9761984936995498,0.0004997501249375312,1
ETTm1_h336_DLinear,2022,deterministic,full_permutation,16,0.962962962962963,700,4,0.28938703547303446,0.0,-0.009680212175360123,0.7231384307846077,0
ETTm1_h336_DLinear,2022,deterministic,index_order,64,0.8518518518518519,175,4,8.616790315317723e-25,1.0,0.976612554112554,0.0004997501249375312,1
ETTm1_h336_DLinear,2022,deterministic,full_permutation,64,0.8518518518518519,175,4,0.48298317306974914,0.25,-0.006301313628899835,0.5582208895552224,0
ETTm1_h336_DLinear,2022,deterministic,index_order,192,0.5555555555555556,59,4,0.008839912848595187,1.0,0.9780537697253068,0.0004997501249375312,1
ETTm1_h336_DLinear,2022,deterministic,full_permutation,192,0.5555555555555556,59,4,0.3059502829748463,0.0,-0.020514319111630624,0.632183908045977,0
ETTm1_h336_DLinear,2022,shuffled,index_order,1,0.9976851851851852,11185,4,0.0,1.0,0.9757026221729724,0.0004997501249375312,1
ETTm1_h336_DLinear,2022,shuffled,full_permutation,1,0.9976851851851852,11185,4,0.21791168820642517,0.0,-0.000810758696643362,0.5767116441779111,0
ETTm1_h336_DLinear,2022,shuffled,index_order,4,0.9907407407407407,2797,4,0.0,1.0,0.9756415183238794,0.0004997501249375312,1
ETTm1_h336_DLinear,2022,shuffled,full_permutation,4,0.9907407407407407,2797,4,0.6611195108423469,0.0,-0.007861089576433042,0.8390804597701149,0
ETTm1_h336_DLinear,2022,shuffled,index_order,16,0.962962962962963,700,4,3.2992905976781635e-149,1.0,0.9759189362777123,0.0004997501249375312,1
ETTm1_h336_DLinear,2022,shuffled,full_permutation,16,0.962962962962963,700,4,0.42320983173836385,0.0,0.027613589881961855,0.04147926036981509,1
ETTm1_h336_DLinear,2022,shuffled,index_order,64,0.8518518518518519,175,4,9.962844651590034e-25,1.0,0.9758874458874457,0.0004997501249375312,1
ETTm1_h336_DLinear,2022,shuffled,full_permutation,64,0.8518518518518519,175,4,0.47332913360559314,0.0,0.034140543364681294,0.1344327836081959,0
ETTm1_h336_DLinear,2022,shuffled,index_order,192,0.5555555555555556,59,4,0.00886978436238434,1.0,0.9771283849600624,0.0004997501249375312,1
ETTm1_h336_DLinear,2022,shuffled,full_permutation,192,0.5555555555555556,59,4,0.4541985379518853,0.5,-0.07182933956750438,0.9095452273863068,0
ETTm1_h336_DLinear,2023,deterministic,index_order,1,0.9976851851851852,11185,4,0.0,1.0,0.9753091948507872,0.0004997501249375312,1
ETTm1_h336_DLinear,2023,deterministic,full_permutation,1,0.9976851851851852,11185,4,0.5747921005477994,0.0,0.00010823394673969949,0.48425787106446777,0
ETTm1_h336_DLinear,2023,deterministic,index_order,4,0.9907407407407407,2797,4,0.0,1.0,0.9752492679975285,0.0004997501249375312,1
ETTm1_h336_DLinear,2023,deterministic,full_permutation,4,0.9907407407407407,2797,4,0.2852210548842158,0.0,-0.00492759500275388,0.744127936031984,0
ETTm1_h336_DLinear,2023,deterministic,index_order,16,0.962962962962963,700,4,2.937829056542475e-149,1.0,0.9755222415905803,0.0004997501249375312,1
ETTm1_h336_DLinear,2023,deterministic,full_permutation,16,0.962962962962963,700,4,0.4881713322671901,0.25,0.004798132241086202,0.3733133433283358,0
ETTm1_h336_DLinear,2023,deterministic,index_order,64,0.8518518518518519,175,4,9.004791874995383e-25,1.0,0.9758643081056874,0.0004997501249375312,1
ETTm1_h336_DLinear,2023,deterministic,full_permutation,64,0.8518518518518519,175,4,0.7711412034887416,0.0,-0.02682713837886251,0.8115942028985508,0
ETTm1_h336_DLinear,2023,deterministic,index_order,192,0.5555555555555556,59,4,0.008907046771580909,1.0,0.9767679719462303,0.0004997501249375312,1
ETTm1_h336_DLinear,2023,deterministic,full_permutation,192,0.5555555555555556,59,4,0.47287058165721474,0.0,0.00020455873758036536,0.46676661669165415,0
ETTm1_h336_DLinear,2023,shuffled,index_order,1,0.9976851851851852,11185,4,0.0,1.0,0.9752753422954775,0.0004997501249375312,1
ETTm1_h336_DLinear,2023,shuffled,full_permutation,1,0.9976851851851852,11185,4,0.3297522863734016,0.0,0.002540749573784072,0.25487256371814093,0
ETTm1_h336_DLinear,2023,shuffled,index_order,4,0.9907407407407407,2797,4,0.0,1.0,0.9752088527388004,0.0004997501249375312,1
ETTm1_h336_DLinear,2023,shuffled,full_permutation,4,0.9907407407407407,2797,4,0.49136937828788596,0.0,-0.0017721518348799141,0.5942028985507246,0
ETTm1_h336_DLinear,2023,shuffled,index_order,16,0.962962962962963,700,4,3.346270614103223e-149,1.0,0.9755104748027182,0.0004997501249375312,1
ETTm1_h336_DLinear,2023,shuffled,full_permutation,16,0.962962962962963,700,4,0.464746799949598,0.0,0.0037764800103090583,0.39430284857571213,0
ETTm1_h336_DLinear,2023,shuffled,index_order,64,0.8518518518518519,175,4,8.664973648046603e-25,1.0,0.9756754739513359,0.0004997501249375312,1
ETTm1_h336_DLinear,2023,shuffled,full_permutation,64,0.8518518518518519,175,4,0.48673462639971476,0.0,-0.038400507538438565,0.8875562218890555,0
ETTm1_h336_DLinear,2023,shuffled,index_order,192,0.5555555555555556,59,4,0.008822347846418764,1.0,0.9767484901616988,0.0004997501249375312,1
ETTm1_h336_DLinear,2023,shuffled,full_permutation,192,0.5555555555555556,59,4,0.5234049520272213,0.0,0.05129553867134229,0.16241879060469766,0
ETTm1_h336_PatchTST,2021,deterministic,index_order,1,0.9976851851851852,11185,3,0.0,1.0,0.9599750068001512,0.0004997501249375312,1
ETTm1_h336_PatchTST,2021,deterministic,full_permutation,1,0.9976851851851852,11185,3,0.7509885693409055,0.0,0.007049547182596,0.09995002498750624,0
ETTm1_h336_PatchTST,2021,deterministic,index_order,4,0.9907407407407407,2797,3,0.0,1.0,0.9594838676340337,0.0004997501249375312,1
ETTm1_h336_PatchTST,2021,deterministic,full_permutation,4,0.9907407407407407,2797,3,0.8769885851339083,0.0,0.014234956567611678,0.09345327336331834,0
ETTm1_h336_PatchTST,2021,deterministic,index_order,16,0.962962962962963,700,3,6.036041864379477e-148,1.0,0.9588178751385206,0.0004997501249375312,1
ETTm1_h336_PatchTST,2021,deterministic,full_permutation,16,0.962962962962963,700,3,0.6126680401072604,0.0,0.007688447177588992,0.37881059470264866,0
ETTm1_h336_PatchTST,2021,deterministic,index_order,64,0.8518518518518519,175,3,1.5156728623011816e-23,1.0,0.9606687565308253,0.0004997501249375312,1
ETTm1_h336_PatchTST,2021,deterministic,full_permutation,64,0.8518518518518519,175,3,0.5922886263125907,0.0,-0.035691147932527235,0.7821089455272364,0
ETTm1_h336_PatchTST,2021,deterministic,index_order,192,0.5555555555555556,59,3,0.0034871917853880347,1.0,0.9573738554451587,0.0004997501249375312,1
ETTm1_h336_PatchTST,2021,deterministic,full_permutation,192,0.5555555555555556,59,3,0.6228688398549772,0.3333333333333333,-0.09799337619325932,0.9020489755122438,0
ETTm1_h336_iTransformer,2021,deterministic,index_order,1,0.9976851851851852,11185,3,0.0,1.0,0.9595451729979195,0.0004997501249375312,1
ETTm1_h336_iTransformer,2021,deterministic,full_permutation,1,0.9976851851851852,11185,3,0.6635446394032842,0.0,0.00861905464991713,0.06296851574212893,0
ETTm1_h336_iTransformer,2021,deterministic,index_order,4,0.9907407407407407,2797,3,0.0,1.0,0.9583788312388114,0.0004997501249375312,1
ETTm1_h336_iTransformer,2021,deterministic,full_permutation,4,0.9907407407407407,2797,3,0.6762783793622894,0.0,0.007464631612634716,0.2513743128435782,0
ETTm1_h336_iTransformer,2021,deterministic,index_order,16,0.962962962962963,700,3,2.777750632933075e-143,1.0,0.9518615460731259,0.0004997501249375312,1
ETTm1_h336_iTransformer,2021,deterministic,full_permutation,16,0.962962962962963,700,3,0.6117923418945207,0.0,0.0018885053118184198,0.4407796101949025,0
ETTm1_h336_iTransformer,2021,deterministic,index_order,64,0.8518518518518519,175,3,1.5210052202957754e-23,1.0,0.94683908045977,0.0004997501249375312,1
ETTm1_h336_iTransformer,2021,deterministic,full_permutation,64,0.8518518518518519,175,3,0.26507999746566585,0.3333333333333333,-0.01843708016121809,0.6546726636681659,0
ETTm1_h336_iTransformer,2021,deterministic,index_order,192,0.5555555555555556,59,3,0.0008344810185460345,1.0,0.9531657899863628,0.0004997501249375312,1
ETTm1_h336_iTransformer,2021,deterministic,full_permutation,192,0.5555555555555556,59,3,0.26921952694228424,0.0,-0.05425676992012468,0.7636181909045477,0
ETTm1_h720_DLinear,2021,deterministic,index_order,1,0.9987745098039216,10801,4,0.0,1.0,0.9775880495972039,0.0004997501249375312,1
ETTm1_h720_DLinear,2021,deterministic,full_permutation,1,0.9987745098039216,10801,4,0.5661429005867777,0.0,0.0023018312943773917,0.27586206896551724,0
ETTm1_h720_DLinear,2021,deterministic,index_order,4,0.9950980392156863,2701,4,0.0,1.0,0.9775796027349536,0.0004997501249375312,1
ETTm1_h720_DLinear,2021,deterministic,full_permutation,4,0.9950980392156863,2701,4,0.3098948398128992,0.25,-0.020122865381391384,0.9940029985007496,0
ETTm1_h720_DLinear,2021,deterministic,index_order,16,0.9803921568627451,676,4,1.6053406226425843e-145,1.0,0.9779049259812808,0.0004997501249375312,1
ETTm1_h720_DLinear,2021,deterministic,full_permutation,16,0.9803921568627451,676,4,0.5013389575411417,0.0,0.026955114851944753,0.04397801099450275,1
ETTm1_h720_DLinear,2021,deterministic,index_order,64,0.9215686274509804,169,4,1.1305840752962199e-28,1.0,0.9755734838314022,0.0004997501249375312,1
ETTm1_h720_DLinear,2021,deterministic,full_permutation,64,0.9215686274509804,169,4,0.3788248995990483,0.0,-0.014769280493262394,0.672663668165917,0
ETTm1_h720_DLinear,2021,deterministic,index_order,192,0.7647058823529411,57,4,1.8634426509873756e-05,1.0,0.9719557514475845,0.0004997501249375312,1
ETTm1_h720_DLinear,2021,deterministic,full_permutation,192,0.7647058823529411,57,4,0.49911195593126023,0.0,-0.044605047100509894,0.7976011994002998,0
ETTm1_h96_DLinear,2021,deterministic,index_order,1,0.9947916666666666,11425,4,0.0,1.0,0.9637293378603392,0.0004997501249375312,1
ETTm1_h96_DLinear,2021,deterministic,full_permutation,1,0.9947916666666666,11425,4,0.48814008144724147,0.0,-0.001964515234975805,0.703648175912044,0
ETTm1_h96_DLinear,2021,deterministic,index_order,4,0.9791666666666666,2857,4,0.0,1.0,0.9633227766233329,0.0004997501249375312,1
ETTm1_h96_DLinear,2021,deterministic,full_permutation,4,0.9791666666666666,2857,4,0.2569329001710088,0.0,0.007245038530415522,0.16241879060469766,0
ETTm1_h96_DLinear,2021,deterministic,index_order,16,0.9166666666666666,715,4,1.1821890232200985e-133,1.0,0.9629843702140778,0.0004997501249375312,1
ETTm1_h96_DLinear,2021,deterministic,full_permutation,16,0.9166666666666666,715,4,0.4227553019113277,0.0,0.010651064348073877,0.2543728135932034,0
ETTm1_h96_DLinear,2021,deterministic,index_order,64,0.6666666666666667,179,4,1.4282202528689524e-07,1.0,0.9715296521805842,0.0004997501249375312,1
ETTm1_h96_DLinear,2021,deterministic,full_permutation,64,0.6666666666666667,179,4,0.7899843297170512,0.0,-0.009565208294101648,0.6051974012993503,0
ETTm1_h96_DLinear,2021,deterministic,index_order,192,0.0,60,4,0.1483988461465159,0.0,0.9753913124015928,0.0004997501249375312,1
ETTm1_h96_DLinear,2021,deterministic,full_permutation,192,0.0,60,4,0.7474615909105955,0.0,-0.05944243771417985,0.8685657171414293,0
ETTm1_h96_DLinear,2021,shuffled,index_order,1,0.9947916666666666,11425,4,0.0,1.0,0.9635741753975431,0.0004997501249375312,1
ETTm1_h96_DLinear,2021,shuffled,full_permutation,1,0.9947916666666666,11425,4,0.6272191093868502,0.0,0.0026485096731576774,0.25837081459270367,0
ETTm1_h96_DLinear,2021,shuffled,index_order,4,0.9791666666666666,2857,4,0.0,1.0,0.9631264811610802,0.0004997501249375312,1
ETTm1_h96_DLinear,2021,shuffled,full_permutation,4,0.9791666666666666,2857,4,0.5041770527088685,0.0,0.015516292073404048,0.01999000499750125,1
ETTm1_h96_DLinear,2021,shuffled,index_order,16,0.9166666666666666,715,4,7.8441377611367915e-134,1.0,0.9628962175955276,0.0004997501249375312,1
ETTm1_h96_DLinear,2021,shuffled,full_permutation,16,0.9166666666666666,715,4,0.5722289385436254,0.0,-0.010880263344936367,0.7541229385307346,0
ETTm1_h96_DLinear,2021,shuffled,index_order,64,0.6666666666666667,179,4,1.48676588289792e-07,1.0,0.9715718480391128,0.0004997501249375312,1
ETTm1_h96_DLinear,2021,shuffled,full_permutation,64,0.6666666666666667,179,4,0.6911642862262657,0.0,0.022693002462006284,0.22588705647176413,0
ETTm1_h96_DLinear,2021,shuffled,index_order,192,0.0,60,4,0.14600236468030184,0.0,0.9761693062887837,0.0004997501249375312,1
ETTm1_h96_DLinear,2021,shuffled,full_permutation,192,0.0,60,4,0.6262463301266082,0.0,-0.06967676206353615,0.9115442278860569,0
ETTm1_h96_DLinear,2022,deterministic,index_order,1,0.9947916666666666,11425,4,0.0,1.0,0.9654215420159623,0.0004997501249375312,1
ETTm1_h96_DLinear,2022,deterministic,full_permutation,1,0.9947916666666666,11425,4,0.22787236917348253,0.25,-0.003912334773372933,0.8450774612693653,0
ETTm1_h96_DLinear,2022,deterministic,index_order,4,0.9791666666666666,2857,4,0.0,1.0,0.9650017441690771,0.0004997501249375312,1
ETTm1_h96_DLinear,2022,deterministic,full_permutation,4,0.9791666666666666,2857,4,0.43368856001505907,0.0,-0.0034532142179244034,0.6776611694152923,0
ETTm1_h96_DLinear,2022,deterministic,index_order,16,0.9166666666666666,715,4,5.397138551525964e-134,1.0,0.9647539611226762,0.0004997501249375312,1
ETTm1_h96_DLinear,2022,deterministic,full_permutation,16,0.9166666666666666,715,4,0.6154673914691764,0.0,-0.0022513416039541575,0.5527236381809095,0
ETTm1_h96_DLinear,2022,deterministic,index_order,64,0.6666666666666667,179,4,1.2210738296659996e-07,1.0,0.9730127842989558,0.0004997501249375312,1
ETTm1_h96_DLinear,2022,deterministic,full_permutation,64,0.6666666666666667,179,4,0.5864932743884776,0.0,0.003674875679144087,0.45977011494252873,0
ETTm1_h96_DLinear,2022,deterministic,index_order,192,0.0,60,4,0.1482208104472775,0.0,0.9772529406316567,0.0004997501249375312,1
ETTm1_h96_DLinear,2022,deterministic,full_permutation,192,0.0,60,4,0.7065666008301238,0.0,-0.008946929702695193,0.5502248875562219,0
ETTm1_h96_DLinear,2022,shuffled,index_order,1,0.9947916666666666,11425,4,0.0,1.0,0.9653578107133658,0.0004997501249375312,1
ETTm1_h96_DLinear,2022,shuffled,full_permutation,1,0.9947916666666666,11425,4,0.23892866620243441,0.0,0.00020160627791713086,0.48875562218890556,0
ETTm1_h96_DLinear,2022,shuffled,index_order,4,0.9791666666666666,2857,4,0.0,1.0,0.9649497075253054,0.0004997501249375312,1
ETTm1_h96_DLinear,2022,shuffled,full_permutation,4,0.9791666666666666,2857,4,0.5487243506312589,0.0,0.0007085535707650241,0.4482758620689655,0
ETTm1_h96_DLinear,2022,shuffled,index_order,16,0.9166666666666666,715,4,1.4229665304118381e-133,1.0,0.9645993069259583,0.0004997501249375312,1
ETTm1_h96_DLinear,2022,shuffled,full_permutation,16,0.9166666666666666,715,4,0.48094976048798577,0.0,0.005995680297356274,0.34782608695652173,0
ETTm1_h96_DLinear,2022,shuffled,index_order,64,0.6666666666666667,179,4,1.646440432809348e-07,1.0,0.9728558575523611,0.0004997501249375312,1
ETTm1_h96_DLinear,2022,shuffled,full_permutation,64,0.6666666666666667,179,4,0.6528184666695459,0.0,-0.004547737116314104,0.5627186406796602,0
ETTm1_h96_DLinear,2022,shuffled,index_order,192,0.0,60,4,0.1464756967940753,0.0,0.9771973696397146,0.0004997501249375312,1
ETTm1_h96_DLinear,2022,shuffled,full_permutation,192,0.0,60,4,0.5677216077080961,0.0,-0.008076317495600635,0.5407296351824088,0
ETTm1_h96_DLinear,2023,deterministic,index_order,1,0.9947916666666666,11425,4,0.0,1.0,0.9637316022878969,0.0004997501249375312,1
ETTm1_h96_DLinear,2023,deterministic,full_permutation,1,0.9947916666666666,11425,4,0.8720067422860227,0.0,0.0027636127913229828,0.2518740629685157,0
ETTm1_h96_DLinear,2023,deterministic,index_order,4,0.9791666666666666,2857,4,0.0,1.0,0.9633382270624252,0.0004997501249375312,1
ETTm1_h96_DLinear,2023,deterministic,full_permutation,4,0.9791666666666666,2857,4,0.5514077389486927,0.0,0.005206467958656374,0.2613693153423288,0
ETTm1_h96_DLinear,2023,deterministic,index_order,16,0.9166666666666666,715,4,9.86918632349768e-134,1.0,0.9629431637482905,0.0004997501249375312,1
ETTm1_h96_DLinear,2023,deterministic,full_permutation,16,0.9166666666666666,715,4,0.6417332796152793,0.0,-0.007540444001173545,0.6856571714142928,0
ETTm1_h96_DLinear,2023,deterministic,index_order,64,0.6666666666666667,179,4,1.3559436228491875e-07,1.0,0.9715599913515925,0.0004997501249375312,1
ETTm1_h96_DLinear,2023,deterministic,full_permutation,64,0.6666666666666667,179,4,0.5320344866335616,0.0,0.03235969005223916,0.14942528735632185,0
ETTm1_h96_DLinear,2023,deterministic,index_order,192,0.0,60,4,0.14798993600077387,0.0,0.9760118551449475,0.0004997501249375312,1
ETTm1_h96_DLinear,2023,deterministic,full_permutation,192,0.0,60,4,0.6760076627477568,0.0,-0.020941002130221358,0.63968015992004,0
ETTm1_h96_DLinear,2023,shuffled,index_order,1,0.9947916666666666,11425,4,0.0,1.0,0.9650506706633605,0.0004997501249375312,1
ETTm1_h96_DLinear,2023,shuffled,full_permutation,1,0.9947916666666666,11425,4,0.4716024377883239,0.0,-0.0008038659845643425,0.5857071464267866,0
ETTm1_h96_DLinear,2023,shuffled,index_order,4,0.9791666666666666,2857,4,0.0,1.0,0.964632190380221,0.0004997501249375312,1
ETTm1_h96_DLinear,2023,shuffled,full_permutation,4,0.9791666666666666,2857,4,0.6183477627138939,0.0,-0.004358224933159692,0.7241379310344828,0
ETTm1_h96_DLinear,2023,shuffled,index_order,16,0.9166666666666666,715,4,9.994116753651344e-134,1.0,0.9642703227323669,0.0004997501249375312,1
ETTm1_h96_DLinear,2023,shuffled,full_permutation,16,0.9166666666666666,715,4,0.7114398094166935,0.0,0.011815536856614744,0.2108945527236382,0
ETTm1_h96_DLinear,2023,shuffled,index_order,64,0.6666666666666667,179,4,1.3168546228202779e-07,1.0,0.9724893464175365,0.0004997501249375312,1
ETTm1_h96_DLinear,2023,shuffled,full_permutation,64,0.6666666666666667,179,4,0.6083051150772916,0.0,-0.04386974382580433,0.9310344827586207,0
ETTm1_h96_DLinear,2023,shuffled,index_order,192,0.0,60,4,0.14841489774582423,0.0,0.9766416597202925,0.0004997501249375312,1
ETTm1_h96_DLinear,2023,shuffled,full_permutation,192,0.0,60,4,0.3000357087433756,0.25,0.020820598314346572,0.33233383308345826,0
ETTm1_h96_PatchTST,2021,deterministic,index_order,1,0.9947916666666666,11425,3,0.0,1.0,0.9174491190760977,0.0004997501249375312,1
ETTm1_h96_PatchTST,2021,deterministic,full_permutation,1,0.9947916666666666,11425,3,0.8536308767941343,0.0,0.005755709667459509,0.15342328835582209,0
ETTm1_h96_PatchTST,2021,deterministic,index_order,4,0.9791666666666666,2857,3,0.0,1.0,0.9152072203588101,0.0004997501249375312,1
ETTm1_h96_PatchTST,2021,deterministic,full_permutation,4,0.9791666666666666,2857,3,0.619585026185067,0.0,-0.00356732751034229,0.6331834082958521,0
ETTm1_h96_PatchTST,2021,deterministic,index_order,16,0.9166666666666666,715,3,9.527166950563483e-133,1.0,0.9172691477653686,0.0004997501249375312,1
ETTm1_h96_PatchTST,2021,deterministic,full_permutation,16,0.9166666666666666,715,3,0.5271539582735197,0.0,0.0040296979830335075,0.4332833583208396,0
ETTm1_h96_PatchTST,2021,deterministic,index_order,64,0.6666666666666667,179,3,6.396078663722299e-07,1.0,0.922238263622985,0.0004997501249375312,1
ETTm1_h96_PatchTST,2021,deterministic,full_permutation,64,0.6666666666666667,179,3,0.7455067378715381,0.0,0.07522022053438787,0.04897551224387806,1
ETTm1_h96_PatchTST,2021,deterministic,index_order,192,0.0,60,3,0.09136779279151225,0.0,0.9291469852736869,0.0004997501249375312,1
ETTm1_h96_PatchTST,2021,deterministic,full_permutation,192,0.0,60,3,0.7071344413280765,0.0,-0.14379920348244882,0.9770114942528736,0
ETTm1_h96_iTransformer,2021,deterministic,index_order,1,0.9947916666666666,11425,3,0.0,1.0,0.9113085570098446,0.0004997501249375312,1
ETTm1_h96_iTransformer,2021,deterministic,full_permutation,1,0.9947916666666666,11425,3,0.37979925070123,0.0,0.004152927769177499,0.2368815592203898,0
ETTm1_h96_iTransformer,2021,deterministic,index_order,4,0.9791666666666666,2857,3,0.0,1.0,0.9090985739684765,0.0004997501249375312,1
ETTm1_h96_iTransformer,2021,deterministic,full_permutation,4,0.9791666666666666,2857,3,0.46851093595952703,0.0,0.025129979965291704,0.010494752623688156,1
ETTm1_h96_iTransformer,2021,deterministic,index_order,16,0.9166666666666666,715,3,2.7893753062466064e-123,1.0,0.9035973009354542,0.0004997501249375312,1
ETTm1_h96_iTransformer,2021,deterministic,full_permutation,16,0.9166666666666666,715,3,0.7131226361244303,0.0,0.027215297573496722,0.095952023988006,0
ETTm1_h96_iTransformer,2021,deterministic,index_order,64,0.6666666666666667,179,3,8.150617361548595e-07,1.0,0.9062728851505449,0.0004997501249375312,1
ETTm1_h96_iTransformer,2021,deterministic,full_permutation,64,0.6666666666666667,179,3,0.635984164796703,0.3333333333333333,-0.02044929871180577,0.68015992003998,0
ETTm1_h96_iTransformer,2021,deterministic,index_order,192,0.0,60,3,0.08431342944933062,0.3333333333333333,0.9437992034824486,0.0004997501249375312,1
ETTm1_h96_iTransformer,2021,deterministic,full_permutation,192,0.0,60,3,0.40474286717705626,0.0,-0.03171251273501898,0.6436781609195402,0
ETTm2_h192_DLinear,2021,deterministic,index_order,1,0.9965277777777778,11329,4,0.0,1.0,0.9131325790829267,0.0004997501249375312,1
ETTm2_h192_DLinear,2021,deterministic,full_permutation,1,0.9965277777777778,11329,4,0.7223809677794356,0.0,-0.002912321794876008,0.769615192403798,0
ETTm2_h192_DLinear,2021,deterministic,index_order,4,0.9861111111111112,2833,4,0.0,1.0,0.912217627796481,0.0004997501249375312,1
ETTm2_h192_DLinear,2021,deterministic,full_permutation,4,0.9861111111111112,2833,4,0.569665457287533,0.0,-0.003537424409472976,0.6666666666666666,0
ETTm2_h192_DLinear,2021,deterministic,index_order,16,0.9444444444444444,709,4,8.467033701951776e-130,1.0,0.9086754628477678,0.0004997501249375312,1
ETTm2_h192_DLinear,2021,deterministic,full_permutation,16,0.9444444444444444,709,4,0.7208215000824849,0.0,-0.019136368416486502,0.904047976011994,0
ETTm2_h192_DLinear,2021,deterministic,index_order,64,0.7777777777777778,178,4,1.616818576061699e-12,1.0,0.912068181036369,0.0004997501249375312,1
ETTm2_h192_DLinear,2021,deterministic,full_permutation,64,0.7777777777777778,178,4,0.5566147732503335,0.0,0.04996015656501715,0.0544727636181909,0
ETTm2_h192_DLinear,2021,deterministic,index_order,192,0.33333333333333337,60,4,0.22402655605216856,0.0,0.9117347411317956,0.0004997501249375312,1
ETTm2_h192_DLinear,2021,deterministic,full_permutation,192,0.33333333333333337,60,4,0.40672099846264176,0.0,0.000166712975826618,0.4832583708145927,0
ETTm2_h336_DLinear,2021,deterministic,index_order,1,0.9976851851851852,11185,4,0.0,1.0,0.8799921996996877,0.0004997501249375312,1
ETTm2_h336_DLinear,2021,deterministic,full_permutation,1,0.9976851851851852,11185,4,0.2466967679065266,0.25,0.005767088049064196,0.06146926536731634,0
ETTm2_h336_DLinear,2021,deterministic,index_order,4,0.9907407407407407,2797,4,0.0,1.0,0.879897151933938,0.0004997501249375312,1
ETTm2_h336_DLinear,2021,deterministic,full_permutation,4,0.9907407407407407,2797,4,0.5016506594034543,0.0,0.005757961815229913,0.2288855572213893,0
ETTm2_h336_DLinear,2021,deterministic,index_order,16,0.962962962962963,700,4,1.6934931553656086e-136,1.0,0.877740741744954,0.0004997501249375312,1
ETTm2_h336_DLinear,2021,deterministic,full_permutation,16,0.962962962962963,700,4,0.554739170341428,0.25,-0.00790246510707165,0.6936531734132934,0
ETTm2_h336_DLinear,2021,deterministic,index_order,64,0.8518518518518519,175,4,1.3263787274352823e-19,1.0,0.8778664726078519,0.0004997501249375312,1
ETTm2_h336_DLinear,2021,deterministic,full_permutation,64,0.8518518518518519,175,4,0.5017923249499138,0.25,-0.05038587848932676,0.960519740129935,0
ETTm2_h336_DLinear,2021,deterministic,index_order,192,0.5555555555555556,59,4,0.21305450464898518,0.0,0.8628677186830314,0.0004997501249375312,1
ETTm2_h336_DLinear,2021,deterministic,full_permutation,192,0.5555555555555556,59,4,0.4568965712355758,0.0,0.03802844340541594,0.239880059970015,0
ETTm2_h336_DLinear,2021,shuffled,index_order,1,0.9976851851851852,11185,4,0.0,1.0,0.8602735034806589,0.0004997501249375312,1
ETTm2_h336_DLinear,2021,shuffled,full_permutation,1,0.9976851851851852,11185,4,0.6595846650564974,0.0,-0.0016355857104546282,0.6646676661669165,0
ETTm2_h336_DLinear,2021,shuffled,index_order,4,0.9907407407407407,2797,4,0.0,1.0,0.8602437379150835,0.0004997501249375312,1
ETTm2_h336_DLinear,2021,shuffled,full_permutation,4,0.9907407407407407,2797,4,0.748330262835759,0.0,0.004275547854867052,0.28285857071464265,0
ETTm2_h336_DLinear,2021,shuffled,index_order,16,0.962962962962963,700,4,2.5368383649389705e-136,1.0,0.8568113695858853,0.0004997501249375312,1
ETTm2_h336_DLinear,2021,shuffled,full_permutation,16,0.962962962962963,700,4,0.757536053670294,0.0,-0.008824356201310031,0.7236381809095452,0
ETTm2_h336_DLinear,2021,shuffled,index_order,64,0.8518518518518519,175,4,1.2751532630143788e-19,1.0,0.85733131810718,0.0004997501249375312,1
ETTm2_h336_DLinear,2021,shuffled,full_permutation,64,0.8518518518518519,175,4,0.3490314519813059,0.0,0.0066927899686520355,0.4002998500749625,0
ETTm2_h336_DLinear,2021,shuffled,index_order,192,0.5555555555555556,59,4,0.2124368634447469,0.0,0.8416033508669393,0.0004997501249375312,1
ETTm2_h336_DLinear,2021,shuffled,full_permutation,192,0.5555555555555556,59,4,0.7062800258115698,0.0,-0.03903175530878628,0.7611194402798601,0
ETTm2_h336_DLinear,2022,deterministic,index_order,1,0.9976851851851852,11185,4,0.0,1.0,0.8782534601380453,0.0004997501249375312,1
ETTm2_h336_DLinear,2022,deterministic,full_permutation,1,0.9976851851851852,11185,4,0.32442553936635304,0.25,-0.00046712694279418257,0.5652173913043478,0
ETTm2_h336_DLinear,2022,deterministic,index_order,4,0.9907407407407407,2797,4,0.0,1.0,0.878118185003865,0.0004997501249375312,1
ETTm2_h336_DLinear,2022,deterministic,full_permutation,4,0.9907407407407407,2797,4,0.5796606761050451,0.0,-0.006729921624135517,0.8045977011494253,0
ETTm2_h336_DLinear,2022,deterministic,index_order,16,0.962962962962963,700,4,7.650004809988282e-137,1.0,0.8756438220136308,0.0004997501249375312,1
ETTm2_h336_DLinear,2022,deterministic,full_permutation,16,0.962962962962963,700,4,0.34721557740991116,0.0,0.023310735619577066,0.06296851574212893,0
ETTm2_h336_DLinear,2022,deterministic,index_order,64,0.8518518518518519,175,4,1.286901488667989e-19,1.0,0.8757840722495894,0.0004997501249375312,1
ETTm2_h336_DLinear,2022,deterministic,full_permutation,64,0.8518518518518519,175,4,0.653688541362799,0.0,-0.03381325570980743,0.8825587206396801,0
ETTm2_h336_DLinear,2022,deterministic,index_order,192,0.5555555555555556,59,4,0.21399793510513068,0.0,0.8593512565751023,0.0004997501249375312,1
ETTm2_h336_DLinear,2022,deterministic,full_permutation,192,0.5555555555555556,59,4,0.34118744148057567,0.0,0.00952659263588545,0.4112943528235882,0
ETTm2_h336_DLinear,2022,shuffled,index_order,1,0.9976851851851852,11185,4,0.0,1.0,0.8742627294948386,0.0004997501249375312,1
ETTm2_h336_DLinear,2022,shuffled,full_permutation,1,0.9976851851851852,11185,4,0.7810117724473336,0.0,-0.002297731388926828,0.7146426786606697,0
ETTm2_h336_DLinear,2022,shuffled,index_order,4,0.9907407407407407,2797,4,0.0,1.0,0.8742284378519516,0.0004997501249375312,1
ETTm2_h336_DLinear,2022,shuffled,full_permutation,4,0.9907407407407407,2797,4,0.32009364833432596,0.25,0.0036710800035775377,0.30884557721139433,0
ETTm2_h336_DLinear,2022,shuffled,index_order,16,0.962962962962963,700,4,3.11829619763607e-136,1.0,0.8703207091093187,0.0004997501249375312,1
ETTm2_h336_DLinear,2022,shuffled,full_permutation,16,0.962962962962963,700,4,0.18430546682943227,0.0,-0.02309595384013903,0.9365317341329336,0
ETTm2_h336_DLinear,2022,shuffled,index_order,64,0.8518518518518519,175,4,1.2679397444593582e-19,1.0,0.8695238095238094,0.0004997501249375312,1
ETTm2_h336_DLinear,2022,shuffled,full_permutation,64,0.8518518518518519,175,4,0.5332853701009792,0.0,-0.05849865651589788,0.9750124937531235,0
ETTm2_h336_DLinear,2022,shuffled,index_order,192,0.5555555555555556,59,4,0.211582694518438,0.0,0.8446717319306449,0.0004997501249375312,1
ETTm2_h336_DLinear,2022,shuffled,full_permutation,192,0.5555555555555556,59,4,0.49841300201103494,0.0,0.019423339177868693,0.34782608695652173,0
ETTm2_h336_DLinear,2023,deterministic,index_order,1,0.9976851851851852,11185,4,0.0,1.0,0.8693058521892242,0.0004997501249375312,1
ETTm2_h336_DLinear,2023,deterministic,full_permutation,1,0.9976851851851852,11185,4,0.7682922983609037,0.0,0.009933488397985515,0.005997001499250375,1
ETTm2_h336_DLinear,2023,deterministic,index_order,4,0.9907407407407407,2797,4,0.0,1.0,0.8692120359784253,0.0004997501249375312,1
ETTm2_h336_DLinear,2023,deterministic,full_permutation,4,0.9907407407407407,2797,4,0.3977689297168697,0.0,-0.0017676365605846355,0.5922038980509745,0
ETTm2_h336_DLinear,2023,deterministic,index_order,16,0.962962962962963,700,4,2.3573490599213877e-136,1.0,0.866437774071259,0.0004997501249375312,1
ETTm2_h336_DLinear,2023,deterministic,full_permutation,16,0.962962962962963,700,4,0.544453631004044,0.0,-0.00014397113929970223,0.5122438780609695,0
ETTm2_h336_DLinear,2023,deterministic,index_order,64,0.8518518518518519,175,4,1.2538231674078542e-19,1.0,0.8656799522316764,0.0004997501249375312,1
ETTm2_h336_DLinear,2023,deterministic,full_permutation,64,0.8518518518518519,175,4,0.7281496017176424,0.0,-0.009091655470965814,0.6046976511744128,0
ETTm2_h336_DLinear,2023,deterministic,index_order,192,0.5555555555555556,59,4,0.21295215230934755,0.0,0.8486849795441263,0.0004997501249375312,1
ETTm2_h336_DLinear,2023,deterministic,full_permutation,192,0.5555555555555556,59,4,0.39903593095207224,0.0,-0.050886421196181565,0.8325837081459271,0
ETTm2_h336_DLinear,2023,shuffled,index_order,1,0.9976851851851852,11185,4,0.0,1.0,0.8609231708791135,0.0004997501249375312,1
ETTm2_h336_DLinear,2023,shuffled,full_permutation,1,0.9976851851851852,11185,4,0.3351526794094509,0.0,0.004960867079128487,0.09695152423788106,0
ETTm2_h336_DLinear,2023,shuffled,index_order,4,0.9907407407407407,2797,4,0.0,1.0,0.8608148354651036,0.0004997501249375312,1
ETTm2_h336_DLinear,2023,shuffled,full_permutation,4,0.9907407407407407,2797,4,0.4526750212968836,0.0,0.005420289228361165,0.2413793103448276,0
ETTm2_h336_DLinear,2023,shuffled,index_order,16,0.962962962962963,700,4,2.4002412440285574e-136,1.0,0.8580722817801668,0.0004997501249375312,1
ETTm2_h336_DLinear,2023,shuffled,full_permutation,16,0.962962962962963,700,4,0.4998664174396574,0.0,-0.019764436837043105,0.9050474762618691,0
ETTm2_h336_DLinear,2023,shuffled,index_order,64,0.8518518518518519,175,4,1.2880225593991625e-19,1.0,0.85805829228243,0.0004997501249375312,1
ETTm2_h336_DLinear,2023,shuffled,full_permutation,64,0.8518518518518519,175,4,0.35991744863180963,0.25,-0.020720256754739517,0.7181409295352323,0
ETTm2_h336_DLinear,2023,shuffled,index_order,192,0.5555555555555556,59,4,0.21282462031476163,0.0,0.8424702902785896,0.0004997501249375312,1
ETTm2_h336_DLinear,2023,shuffled,full_permutation,192,0.5555555555555556,59,4,0.5727728388366067,0.0,-0.025238651860510424,0.655672163918041,0
ETTm2_h336_PatchTST,2021,deterministic,index_order,1,0.9976851851851852,11185,3,0.0,1.0,0.9651584474507681,0.0004997501249375312,1
ETTm2_h336_PatchTST,2021,deterministic,full_permutation,1,0.9976851851851852,11185,3,0.24279635554574347,0.0,-0.005097687022789115,0.8210894552723638,0
ETTm2_h336_PatchTST,2021,deterministic,index_order,4,0.9907407407407407,2797,3,0.0,1.0,0.9648347097443845,0.0004997501249375312,1
ETTm2_h336_PatchTST,2021,deterministic,full_permutation,4,0.9907407407407407,2797,3,0.13289185792884634,0.0,-0.0034486361510967962,0.6046976511744128,0
ETTm2_h336_PatchTST,2021,deterministic,index_order,16,0.962962962962963,700,3,8.833609295627708e-137,1.0,0.9600041749356337,0.0004997501249375312,1
ETTm2_h336_PatchTST,2021,deterministic,full_permutation,16,0.962962962962963,700,3,0.2798914631603725,0.3333333333333333,-0.0033361350883223373,0.545727136431784,0
ETTm2_h336_PatchTST,2021,deterministic,index_order,64,0.8518518518518519,175,3,1.2785707606924488e-18,1.0,0.9606702492909388,0.0004997501249375312,1
ETTm2_h336_PatchTST,2021,deterministic,full_permutation,64,0.8518518518518519,175,3,0.8339059735600034,0.3333333333333333,0.019708165397820568,0.3103448275862069,0
ETTm2_h336_PatchTST,2021,deterministic,index_order,192,0.5555555555555556,59,3,0.2421772053815533,0.0,0.9575297097214105,0.0004997501249375312,1
ETTm2_h336_PatchTST,2021,deterministic,full_permutation,192,0.5555555555555556,59,3,0.4221653522879823,0.0,-0.004597701149425285,0.4852573713143428,0
ETTm2_h336_iTransformer,2021,deterministic,index_order,1,0.9976851851851852,11185,3,0.0,1.0,0.8723902964251827,0.0004997501249375312,1
ETTm2_h336_iTransformer,2021,deterministic,full_permutation,1,0.9976851851851852,11185,3,0.6555739043458637,0.0,0.007808906880699573,0.0814592703648176,0
ETTm2_h336_iTransformer,2021,deterministic,index_order,4,0.9907407407407407,2797,3,0.0,1.0,0.8706605485200208,0.0004997501249375312,1
ETTm2_h336_iTransformer,2021,deterministic,full_permutation,4,0.9907407407407407,2797,3,0.7518470200248206,0.0,-0.008124735881835085,0.7791104447776112,0
ETTm2_h336_iTransformer,2021,deterministic,index_order,16,0.962962962962963,700,3,1.7314499117654624e-102,1.0,0.8667475298054543,0.0004997501249375312,1
ETTm2_h336_iTransformer,2021,deterministic,full_permutation,16,0.962962962962963,700,3,0.4614342534061345,0.0,-0.043142152185150225,0.9760119940029985,0
ETTm2_h336_iTransformer,2021,deterministic,index_order,64,0.8518518518518519,175,3,1.9555466098838606e-15,1.0,0.8666741304672337,0.0004997501249375312,1
ETTm2_h336_iTransformer,2021,deterministic,full_permutation,64,0.8518518518518519,175,3,0.18049619955097873,0.0,-0.07092028660994178,0.9570214892553723,0
ETTm2_h336_iTransformer,2021,deterministic,index_order,192,0.5555555555555556,59,3,0.4150423203841219,0.0,0.8780245470485096,0.0004997501249375312,1
ETTm2_h336_iTransformer,2021,deterministic,full_permutation,192,0.5555555555555556,59,3,0.5122580359802916,0.0,0.020183128774595754,0.38330834582708645,0
ETTm2_h720_DLinear,2021,deterministic,index_order,1,0.9987745098039216,10801,4,0.0,1.0,0.7564912525432134,0.0004997501249375312,1
ETTm2_h720_DLinear,2021,deterministic,full_permutation,1,0.9987745098039216,10801,4,0.5884203501791998,0.0,-0.005893535312789781,0.9305347326336831,0
ETTm2_h720_DLinear,2021,deterministic,index_order,4,0.9950980392156863,2701,4,0.0,1.0,0.7560049226193027,0.0004997501249375312,1
ETTm2_h720_DLinear,2021,deterministic,full_permutation,4,0.9950980392156863,2701,4,0.6620058500004757,0.25,0.0014020396190883805,0.4207896051974013,0
ETTm2_h720_DLinear,2021,deterministic,index_order,16,0.9803921568627451,676,4,2.1793081294763597e-141,1.0,0.7546685934096455,0.0004997501249375312,1
ETTm2_h720_DLinear,2021,deterministic,full_permutation,16,0.9803921568627451,676,4,0.45997662885551494,0.25,0.013335696442161614,0.18240879560219891,0
ETTm2_h720_DLinear,2021,deterministic,index_order,64,0.9215686274509804,169,4,2.2291805251043e-29,1.0,0.7585740805197818,0.0004997501249375312,1
ETTm2_h720_DLinear,2021,deterministic,full_permutation,64,0.9215686274509804,169,4,0.5409037484754615,0.0,-0.03406883463444548,0.8480759620189905,0
ETTm2_h720_DLinear,2021,deterministic,index_order,192,0.7647058823529411,57,4,6.410237802839133e-07,1.0,0.7223770633480252,0.0004997501249375312,1
ETTm2_h720_DLinear,2021,deterministic,full_permutation,192,0.7647058823529411,57,4,0.5708783638166133,0.0,-0.06841457091003371,0.9050474762618691,0
ETTm2_h96_DLinear,2021,deterministic,index_order,1,0.9947916666666666,11425,4,0.0,1.0,0.9204805504507698,0.0004997501249375312,1
ETTm2_h96_DLinear,2021,deterministic,full_permutation,1,0.9947916666666666,11425,4,0.48983047737816104,0.0,-0.002479908083413571,0.7306346826586707,0
ETTm2_h96_DLinear,2021,deterministic,index_order,4,0.9791666666666666,2857,4,0.0,1.0,0.919397347750591,0.0004997501249375312,1
ETTm2_h96_DLinear,2021,deterministic,full_permutation,4,0.9791666666666666,2857,4,0.4923545340258647,0.0,0.0012344451694792098,0.43778110944527737,0
ETTm2_h96_DLinear,2021,deterministic,index_order,16,0.9166666666666666,715,4,5.78470108320563e-108,1.0,0.918447709591318,0.0004997501249375312,1
ETTm2_h96_DLinear,2021,deterministic,full_permutation,16,0.9166666666666666,715,4,0.5639480694548894,0.25,-0.0039881139782552855,0.5887056471764118,0
ETTm2_h96_DLinear,2021,deterministic,index_order,64,0.6666666666666667,179,4,1.216842142782916e-05,1.0,0.9219809037585698,0.0004997501249375312,1
ETTm2_h96_DLinear,2021,deterministic,full_permutation,64,0.6666666666666667,179,4,0.4610197545181788,0.0,0.0011650939119396849,0.4777611194402799,0
ETTm2_h96_DLinear,2021,deterministic,index_order,192,0.0,60,4,0.5033421377738919,0.0,0.8783087894785587,0.0004997501249375312,1
ETTm2_h96_DLinear,2021,deterministic,full_permutation,192,0.0,60,4,0.4511795289630812,0.0,0.013744558673705656,0.375312343828086,0
ETTm2_h96_DLinear,2021,shuffled,index_order,1,0.9947916666666666,11425,4,0.0,1.0,0.9278753341988578,0.0004997501249375312,1
ETTm2_h96_DLinear,2021,shuffled,full_permutation,1,0.9947916666666666,11425,4,0.15236660843925529,0.25,0.002572385387255297,0.26286856571714146,0
ETTm2_h96_DLinear,2021,shuffled,index_order,4,0.9791666666666666,2857,4,0.0,1.0,0.9269050659581648,0.0004997501249375312,1
ETTm2_h96_DLinear,2021,shuffled,full_permutation,4,0.9791666666666666,2857,4,0.27037168362162806,0.25,-0.003063984343991414,0.6676661669165417,0
ETTm2_h96_DLinear,2021,shuffled,index_order,16,0.9166666666666666,715,4,1.6689747361689564e-106,1.0,0.926409399560895,0.0004997501249375312,1
ETTm2_h96_DLinear,2021,shuffled,full_permutation,16,0.9166666666666666,715,4,0.27703523101933336,0.0,-0.021157903330101823,0.9090454772613693,0
ETTm2_h96_DLinear,2021,shuffled,index_order,64,0.6666666666666667,179,4,1.63419066996208e-05,1.0,0.9306125722734849,0.0004997501249375312,1
ETTm2_h96_DLinear,2021,shuffled,full_permutation,64,0.6666666666666667,179,4,0.5438016120586584,0.0,-0.0031081957608854855,0.5407296351824088,0
ETTm2_h96_DLinear,2021,shuffled,index_order,192,0.0,60,4,0.5061261165037529,0.0,0.8956284153005463,0.0004997501249375312,1
ETTm2_h96_DLinear,2021,shuffled,full_permutation,192,0.0,60,4,0.619122053086121,0.0,-0.08260627952208945,0.9485257371314343,0
ETTm2_h96_DLinear,2022,deterministic,index_order,1,0.9947916666666666,11425,4,0.0,1.0,0.9250362629105665,0.0004997501249375312,1
ETTm2_h96_DLinear,2022,deterministic,full_permutation,1,0.9947916666666666,11425,4,0.2715531056782865,0.25,-0.0006299215436896694,0.5652173913043478,0
ETTm2_h96_DLinear,2022,deterministic,index_order,4,0.9791666666666666,2857,4,0.0,1.0,0.9239121108554776,0.0004997501249375312,1
ETTm2_h96_DLinear,2022,deterministic,full_permutation,4,0.9791666666666666,2857,4,0.22660471396465262,0.25,-0.008117205281222086,0.8640679660169915,0
ETTm2_h96_DLinear,2022,deterministic,index_order,16,0.9166666666666666,715,4,1.411110947147534e-107,1.0,0.9234431851421664,0.0004997501249375312,1
ETTm2_h96_DLinear,2022,deterministic,full_permutation,16,0.9166666666666666,715,4,0.5831234533159058,0.25,-0.009684460571742859,0.729135432283858,0
ETTm2_h96_DLinear,2022,deterministic,index_order,64,0.6666666666666667,179,4,1.415035445166212e-05,1.0,0.9266953319523777,0.0004997501249375312,1
ETTm2_h96_DLinear,2022,deterministic,full_permutation,64,0.6666666666666667,179,4,0.21076583572188787,0.5,-0.02383926516435461,0.769615192403798,0
ETTm2_h96_DLinear,2022,deterministic,index_order,192,0.0,60,4,0.5089810254095658,0.0,0.8857830878947853,0.0004997501249375312,1
ETTm2_h96_DLinear,2022,deterministic,full_permutation,192,0.0,60,4,0.4734167580582165,0.0,0.04361396684264146,0.18490754622688654,0
ETTm2_h96_DLinear,2022,shuffled,index_order,1,0.9947916666666666,11425,4,0.0,1.0,0.9382428337239183,0.0004997501249375312,1
ETTm2_h96_DLinear,2022,shuffled,full_permutation,1,0.9947916666666666,11425,4,0.41434945646019683,0.0,-0.0014779623469689848,0.6666666666666666,0
ETTm2_h96_DLinear,2022,shuffled,index_order,4,0.9791666666666666,2857,4,0.0,1.0,0.9375370958847334,0.0004997501249375312,1
ETTm2_h96_DLinear,2022,shuffled,full_permutation,4,0.9791666666666666,2857,4,0.5885574226642982,0.0,0.014044000596810812,0.03398300849575212,1
ETTm2_h96_DLinear,2022,shuffled,index_order,16,0.9166666666666666,715,4,2.573806499562969e-110,1.0,0.9366215119090572,0.0004997501249375312,1
ETTm2_h96_DLinear,2022,shuffled,full_permutation,16,0.9166666666666666,715,4,0.48125826056106397,0.25,0.0066054878411105815,0.31434282858570717,0
ETTm2_h96_DLinear,2022,shuffled,index_order,64,0.6666666666666667,179,4,1.151470771093154e-05,1.0,0.9398998458630622,0.0004997501249375312,1
ETTm2_h96_DLinear,2022,shuffled,full_permutation,64,0.6666666666666667,179,4,0.4506403435873207,0.0,-0.016552284504704317,0.7096451774112944,0
ETTm2_h96_DLinear,2022,shuffled,index_order,192,0.0,60,4,0.5104691285504983,0.0,0.894943039733259,0.0004997501249375312,1
ETTm2_h96_DLinear,2022,shuffled,full_permutation,192,0.0,60,4,0.686017322443091,0.25,0.007214967120496435,0.43428285857071464,0
ETTm2_h96_DLinear,2023,deterministic,index_order,1,0.9947916666666666,11425,4,0.0,1.0,0.9249379513568594,0.0004997501249375312,1
ETTm2_h96_DLinear,2023,deterministic,full_permutation,1,0.9947916666666666,11425,4,0.78558917302941,0.25,-0.002604166085693613,0.7596201899050474,0
ETTm2_h96_DLinear,2023,deterministic,index_order,4,0.9791666666666666,2857,4,0.0,1.0,0.9238260824593253,0.0004997501249375312,1
ETTm2_h96_DLinear,2023,deterministic,full_permutation,4,0.9791666666666666,2857,4,0.4991302081795303,0.25,0.0026136048120206736,0.37631184407796103,0
ETTm2_h96_DLinear,2023,deterministic,index_order,16,0.9166666666666666,715,4,1.1835121814536878e-107,1.0,0.9226605632290812,0.0004997501249375312,1
ETTm2_h96_DLinear,2023,deterministic,full_permutation,16,0.9166666666666666,715,4,0.8389270684382764,0.0,0.014085925029073238,0.18690654672663667,0
ETTm2_h96_DLinear,2023,deterministic,index_order,64,0.6666666666666667,179,4,1.284532019465703e-05,1.0,0.9278171838274781,0.0004997501249375312,1
ETTm2_h96_DLinear,2023,deterministic,full_permutation,64,0.6666666666666667,179,4,0.48838013611118536,0.0,0.010313923238410091,0.35082458770614694,0
ETTm2_h96_DLinear,2023,deterministic,index_order,192,0.0,60,4,0.5074874820530163,0.0,0.8872742428452346,0.0004997501249375312,1
ETTm2_h96_DLinear,2023,deterministic,full_permutation,192,0.0,60,4,0.6020129588478802,0.0,-0.004705010651106789,0.5147426286856571,0
ETTm2_h96_DLinear,2023,shuffled,index_order,1,0.9947916666666666,11425,4,0.0,1.0,0.9230454724337486,0.0004997501249375312,1
ETTm2_h96_DLinear,2023,shuffled,full_permutation,1,0.9947916666666666,11425,4,0.40391309729293695,0.25,-0.0007583203189294226,0.5807096451774113,0
ETTm2_h96_DLinear,2023,shuffled,index_order,4,0.9791666666666666,2857,4,0.0,1.0,0.9218443308209401,0.0004997501249375312,1
ETTm2_h96_DLinear,2023,shuffled,full_permutation,4,0.9791666666666666,2857,4,0.5300465876078955,0.25,0.008668606103503215,0.1344327836081959,0
ETTm2_h96_DLinear,2023,shuffled,index_order,16,0.9166666666666666,715,4,8.424504105945326e-107,1.0,0.9208436212708313,0.0004997501249375312,1
ETTm2_h96_DLinear,2023,shuffled,full_permutation,16,0.9166666666666666,715,4,0.5794991276829614,0.0,-0.009278513139834204,0.7361319340329835,0
ETTm2_h96_DLinear,2023,shuffled,index_order,64,0.6666666666666667,179,4,1.4111598354722978e-05,1.0,0.9251794195802732,0.0004997501249375312,1
ETTm2_h96_DLinear,2023,shuffled,full_permutation,64,0.6666666666666667,179,4,0.3935737000695687,0.0,0.042653387176643714,0.08345827086456771,0
ETTm2_h96_DLinear,2023,shuffled,index_order,192,0.0,60,4,0.5059545616726534,0.0,0.8884690191719921,0.0004997501249375312,1
ETTm2_h96_DLinear,2023,shuffled,full_permutation,192,0.0,60,4,0.3949773698380923,0.0,-0.09848105955357968,0.974512743628186,0
ETTm2_h96_PatchTST,2021,deterministic,index_order,1,0.9947916666666666,11425,3,0.0,1.0,0.9359452949750714,0.0004997501249375312,1
ETTm2_h96_PatchTST,2021,deterministic,full_permutation,1,0.9947916666666666,11425,3,0.5217917831722425,0.0,-0.007822148115244943,0.9305347326336831,0
ETTm2_h96_PatchTST,2021,deterministic,index_order,4,0.9791666666666666,2857,3,0.0,1.0,0.934866810581871,0.0004997501249375312,1
ETTm2_h96_PatchTST,2021,deterministic,full_permutation,4,0.9791666666666666,2857,3,0.2338100060918692,0.3333333333333333,-0.02390320260211454,0.9855072463768116,0
ETTm2_h96_PatchTST,2021,deterministic,index_order,16,0.9166666666666666,715,3,3.729229618508995e-110,1.0,0.9311708775395928,0.0004997501249375312,1
ETTm2_h96_PatchTST,2021,deterministic,full_permutation,16,0.9166666666666666,715,3,0.3137713093004658,0.0,0.037455183659587214,0.03698150924537731,1
ETTm2_h96_PatchTST,2021,deterministic,index_order,64,0.6666666666666667,179,3,2.173558507845545e-06,1.0,0.9305944385161006,0.0004997501249375312,1
ETTm2_h96_PatchTST,2021,deterministic,full_permutation,64,0.6666666666666667,179,3,0.24877058986828376,0.0,-0.033965225032954606,0.783608195902049,0
ETTm2_h96_PatchTST,2021,deterministic,index_order,192,0.0,60,3,0.38536028851066967,0.0,0.8986755580253772,0.0004997501249375312,1
ETTm2_h96_PatchTST,2021,deterministic,full_permutation,192,0.0,60,3,0.6364718254614399,0.0,0.022747059368343054,0.367816091954023,0
ETTm2_h96_iTransformer,2021,deterministic,index_order,1,0.9947916666666666,11425,3,0.0,1.0,0.8495051545427357,0.0004997501249375312,1
ETTm2_h96_iTransformer,2021,deterministic,full_permutation,1,0.9947916666666666,11425,3,0.10753661859618674,0.3333333333333333,-0.0019245697535267795,0.6636681659170415,0
ETTm2_h96_iTransformer,2021,deterministic,index_order,4,0.9791666666666666,2857,3,0.0,1.0,0.8532551968917618,0.0004997501249375312,1
ETTm2_h96_iTransformer,2021,deterministic,full_permutation,4,0.9791666666666666,2857,3,0.5130370531935275,0.0,-0.01825429143134869,0.960519740129935,0
ETTm2_h96_iTransformer,2021,deterministic,index_order,16,0.9166666666666666,715,3,2.3830751682646662e-92,1.0,0.8491498314370481,0.0004997501249375312,1
ETTm2_h96_iTransformer,2021,deterministic,full_permutation,16,0.9166666666666666,715,3,0.5915077047884885,0.0,-0.002989430330869701,0.568215892053973,0
ETTm2_h96_iTransformer,2021,deterministic,index_order,64,0.6666666666666667,179,3,2.200269786842861e-06,1.0,0.8570508930875511,0.0004997501249375312,1
ETTm2_h96_iTransformer,2021,deterministic,full_permutation,64,0.6666666666666667,179,3,0.34930882814948916,0.0,-0.04277265150405568,0.8580709645177411,0
ETTm2_h96_iTransformer,2021,deterministic,index_order,192,0.0,60,3,0.656300682092714,0.0,0.8212281189219226,0.0004997501249375312,1
ETTm2_h96_iTransformer,2021,deterministic,full_permutation,192,0.0,60,3,0.5863183325474661,0.3333333333333333,-0.023191627303880705,0.6016991504247876,0
Exchange_h192_DLinear,2021,deterministic,index_order,1,0.9965277777777778,569,4,2.8469985709681038e-124,1.0,0.7496795235073997,0.0004997501249375312,1
Exchange_h192_DLinear,2021,deterministic,full_permutation,1,0.9965277777777778,569,4,0.3336285084409514,0.0,0.01588657527131773,0.1664167916041979,0
Exchange_h192_DLinear,2021,deterministic,index_order,4,0.9861111111111112,143,4,1.8690613977502947e-30,1.0,0.7540559987743087,0.0004997501249375312,1
Exchange_h192_DLinear,2021,deterministic,full_permutation,4,0.9861111111111112,143,4,0.11357058373724149,0.25,0.010425900390689124,0.38630684657671166,0
Exchange_h336_DLinear,2021,deterministic,index_order,1,0.9976851851851852,425,4,1.7769972785180625e-94,1.0,0.8750752424275584,0.0004997501249375312,1
Exchange_h336_DLinear,2021,deterministic,full_permutation,1,0.9976851851851852,425,4,0.5837352304715099,0.0,0.03233509454805042,0.05847076461769116,0
Exchange_h336_DLinear,2021,deterministic,index_order,4,0.9907407407407407,107,4,4.813276334018502e-25,1.0,0.870154848906392,0.0004997501249375312,1
Exchange_h336_DLinear,2021,deterministic,full_permutation,4,0.9907407407407407,107,4,0.6687774871578813,0.0,-0.010147468928988943,0.5732133933033483,0
Exchange_h336_PatchTST,2021,deterministic,index_order,1,0.9976851851851852,425,3,2.062014056473884e-94,1.0,0.8962650784470049,0.0004997501249375312,1
Exchange_h336_PatchTST,2021,deterministic,full_permutation,1,0.9976851851851852,425,3,0.9436657567488462,0.0,-0.02418340602252063,0.8120939530234883,0
Exchange_h336_PatchTST,2021,deterministic,index_order,4,0.9907407407407407,107,3,1.0502731332583162e-24,1.0,0.8923698870798149,0.0004997501249375312,1
Exchange_h336_PatchTST,2021,deterministic,full_permutation,4,0.9907407407407407,107,3,0.5881627267693174,0.0,0.02555888634181705,0.3268365817091454,0
Exchange_h336_iTransformer,2021,deterministic,index_order,1,0.9976851851851852,425,3,7.287586235367182e-94,1.0,0.8225846607577393,0.0004997501249375312,1
Exchange_h336_iTransformer,2021,deterministic,full_permutation,1,0.9976851851851852,425,3,0.022213691453521686,0.6666666666666666,0.0385877454888413,0.09095452273863068,0
Exchange_h336_iTransformer,2021,deterministic,index_order,4,0.9907407407407407,107,3,2.953394788892543e-23,1.0,0.8238373270113706,0.0004997501249375312,1
Exchange_h336_iTransformer,2021,deterministic,full_permutation,4,0.9907407407407407,107,3,0.36544967266553485,0.0,0.09285709620747534,0.06446776611694154,0
Exchange_h720_DLinear,2021,deterministic,index_order,1,0.9987745098039216,41,4,2.3176247342480604e-09,1.0,-0.19198606271777,1.0,0
Exchange_h720_DLinear,2021,deterministic,full_permutation,1,0.9987745098039216,41,4,0.3492583614874685,0.5,0.050203252032520324,0.2013993003498251,0
Exchange_h96_DLinear,2021,deterministic,index_order,1,0.9947916666666666,665,4,3.1272066723921995e-147,1.0,0.7822986180310213,0.0004997501249375312,1
Exchange_h96_DLinear,2021,deterministic,full_permutation,1,0.9947916666666666,665,4,0.3876876982846641,0.0,0.00022527283148716294,0.46926536731634183,0
Exchange_h96_DLinear,2021,deterministic,index_order,4,0.9791666666666666,167,4,6.024349279305468e-38,1.0,0.7801110343856177,0.0004997501249375312,1
Exchange_h96_DLinear,2021,deterministic,full_permutation,4,0.9791666666666666,167,4,0.8190388525543949,0.0,-0.005796067074113391,0.551224387806097,0
Exchange_h96_DLinear,2021,deterministic,index_order,16,0.9166666666666666,42,4,1.0566067869832098e-08,1.0,0.7721956621559571,0.0004997501249375312,1
Exchange_h96_DLinear,2021,deterministic,full_permutation,16,0.9166666666666666,42,4,0.5358781939201248,0.0,-0.0454852389055452,0.7556221889055472,0
Exchange_h96_PatchTST,2021,deterministic,index_order,1,0.9947916666666666,665,3,5.029487978647477e-145,1.0,0.8067789820801868,0.0004997501249375312,1
Exchange_h96_PatchTST,2021,deterministic,full_permutation,1,0.9947916666666666,665,3,0.116202440049469,0.3333333333333333,-0.0008066949094216053,0.4992503748125937,0
Exchange_h96_PatchTST,2021,deterministic,index_order,4,0.9791666666666666,167,3,3.015091634527673e-34,1.0,0.805271556714454,0.0004997501249375312,1
Exchange_h96_PatchTST,2021,deterministic,full_permutation,4,0.9791666666666666,167,3,0.7694810587099925,0.0,-0.019271268134986485,0.6441779110444777,0
Exchange_h96_PatchTST,2021,deterministic,index_order,16,0.9166666666666666,42,3,1.4182611645931787e-07,1.0,0.7989898171406963,0.0004997501249375312,1
Exchange_h96_PatchTST,2021,deterministic,full_permutation,16,0.9166666666666666,42,3,0.8053190765350503,0.0,0.06614807011857494,0.21989005497251374,0
Exchange_h96_iTransformer,2021,deterministic,index_order,1,0.9947916666666666,665,3,1.2801156683415852e-145,1.0,0.6965381678444454,0.0004997501249375312,1
Exchange_h96_iTransformer,2021,deterministic,full_permutation,1,0.9947916666666666,665,3,0.29793993449590384,0.0,-0.022734547211401997,0.8220889555222389,0
Exchange_h96_iTransformer,2021,deterministic,index_order,4,0.9791666666666666,167,3,7.292257838313688e-34,1.0,0.6999804178218434,0.0004997501249375312,1
Exchange_h96_iTransformer,2021,deterministic,full_permutation,4,0.9791666666666666,167,3,0.671788604990784,0.0,0.06019458501241923,0.09945027486256872,0
Exchange_h96_iTransformer,2021,deterministic,index_order,16,0.9166666666666666,42,3,8.054676593853355e-06,1.0,0.7322205115738866,0.0004997501249375312,1
Exchange_h96_iTransformer,2021,deterministic,full_permutation,16,0.9166666666666666,42,3,0.8270737369668548,0.0,-0.05561407773546175,0.7371314342828585,0
ILI_h24_DLinear,2021,deterministic,index_order,1,0.9833333333333333,74,4,4.338700775248133e-18,1.0,0.9408021720350486,0.0004997501249375312,1
ILI_h24_DLinear,2021,deterministic,full_permutation,1,0.9833333333333333,74,4,0.24912387653942117,0.0,0.010090090090090084,0.4027986006996502,0
ILI_h24_PatchTST,2021,deterministic,index_order,1,0.9833333333333333,74,3,2.877584847436002e-18,1.0,0.9414241638899172,0.0004997501249375312,1
ILI_h24_PatchTST,2021,deterministic,full_permutation,1,0.9833333333333333,74,3,0.7559179588293428,0.0,-0.030847834135505365,0.664167916041979,0
ILI_h24_iTransformer,2021,deterministic,index_order,1,0.9833333333333333,74,3,6.96697544548547e-18,1.0,0.9442478094532888,0.0004997501249375312,1
ILI_h24_iTransformer,2021,deterministic,full_permutation,1,0.9833333333333333,74,3,0.492467787542189,0.0,-0.019454523016166854,0.6251874062968515,0
ILI_h36_DLinear,2021,deterministic,index_order,1,0.9861111111111112,62,4,4.0058711770741665e-13,1.0,0.9299270563152108,0.0004997501249375312,1
ILI_h36_DLinear,2021,deterministic,full_permutation,1,0.9861111111111112,62,4,0.7262287625684062,0.25,0.0023083444553566195,0.45377311344327836,0
ILI_h48_DLinear,2021,deterministic,index_order,1,0.9880952380952381,50,4,1.267122411104216e-11,1.0,0.873485394157663,0.0004997501249375312,1
ILI_h48_DLinear,2021,deterministic,full_permutation,1,0.9880952380952381,50,4,0.2755981355410442,0.0,0.04192076830732292,0.23788105947026486,0
ILI_h48_PatchTST,2021,deterministic,index_order,1,0.9880952380952381,50,3,1.3347631694794117e-11,1.0,0.8075710284113646,0.0004997501249375312,1
ILI_h48_PatchTST,2021,deterministic,full_permutation,1,0.9880952380952381,50,3,0.7185055544089547,0.0,-0.1267547018807523,0.9460269865067467,0
ILI_h48_iTransformer,2021,deterministic,index_order,1,0.9880952380952381,50,3,4.7765595923846745e-12,1.0,0.8934613845538215,0.0004997501249375312,1
ILI_h48_iTransformer,2021,deterministic,full_permutation,1,0.9880952380952381,50,3,0.28557350942492987,0.0,0.07191676670668266,0.18240879560219891,0
Weather_h192_DLinear,2021,deterministic,index_order,1,0.9965277777777778,5079,4,0.0,1.0,0.9722023370998537,0.0004997501249375312,1
Weather_h192_DLinear,2021,deterministic,full_permutation,1,0.9965277777777778,5079,4,0.30336972380753835,0.0,0.00834334246938462,0.07796101949025487,0
Weather_h192_DLinear,2021,deterministic,index_order,4,0.9861111111111112,1270,4,2.609831332867462e-256,1.0,0.9720999981775855,0.0004997501249375312,1
Weather_h192_DLinear,2021,deterministic,full_permutation,4,0.9861111111111112,1270,4,0.8252295730697247,0.0,0.0018193513178815564,0.42828585707146427,0
Weather_h192_DLinear,2021,deterministic,index_order,16,0.9444444444444444,318,4,1.7911016756738635e-65,1.0,0.9710731504077139,0.0004997501249375312,1
Weather_h192_DLinear,2021,deterministic,full_permutation,16,0.9444444444444444,318,4,0.5306363700931308,0.25,0.022335213290595665,0.15092453773113443,0
Weather_h192_DLinear,2021,deterministic,index_order,64,0.7777777777777778,80,4,2.6639303534137955e-12,1.0,0.9709368651351773,0.0004997501249375312,1
Weather_h192_DLinear,2021,deterministic,full_permutation,64,0.7777777777777778,80,4,0.594373366235051,0.0,-0.03987732458196593,0.8040979510244878,0
Weather_h336_DLinear,2021,deterministic,index_order,1,0.9976851851851852,4935,4,0.0,1.0,0.9711378315848741,0.0004997501249375312,1
Weather_h336_DLinear,2021,deterministic,full_permutation,1,0.9976851851851852,4935,4,0.8247959376114001,0.0,-0.002086540186024498,0.6316841579210395,0
Weather_h336_DLinear,2021,deterministic,index_order,4,0.9907407407407407,1234,4,1.455378804858182e-250,1.0,0.9708202047654529,0.0004997501249375312,1
Weather_h336_DLinear,2021,deterministic,full_permutation,4,0.9907407407407407,1234,4,0.5430401951256649,0.0,-0.012010706283677688,0.848575712143928,0
Weather_h336_DLinear,2021,deterministic,index_order,16,0.962962962962963,309,4,5.965839230575893e-65,1.0,0.9699267065537032,0.0004997501249375312,1
Weather_h336_DLinear,2021,deterministic,full_permutation,16,0.962962962962963,309,4,0.46253790861572597,0.0,0.005742540161581815,0.4047976011994003,0
Weather_h336_DLinear,2021,deterministic,index_order,64,0.8518518518518519,78,4,3.784338509893566e-14,1.0,0.9713408953915282,0.0004997501249375312,1
Weather_h336_DLinear,2021,deterministic,full_permutation,64,0.8518518518518519,78,4,0.24040685169767176,0.5,-0.006213196086613808,0.5377311344327836,0
Weather_h336_PatchTST,2021,deterministic,index_order,1,0.9976851851851852,4935,3,0.0,1.0,0.9478690294306,0.0004997501249375312,1
Weather_h336_PatchTST,2021,deterministic,full_permutation,1,0.9976851851851852,4935,3,0.9240778656184079,0.0,0.002594633810017854,0.3793103448275862,0
Weather_h336_PatchTST,2021,deterministic,index_order,4,0.9907407407407407,1234,3,1.4910066522533069e-264,1.0,0.9477539108280598,0.0004997501249375312,1
Weather_h336_PatchTST,2021,deterministic,full_permutation,4,0.9907407407407407,1234,3,0.7317573648638233,0.0,-0.014666868276000241,0.809095452273863,0
Weather_h336_PatchTST,2021,deterministic,index_order,16,0.962962962962963,309,3,2.282294191621661e-65,1.0,0.9479720926322868,0.0004997501249375312,1
Weather_h336_PatchTST,2021,deterministic,full_permutation,16,0.962962962962963,309,3,0.5144799460853787,0.0,-0.012747853461915473,0.6351824087956022,0
Weather_h336_PatchTST,2021,deterministic,index_order,64,0.8518518518518519,78,3,2.3730057367448304e-13,1.0,0.9335854019398321,0.0004997501249375312,1
Weather_h336_PatchTST,2021,deterministic,full_permutation,64,0.8518518518518519,78,3,0.854850281995333,0.0,-0.05738986751644979,0.8045977011494253,0
Weather_h336_iTransformer,2021,deterministic,index_order,1,0.9976851851851852,4935,3,0.0,1.0,0.9575168126978005,0.0004997501249375312,1
Weather_h336_iTransformer,2021,deterministic,full_permutation,1,0.9976851851851852,4935,3,0.36306119660658265,0.0,-0.004745330158577085,0.719640179910045,0
Weather_h336_iTransformer,2021,deterministic,index_order,4,0.9907407407407407,1234,3,3.973309130376055e-265,1.0,0.9573549385481884,0.0004997501249375312,1
Weather_h336_iTransformer,2021,deterministic,full_permutation,4,0.9907407407407407,1234,3,0.6175825796545025,0.0,-0.040042458657434145,0.9920039980009995,0
Weather_h336_iTransformer,2021,deterministic,index_order,16,0.962962962962963,309,3,1.2045247197324419e-64,1.0,0.955543579502239,0.0004997501249375312,1
Weather_h336_iTransformer,2021,deterministic,full_permutation,16,0.962962962962963,309,3,0.37720267678096053,0.0,0.0030662311902524887,0.46026986506746626,0
Weather_h336_iTransformer,2021,deterministic,index_order,64,0.8518518518518519,78,3,3.8667201114657436e-14,1.0,0.9429515632047276,0.0004997501249375312,1
Weather_h336_iTransformer,2021,deterministic,full_permutation,64,0.8518518518518519,78,3,0.6907513817613251,0.0,0.01024713682941531,0.424287856071964,0
Weather_h720_DLinear,2021,deterministic,index_order,1,0.9987745098039216,4551,4,0.0,1.0,0.9386871317556403,0.0004997501249375312,1
Weather_h720_DLinear,2021,deterministic,full_permutation,1,0.9987745098039216,4551,4,0.26475093518291215,0.0,-0.009971615884226438,0.9535232383808095,0
Weather_h720_DLinear,2021,deterministic,index_order,4,0.9950980392156863,1138,4,1.780709985251361e-228,1.0,0.9386807720617352,0.0004997501249375312,1
Weather_h720_DLinear,2021,deterministic,full_permutation,4,0.9950980392156863,1138,4,0.25176575215815267,0.0,-0.01162741585795876,0.8365817091454273,0
Weather_h720_DLinear,2021,deterministic,index_order,16,0.9803921568627451,285,4,6.002905262383031e-58,1.0,0.9389102866493527,0.0004997501249375312,1
Weather_h720_DLinear,2021,deterministic,full_permutation,16,0.9803921568627451,285,4,0.45102364880199247,0.25,-0.007417909493521058,0.6106946526736632,0
Weather_h720_DLinear,2021,deterministic,index_order,64,0.9215686274509804,72,4,1.0344406137547295e-12,1.0,0.9268173730357795,0.0004997501249375312,1
Weather_h720_DLinear,2021,deterministic,full_permutation,64,0.9215686274509804,72,4,0.506960962541168,0.0,0.008467854310030663,0.4007996001999001,0
Weather_h96_DLinear,2021,deterministic,index_order,1,0.9947916666666666,5175,4,0.0,1.0,0.9638739615483359,0.0004997501249375312,1
Weather_h96_DLinear,2021,deterministic,full_permutation,1,0.9947916666666666,5175,4,0.27312824961481363,0.25,-0.0025982425400260397,0.6656671664167916,0
Weather_h96_DLinear,2021,deterministic,index_order,4,0.9791666666666666,1294,4,5.46122836536182e-266,1.0,0.9631074172247608,0.0004997501249375312,1
Weather_h96_DLinear,2021,deterministic,full_permutation,4,0.9791666666666666,1294,4,0.5061356924109348,0.0,0.009671117050167965,0.17841079460269865,0
Weather_h96_DLinear,2021,deterministic,index_order,16,0.9166666666666666,324,4,5.944038841310142e-60,1.0,0.9615849746706302,0.0004997501249375312,1
Weather_h96_DLinear,2021,deterministic,full_permutation,16,0.9166666666666666,324,4,0.6388175319759841,0.0,0.01744877528159262,0.2128935532233883,0
Weather_h96_DLinear,2021,deterministic,index_order,64,0.6666666666666667,81,4,0.020540979406968397,0.75,0.9487729599518216,0.0004997501249375312,1
Weather_h96_DLinear,2021,deterministic,full_permutation,64,0.6666666666666667,81,4,0.4702501004002529,0.25,-0.01667419451972298,0.6206896551724138,0
Weather_h96_PatchTST,2021,deterministic,index_order,1,0.9947916666666666,5175,3,0.0,1.0,0.9475566389374257,0.0004997501249375312,1
Weather_h96_PatchTST,2021,deterministic,full_permutation,1,0.9947916666666666,5175,3,0.6218562001934181,0.0,0.018620565051223146,0.0074962518740629685,1
Weather_h96_PatchTST,2021,deterministic,index_order,4,0.9791666666666666,1294,3,4.2124547055291204e-280,1.0,0.9478836130883598,0.0004997501249375312,1
Weather_h96_PatchTST,2021,deterministic,full_permutation,4,0.9791666666666666,1294,3,0.6213942268924677,0.0,-0.016243557095678436,0.8515742128935532,0
Weather_h96_PatchTST,2021,deterministic,index_order,16,0.9166666666666666,324,3,9.39911632696038e-61,1.0,0.9479136419900095,0.0004997501249375312,1
Weather_h96_PatchTST,2021,deterministic,full_permutation,16,0.9166666666666666,324,3,0.4853840657463222,0.0,-0.014487988027719709,0.6611694152923538,0
Weather_h96_PatchTST,2021,deterministic,index_order,64,0.6666666666666667,81,3,0.05847932392737393,0.3333333333333333,0.933694670280036,0.0004997501249375312,1
Weather_h96_PatchTST,2021,deterministic,full_permutation,64,0.6666666666666667,81,3,0.15159153968813788,0.3333333333333333,0.07008431195423066,0.14392803598200898,0
Weather_h96_iTransformer,2021,deterministic,index_order,1,0.9947916666666666,5175,3,0.0,1.0,0.9279431663518678,0.0004997501249375312,1
Weather_h96_iTransformer,2021,deterministic,full_permutation,1,0.9947916666666666,5175,3,0.5940193244784517,0.0,-0.005319917834308487,0.7561219390304847,0
Weather_h96_iTransformer,2021,deterministic,index_order,4,0.9791666666666666,1294,3,6.640976108249671e-278,1.0,0.9260800352370585,0.0004997501249375312,1
Weather_h96_iTransformer,2021,deterministic,full_permutation,4,0.9791666666666666,1294,3,0.7607576459565161,0.0,0.0020531865118875673,0.447776111944028,0
Weather_h96_iTransformer,2021,deterministic,index_order,16,0.9166666666666666,324,3,1.6608575783526714e-61,1.0,0.9242233453585365,0.0004997501249375312,1
Weather_h96_iTransformer,2021,deterministic,full_permutation,16,0.9166666666666666,324,3,0.46941785247867557,0.0,-0.06758117011986982,0.9825087456271864,0
Weather_h96_iTransformer,2021,deterministic,index_order,64,0.6666666666666667,81,3,0.04348346021481385,0.6666666666666666,0.9261442336645588,0.0004997501249375312,1
Weather_h96_iTransformer,2021,deterministic,full_permutation,64,0.6666666666666667,81,3,0.20425080967147585,0.0,0.012714543812104786,0.41379310344827586,0
