cell_id,draw,condition,assoc_rho_fstd,spearman_test
DLinear_ETTh1_h192_fredf_s2021_det,0,defect,0.024881175140276657,-0.03362864129192662
DLinear_ETTh1_h192_fredf_s2021_det,0,control,0.009185694279343057,0.003060398699886111
DLinear_ETTh1_h192_fredf_s2021_det,1,defect,0.011680931163270751,0.06070630232133659
DLinear_ETTh1_h192_fredf_s2021_det,1,control,0.007059647030732591,-0.08171003920729455
DLinear_ETTh1_h192_fredf_s2021_det,2,defect,-0.004791671562928135,0.10677793054876754
DLinear_ETTh1_h192_fredf_s2021_det,2,control,-0.0073006702331858105,-0.09841131474858311
DLinear_ETTh1_h192_fredf_s2021_det,3,defect,-0.007985347184601928,-0.035740390372399185
DLinear_ETTh1_h192_fredf_s2021_det,3,control,0.00888078165366384,-0.04410702667227854
DLinear_ETTh1_h192_fredf_s2021_det,4,defect,0.006547088070692602,0.009683900974179547
DLinear_ETTh1_h192_fredf_s2021_det,4,control,-0.03319841479132446,-0.04290158683024327
DLinear_ETTh1_h192_fredf_s2021_det,5,defect,-0.003490745177091935,-0.046192382142429385
DLinear_ETTh1_h192_fredf_s2021_det,5,control,-0.019736783278663076,0.18015059373270875
DLinear_ETTh1_h192_fredf_s2021_det,6,defect,-0.004970472951208351,0.01391309437701979
DLinear_ETTh1_h192_fredf_s2021_det,6,control,-0.0007522620234242415,-0.03462352711983691
DLinear_ETTh1_h192_fredf_s2021_det,7,defect,0.044230291156887674,0.09088126090827796
DLinear_ETTh1_h192_fredf_s2021_det,7,control,-0.0069362316172949055,-0.1849699699507551
DLinear_ETTh1_h192_none_s2021_det,0,defect,0.005433189101829404,0.11746056923670571
DLinear_ETTh1_h192_none_s2021_det,0,control,-0.018559931761486917,0.05257760731897732
DLinear_ETTh1_h192_none_s2021_det,1,defect,0.005191510767210934,-0.12485981933096976
DLinear_ETTh1_h192_none_s2021_det,1,control,-0.0017352360932229069,-0.21582110222046777
DLinear_ETTh1_h192_none_s2021_det,2,defect,0.01643024224947375,-0.10208904171538069
DLinear_ETTh1_h192_none_s2021_det,2,control,0.009864151643002276,-0.16880399681396252
DLinear_ETTh1_h192_none_s2021_det,3,defect,0.0073994359542892555,0.09537718853661654
DLinear_ETTh1_h192_none_s2021_det,3,control,-0.020258316903947263,-0.07154519755731215
DLinear_ETTh1_h192_none_s2021_det,4,defect,0.03020999456956412,-0.24500437564714544
DLinear_ETTh1_h192_none_s2021_det,4,control,-0.008786170145470649,0.07579381842595183
DLinear_ETTh1_h192_none_s2021_det,5,defect,0.013710255237395668,-0.047160860195606884
DLinear_ETTh1_h192_none_s2021_det,5,control,-0.0030342029460458924,-0.02315664921949267
DLinear_ETTh1_h192_none_s2021_det,6,defect,-0.008607082696172401,0.08649757875405183
DLinear_ETTh1_h192_none_s2021_det,6,control,-0.025330728476766567,-0.1976599238680605
DLinear_ETTh1_h192_none_s2021_det,7,defect,-0.016672704088789885,0.2004552834803251
DLinear_ETTh1_h192_none_s2021_det,7,control,-0.01718626997125181,-0.14791104395025703
DLinear_ETTh1_h192_revin_s2021_det,0,defect,0.0017906492235335756,0.18929763751922307
DLinear_ETTh1_h192_revin_s2021_det,0,control,0.02876347146682645,-0.20887563417528174
DLinear_ETTh1_h192_revin_s2021_det,1,defect,-0.02202624942553275,-0.20596705705547316
DLinear_ETTh1_h192_revin_s2021_det,1,control,-0.023854295800419756,0.0728747123561434
DLinear_ETTh1_h192_revin_s2021_det,2,defect,0.04378018792065469,-0.04257655615727013
DLinear_ETTh1_h192_revin_s2021_det,2,control,0.03155239763423179,0.1619964670911519
DLinear_ETTh1_h192_revin_s2021_det,3,defect,0.02039145561064165,-0.05967638238423008
DLinear_ETTh1_h192_revin_s2021_det,3,control,-0.009321207573112621,-0.17189412570257018
DLinear_ETTh1_h192_revin_s2021_det,4,defect,0.007967007188073912,0.16052687662120732
DLinear_ETTh1_h192_revin_s2021_det,4,control,-0.00961653730990738,0.20980397429389885
DLinear_ETTh1_h192_revin_s2021_det,5,defect,0.029517240016415886,0.05231962925391568
DLinear_ETTh1_h192_revin_s2021_det,5,control,0.011725233894821786,0.06556174598439557
DLinear_ETTh1_h192_revin_s2021_det,6,defect,-0.012713808217700916,-0.14793001760594476
DLinear_ETTh1_h192_revin_s2021_det,6,control,-0.021316842239196807,-0.09678854461344034
DLinear_ETTh1_h192_revin_s2021_det,7,defect,0.029091179481244473,-0.05927839235895079
DLinear_ETTh1_h192_revin_s2021_det,7,control,-0.013394389590406579,0.06498795176742853
DLinear_ETTh1_h192_san_lite_s2021_det,0,defect,0.0027182126311893597,0.15743598012076243
DLinear_ETTh1_h192_san_lite_s2021_det,0,control,-0.030978631497059178,-0.07097274487725413
DLinear_ETTh1_h192_san_lite_s2021_det,1,defect,-0.020566511976074512,0.04960095457918176
DLinear_ETTh1_h192_san_lite_s2021_det,1,control,-0.015290915942233922,-0.09793956626087236
DLinear_ETTh1_h192_san_lite_s2021_det,2,defect,-0.03351477232532295,0.0681625268717542
DLinear_ETTh1_h192_san_lite_s2021_det,2,control,0.03609754634101639,-0.01516430264660817
DLinear_ETTh1_h192_san_lite_s2021_det,3,defect,-0.017878896453105402,-0.01213573717285541
DLinear_ETTh1_h192_san_lite_s2021_det,3,control,0.018565944594003972,0.03166712871149166
DLinear_ETTh1_h192_san_lite_s2021_det,4,defect,0.008422813128840438,-0.15077430207309223
DLinear_ETTh1_h192_san_lite_s2021_det,4,control,-0.03740532461275427,-0.16803926237934674
DLinear_ETTh1_h192_san_lite_s2021_det,5,defect,0.00568422258658088,0.20645813739932878
DLinear_ETTh1_h192_san_lite_s2021_det,5,control,-0.003140952760474362,-0.18803451937057103
DLinear_ETTh1_h192_san_lite_s2021_det,6,defect,-0.03377362388555328,0.06549403555940544
DLinear_ETTh1_h192_san_lite_s2021_det,6,control,0.01244398759170492,0.12134458941875277
DLinear_ETTh1_h192_san_lite_s2021_det,7,defect,0.0074992249506111225,-0.14348020087388808
DLinear_ETTh1_h192_san_lite_s2021_det,7,control,-0.016978556053487515,0.15407003050947007
DLinear_ETTh1_h336_fredf_s2021_det,0,defect,-0.009688336529801523,0.09060924238249699
DLinear_ETTh1_h336_fredf_s2021_det,0,control,0.034128607378567426,0.08528995635315151
DLinear_ETTh1_h336_fredf_s2021_det,1,defect,-0.012334643918314153,-0.0905351176107765
DLinear_ETTh1_h336_fredf_s2021_det,1,control,0.017708565045726116,-0.27368267448995115
DLinear_ETTh1_h336_fredf_s2021_det,2,defect,-0.03213682455520663,-0.0797742006485281
DLinear_ETTh1_h336_fredf_s2021_det,2,control,-0.004442668293408087,-0.015356081645462611
DLinear_ETTh1_h336_fredf_s2021_det,3,defect,0.015167001607018872,0.09704882824500329
DLinear_ETTh1_h336_fredf_s2021_det,3,control,-0.002239612569620421,-0.3078028192166541
DLinear_ETTh1_h336_fredf_s2021_det,4,defect,0.0162095116054699,0.10566179669211673
DLinear_ETTh1_h336_fredf_s2021_det,4,control,-0.011464054540879016,0.17568157761553166
DLinear_ETTh1_h336_fredf_s2021_det,5,defect,0.012203200665926731,-0.2653830125111254
DLinear_ETTh1_h336_fredf_s2021_det,5,control,-0.021127441462006125,0.012365060424757124
DLinear_ETTh1_h336_fredf_s2021_det,6,defect,0.013484409752914758,0.35051516370935926
DLinear_ETTh1_h336_fredf_s2021_det,6,control,0.019488841287884355,-0.12665118427999278
DLinear_ETTh1_h336_fredf_s2021_det,7,defect,0.006605516364228935,-0.08881116250434722
DLinear_ETTh1_h336_fredf_s2021_det,7,control,0.010161715543129324,-0.17367549815289246
DLinear_ETTh1_h336_fredf_s2021_shuf,0,defect,-0.00441487993569105,-0.14883478747692178
DLinear_ETTh1_h336_fredf_s2021_shuf,0,control,-0.012656017588635115,0.06347018041232427
DLinear_ETTh1_h336_fredf_s2021_shuf,1,defect,0.03859761134277457,0.14567132596549992
DLinear_ETTh1_h336_fredf_s2021_shuf,1,control,-0.016365854233106134,-0.06051386033628424
DLinear_ETTh1_h336_fredf_s2021_shuf,2,defect,-0.0006802279943978344,0.0985518335109673
DLinear_ETTh1_h336_fredf_s2021_shuf,2,control,0.016950822732500793,0.16988143291361574
DLinear_ETTh1_h336_fredf_s2021_shuf,3,defect,0.0027182970824321815,0.16034259363975117
DLinear_ETTh1_h336_fredf_s2021_shuf,3,control,-0.010241178652636539,-0.03826915134376938
DLinear_ETTh1_h336_fredf_s2021_shuf,4,defect,-0.0025146701296653124,-0.27948123554850335
DLinear_ETTh1_h336_fredf_s2021_shuf,4,control,0.010428355497967032,-0.08786309934886516
DLinear_ETTh1_h336_fredf_s2021_shuf,5,defect,-0.014627490567522806,0.16034817908856433
DLinear_ETTh1_h336_fredf_s2021_shuf,5,control,-0.01814658546087425,0.22763463232758122
DLinear_ETTh1_h336_fredf_s2021_shuf,6,defect,0.004218556781123461,0.1684296463256375
DLinear_ETTh1_h336_fredf_s2021_shuf,6,control,0.0017187046333525331,0.16888934774443828
DLinear_ETTh1_h336_fredf_s2021_shuf,7,defect,-0.0031348392528143822,0.07603358770936677
DLinear_ETTh1_h336_fredf_s2021_shuf,7,control,0.013320022604574764,-0.030129721432429066
DLinear_ETTh1_h336_fredf_s2022_det,0,defect,0.05816103867441626,-0.12489739382312214
DLinear_ETTh1_h336_fredf_s2022_det,0,control,-0.004274260164580227,-0.26822033011267576
DLinear_ETTh1_h336_fredf_s2022_det,1,defect,0.00018387291954000826,-0.2969678614361851
DLinear_ETTh1_h336_fredf_s2022_det,1,control,-0.024943458725082333,-0.00781950190942129
DLinear_ETTh1_h336_fredf_s2022_det,2,defect,0.019183896614843463,0.12740501460194134
DLinear_ETTh1_h336_fredf_s2022_det,2,control,-0.017141716637156055,0.24207479778962399
DLinear_ETTh1_h336_fredf_s2022_det,3,defect,0.015327312081755933,-0.2544479073400122
DLinear_ETTh1_h336_fredf_s2022_det,3,control,-0.03180501460301196,-0.14545122676386554
DLinear_ETTh1_h336_fredf_s2022_det,4,defect,-0.024797598970359404,0.05020288980541483
DLinear_ETTh1_h336_fredf_s2022_det,4,control,0.021276593498792833,0.07522140343440206
DLinear_ETTh1_h336_fredf_s2022_det,5,defect,0.009540860302815363,0.13823013363069606
DLinear_ETTh1_h336_fredf_s2022_det,5,control,-0.0009920061959736986,0.02010218123783921
DLinear_ETTh1_h336_fredf_s2022_det,6,defect,0.0007951042992265532,-0.047325418299755354
DLinear_ETTh1_h336_fredf_s2022_det,6,control,-0.01729485143496989,0.01831732077386216
DLinear_ETTh1_h336_fredf_s2022_det,7,defect,0.004201194155427298,0.011869267939606023
DLinear_ETTh1_h336_fredf_s2022_det,7,control,-0.008917804020697523,-0.028335899826221377
DLinear_ETTh1_h336_fredf_s2022_shuf,0,defect,-0.037060813725672034,0.013258835221394259
DLinear_ETTh1_h336_fredf_s2022_shuf,0,control,-0.02327333056488345,0.14174161713221348
DLinear_ETTh1_h336_fredf_s2022_shuf,1,defect,-0.003412379216522083,-0.06045251447445932
DLinear_ETTh1_h336_fredf_s2022_shuf,1,control,0.015082568226560336,-0.09016987076209981
DLinear_ETTh1_h336_fredf_s2022_shuf,2,defect,0.004671925876982111,-0.12037020678775817
DLinear_ETTh1_h336_fredf_s2022_shuf,2,control,-0.024040689457584252,0.15896461190628153
DLinear_ETTh1_h336_fredf_s2022_shuf,3,defect,-0.031105794756180093,-0.2607511181187981
DLinear_ETTh1_h336_fredf_s2022_shuf,3,control,0.004047268772581315,-0.06831420012408664
DLinear_ETTh1_h336_fredf_s2022_shuf,4,defect,-0.01003770093525598,0.24653022550165046
DLinear_ETTh1_h336_fredf_s2022_shuf,4,control,0.011579207110790978,0.04953252402324759
DLinear_ETTh1_h336_fredf_s2022_shuf,5,defect,0.023752207992138768,-0.13406073773325186
DLinear_ETTh1_h336_fredf_s2022_shuf,5,control,-0.009813393597833956,-0.1264181241648449
DLinear_ETTh1_h336_fredf_s2022_shuf,6,defect,0.0011948818756054766,-0.11209156727337402
DLinear_ETTh1_h336_fredf_s2022_shuf,6,control,-0.008433168652205869,-0.18359910429800708
DLinear_ETTh1_h336_fredf_s2022_shuf,7,defect,-0.001558040728360701,0.0047536406815574936
DLinear_ETTh1_h336_fredf_s2022_shuf,7,control,-0.018879892478306484,0.040405180707276896
DLinear_ETTh1_h336_fredf_s2023_det,0,defect,0.023313714388396547,0.06982994638118477
DLinear_ETTh1_h336_fredf_s2023_det,0,control,-0.006626423876660111,0.10876289619973628
DLinear_ETTh1_h336_fredf_s2023_det,1,defect,-0.009912386889404871,0.2432801643834654
DLinear_ETTh1_h336_fredf_s2023_det,1,control,0.02730761949874323,-0.16450538197367115
DLinear_ETTh1_h336_fredf_s2023_det,2,defect,0.011975938101646095,-0.03176850948481968
DLinear_ETTh1_h336_fredf_s2023_det,2,control,-0.016435277078862758,0.17118664887305468
DLinear_ETTh1_h336_fredf_s2023_det,3,defect,0.009420833918020588,0.002797707803340044
DLinear_ETTh1_h336_fredf_s2023_det,3,control,0.03371563993545926,0.29047652709905536
DLinear_ETTh1_h336_fredf_s2023_det,4,defect,0.039716403554731564,-0.10975835747173159
DLinear_ETTh1_h336_fredf_s2023_det,4,control,-0.0004949628179671018,-0.06756989469768446
DLinear_ETTh1_h336_fredf_s2023_det,5,defect,-0.011600421102949381,-0.022512925690151994
DLinear_ETTh1_h336_fredf_s2023_det,5,control,0.025196909904427908,-0.026622816387476638
DLinear_ETTh1_h336_fredf_s2023_det,6,defect,0.005375619497927898,0.012771783746653116
DLinear_ETTh1_h336_fredf_s2023_det,6,control,0.01406458924990975,-0.10771845254233536
DLinear_ETTh1_h336_fredf_s2023_det,7,defect,-0.013445731942205223,0.08721143464681891
DLinear_ETTh1_h336_fredf_s2023_det,7,control,-0.021738450440500632,-0.2997235532372779
DLinear_ETTh1_h336_fredf_s2023_shuf,0,defect,-0.03736725439589937,0.13653503197312022
DLinear_ETTh1_h336_fredf_s2023_shuf,0,control,0.01713853172937955,-0.04395682673585288
DLinear_ETTh1_h336_fredf_s2023_shuf,1,defect,-0.003390064522392456,0.17185295311303747
DLinear_ETTh1_h336_fredf_s2023_shuf,1,control,-0.04089954606526562,0.11564555527341996
DLinear_ETTh1_h336_fredf_s2023_shuf,2,defect,0.012124318842378341,-0.06111635551969638
DLinear_ETTh1_h336_fredf_s2023_shuf,2,control,0.01226686993933705,0.015247823110057871
DLinear_ETTh1_h336_fredf_s2023_shuf,3,defect,-0.002654505870570668,0.02955465358151607
DLinear_ETTh1_h336_fredf_s2023_shuf,3,control,0.02115742393923705,0.002378331678344993
DLinear_ETTh1_h336_fredf_s2023_shuf,4,defect,0.029112714677287134,-0.03738742758100935
DLinear_ETTh1_h336_fredf_s2023_shuf,4,control,-0.01021762202890181,0.030259369262005655
DLinear_ETTh1_h336_fredf_s2023_shuf,5,defect,0.03701760680543645,-0.12780205998713648
DLinear_ETTh1_h336_fredf_s2023_shuf,5,control,0.023599521992505843,-0.277698839930174
DLinear_ETTh1_h336_fredf_s2023_shuf,6,defect,-0.018806654302502775,-0.04574266485073186
DLinear_ETTh1_h336_fredf_s2023_shuf,6,control,-0.0037430862885409837,0.12131276067262864
DLinear_ETTh1_h336_fredf_s2023_shuf,7,defect,0.01406492775944455,-0.10594996077897346
DLinear_ETTh1_h336_fredf_s2023_shuf,7,control,0.03594489338492965,-0.019531581391851734
DLinear_ETTh1_h336_none_s2021_det,0,defect,0.05257563606087184,-0.010890659257833798
DLinear_ETTh1_h336_none_s2021_det,0,control,0.03260441723348692,0.19230933654995183
DLinear_ETTh1_h336_none_s2021_det,1,defect,-0.005511786960239993,-0.040108342482413566
DLinear_ETTh1_h336_none_s2021_det,1,control,-0.03698516885627251,0.06929553924159623
DLinear_ETTh1_h336_none_s2021_det,2,defect,0.0031813155199764153,0.10402430598239241
DLinear_ETTh1_h336_none_s2021_det,2,control,0.014646645839327618,-0.21651168526669454
DLinear_ETTh1_h336_none_s2021_det,3,defect,-0.03027318214483193,0.29780451957046145
DLinear_ETTh1_h336_none_s2021_det,3,control,-0.003853982740119517,0.12702904390099914
DLinear_ETTh1_h336_none_s2021_det,4,defect,0.018250871148827976,0.028497671959400124
DLinear_ETTh1_h336_none_s2021_det,4,control,-0.00017049232914098853,-0.19333971508138043
DLinear_ETTh1_h336_none_s2021_det,5,defect,0.022710821627139763,0.03493088475776212
DLinear_ETTh1_h336_none_s2021_det,5,control,-0.00690793350164367,-0.05525964679506319
DLinear_ETTh1_h336_none_s2021_det,6,defect,-0.016980365515170303,-0.08521211297527637
DLinear_ETTh1_h336_none_s2021_det,6,control,0.04641926215637241,0.03260963800520562
DLinear_ETTh1_h336_none_s2021_det,7,defect,-0.0018739087071378859,-0.26210561815823546
DLinear_ETTh1_h336_none_s2021_det,7,control,0.015291911258611643,0.15181668922803626
DLinear_ETTh1_h336_none_s2021_shuf,0,defect,0.020487459699529906,-0.14872400908785005
DLinear_ETTh1_h336_none_s2021_shuf,0,control,0.0188759140813007,-0.0033475769718615688
DLinear_ETTh1_h336_none_s2021_shuf,1,defect,0.00994332520493076,-0.18736284849131452
DLinear_ETTh1_h336_none_s2021_shuf,1,control,0.036696366352752086,-0.20237296133721663
DLinear_ETTh1_h336_none_s2021_shuf,2,defect,0.03812277127870207,0.037628411305169154
DLinear_ETTh1_h336_none_s2021_shuf,2,control,-0.025654362954029,0.0710829375113687
DLinear_ETTh1_h336_none_s2021_shuf,3,defect,-0.002196178519999041,-0.05348537904017603
DLinear_ETTh1_h336_none_s2021_shuf,3,control,-0.003165096181405701,0.06819037921797914
DLinear_ETTh1_h336_none_s2021_shuf,4,defect,-0.03375196382848721,-0.10626558110510034
DLinear_ETTh1_h336_none_s2021_shuf,4,control,0.0174869337503499,-0.0005471216922852259
DLinear_ETTh1_h336_none_s2021_shuf,5,defect,0.010975892850565059,-0.24643291233961395
DLinear_ETTh1_h336_none_s2021_shuf,5,control,-0.03722083045867153,0.013232951248369968
DLinear_ETTh1_h336_none_s2021_shuf,6,defect,-0.02671356802415347,-0.042546706580479876
DLinear_ETTh1_h336_none_s2021_shuf,6,control,0.01943294062053558,-0.2247666943706453
DLinear_ETTh1_h336_none_s2021_shuf,7,defect,0.0002811951387060654,-0.04698884723843566
DLinear_ETTh1_h336_none_s2021_shuf,7,control,-0.012945736615820736,-0.37866525343714513
DLinear_ETTh1_h336_none_s2022_det,0,defect,0.0072699188546782485,0.025550811863837855
DLinear_ETTh1_h336_none_s2022_det,0,control,-0.03061853612403408,-0.04594258818266632
DLinear_ETTh1_h336_none_s2022_det,1,defect,-0.018576683300175898,0.10902217628751312
DLinear_ETTh1_h336_none_s2022_det,1,control,-0.014554658603160858,0.005582180845540205
DLinear_ETTh1_h336_none_s2022_det,2,defect,0.01811156901542587,0.10651013903585389
DLinear_ETTh1_h336_none_s2022_det,2,control,-0.0075026656351905,-0.0960646024096795
DLinear_ETTh1_h336_none_s2022_det,3,defect,0.003470537338533499,0.13790886217697093
DLinear_ETTh1_h336_none_s2022_det,3,control,-0.011610842828756306,0.015594314581969804
DLinear_ETTh1_h336_none_s2022_det,4,defect,-0.01604680863256678,-0.07457652388408925
DLinear_ETTh1_h336_none_s2022_det,4,control,0.005140995263458112,0.19051588056419827
DLinear_ETTh1_h336_none_s2022_det,5,defect,0.01670706893227628,0.1047247746401675
DLinear_ETTh1_h336_none_s2022_det,5,control,0.0528655130591737,-0.07115313190430263
DLinear_ETTh1_h336_none_s2022_det,6,defect,-0.012375473261808862,-0.0836226858272209
DLinear_ETTh1_h336_none_s2022_det,6,control,-0.015260159792224734,-0.05225076072175707
DLinear_ETTh1_h336_none_s2022_det,7,defect,0.004201214173279201,-0.03217369351363063
DLinear_ETTh1_h336_none_s2022_det,7,control,-0.019417880950113126,0.23680297629030927
DLinear_ETTh1_h336_none_s2022_shuf,0,defect,-0.03871712741891946,0.048061489155823575
DLinear_ETTh1_h336_none_s2022_shuf,0,control,-0.014004709827662085,0.034314837159137454
DLinear_ETTh1_h336_none_s2022_shuf,1,defect,-0.005758035540385053,-0.10997833532392351
DLinear_ETTh1_h336_none_s2022_shuf,1,control,-0.007835315680567397,-0.09820798846024618
DLinear_ETTh1_h336_none_s2022_shuf,2,defect,-0.0037208906194088395,0.08145593650016476
DLinear_ETTh1_h336_none_s2022_shuf,2,control,-0.013679304251685455,0.28564037265033765
DLinear_ETTh1_h336_none_s2022_shuf,3,defect,0.010028834535190597,0.1655932940175554
DLinear_ETTh1_h336_none_s2022_shuf,3,control,0.0075688748256764835,0.15487972956007692
DLinear_ETTh1_h336_none_s2022_shuf,4,defect,0.03375517567133487,0.023882204833679234
DLinear_ETTh1_h336_none_s2022_shuf,4,control,0.019781943954516348,0.04710747615427752
DLinear_ETTh1_h336_none_s2022_shuf,5,defect,-0.014296514510421687,0.017842714852903813
DLinear_ETTh1_h336_none_s2022_shuf,5,control,-0.0007524098749944,0.018302037978168068
DLinear_ETTh1_h336_none_s2022_shuf,6,defect,0.01540287614287787,-0.02954130794462566
DLinear_ETTh1_h336_none_s2022_shuf,6,control,-0.026461053747579556,0.008001951703332084
DLinear_ETTh1_h336_none_s2022_shuf,7,defect,-0.007547815528731767,-0.18608401581832287
DLinear_ETTh1_h336_none_s2022_shuf,7,control,-0.028314130651080745,0.06864959322475582
DLinear_ETTh1_h336_none_s2023_det,0,defect,0.022550310597421713,0.008557006076691001
DLinear_ETTh1_h336_none_s2023_det,0,control,0.0016503475466474141,-0.21754073453615075
DLinear_ETTh1_h336_none_s2023_det,1,defect,-0.019228472853762914,0.2580574763750526
DLinear_ETTh1_h336_none_s2023_det,1,control,0.0615633837919771,0.056332934771900336
DLinear_ETTh1_h336_none_s2023_det,2,defect,-0.006723889143470705,-0.0002390750918280105
DLinear_ETTh1_h336_none_s2023_det,2,control,-0.013780290015168426,0.3272183826795655
DLinear_ETTh1_h336_none_s2023_det,3,defect,-0.02534197761958406,-0.126027572924239
DLinear_ETTh1_h336_none_s2023_det,3,control,-0.035973087953279914,0.14815049474320666
DLinear_ETTh1_h336_none_s2023_det,4,defect,0.0004210963975858984,0.08583035502582544
DLinear_ETTh1_h336_none_s2023_det,4,control,-0.017392048435778736,-0.3145437393609614
DLinear_ETTh1_h336_none_s2023_det,5,defect,0.015010864627314394,0.16069638584920112
DLinear_ETTh1_h336_none_s2023_det,5,control,0.005942604769283402,-0.14848685335310235
DLinear_ETTh1_h336_none_s2023_det,6,defect,0.0020993007310262635,-0.09394284768360073
DLinear_ETTh1_h336_none_s2023_det,6,control,-0.0017491311807000002,0.08175360071384659
DLinear_ETTh1_h336_none_s2023_det,7,defect,0.039655586858911344,0.011200707375158256
DLinear_ETTh1_h336_none_s2023_det,7,control,-0.05871323251388593,0.04353031020071048
DLinear_ETTh1_h336_none_s2023_shuf,0,defect,-0.013053726255640647,0.1996127659051548
DLinear_ETTh1_h336_none_s2023_shuf,0,control,-0.01804318317689349,0.05463231223551117
DLinear_ETTh1_h336_none_s2023_shuf,1,defect,0.004095178428174722,0.08364630903072519
DLinear_ETTh1_h336_none_s2023_shuf,1,control,0.028473327317461994,-0.01719113779856581
DLinear_ETTh1_h336_none_s2023_shuf,2,defect,0.03982059898072315,-0.0637732477804434
DLinear_ETTh1_h336_none_s2023_shuf,2,control,0.0048245660149109455,-0.04058501048592922
DLinear_ETTh1_h336_none_s2023_shuf,3,defect,-0.00589386922504078,0.0052139059594620155
DLinear_ETTh1_h336_none_s2023_shuf,3,control,-0.007038805292955252,0.06137190219496578
DLinear_ETTh1_h336_none_s2023_shuf,4,defect,0.049439791480135734,0.09446242161640973
DLinear_ETTh1_h336_none_s2023_shuf,4,control,0.012830819182888142,-0.04523365954937866
DLinear_ETTh1_h336_none_s2023_shuf,5,defect,-0.016719430357159344,-0.12036215376914816
DLinear_ETTh1_h336_none_s2023_shuf,5,control,-0.0009395954560888917,-0.2363896400277537
DLinear_ETTh1_h336_none_s2023_shuf,6,defect,0.019505215321675567,0.09703236934935691
DLinear_ETTh1_h336_none_s2023_shuf,6,control,-0.053186245029257964,0.005778177308980615
DLinear_ETTh1_h336_none_s2023_shuf,7,defect,-0.0011035927700564993,0.2701954034210132
DLinear_ETTh1_h336_none_s2023_shuf,7,control,0.035972920888991865,-0.13766693686407813
DLinear_ETTh1_h336_revin_s2021_det,0,defect,-0.0111251267809205,-0.0702325713629923
DLinear_ETTh1_h336_revin_s2021_det,0,control,-0.01745799882888804,-0.06853870561812282
DLinear_ETTh1_h336_revin_s2021_det,1,defect,-0.010591206247351433,0.023251710047946256
DLinear_ETTh1_h336_revin_s2021_det,1,control,-0.015099397610271188,0.16084101940010434
DLinear_ETTh1_h336_revin_s2021_det,2,defect,-0.008247222088840567,-0.24643089606807553
DLinear_ETTh1_h336_revin_s2021_det,2,control,-0.0014776698290688457,-0.15459252987681715
DLinear_ETTh1_h336_revin_s2021_det,3,defect,-0.015114585404732626,0.04391775842685272
DLinear_ETTh1_h336_revin_s2021_det,3,control,0.010749279280441417,-0.200390062292148
DLinear_ETTh1_h336_revin_s2021_det,4,defect,0.0032309169945210366,-0.021227581645690666
DLinear_ETTh1_h336_revin_s2021_det,4,control,-0.018577465148004662,0.14081160404584014
DLinear_ETTh1_h336_revin_s2021_det,5,defect,-0.004406971916171586,0.09682761370612136
DLinear_ETTh1_h336_revin_s2021_det,5,control,-0.01629272962179152,0.0007168907700822482
DLinear_ETTh1_h336_revin_s2021_det,6,defect,0.014659516481425026,0.07268782132333222
DLinear_ETTh1_h336_revin_s2021_det,6,control,0.009630905655543585,-0.20857667653473477
DLinear_ETTh1_h336_revin_s2021_det,7,defect,0.02426833748372715,0.04209177159672432
DLinear_ETTh1_h336_revin_s2021_det,7,control,-0.020685547471543428,0.13549691759509452
DLinear_ETTh1_h336_revin_s2021_shuf,0,defect,0.013123076301272144,-0.07036098215741307
DLinear_ETTh1_h336_revin_s2021_shuf,0,control,0.02886931176221482,-0.005649235785289245
DLinear_ETTh1_h336_revin_s2021_shuf,1,defect,-0.004546266041821258,0.19717420488526766
DLinear_ETTh1_h336_revin_s2021_shuf,1,control,-0.036720882450824166,-0.10118423788040581
DLinear_ETTh1_h336_revin_s2021_shuf,2,defect,0.029852179656342785,0.1857393395801884
DLinear_ETTh1_h336_revin_s2021_shuf,2,control,0.005403803874593238,-0.1013929678396438
DLinear_ETTh1_h336_revin_s2021_shuf,3,defect,0.00954806472861392,-0.10541425288193881
DLinear_ETTh1_h336_revin_s2021_shuf,3,control,-0.008218152491542284,-0.08382145345625401
DLinear_ETTh1_h336_revin_s2021_shuf,4,defect,-0.012161525044129264,0.007614958098642159
DLinear_ETTh1_h336_revin_s2021_shuf,4,control,-0.009000008328062532,0.10382816294678009
DLinear_ETTh1_h336_revin_s2021_shuf,5,defect,-0.00027298500852650915,-0.0002285401661806266
DLinear_ETTh1_h336_revin_s2021_shuf,5,control,-0.024282961095630582,0.22687964952373313
DLinear_ETTh1_h336_revin_s2021_shuf,6,defect,0.01478808167476522,0.07102390448681165
DLinear_ETTh1_h336_revin_s2021_shuf,6,control,0.010263786721696326,-0.09941358569044403
DLinear_ETTh1_h336_revin_s2021_shuf,7,defect,0.017066482340823856,-0.04365840444182405
DLinear_ETTh1_h336_revin_s2021_shuf,7,control,-0.03185193019301507,0.03603234169777699
DLinear_ETTh1_h336_revin_s2022_det,0,defect,-0.016859308681705258,0.180883307543168
DLinear_ETTh1_h336_revin_s2022_det,0,control,0.019441422286320474,-0.1970150436618731
DLinear_ETTh1_h336_revin_s2022_det,1,defect,0.0033064519393189405,-0.00027717561631896223
DLinear_ETTh1_h336_revin_s2022_det,1,control,0.012178383546939885,-0.278774617925318
DLinear_ETTh1_h336_revin_s2022_det,2,defect,-0.0300700400250762,-0.24407642265019866
DLinear_ETTh1_h336_revin_s2022_det,2,control,0.010322437684471315,-0.1705470140090673
DLinear_ETTh1_h336_revin_s2022_det,3,defect,0.03005172047143473,-0.040646550402788154
DLinear_ETTh1_h336_revin_s2022_det,3,control,0.0016079661528902408,0.21140239694944316
DLinear_ETTh1_h336_revin_s2022_det,4,defect,-0.026428329698444632,-0.048181151440618464
DLinear_ETTh1_h336_revin_s2022_det,4,control,0.028112721840585678,0.17551585493723043
DLinear_ETTh1_h336_revin_s2022_det,5,defect,0.014016945306847025,0.011006636008611924
DLinear_ETTh1_h336_revin_s2022_det,5,control,0.00012294302315250883,-0.10279504145450545
DLinear_ETTh1_h336_revin_s2022_det,6,defect,-0.013299740423608937,-0.013565005191614549
DLinear_ETTh1_h336_revin_s2022_det,6,control,0.005627126986443107,-0.10038934908832353
DLinear_ETTh1_h336_revin_s2022_det,7,defect,0.024017725407529802,0.05316201458627641
DLinear_ETTh1_h336_revin_s2022_det,7,control,-0.008735213794323234,0.03990510814712022
DLinear_ETTh1_h336_revin_s2022_shuf,0,defect,-0.013451000315330728,-0.23354918639846287
DLinear_ETTh1_h336_revin_s2022_shuf,0,control,0.000612174474307796,0.007743936765416408
DLinear_ETTh1_h336_revin_s2022_shuf,1,defect,0.016615173421273787,-0.14641950282496483
DLinear_ETTh1_h336_revin_s2022_shuf,1,control,-0.00947482000101276,0.04152197654217775
DLinear_ETTh1_h336_revin_s2022_shuf,2,defect,0.004565868291807507,-0.014555332972570369
DLinear_ETTh1_h336_revin_s2022_shuf,2,control,0.00990216244549887,-0.08210980974642076
DLinear_ETTh1_h336_revin_s2022_shuf,3,defect,-0.01974544315935709,0.13909690485095072
DLinear_ETTh1_h336_revin_s2022_shuf,3,control,-0.0005437118308660186,0.041252303586979365
DLinear_ETTh1_h336_revin_s2022_shuf,4,defect,0.000809253269514361,-0.21752101832300305
DLinear_ETTh1_h336_revin_s2022_shuf,4,control,-0.01582688517561481,-0.02981170829553478
DLinear_ETTh1_h336_revin_s2022_shuf,5,defect,0.031024706799056452,-0.27620710295587786
DLinear_ETTh1_h336_revin_s2022_shuf,5,control,0.004020842461564461,-0.08054362514637305
DLinear_ETTh1_h336_revin_s2022_shuf,6,defect,0.00682398532094533,0.32308189901879525
DLinear_ETTh1_h336_revin_s2022_shuf,6,control,0.03839106665621096,-0.04766666012166351
DLinear_ETTh1_h336_revin_s2022_shuf,7,defect,-0.016687990826085852,0.1822626128545011
DLinear_ETTh1_h336_revin_s2022_shuf,7,control,0.018586379960398604,-0.07216561285316182
DLinear_ETTh1_h336_revin_s2023_det,0,defect,0.00193998940821865,-0.027543792486108165
DLinear_ETTh1_h336_revin_s2023_det,0,control,-0.03060624495202205,0.25349787831192894
DLinear_ETTh1_h336_revin_s2023_det,1,defect,0.03299703223958985,0.23053194878342873
DLinear_ETTh1_h336_revin_s2023_det,1,control,0.02177517326519541,-0.08987812283462181
DLinear_ETTh1_h336_revin_s2023_det,2,defect,-0.02636991314442278,-0.0024639239342773415
DLinear_ETTh1_h336_revin_s2023_det,2,control,0.04139486486422739,0.1330940847150201
DLinear_ETTh1_h336_revin_s2023_det,3,defect,0.016912122720931774,-0.006427709392061538
DLinear_ETTh1_h336_revin_s2023_det,3,control,0.024520639195688525,0.024701453405480425
DLinear_ETTh1_h336_revin_s2023_det,4,defect,-0.00838070768206404,0.04627951263984379
DLinear_ETTh1_h336_revin_s2023_det,4,control,0.03683630546646162,-0.08586811513922488
DLinear_ETTh1_h336_revin_s2023_det,5,defect,0.016847297781028503,0.1517379238670547
DLinear_ETTh1_h336_revin_s2023_det,5,control,0.012790503422935615,-0.01293216151039195
DLinear_ETTh1_h336_revin_s2023_det,6,defect,-0.01395315409498551,0.11565623338860549
DLinear_ETTh1_h336_revin_s2023_det,6,control,0.019482467841375795,-0.10514044904732335
DLinear_ETTh1_h336_revin_s2023_det,7,defect,0.012809058113307714,-0.04343078128920737
DLinear_ETTh1_h336_revin_s2023_det,7,control,0.029190488152879692,0.0389013178723742
DLinear_ETTh1_h336_revin_s2023_shuf,0,defect,-0.009646242685391332,0.238063491810907
DLinear_ETTh1_h336_revin_s2023_shuf,0,control,0.04697208316962331,-0.06433262637963316
DLinear_ETTh1_h336_revin_s2023_shuf,1,defect,-0.0017249725195775713,0.2009447640504958
DLinear_ETTh1_h336_revin_s2023_shuf,1,control,-0.008150777446476836,-0.03916199838968572
DLinear_ETTh1_h336_revin_s2023_shuf,2,defect,-0.01737401424931499,-0.1229142081156381
DLinear_ETTh1_h336_revin_s2023_shuf,2,control,0.005483042040904122,0.2583257069666773
DLinear_ETTh1_h336_revin_s2023_shuf,3,defect,-0.019035424141964227,0.03485475122838292
DLinear_ETTh1_h336_revin_s2023_shuf,3,control,0.0007912154431631424,0.22949533965397964
DLinear_ETTh1_h336_revin_s2023_shuf,4,defect,-0.005601607735384023,-0.04749851431211175
DLinear_ETTh1_h336_revin_s2023_shuf,4,control,-0.008640085335269014,0.005803790143564518
DLinear_ETTh1_h336_revin_s2023_shuf,5,defect,0.005199513006351661,-0.08845558867261363
DLinear_ETTh1_h336_revin_s2023_shuf,5,control,-0.003429321436744535,-0.2023388116972601
DLinear_ETTh1_h336_revin_s2023_shuf,6,defect,0.004473027866017547,-0.2664908542719188
DLinear_ETTh1_h336_revin_s2023_shuf,6,control,0.02546219509499829,0.22973659479133016
DLinear_ETTh1_h336_revin_s2023_shuf,7,defect,0.018005229702961006,0.19972912401102952
DLinear_ETTh1_h336_revin_s2023_shuf,7,control,0.01918856658348601,0.15201521919812352
DLinear_ETTh1_h336_san_lite_s2021_det,0,defect,0.012750832289389337,-0.09661876274280032
DLinear_ETTh1_h336_san_lite_s2021_det,0,control,-0.012565537993858837,-0.056158302386102685
DLinear_ETTh1_h336_san_lite_s2021_det,1,defect,-0.018636137950104475,0.11337710142647367
DLinear_ETTh1_h336_san_lite_s2021_det,1,control,0.021464569291678767,0.16078120444507307
DLinear_ETTh1_h336_san_lite_s2021_det,2,defect,-0.017562994294898614,0.039595172606616026
DLinear_ETTh1_h336_san_lite_s2021_det,2,control,0.014353104930297463,-0.04282569757219199
DLinear_ETTh1_h336_san_lite_s2021_det,3,defect,0.02374617451466686,-0.1075805029797349
DLinear_ETTh1_h336_san_lite_s2021_det,3,control,-0.02756936089487186,0.12757330162205097
DLinear_ETTh1_h336_san_lite_s2021_det,4,defect,0.012073553331820497,0.1459797372422301
DLinear_ETTh1_h336_san_lite_s2021_det,4,control,0.005092118126520216,-0.09126004350576321
DLinear_ETTh1_h336_san_lite_s2021_det,5,defect,0.019762841093490913,-0.0284328853936919
DLinear_ETTh1_h336_san_lite_s2021_det,5,control,-0.04058865672457125,0.08451004692427791
DLinear_ETTh1_h336_san_lite_s2021_det,6,defect,-0.02120152991167798,-0.07533219901188978
DLinear_ETTh1_h336_san_lite_s2021_det,6,control,0.002947145543463007,0.012606674689903395
DLinear_ETTh1_h336_san_lite_s2021_det,7,defect,0.026153928045714418,-0.08513996977031509
DLinear_ETTh1_h336_san_lite_s2021_det,7,control,0.01649085379267975,-0.052758928815491185
DLinear_ETTh1_h336_san_lite_s2021_shuf,0,defect,0.0015688522864012937,-0.0035210246175017795
DLinear_ETTh1_h336_san_lite_s2021_shuf,0,control,0.01896927792636129,-0.06096985136971045
DLinear_ETTh1_h336_san_lite_s2021_shuf,1,defect,-0.018214480285185488,-0.04741767937840613
DLinear_ETTh1_h336_san_lite_s2021_shuf,1,control,-0.03194754385488346,-0.17026785871395614
DLinear_ETTh1_h336_san_lite_s2021_shuf,2,defect,0.033916662918902024,0.05177696342116916
DLinear_ETTh1_h336_san_lite_s2021_shuf,2,control,0.005185692354568094,0.1188537407453587
DLinear_ETTh1_h336_san_lite_s2021_shuf,3,defect,0.019039060029024,-0.11473983843580116
DLinear_ETTh1_h336_san_lite_s2021_shuf,3,control,0.02871694716987191,-0.0723048466710321
DLinear_ETTh1_h336_san_lite_s2021_shuf,4,defect,0.02616970914659637,-0.023775514679527824
DLinear_ETTh1_h336_san_lite_s2021_shuf,4,control,0.008651969933425142,0.06948740354587603
DLinear_ETTh1_h336_san_lite_s2021_shuf,5,defect,0.02438249455093967,0.20085459638215106
DLinear_ETTh1_h336_san_lite_s2021_shuf,5,control,0.030757923436400783,-0.1643700510395746
DLinear_ETTh1_h336_san_lite_s2021_shuf,6,defect,-0.026075367631196205,0.08689947137633085
DLinear_ETTh1_h336_san_lite_s2021_shuf,6,control,-0.031663023314932114,0.2192650914457421
DLinear_ETTh1_h336_san_lite_s2021_shuf,7,defect,0.012062428745938217,-0.20503885483030454
DLinear_ETTh1_h336_san_lite_s2021_shuf,7,control,-0.05662505892916393,0.19150566664022312
DLinear_ETTh1_h336_san_lite_s2022_det,0,defect,0.018418319807417764,-0.03693341161549717
DLinear_ETTh1_h336_san_lite_s2022_det,0,control,-0.024517817559383127,0.007654627394733638
DLinear_ETTh1_h336_san_lite_s2022_det,1,defect,0.02679374091844322,-0.05906543622056445
DLinear_ETTh1_h336_san_lite_s2022_det,1,control,-0.003617171297926721,-0.29072455202996245
DLinear_ETTh1_h336_san_lite_s2022_det,2,defect,0.0068493112952262404,0.08948080112362485
DLinear_ETTh1_h336_san_lite_s2022_det,2,control,0.018649635020229774,-0.19816571077541506
DLinear_ETTh1_h336_san_lite_s2022_det,3,defect,0.02518314931442704,-0.3757167367020076
DLinear_ETTh1_h336_san_lite_s2022_det,3,control,-0.016953506788607343,-0.08867920382263907
DLinear_ETTh1_h336_san_lite_s2022_det,4,defect,-0.014849749014989986,-0.08212192605558498
DLinear_ETTh1_h336_san_lite_s2022_det,4,control,-0.028557092775824532,-0.12190816913214018
DLinear_ETTh1_h336_san_lite_s2022_det,5,defect,-0.04217551262977172,0.028707871831465982
DLinear_ETTh1_h336_san_lite_s2022_det,5,control,-0.04655689395388718,-0.1225102386163765
DLinear_ETTh1_h336_san_lite_s2022_det,6,defect,-0.012936038138008584,-0.14322327771582308
DLinear_ETTh1_h336_san_lite_s2022_det,6,control,0.020015372849983146,0.06761929204720417
DLinear_ETTh1_h336_san_lite_s2022_det,7,defect,0.01870898702534247,-0.1267593053761799
DLinear_ETTh1_h336_san_lite_s2022_det,7,control,-0.021444781047345582,-0.2992749527826963
DLinear_ETTh1_h336_san_lite_s2022_shuf,0,defect,0.019184298818917717,0.19027559710828792
DLinear_ETTh1_h336_san_lite_s2022_shuf,0,control,-0.055161428509793047,-0.10774203419210207
DLinear_ETTh1_h336_san_lite_s2022_shuf,1,defect,-0.0018458404432188037,-0.01795854087497422
DLinear_ETTh1_h336_san_lite_s2022_shuf,1,control,0.002013943914243178,0.0780750139070187
DLinear_ETTh1_h336_san_lite_s2022_shuf,2,defect,-0.01890186575443137,-0.04422130651088669
DLinear_ETTh1_h336_san_lite_s2022_shuf,2,control,5.9699250377496234e-05,0.11262902743794348
DLinear_ETTh1_h336_san_lite_s2022_shuf,3,defect,-0.023841349204630963,0.1270031246723988
DLinear_ETTh1_h336_san_lite_s2022_shuf,3,control,0.04426436324424895,0.11923185052307225
DLinear_ETTh1_h336_san_lite_s2022_shuf,4,defect,-0.029594325665419172,0.05286372213352444
DLinear_ETTh1_h336_san_lite_s2022_shuf,4,control,-0.03462417587389988,-0.1708909347685228
DLinear_ETTh1_h336_san_lite_s2022_shuf,5,defect,-0.010902004956831883,-0.006919840833023998
DLinear_ETTh1_h336_san_lite_s2022_shuf,5,control,-0.006273195002056172,0.22131968186291934
DLinear_ETTh1_h336_san_lite_s2022_shuf,6,defect,0.007608994757355235,0.12982122275239338
DLinear_ETTh1_h336_san_lite_s2022_shuf,6,control,0.008140570839500984,-0.09975832255322867
DLinear_ETTh1_h336_san_lite_s2022_shuf,7,defect,-0.03267512969732121,0.1023850032702797
DLinear_ETTh1_h336_san_lite_s2022_shuf,7,control,-0.0009769192262119228,-0.12390684251082126
DLinear_ETTh1_h336_san_lite_s2023_det,0,defect,-0.015416439088769019,-0.016578307435436826
DLinear_ETTh1_h336_san_lite_s2023_det,0,control,0.0070061944478554215,-0.1674970803797668
DLinear_ETTh1_h336_san_lite_s2023_det,1,defect,0.013090415590994985,0.05917830358749198
DLinear_ETTh1_h336_san_lite_s2023_det,1,control,-0.019979893407205768,-0.037823161841669235
DLinear_ETTh1_h336_san_lite_s2023_det,2,defect,-0.0035226503354331014,0.0182264415980433
DLinear_ETTh1_h336_san_lite_s2023_det,2,control,0.011709360751023511,0.13412298613404575
DLinear_ETTh1_h336_san_lite_s2023_det,3,defect,-0.013705504887189548,0.07381058749731761
DLinear_ETTh1_h336_san_lite_s2023_det,3,control,0.0011815627993716445,-0.016221270654587002
DLinear_ETTh1_h336_san_lite_s2023_det,4,defect,0.010429962144296727,0.052068341910626335
DLinear_ETTh1_h336_san_lite_s2023_det,4,control,0.029143648624948056,-0.008137937093941556
DLinear_ETTh1_h336_san_lite_s2023_det,5,defect,0.036697996294361594,-0.028696404209021018
DLinear_ETTh1_h336_san_lite_s2023_det,5,control,0.0029378237916498125,-0.05419329247200567
DLinear_ETTh1_h336_san_lite_s2023_det,6,defect,0.010548877267973841,0.10266561776683429
DLinear_ETTh1_h336_san_lite_s2023_det,6,control,-0.004118478803086192,0.0998832120235853
DLinear_ETTh1_h336_san_lite_s2023_det,7,defect,-0.0020104190468497483,-0.2855295587187625
DLinear_ETTh1_h336_san_lite_s2023_det,7,control,0.041803999135628635,0.11545569903499768
DLinear_ETTh1_h336_san_lite_s2023_shuf,0,defect,0.03762528384163269,-0.009329729873068503
DLinear_ETTh1_h336_san_lite_s2023_shuf,0,control,-0.003202945551855669,0.002152874107983629
DLinear_ETTh1_h336_san_lite_s2023_shuf,1,defect,0.013792817418387537,-0.1857233300703768
DLinear_ETTh1_h336_san_lite_s2023_shuf,1,control,-0.024332665583419046,0.08871016202341274
DLinear_ETTh1_h336_san_lite_s2023_shuf,2,defect,-0.030169943657994372,-0.16876988657198944
DLinear_ETTh1_h336_san_lite_s2023_shuf,2,control,-0.00047191614255294526,0.15723259675227008
DLinear_ETTh1_h336_san_lite_s2023_shuf,3,defect,-0.011195931693987457,-0.09494119209178643
DLinear_ETTh1_h336_san_lite_s2023_shuf,3,control,-0.006446308050207776,-0.23175234144541962
DLinear_ETTh1_h336_san_lite_s2023_shuf,4,defect,-0.0004192131198847047,-0.17659469454696858
DLinear_ETTh1_h336_san_lite_s2023_shuf,4,control,-0.010573993585414297,0.005891199162272016
DLinear_ETTh1_h336_san_lite_s2023_shuf,5,defect,-0.003745254934177813,-0.12333795498528921
DLinear_ETTh1_h336_san_lite_s2023_shuf,5,control,-7.260337944198461e-05,0.19268185396264106
DLinear_ETTh1_h336_san_lite_s2023_shuf,6,defect,-0.02293090160342628,0.03947646256302731
DLinear_ETTh1_h336_san_lite_s2023_shuf,6,control,0.01962100632995741,-0.10633923532529109
DLinear_ETTh1_h336_san_lite_s2023_shuf,7,defect,0.043902880195619574,-0.16098695782896122
DLinear_ETTh1_h336_san_lite_s2023_shuf,7,control,0.023770265478208392,0.21245821643184604
DLinear_ETTh1_h720_fredf_s2021_det,0,defect,-0.04084743280523663,0.0726041140062336
DLinear_ETTh1_h720_fredf_s2021_det,0,control,-0.01706783447341511,0.043129324742542184
DLinear_ETTh1_h720_fredf_s2021_det,1,defect,0.004845244106969394,0.026026789753802595
DLinear_ETTh1_h720_fredf_s2021_det,1,control,0.03162716678916737,-0.040636731593932496
DLinear_ETTh1_h720_fredf_s2021_det,2,defect,-0.05816827011550263,0.13692632284424477
DLinear_ETTh1_h720_fredf_s2021_det,2,control,0.027003450139217015,0.18834505105443752
DLinear_ETTh1_h720_fredf_s2021_det,3,defect,0.04075923396321668,-0.18912224619714002
DLinear_ETTh1_h720_fredf_s2021_det,3,control,-0.021249656767344596,0.06634304574816093
DLinear_ETTh1_h720_fredf_s2021_det,4,defect,0.007598110316652071,-0.1714435439522181
DLinear_ETTh1_h720_fredf_s2021_det,4,control,0.006388408137243024,0.011948766719276305
DLinear_ETTh1_h720_fredf_s2021_det,5,defect,0.024778336985999436,0.10133713833382378
DLinear_ETTh1_h720_fredf_s2021_det,5,control,0.007988664249566775,-0.06323985879799486
DLinear_ETTh1_h720_fredf_s2021_det,6,defect,0.0029212220352487156,0.059194318594194446
DLinear_ETTh1_h720_fredf_s2021_det,6,control,-0.04041937834139041,0.15695443867390785
DLinear_ETTh1_h720_fredf_s2021_det,7,defect,0.024233004329404607,-0.10371573790924087
DLinear_ETTh1_h720_fredf_s2021_det,7,control,-0.029176371476356794,0.0027627673015757233
DLinear_ETTh1_h720_none_s2021_det,0,defect,0.010433109196533171,-0.08478983580225696
DLinear_ETTh1_h720_none_s2021_det,0,control,-0.0078099032388944415,-0.20273592078056898
DLinear_ETTh1_h720_none_s2021_det,1,defect,-0.012773373844410435,-0.13042711916711702
DLinear_ETTh1_h720_none_s2021_det,1,control,-0.010695755010143157,0.009465331713709604
DLinear_ETTh1_h720_none_s2021_det,2,defect,0.022732653124670668,-0.04925472542874767
DLinear_ETTh1_h720_none_s2021_det,2,control,0.001015942500169667,0.10674045730894623
DLinear_ETTh1_h720_none_s2021_det,3,defect,0.030409115378923234,-0.12049894102984338
DLinear_ETTh1_h720_none_s2021_det,3,control,0.0038923290646357593,0.02943087188418107
DLinear_ETTh1_h720_none_s2021_det,4,defect,-0.0010152320151128056,0.2814078728016404
DLinear_ETTh1_h720_none_s2021_det,4,control,-0.012674917262878053,-0.12882303845958526
DLinear_ETTh1_h720_none_s2021_det,5,defect,0.02592196881923126,-0.11281132001723607
DLinear_ETTh1_h720_none_s2021_det,5,control,0.0007206518304784354,0.05731212380294778
DLinear_ETTh1_h720_none_s2021_det,6,defect,0.007553100644647498,0.10632914096319843
DLinear_ETTh1_h720_none_s2021_det,6,control,-0.009354398462967662,-0.2295517984866106
DLinear_ETTh1_h720_none_s2021_det,7,defect,-0.017995395015777703,0.05509174449163599
DLinear_ETTh1_h720_none_s2021_det,7,control,-0.009692080416804685,-0.15479132012156416
DLinear_ETTh1_h720_revin_s2021_det,0,defect,-0.029552664585781582,-0.031645537627540674
DLinear_ETTh1_h720_revin_s2021_det,0,control,0.016885421156065797,0.10993284202064418
DLinear_ETTh1_h720_revin_s2021_det,1,defect,0.00988071509122364,-0.09306050454728904
DLinear_ETTh1_h720_revin_s2021_det,1,control,0.05591915269131239,0.07342965384515882
DLinear_ETTh1_h720_revin_s2021_det,2,defect,-0.037024836523341334,0.07489432421837602
DLinear_ETTh1_h720_revin_s2021_det,2,control,-0.02021680948552392,-0.10144136582492791
DLinear_ETTh1_h720_revin_s2021_det,3,defect,-0.025835785495463556,-0.05540418263272525
DLinear_ETTh1_h720_revin_s2021_det,3,control,-0.04491643365281154,-0.1799210344179398
DLinear_ETTh1_h720_revin_s2021_det,4,defect,-0.05118403852310146,0.16409258957213374
DLinear_ETTh1_h720_revin_s2021_det,4,control,0.008651295910667788,0.03484182501126711
DLinear_ETTh1_h720_revin_s2021_det,5,defect,0.021124937216048235,-0.07098382635652462
DLinear_ETTh1_h720_revin_s2021_det,5,control,-0.006375400614394004,0.14063636540614438
DLinear_ETTh1_h720_revin_s2021_det,6,defect,-0.04141892380974041,-0.0867149405043326
DLinear_ETTh1_h720_revin_s2021_det,6,control,-0.020139533682360315,0.06720821348513033
DLinear_ETTh1_h720_revin_s2021_det,7,defect,-0.02081850471374982,-0.06633541532320394
DLinear_ETTh1_h720_revin_s2021_det,7,control,-0.014697680705273984,0.10960507156443217
DLinear_ETTh1_h720_san_lite_s2021_det,0,defect,0.012217799497335686,0.016932823009684576
DLinear_ETTh1_h720_san_lite_s2021_det,0,control,0.02229263812864015,0.19775053145509047
DLinear_ETTh1_h720_san_lite_s2021_det,1,defect,0.0038100786758451586,0.25624568694859073
DLinear_ETTh1_h720_san_lite_s2021_det,1,control,0.007155772427700445,-0.06635689008194878
DLinear_ETTh1_h720_san_lite_s2021_det,2,defect,-0.020933965961118736,0.19193387744830606
DLinear_ETTh1_h720_san_lite_s2021_det,2,control,-0.016346777161302676,0.13407521783700313
DLinear_ETTh1_h720_san_lite_s2021_det,3,defect,-0.008088415162424136,-0.0029678745660663315
DLinear_ETTh1_h720_san_lite_s2021_det,3,control,-0.011587765131024861,-0.08830844277822664
DLinear_ETTh1_h720_san_lite_s2021_det,4,defect,-0.022181669281013856,0.03193065154401672
DLinear_ETTh1_h720_san_lite_s2021_det,4,control,-0.008865008029491871,0.15011966817413852
DLinear_ETTh1_h720_san_lite_s2021_det,5,defect,-0.020247518486761717,-0.0705095141217902
DLinear_ETTh1_h720_san_lite_s2021_det,5,control,0.003739187130895581,0.03816590715137672
DLinear_ETTh1_h720_san_lite_s2021_det,6,defect,-0.03975901845139799,-0.0016613055642453075
DLinear_ETTh1_h720_san_lite_s2021_det,6,control,-0.02318506086912763,0.010911430436684163
DLinear_ETTh1_h720_san_lite_s2021_det,7,defect,0.021630244883924933,-0.22986522251041844
DLinear_ETTh1_h720_san_lite_s2021_det,7,control,-0.002808873835880639,-0.2133351368437286
DLinear_ETTh1_h96_fredf_s2021_det,0,defect,0.005365872419112837,-0.016197055629241924
DLinear_ETTh1_h96_fredf_s2021_det,0,control,-0.020379469625724112,0.1264875617134788
DLinear_ETTh1_h96_fredf_s2021_det,1,defect,-0.025398413341837203,0.13506252333093902
DLinear_ETTh1_h96_fredf_s2021_det,1,control,-0.0028806943420483476,0.11039551040567368
DLinear_ETTh1_h96_fredf_s2021_det,2,defect,-0.01705019279254832,0.007556883426785537
DLinear_ETTh1_h96_fredf_s2021_det,2,control,-0.0020137389550542104,0.07398941476159637
DLinear_ETTh1_h96_fredf_s2021_det,3,defect,0.003673455674157505,-0.055201895720231896
DLinear_ETTh1_h96_fredf_s2021_det,3,control,-0.00897038766365901,0.019538757177158233
DLinear_ETTh1_h96_fredf_s2021_det,4,defect,-0.010616483955093986,-0.06470750720364607
DLinear_ETTh1_h96_fredf_s2021_det,4,control,-0.004772192764194188,-0.020101407407144684
DLinear_ETTh1_h96_fredf_s2021_det,5,defect,-0.01659849323560609,-0.014314579649115096
DLinear_ETTh1_h96_fredf_s2021_det,5,control,0.026214824042829137,0.034086078042235374
DLinear_ETTh1_h96_fredf_s2021_det,6,defect,-0.007121967079962965,-0.00794330872297215
DLinear_ETTh1_h96_fredf_s2021_det,6,control,-0.00020149822260029707,-0.15645231653840022
DLinear_ETTh1_h96_fredf_s2021_det,7,defect,0.002018078737293582,0.043073862879985866
DLinear_ETTh1_h96_fredf_s2021_det,7,control,0.00642369100679348,-0.19035725570113549
DLinear_ETTh1_h96_fredf_s2021_shuf,0,defect,-0.013914298480022144,0.005275215632664857
DLinear_ETTh1_h96_fredf_s2021_shuf,0,control,-0.002421377389888605,-0.021193528728781646
DLinear_ETTh1_h96_fredf_s2021_shuf,1,defect,-0.00955304676178041,0.08290558451286222
DLinear_ETTh1_h96_fredf_s2021_shuf,1,control,0.016790483048760362,0.01835253138147035
DLinear_ETTh1_h96_fredf_s2021_shuf,2,defect,-0.03836244922954233,-0.02652507691740894
DLinear_ETTh1_h96_fredf_s2021_shuf,2,control,0.015038339578293819,-0.018522115452254885
DLinear_ETTh1_h96_fredf_s2021_shuf,3,defect,-0.012332780892396108,-0.08536515432878332
DLinear_ETTh1_h96_fredf_s2021_shuf,3,control,0.023484176619465988,0.036765136411206906
DLinear_ETTh1_h96_fredf_s2021_shuf,4,defect,-0.006848449972061465,-0.0026136197472349113
DLinear_ETTh1_h96_fredf_s2021_shuf,4,control,0.00953942605634636,0.17804476216461995
DLinear_ETTh1_h96_fredf_s2021_shuf,5,defect,0.004696711274562144,0.08782521905271908
DLinear_ETTh1_h96_fredf_s2021_shuf,5,control,0.01708521103778354,-0.09722380273513756
DLinear_ETTh1_h96_fredf_s2021_shuf,6,defect,-0.016508391925649096,-0.06135059867645987
DLinear_ETTh1_h96_fredf_s2021_shuf,6,control,-0.011654406598283136,-0.08101139901745961
DLinear_ETTh1_h96_fredf_s2021_shuf,7,defect,0.0047358909752839365,-0.1072696126299696
DLinear_ETTh1_h96_fredf_s2021_shuf,7,control,0.02713275993105901,0.06243283095591153
DLinear_ETTh1_h96_fredf_s2022_det,0,defect,-0.03305242734056984,-0.22511428611006346
DLinear_ETTh1_h96_fredf_s2022_det,0,control,0.0013444436501031298,-0.008381712083799018
DLinear_ETTh1_h96_fredf_s2022_det,1,defect,-2.954740626980698e-05,0.008584409658751433
DLinear_ETTh1_h96_fredf_s2022_det,1,control,0.0011473163192649296,0.07503523854124232
DLinear_ETTh1_h96_fredf_s2022_det,2,defect,0.04074986526797582,-0.03259198646455665
DLinear_ETTh1_h96_fredf_s2022_det,2,control,0.020438435836436036,-0.006238891260274585
DLinear_ETTh1_h96_fredf_s2022_det,3,defect,0.04494613276473623,-0.046031929502480834
DLinear_ETTh1_h96_fredf_s2022_det,3,control,0.013235981960787943,-0.0004528614561049252
DLinear_ETTh1_h96_fredf_s2022_det,4,defect,-0.010892615100959575,-0.19201009212035902
DLinear_ETTh1_h96_fredf_s2022_det,4,control,0.011838652075502335,0.13139013320976975
DLinear_ETTh1_h96_fredf_s2022_det,5,defect,0.010841605160517947,0.03695854180295066
DLinear_ETTh1_h96_fredf_s2022_det,5,control,-0.016179805635555527,-0.06229263319752173
DLinear_ETTh1_h96_fredf_s2022_det,6,defect,0.00536620295882795,-0.002511722043158351
DLinear_ETTh1_h96_fredf_s2022_det,6,control,-0.019870769042837636,0.07660336336722393
DLinear_ETTh1_h96_fredf_s2022_det,7,defect,0.023206942752629064,0.12855463715572618
DLinear_ETTh1_h96_fredf_s2022_det,7,control,-0.03018425903626106,-0.011469931505946022
DLinear_ETTh1_h96_fredf_s2022_shuf,0,defect,0.028328944072095227,0.019810652884525073
DLinear_ETTh1_h96_fredf_s2022_shuf,0,control,-0.006769276999389675,-0.06486738802357099
DLinear_ETTh1_h96_fredf_s2022_shuf,1,defect,-0.011289025763996107,-0.07029213889340429
DLinear_ETTh1_h96_fredf_s2022_shuf,1,control,0.03360841527107373,0.21792592293842147
DLinear_ETTh1_h96_fredf_s2022_shuf,2,defect,-0.011039473841512574,0.04787219637542926
DLinear_ETTh1_h96_fredf_s2022_shuf,2,control,-0.024368463355772058,-0.05000822576795332
DLinear_ETTh1_h96_fredf_s2022_shuf,3,defect,-0.010067632050818428,-0.06358925729846653
DLinear_ETTh1_h96_fredf_s2022_shuf,3,control,0.011040596007427005,0.11564331593742978
DLinear_ETTh1_h96_fredf_s2022_shuf,4,defect,-0.019728390073226992,-0.08674166955658193
DLinear_ETTh1_h96_fredf_s2022_shuf,4,control,0.023498820881387775,0.032356463317632964
DLinear_ETTh1_h96_fredf_s2022_shuf,5,defect,-0.004413497429395653,0.055954047517620585
DLinear_ETTh1_h96_fredf_s2022_shuf,5,control,-0.004370112384138591,0.0851490681424875
DLinear_ETTh1_h96_fredf_s2022_shuf,6,defect,-0.037599909431211206,-0.008929725679947889
DLinear_ETTh1_h96_fredf_s2022_shuf,6,control,-0.007001627562776962,0.039058976603627775
DLinear_ETTh1_h96_fredf_s2022_shuf,7,defect,0.005595910320766571,0.15595281239932268
DLinear_ETTh1_h96_fredf_s2022_shuf,7,control,-0.012507742389281888,0.07694097883484913
DLinear_ETTh1_h96_fredf_s2023_det,0,defect,-0.00029478520833332405,-0.09360356395036219
DLinear_ETTh1_h96_fredf_s2023_det,0,control,-0.020891865025972695,-0.036296078489835036
DLinear_ETTh1_h96_fredf_s2023_det,1,defect,-0.01838532524301336,-0.06962677660051893
DLinear_ETTh1_h96_fredf_s2023_det,1,control,0.003439107433231461,0.13732850174609504
DLinear_ETTh1_h96_fredf_s2023_det,2,defect,-0.012048405993317047,0.08465368533934924
DLinear_ETTh1_h96_fredf_s2023_det,2,control,-0.021927224185062003,-0.030020789992089687
DLinear_ETTh1_h96_fredf_s2023_det,3,defect,-0.028154599486985742,-0.17230587090674734
DLinear_ETTh1_h96_fredf_s2023_det,3,control,0.013074342291891219,-0.06606841603827275
DLinear_ETTh1_h96_fredf_s2023_det,4,defect,0.05208727415411022,-0.02388787099087089
DLinear_ETTh1_h96_fredf_s2023_det,4,control,-0.0024404269892412955,-0.03388015305755465
DLinear_ETTh1_h96_fredf_s2023_det,5,defect,0.024002663377468748,0.18825873881244598
DLinear_ETTh1_h96_fredf_s2023_det,5,control,0.0004020187164830707,-0.037290966634825604
DLinear_ETTh1_h96_fredf_s2023_det,6,defect,0.0037053051871308324,-0.09572385041856211
DLinear_ETTh1_h96_fredf_s2023_det,6,control,0.014215476698969193,0.026262856573184133
DLinear_ETTh1_h96_fredf_s2023_det,7,defect,0.035109126079851366,-0.07939234461552173
DLinear_ETTh1_h96_fredf_s2023_det,7,control,0.0140174977442243,-0.11351527611730285
DLinear_ETTh1_h96_fredf_s2023_shuf,0,defect,-0.024402893850348575,-0.08805979486160985
DLinear_ETTh1_h96_fredf_s2023_shuf,0,control,0.004740469356004314,-0.06272018172475133
DLinear_ETTh1_h96_fredf_s2023_shuf,1,defect,-0.0032668810751673837,-0.14216628149721272
DLinear_ETTh1_h96_fredf_s2023_shuf,1,control,0.007592570132814224,0.0742522480471529
DLinear_ETTh1_h96_fredf_s2023_shuf,2,defect,-0.007731863143400493,-0.03809154349751702
DLinear_ETTh1_h96_fredf_s2023_shuf,2,control,-0.020040434971063007,0.05804910997243315
DLinear_ETTh1_h96_fredf_s2023_shuf,3,defect,0.009443311711159025,-0.061577633663266074
DLinear_ETTh1_h96_fredf_s2023_shuf,3,control,-0.01839675244739942,-0.07132626242406893
DLinear_ETTh1_h96_fredf_s2023_shuf,4,defect,-0.03371128566482153,0.14803722601743793
DLinear_ETTh1_h96_fredf_s2023_shuf,4,control,0.03137647448712462,0.04260466981136429
DLinear_ETTh1_h96_fredf_s2023_shuf,5,defect,-0.01990091863834921,0.0667617610268651
DLinear_ETTh1_h96_fredf_s2023_shuf,5,control,0.01035833524175609,-0.07081260470641461
DLinear_ETTh1_h96_fredf_s2023_shuf,6,defect,0.006817199039212654,-0.035940277461785526
DLinear_ETTh1_h96_fredf_s2023_shuf,6,control,-0.03540484068599402,0.1143781338884787
DLinear_ETTh1_h96_fredf_s2023_shuf,7,defect,-0.0013774692149891678,0.12734351406716746
DLinear_ETTh1_h96_fredf_s2023_shuf,7,control,-0.01852889248357271,0.05193151783514148
DLinear_ETTh1_h96_none_s2021_det,0,defect,0.01051226640672119,0.03543269459127168
DLinear_ETTh1_h96_none_s2021_det,0,control,-0.01633252824780481,-0.12540176179028745
DLinear_ETTh1_h96_none_s2021_det,1,defect,0.00440338349244609,0.15561527753212345
DLinear_ETTh1_h96_none_s2021_det,1,control,0.017538584952781704,0.022472637014093844
DLinear_ETTh1_h96_none_s2021_det,2,defect,0.00925327291355025,0.050805542025134806
DLinear_ETTh1_h96_none_s2021_det,2,control,0.014105694985349401,0.11097610541483607
DLinear_ETTh1_h96_none_s2021_det,3,defect,-0.017945996731986203,-0.028780580854479126
DLinear_ETTh1_h96_none_s2021_det,3,control,-0.01741887373740224,-0.27256943972077136
DLinear_ETTh1_h96_none_s2021_det,4,defect,0.008134817368497376,0.13561458055743092
DLinear_ETTh1_h96_none_s2021_det,4,control,-0.013490757508212143,0.021307005356969756
DLinear_ETTh1_h96_none_s2021_det,5,defect,0.04343125682715743,0.03529285354707424
DLinear_ETTh1_h96_none_s2021_det,5,control,0.00010862066076773302,0.1011537079556509
DLinear_ETTh1_h96_none_s2021_det,6,defect,0.019881757377596475,-0.0926705859591436
DLinear_ETTh1_h96_none_s2021_det,6,control,-0.04271369561056247,-0.14456455381272657
DLinear_ETTh1_h96_none_s2021_det,7,defect,0.003658289768482284,0.019635862935220908
DLinear_ETTh1_h96_none_s2021_det,7,control,-0.004603818990593761,-0.0074265149963223896
DLinear_ETTh1_h96_none_s2021_shuf,0,defect,0.0013844971958663298,0.15377274825462312
DLinear_ETTh1_h96_none_s2021_shuf,0,control,-0.009521421959749417,-0.06420970740628687
DLinear_ETTh1_h96_none_s2021_shuf,1,defect,0.0025281575874659666,-0.10068975892621283
DLinear_ETTh1_h96_none_s2021_shuf,1,control,0.027595441714779543,-0.03241490795575523
DLinear_ETTh1_h96_none_s2021_shuf,2,defect,-0.00712648629863285,-0.04819802107532666
DLinear_ETTh1_h96_none_s2021_shuf,2,control,-0.025268428201045547,-0.08728120412117762
DLinear_ETTh1_h96_none_s2021_shuf,3,defect,0.02165470369587548,-0.11175149821004023
DLinear_ETTh1_h96_none_s2021_shuf,3,control,0.0017889521790480146,-0.029733327287618107
DLinear_ETTh1_h96_none_s2021_shuf,4,defect,-0.039315631956639216,0.048675216968181195
DLinear_ETTh1_h96_none_s2021_shuf,4,control,-0.0241322177134051,-0.02912493029764536
DLinear_ETTh1_h96_none_s2021_shuf,5,defect,-0.0133282845514841,-0.10060024805322225
DLinear_ETTh1_h96_none_s2021_shuf,5,control,0.004703357607731505,-0.031175744223935747
DLinear_ETTh1_h96_none_s2021_shuf,6,defect,0.010436471044746865,0.047645915146914394
DLinear_ETTh1_h96_none_s2021_shuf,6,control,-0.0172516843512124,-0.03284988415722151
DLinear_ETTh1_h96_none_s2021_shuf,7,defect,0.0035650641690530647,-0.22244598137032556
DLinear_ETTh1_h96_none_s2021_shuf,7,control,-0.004568372714288077,-0.02604829105802121
DLinear_ETTh1_h96_none_s2022_det,0,defect,0.003579453724796911,-0.06523843337979614
DLinear_ETTh1_h96_none_s2022_det,0,control,0.0002207161472070907,-0.042266402702887666
DLinear_ETTh1_h96_none_s2022_det,1,defect,0.0022727292931435696,0.01682629306378157
DLinear_ETTh1_h96_none_s2022_det,1,control,0.016847118540258457,0.06198689995998132
DLinear_ETTh1_h96_none_s2022_det,2,defect,0.0048351540500527704,0.1612183738146836
DLinear_ETTh1_h96_none_s2022_det,2,control,-0.0014680646693144908,-0.00020461501343614128
DLinear_ETTh1_h96_none_s2022_det,3,defect,-0.0007730039902626946,-0.07172322389681812
DLinear_ETTh1_h96_none_s2022_det,3,control,0.0047709094959150315,-0.018813656682238833
DLinear_ETTh1_h96_none_s2022_det,4,defect,8.915413756699082e-05,0.10298410239102215
DLinear_ETTh1_h96_none_s2022_det,4,control,-0.004163886899320126,-0.0744008516966158
DLinear_ETTh1_h96_none_s2022_det,5,defect,0.012019758821326778,0.01879734040130249
DLinear_ETTh1_h96_none_s2022_det,5,control,0.017951330077975107,-0.0654201339544306
DLinear_ETTh1_h96_none_s2022_det,6,defect,0.003757666171406008,-0.18255908742369636
DLinear_ETTh1_h96_none_s2022_det,6,control,0.02638510272451011,-0.02107011509943082
DLinear_ETTh1_h96_none_s2022_det,7,defect,-0.01335128228640095,0.022053341823174137
DLinear_ETTh1_h96_none_s2022_det,7,control,-0.025754522421096424,0.06503484629840031
DLinear_ETTh1_h96_none_s2022_shuf,0,defect,0.000989249806087508,0.010586010144777556
DLinear_ETTh1_h96_none_s2022_shuf,0,control,0.0155160742156538,0.08200470824659252
DLinear_ETTh1_h96_none_s2022_shuf,1,defect,0.021383660348776277,0.08782263198467803
DLinear_ETTh1_h96_none_s2022_shuf,1,control,0.004138542892669963,-0.009598804286173494
DLinear_ETTh1_h96_none_s2022_shuf,2,defect,0.03586190886243975,-0.11179823592894593
DLinear_ETTh1_h96_none_s2022_shuf,2,control,0.01891914790142308,-0.018153259669932156
DLinear_ETTh1_h96_none_s2022_shuf,3,defect,-0.0017064093761695247,0.06770767333172119
DLinear_ETTh1_h96_none_s2022_shuf,3,control,0.012670977531838514,0.006493537856471379
DLinear_ETTh1_h96_none_s2022_shuf,4,defect,0.0003890138134846478,-0.0012534535045192932
DLinear_ETTh1_h96_none_s2022_shuf,4,control,-0.004291942417644911,-0.11121487314459508
DLinear_ETTh1_h96_none_s2022_shuf,5,defect,-0.0015724210994035011,-0.08410646376770733
DLinear_ETTh1_h96_none_s2022_shuf,5,control,-0.024583285354259334,0.010120339285736229
DLinear_ETTh1_h96_none_s2022_shuf,6,defect,0.029971097228054647,0.1187199388853319
DLinear_ETTh1_h96_none_s2022_shuf,6,control,-0.003142803967747574,0.04469645000618415
DLinear_ETTh1_h96_none_s2022_shuf,7,defect,-0.011744072930740496,-0.03665853970899985
DLinear_ETTh1_h96_none_s2022_shuf,7,control,0.023999869073236278,0.05194473244647015
DLinear_ETTh1_h96_none_s2023_det,0,defect,-0.022227434121194538,0.0511837720451121
DLinear_ETTh1_h96_none_s2023_det,0,control,0.0080427342112478,0.04642343348147612
DLinear_ETTh1_h96_none_s2023_det,1,defect,0.013374298351873808,0.08052179732606636
DLinear_ETTh1_h96_none_s2023_det,1,control,-0.0029646829054666545,0.010057940994754745
DLinear_ETTh1_h96_none_s2023_det,2,defect,0.0011089704654375344,-0.026797293163043325
DLinear_ETTh1_h96_none_s2023_det,2,control,0.03759617906283724,-0.009844385294365585
DLinear_ETTh1_h96_none_s2023_det,3,defect,-0.01527431301336035,0.06306920181421091
DLinear_ETTh1_h96_none_s2023_det,3,control,0.042197330409509674,-0.0338778869562803
DLinear_ETTh1_h96_none_s2023_det,4,defect,0.013393663491285259,-0.1444781455521781
DLinear_ETTh1_h96_none_s2023_det,4,control,-0.015914028691626985,-0.0187392062436193
DLinear_ETTh1_h96_none_s2023_det,5,defect,-0.019663221676565652,-0.07594485044460034
DLinear_ETTh1_h96_none_s2023_det,5,control,0.039476951912057384,-0.1565655870103638
DLinear_ETTh1_h96_none_s2023_det,6,defect,0.03189093867245505,-0.17098856356481357
DLinear_ETTh1_h96_none_s2023_det,6,control,0.008118302641614117,-0.022512643908382767
DLinear_ETTh1_h96_none_s2023_det,7,defect,-0.015021837348694816,-0.15026474598312728
DLinear_ETTh1_h96_none_s2023_det,7,control,-0.017597402557000583,-0.05393267200496212
DLinear_ETTh1_h96_none_s2023_shuf,0,defect,0.002258914985999147,-0.1163640489863715
DLinear_ETTh1_h96_none_s2023_shuf,0,control,0.008884046440514163,-0.1979347055636622
DLinear_ETTh1_h96_none_s2023_shuf,1,defect,0.0031093139815339932,-0.09207973044944531
DLinear_ETTh1_h96_none_s2023_shuf,1,control,-0.052466360687945926,-0.028297023085950734
DLinear_ETTh1_h96_none_s2023_shuf,2,defect,-0.012685659017376415,-0.06580609414606987
DLinear_ETTh1_h96_none_s2023_shuf,2,control,-0.02330402843341772,0.05324246485018972
DLinear_ETTh1_h96_none_s2023_shuf,3,defect,0.017394462740069623,0.004800355276620168
DLinear_ETTh1_h96_none_s2023_shuf,3,control,-0.005182838825554042,-0.20233859246228691
DLinear_ETTh1_h96_none_s2023_shuf,4,defect,-0.011395177104224413,0.05128283042387266
DLinear_ETTh1_h96_none_s2023_shuf,4,control,-0.007081286343454144,0.08563182151035953
DLinear_ETTh1_h96_none_s2023_shuf,5,defect,0.014324294016535793,0.027093915256294822
DLinear_ETTh1_h96_none_s2023_shuf,5,control,-0.026435142987714082,0.06268223996294915
DLinear_ETTh1_h96_none_s2023_shuf,6,defect,0.011901543918085178,0.22046062229677468
DLinear_ETTh1_h96_none_s2023_shuf,6,control,-0.02084111201709034,-0.06675717574688789
DLinear_ETTh1_h96_none_s2023_shuf,7,defect,0.013307326712361855,-0.06594116334666324
DLinear_ETTh1_h96_none_s2023_shuf,7,control,-0.010420866548518521,0.06386134628630878
DLinear_ETTh1_h96_revin_s2021_det,0,defect,0.0034530389564008095,-0.21407699100695535
DLinear_ETTh1_h96_revin_s2021_det,0,control,0.004331237668118786,-0.03521229703951223
DLinear_ETTh1_h96_revin_s2021_det,1,defect,-0.007667401933476315,-0.004741692677346733
DLinear_ETTh1_h96_revin_s2021_det,1,control,-0.005178247389275445,0.12019899360830923
DLinear_ETTh1_h96_revin_s2021_det,2,defect,0.004984870981362757,-0.051298166007823956
DLinear_ETTh1_h96_revin_s2021_det,2,control,-0.005160418283900333,0.07743850880076365
DLinear_ETTh1_h96_revin_s2021_det,3,defect,-0.0024968719347371413,-0.0850444709309028
DLinear_ETTh1_h96_revin_s2021_det,3,control,-0.0322663715007367,-0.07704115468519343
DLinear_ETTh1_h96_revin_s2021_det,4,defect,-0.021962537413122693,0.1528332107050634
DLinear_ETTh1_h96_revin_s2021_det,4,control,0.009020427930527396,-0.09578416815930464
DLinear_ETTh1_h96_revin_s2021_det,5,defect,0.02135992209546463,0.010370811152991695
DLinear_ETTh1_h96_revin_s2021_det,5,control,0.0006583630759149908,0.07142833432736846
DLinear_ETTh1_h96_revin_s2021_det,6,defect,0.0038406783944041206,-0.01230609847739305
DLinear_ETTh1_h96_revin_s2021_det,6,control,-0.0042371951647404,0.0806950018543653
DLinear_ETTh1_h96_revin_s2021_det,7,defect,-0.01839656745668184,-0.01437244456786233
DLinear_ETTh1_h96_revin_s2021_det,7,control,0.025554721609746783,0.004360870663802977
DLinear_ETTh1_h96_revin_s2021_shuf,0,defect,0.00048603616734075873,0.07456305102847154
DLinear_ETTh1_h96_revin_s2021_shuf,0,control,-0.01053046882669754,0.07833305794321108
DLinear_ETTh1_h96_revin_s2021_shuf,1,defect,-0.0016424653625158095,0.1107265894750335
DLinear_ETTh1_h96_revin_s2021_shuf,1,control,0.0005826863176509943,0.04721650455999374
DLinear_ETTh1_h96_revin_s2021_shuf,2,defect,-0.02059368665456742,0.10435533216211967
DLinear_ETTh1_h96_revin_s2021_shuf,2,control,-0.00828548203070166,0.05754551813513094
DLinear_ETTh1_h96_revin_s2021_shuf,3,defect,-0.015329391916290066,-0.048935100874863656
DLinear_ETTh1_h96_revin_s2021_shuf,3,control,-0.038764006019431294,-0.0939021019701611
DLinear_ETTh1_h96_revin_s2021_shuf,4,defect,0.01566909764838911,0.0397259221987703
DLinear_ETTh1_h96_revin_s2021_shuf,4,control,0.001525155137771087,-0.09373210382743659
DLinear_ETTh1_h96_revin_s2021_shuf,5,defect,-0.008203565030003605,-0.13758629811434256
DLinear_ETTh1_h96_revin_s2021_shuf,5,control,-0.01945789197955356,-0.025564355723448826
DLinear_ETTh1_h96_revin_s2021_shuf,6,defect,0.0038253258314282805,0.15332711578228764
DLinear_ETTh1_h96_revin_s2021_shuf,6,control,0.04322696207821394,0.002192509737407367
DLinear_ETTh1_h96_revin_s2021_shuf,7,defect,0.02385502856323343,0.1663735328314024
DLinear_ETTh1_h96_revin_s2021_shuf,7,control,-0.013573375584842876,-0.01644527153974977
DLinear_ETTh1_h96_revin_s2022_det,0,defect,-0.0036439110455302043,-0.10387161790556365
DLinear_ETTh1_h96_revin_s2022_det,0,control,-0.02522060893033412,0.04025730231565219
DLinear_ETTh1_h96_revin_s2022_det,1,defect,-0.025770907984217144,0.19942635569616238
DLinear_ETTh1_h96_revin_s2022_det,1,control,0.012313122710420442,0.08012870736618924
DLinear_ETTh1_h96_revin_s2022_det,2,defect,-0.028527724653282953,-0.2413928318026104
DLinear_ETTh1_h96_revin_s2022_det,2,control,0.020448691707869414,-0.09135828599752767
DLinear_ETTh1_h96_revin_s2022_det,3,defect,-0.013412299778380009,0.08978135296311601
DLinear_ETTh1_h96_revin_s2022_det,3,control,-0.023649448323237468,0.02792823577860218
DLinear_ETTh1_h96_revin_s2022_det,4,defect,0.0020719160358575782,0.03387994813841838
DLinear_ETTh1_h96_revin_s2022_det,4,control,0.001339877212383432,-0.029775155040412445
DLinear_ETTh1_h96_revin_s2022_det,5,defect,0.012834622098295603,0.010700662924952796
DLinear_ETTh1_h96_revin_s2022_det,5,control,0.0353582385799397,-0.04915303009583934
DLinear_ETTh1_h96_revin_s2022_det,6,defect,-0.022411782648772867,-0.04140249492151062
DLinear_ETTh1_h96_revin_s2022_det,6,control,-0.006909833835448878,0.11946148640581675
DLinear_ETTh1_h96_revin_s2022_det,7,defect,-0.0038969989016995545,-0.020874844905713237
DLinear_ETTh1_h96_revin_s2022_det,7,control,0.027519216369098636,0.14957884696117746
DLinear_ETTh1_h96_revin_s2022_shuf,0,defect,-0.009271234790040979,-0.06168617029946231
DLinear_ETTh1_h96_revin_s2022_shuf,0,control,-0.03312987761636316,0.00798666959211064
DLinear_ETTh1_h96_revin_s2022_shuf,1,defect,0.019123553755902647,0.0010318929699234115
DLinear_ETTh1_h96_revin_s2022_shuf,1,control,-0.004745165231486829,0.12753055443210035
DLinear_ETTh1_h96_revin_s2022_shuf,2,defect,-0.023017691134520405,-0.10600468272069115
DLinear_ETTh1_h96_revin_s2022_shuf,2,control,-0.004335624114683312,-0.08345594662667757
DLinear_ETTh1_h96_revin_s2022_shuf,3,defect,-0.0027786305744925063,0.16711351818790368
DLinear_ETTh1_h96_revin_s2022_shuf,3,control,0.004458519614726888,-0.03845865018228249
DLinear_ETTh1_h96_revin_s2022_shuf,4,defect,-0.001811610208536647,0.09297281863476922
DLinear_ETTh1_h96_revin_s2022_shuf,4,control,0.013116419624988595,0.001888410258457333
DLinear_ETTh1_h96_revin_s2022_shuf,5,defect,-0.012588853874843348,-0.025798324549236223
DLinear_ETTh1_h96_revin_s2022_shuf,5,control,0.043326365979235976,-0.160051173110899
DLinear_ETTh1_h96_revin_s2022_shuf,6,defect,0.0052323063433839245,0.010415329392903067
DLinear_ETTh1_h96_revin_s2022_shuf,6,control,-0.025811645940077052,-0.07069665058158738
DLinear_ETTh1_h96_revin_s2022_shuf,7,defect,0.0003620190569104332,0.065747825293099
DLinear_ETTh1_h96_revin_s2022_shuf,7,control,0.00367816488230435,-0.04955605649536112
DLinear_ETTh1_h96_revin_s2023_det,0,defect,0.0037771779706523775,-0.11223071432830978
DLinear_ETTh1_h96_revin_s2023_det,0,control,-0.030131704733052427,0.020678669541546145
DLinear_ETTh1_h96_revin_s2023_det,1,defect,0.004414008793851524,0.03738623386798333
DLinear_ETTh1_h96_revin_s2023_det,1,control,0.024442739635543054,-0.13200513163595046
DLinear_ETTh1_h96_revin_s2023_det,2,defect,0.0014754240224666682,-0.038888072877353165
DLinear_ETTh1_h96_revin_s2023_det,2,control,0.014912492283973974,-0.07233498076013462
DLinear_ETTh1_h96_revin_s2023_det,3,defect,0.011445839565274101,0.06459526065431485
DLinear_ETTh1_h96_revin_s2023_det,3,control,0.018782086728509846,-0.019424411127372736
DLinear_ETTh1_h96_revin_s2023_det,4,defect,-0.03514406183661497,-0.052143381106552006
DLinear_ETTh1_h96_revin_s2023_det,4,control,-0.017352919829420815,0.027728215723087472
DLinear_ETTh1_h96_revin_s2023_det,5,defect,0.0034911553781065705,-0.00949685500685663
DLinear_ETTh1_h96_revin_s2023_det,5,control,0.0001600114154716446,-0.05335720210269281
DLinear_ETTh1_h96_revin_s2023_det,6,defect,0.005352083945807809,-0.033825487270866504
DLinear_ETTh1_h96_revin_s2023_det,6,control,-0.008950465610234064,-0.003654903891735388
DLinear_ETTh1_h96_revin_s2023_det,7,defect,0.006935968637100379,-0.014508080776968734
DLinear_ETTh1_h96_revin_s2023_det,7,control,0.009520252575304181,0.08589897572796111
DLinear_ETTh1_h96_revin_s2023_shuf,0,defect,-0.025956734215425367,0.09013407049872033
DLinear_ETTh1_h96_revin_s2023_shuf,0,control,0.021042006381102034,0.005158950613443481
DLinear_ETTh1_h96_revin_s2023_shuf,1,defect,-0.001118281664888904,0.030416791355434767
DLinear_ETTh1_h96_revin_s2023_shuf,1,control,-8.528294291366445e-05,0.10723064997540611
DLinear_ETTh1_h96_revin_s2023_shuf,2,defect,0.002618503053780101,0.1420415117444837
DLinear_ETTh1_h96_revin_s2023_shuf,2,control,0.016956789146002405,0.07574941115665942
DLinear_ETTh1_h96_revin_s2023_shuf,3,defect,0.023892271694455864,0.03428712249602419
DLinear_ETTh1_h96_revin_s2023_shuf,3,control,-0.0029486037122848367,-0.10050450258163801
DLinear_ETTh1_h96_revin_s2023_shuf,4,defect,0.020327872770295213,-0.03473848859957422
DLinear_ETTh1_h96_revin_s2023_shuf,4,control,0.007308337728297988,0.007813906660126716
DLinear_ETTh1_h96_revin_s2023_shuf,5,defect,-0.028120800071854173,0.03955810682153114
DLinear_ETTh1_h96_revin_s2023_shuf,5,control,0.02950540503989822,0.07144091390464236
DLinear_ETTh1_h96_revin_s2023_shuf,6,defect,-0.009532806664945567,0.10187164351723971
DLinear_ETTh1_h96_revin_s2023_shuf,6,control,0.00015208792412149628,-0.0074706162895401525
DLinear_ETTh1_h96_revin_s2023_shuf,7,defect,0.006522126623068557,-0.04002344924609924
DLinear_ETTh1_h96_revin_s2023_shuf,7,control,-0.003080813744945865,0.05955226736405278
DLinear_ETTh1_h96_san_lite_s2021_det,0,defect,0.009088709504309761,-0.09343927660366835
DLinear_ETTh1_h96_san_lite_s2021_det,0,control,-0.02659612213236056,-0.04855315543532521
DLinear_ETTh1_h96_san_lite_s2021_det,1,defect,-0.00577059822198255,-0.047464371490260115
DLinear_ETTh1_h96_san_lite_s2021_det,1,control,0.004737872264098393,0.03277726941222943
DLinear_ETTh1_h96_san_lite_s2021_det,2,defect,-0.014105593879311566,-0.03859892492371316
DLinear_ETTh1_h96_san_lite_s2021_det,2,control,-0.03578170344252504,-0.0028096118160409523
DLinear_ETTh1_h96_san_lite_s2021_det,3,defect,-0.01220914015025646,-0.03454394756444225
DLinear_ETTh1_h96_san_lite_s2021_det,3,control,0.04592960202130302,-0.03940398166542974
DLinear_ETTh1_h96_san_lite_s2021_det,4,defect,-0.033695988654613734,0.032958185495738236
DLinear_ETTh1_h96_san_lite_s2021_det,4,control,0.0030761078699651024,-0.04489034482980507
DLinear_ETTh1_h96_san_lite_s2021_det,5,defect,-0.008680342773022633,0.05977834187015737
DLinear_ETTh1_h96_san_lite_s2021_det,5,control,0.024375523557062406,-0.0785136408782388
DLinear_ETTh1_h96_san_lite_s2021_det,6,defect,0.016227387412427168,0.04202284209684688
DLinear_ETTh1_h96_san_lite_s2021_det,6,control,0.004726675603699707,0.037815001097538
DLinear_ETTh1_h96_san_lite_s2021_det,7,defect,-0.04580816811458661,0.061629314852334936
DLinear_ETTh1_h96_san_lite_s2021_det,7,control,-0.02291636677430719,0.08708373436657009
DLinear_ETTh1_h96_san_lite_s2021_shuf,0,defect,-0.046752278519002315,0.04050720930324847
DLinear_ETTh1_h96_san_lite_s2021_shuf,0,control,-0.019041576758215106,-0.07212625019095052
DLinear_ETTh1_h96_san_lite_s2021_shuf,1,defect,0.00828470040325532,0.18172698283229427
DLinear_ETTh1_h96_san_lite_s2021_shuf,1,control,0.00947525177514426,-0.019898931116430343
DLinear_ETTh1_h96_san_lite_s2021_shuf,2,defect,-0.001359454563368798,-0.0029173280881720277
DLinear_ETTh1_h96_san_lite_s2021_shuf,2,control,0.0021280032215272395,0.09832487789191263
DLinear_ETTh1_h96_san_lite_s2021_shuf,3,defect,0.03631481502550383,0.020064213084823434
DLinear_ETTh1_h96_san_lite_s2021_shuf,3,control,0.004894254417189466,-0.08175876269377287
DLinear_ETTh1_h96_san_lite_s2021_shuf,4,defect,0.024244180703110497,-0.034525812596117866
DLinear_ETTh1_h96_san_lite_s2021_shuf,4,control,-0.03218209128528617,0.11299216862953172
DLinear_ETTh1_h96_san_lite_s2021_shuf,5,defect,0.029687778666572684,-0.03550092753777846
DLinear_ETTh1_h96_san_lite_s2021_shuf,5,control,-0.0030226194427844045,0.007461155266471562
DLinear_ETTh1_h96_san_lite_s2021_shuf,6,defect,0.01970655839091452,-0.02163078607483029
DLinear_ETTh1_h96_san_lite_s2021_shuf,6,control,0.0028664811663450308,0.14813989232777133
DLinear_ETTh1_h96_san_lite_s2021_shuf,7,defect,0.0009253813441983289,-0.11680978566723116
DLinear_ETTh1_h96_san_lite_s2021_shuf,7,control,0.0011767870625513945,-0.0029616189501294934
DLinear_ETTh1_h96_san_lite_s2022_det,0,defect,0.0029118383348675525,-0.1112866675511871
DLinear_ETTh1_h96_san_lite_s2022_det,0,control,0.01782744323629272,0.034540426422653314
DLinear_ETTh1_h96_san_lite_s2022_det,1,defect,-0.013175056682711345,-0.0749388477308216
DLinear_ETTh1_h96_san_lite_s2022_det,1,control,0.028220012315826465,0.11052129986418446
DLinear_ETTh1_h96_san_lite_s2022_det,2,defect,-0.021107328103403166,-0.0034138690409515754
DLinear_ETTh1_h96_san_lite_s2022_det,2,control,-0.02315513923768003,0.04369588943124893
DLinear_ETTh1_h96_san_lite_s2022_det,3,defect,-0.010674650480871427,0.13753244196879633
DLinear_ETTh1_h96_san_lite_s2022_det,3,control,-0.007015822961594505,0.12506649232452266
DLinear_ETTh1_h96_san_lite_s2022_det,4,defect,0.023435447950189522,0.10326072092231191
DLinear_ETTh1_h96_san_lite_s2022_det,4,control,0.003692501940680399,0.01484007172280789
DLinear_ETTh1_h96_san_lite_s2022_det,5,defect,-0.014681296658492111,0.042301250340273204
DLinear_ETTh1_h96_san_lite_s2022_det,5,control,0.01569234370417591,0.057933885256586416
DLinear_ETTh1_h96_san_lite_s2022_det,6,defect,0.004721634189999976,-0.11960777190553343
DLinear_ETTh1_h96_san_lite_s2022_det,6,control,-0.021800678868158126,-0.045325274900961575
DLinear_ETTh1_h96_san_lite_s2022_det,7,defect,-0.011398232506466675,-0.04194227524494741
DLinear_ETTh1_h96_san_lite_s2022_det,7,control,0.0016632026552978742,-0.01738328159327605
DLinear_ETTh1_h96_san_lite_s2022_shuf,0,defect,0.008023120750963206,-0.05877229476811891
DLinear_ETTh1_h96_san_lite_s2022_shuf,0,control,0.013308215001122831,-0.0527256517356084
DLinear_ETTh1_h96_san_lite_s2022_shuf,1,defect,-0.006889569296722844,0.08023309990838849
DLinear_ETTh1_h96_san_lite_s2022_shuf,1,control,0.00583742653535296,0.1519045090915157
DLinear_ETTh1_h96_san_lite_s2022_shuf,2,defect,-0.007341108306165436,-0.0476876642895454
DLinear_ETTh1_h96_san_lite_s2022_shuf,2,control,0.0018443618984629617,0.10944911883119846
DLinear_ETTh1_h96_san_lite_s2022_shuf,3,defect,-0.00579651858802285,0.030836579911775998
DLinear_ETTh1_h96_san_lite_s2022_shuf,3,control,0.04501328355568292,0.04645507819211361
DLinear_ETTh1_h96_san_lite_s2022_shuf,4,defect,-0.02229950994903411,-0.04744091147950208
DLinear_ETTh1_h96_san_lite_s2022_shuf,4,control,0.006250624135348942,-0.11950720827961228
DLinear_ETTh1_h96_san_lite_s2022_shuf,5,defect,-0.03143452824078294,0.06102334195330137
DLinear_ETTh1_h96_san_lite_s2022_shuf,5,control,-0.013719299373822531,0.1486547678742954
DLinear_ETTh1_h96_san_lite_s2022_shuf,6,defect,0.005210899639746964,-0.1269031677787895
DLinear_ETTh1_h96_san_lite_s2022_shuf,6,control,0.02428993507392451,0.09133038806988082
DLinear_ETTh1_h96_san_lite_s2022_shuf,7,defect,0.009876054441534911,-0.06722799551881312
DLinear_ETTh1_h96_san_lite_s2022_shuf,7,control,-0.02354007381140742,-0.03861011337999001
DLinear_ETTh1_h96_san_lite_s2023_det,0,defect,0.02803907084340622,0.051336531733481135
DLinear_ETTh1_h96_san_lite_s2023_det,0,control,-0.015117223120103943,-0.031982459597784625
DLinear_ETTh1_h96_san_lite_s2023_det,1,defect,0.007938353894367138,0.0206317404754635
DLinear_ETTh1_h96_san_lite_s2023_det,1,control,0.027140326218067255,-0.08284572980988465
DLinear_ETTh1_h96_san_lite_s2023_det,2,defect,-0.0008890812213368663,-0.0016740079752744004
DLinear_ETTh1_h96_san_lite_s2023_det,2,control,-0.0234185610230128,-0.03362740050672602
DLinear_ETTh1_h96_san_lite_s2023_det,3,defect,-0.02343014266409562,-0.10671770227283443
DLinear_ETTh1_h96_san_lite_s2023_det,3,control,-0.01430211902010313,-0.08231432129316796
DLinear_ETTh1_h96_san_lite_s2023_det,4,defect,0.01352449026190037,-0.12373143994239384
DLinear_ETTh1_h96_san_lite_s2023_det,4,control,-0.03658391041686507,-0.005923678933302759
DLinear_ETTh1_h96_san_lite_s2023_det,5,defect,-0.006394209709209787,-0.12019512722835318
DLinear_ETTh1_h96_san_lite_s2023_det,5,control,-0.0010368732499262694,-0.004911355825639645
DLinear_ETTh1_h96_san_lite_s2023_det,6,defect,0.0006059690383488603,0.08815485789138182
DLinear_ETTh1_h96_san_lite_s2023_det,6,control,-0.0229187116598292,0.11279492067806843
DLinear_ETTh1_h96_san_lite_s2023_det,7,defect,-0.03246970796894093,0.020673374930631
DLinear_ETTh1_h96_san_lite_s2023_det,7,control,0.028348676419240548,-0.17050138042140559
DLinear_ETTh1_h96_san_lite_s2023_shuf,0,defect,0.029716185574510504,-0.017753567784783972
DLinear_ETTh1_h96_san_lite_s2023_shuf,0,control,0.0008526561045003563,-0.036218379706254404
DLinear_ETTh1_h96_san_lite_s2023_shuf,1,defect,0.03498259409561182,0.004464977966266396
DLinear_ETTh1_h96_san_lite_s2023_shuf,1,control,0.002963776284292224,0.10904154856214607
DLinear_ETTh1_h96_san_lite_s2023_shuf,2,defect,-0.018803628142392323,0.08452697542797347
DLinear_ETTh1_h96_san_lite_s2023_shuf,2,control,0.002329020357156301,-0.015516426732671099
DLinear_ETTh1_h96_san_lite_s2023_shuf,3,defect,-0.01964294824939673,0.07115709373772598
DLinear_ETTh1_h96_san_lite_s2023_shuf,3,control,-0.020063729357758006,0.026853926750464316
DLinear_ETTh1_h96_san_lite_s2023_shuf,4,defect,0.011359298904512746,0.15824713453378136
DLinear_ETTh1_h96_san_lite_s2023_shuf,4,control,0.0027517946988348894,-0.028479435628475856
DLinear_ETTh1_h96_san_lite_s2023_shuf,5,defect,0.026875374786749586,-0.006104001816936622
DLinear_ETTh1_h96_san_lite_s2023_shuf,5,control,-0.029602437948780258,0.011605926199418384
DLinear_ETTh1_h96_san_lite_s2023_shuf,6,defect,-0.01034131831784974,-0.0041112088320130954
DLinear_ETTh1_h96_san_lite_s2023_shuf,6,control,0.014617947614984118,0.10076863177193138
DLinear_ETTh1_h96_san_lite_s2023_shuf,7,defect,0.01529000500374892,-0.012358759196377559
DLinear_ETTh1_h96_san_lite_s2023_shuf,7,control,-0.005336651663123215,-0.06548356010739234
DLinear_ETTh2_h192_fredf_s2021_det,0,defect,-0.003948372403689467,0.008851867898023605
DLinear_ETTh2_h192_fredf_s2021_det,0,control,-0.029905176984299245,-0.022446798007487317
DLinear_ETTh2_h192_fredf_s2021_det,1,defect,-0.02254507765750475,-0.17553311372730807
DLinear_ETTh2_h192_fredf_s2021_det,1,control,0.012312157603201177,0.11700473407575636
DLinear_ETTh2_h192_fredf_s2021_det,2,defect,0.00037483987990647366,0.14434364777227907
DLinear_ETTh2_h192_fredf_s2021_det,2,control,-0.004693506046446775,-0.22300884086135092
DLinear_ETTh2_h192_fredf_s2021_det,3,defect,0.01706843968770311,0.10559791718462509
DLinear_ETTh2_h192_fredf_s2021_det,3,control,-0.0030874726245495357,0.10497665429706245
DLinear_ETTh2_h192_fredf_s2021_det,4,defect,0.03517147835036113,0.321052775430452
DLinear_ETTh2_h192_fredf_s2021_det,4,control,0.044382702724480666,0.09592719406338819
DLinear_ETTh2_h192_fredf_s2021_det,5,defect,-0.04655714272877029,-0.02824015124346593
DLinear_ETTh2_h192_fredf_s2021_det,5,control,0.011861432870922173,-0.10881726818428199
DLinear_ETTh2_h192_fredf_s2021_det,6,defect,0.004466032321843066,0.10614978430318646
DLinear_ETTh2_h192_fredf_s2021_det,6,control,-0.00110040164320839,0.053304967298535934
DLinear_ETTh2_h192_fredf_s2021_det,7,defect,0.012638591766736375,-0.16581522683385191
DLinear_ETTh2_h192_fredf_s2021_det,7,control,0.020526903483774794,-0.13112578488794677
DLinear_ETTh2_h192_none_s2021_det,0,defect,0.008078515121165208,0.12073779895970611
DLinear_ETTh2_h192_none_s2021_det,0,control,-0.003137888791623369,-0.08865365439802704
DLinear_ETTh2_h192_none_s2021_det,1,defect,-0.026133954101852604,-0.21406951348220626
DLinear_ETTh2_h192_none_s2021_det,1,control,0.006467547069788023,-0.08288457990068444
DLinear_ETTh2_h192_none_s2021_det,2,defect,0.012558003419412924,-0.06610978211820004
DLinear_ETTh2_h192_none_s2021_det,2,control,0.0049261384358629005,0.06089211469734925
DLinear_ETTh2_h192_none_s2021_det,3,defect,-0.027853653102510367,0.004022745274003428
DLinear_ETTh2_h192_none_s2021_det,3,control,-0.028550593954660218,0.022799893381392947
DLinear_ETTh2_h192_none_s2021_det,4,defect,0.02951982845634007,0.3723668842947608
DLinear_ETTh2_h192_none_s2021_det,4,control,0.008760694362161987,0.040699989069276035
DLinear_ETTh2_h192_none_s2021_det,5,defect,-0.005655589024089691,-0.027949546770367855
DLinear_ETTh2_h192_none_s2021_det,5,control,0.026035448830069714,0.15663606229837287
DLinear_ETTh2_h192_none_s2021_det,6,defect,-0.05531480830780162,0.01774741539621778
DLinear_ETTh2_h192_none_s2021_det,6,control,-0.013609881774419519,0.017397697884250173
DLinear_ETTh2_h192_none_s2021_det,7,defect,-0.043491981016655086,-0.2804227229624786
DLinear_ETTh2_h192_none_s2021_det,7,control,0.0022639129083494277,0.11255589899358752
DLinear_ETTh2_h192_revin_s2021_det,0,defect,0.0030830536457118526,-0.12249010918413471
DLinear_ETTh2_h192_revin_s2021_det,0,control,-0.021512493144411043,0.12950085717104712
DLinear_ETTh2_h192_revin_s2021_det,1,defect,-0.010545480722686218,-0.022694003050576703
DLinear_ETTh2_h192_revin_s2021_det,1,control,0.022919604629272856,-0.13843861174914912
DLinear_ETTh2_h192_revin_s2021_det,2,defect,-0.006864826226989958,0.18225002866878298
DLinear_ETTh2_h192_revin_s2021_det,2,control,0.009535737886517463,-0.19284684657782217
DLinear_ETTh2_h192_revin_s2021_det,3,defect,-0.003377203342347721,0.05532874605249693
DLinear_ETTh2_h192_revin_s2021_det,3,control,0.0004042939785167517,0.04119697714093309
DLinear_ETTh2_h192_revin_s2021_det,4,defect,-0.00043198604017429437,0.0018308369938107977
DLinear_ETTh2_h192_revin_s2021_det,4,control,-0.0433300840672459,-0.1303850850014767
DLinear_ETTh2_h192_revin_s2021_det,5,defect,0.021937655071595355,0.05263060866576563
DLinear_ETTh2_h192_revin_s2021_det,5,control,0.025637043939165622,0.050073088585077176
DLinear_ETTh2_h192_revin_s2021_det,6,defect,0.006702286804267578,0.21452622581290304
DLinear_ETTh2_h192_revin_s2021_det,6,control,0.013662094537707663,0.10869895345079154
DLinear_ETTh2_h192_revin_s2021_det,7,defect,-0.02168381991639193,0.06931958913126285
DLinear_ETTh2_h192_revin_s2021_det,7,control,0.029973963697619788,-0.046642342691158745
DLinear_ETTh2_h192_san_lite_s2021_det,0,defect,0.0214257299511177,-0.09801759624984045
DLinear_ETTh2_h192_san_lite_s2021_det,0,control,-0.012980111558725412,-0.07376574424272628
DLinear_ETTh2_h192_san_lite_s2021_det,1,defect,0.013760364974077628,-0.05718435878734991
DLinear_ETTh2_h192_san_lite_s2021_det,1,control,0.015547052546052669,-0.016814105263343797
DLinear_ETTh2_h192_san_lite_s2021_det,2,defect,0.03239820499598391,0.2816978807950524
DLinear_ETTh2_h192_san_lite_s2021_det,2,control,0.008864460439227735,0.23163882617092763
DLinear_ETTh2_h192_san_lite_s2021_det,3,defect,-0.047138608134239,-0.1683847130526186
DLinear_ETTh2_h192_san_lite_s2021_det,3,control,0.005035069657918701,-0.007107858233898333
DLinear_ETTh2_h192_san_lite_s2021_det,4,defect,-0.010965811397588215,-0.13056594845193306
DLinear_ETTh2_h192_san_lite_s2021_det,4,control,-0.000734888524223015,-0.041151939322886424
DLinear_ETTh2_h192_san_lite_s2021_det,5,defect,-0.00150526404065105,-0.09313847429015
DLinear_ETTh2_h192_san_lite_s2021_det,5,control,-0.010217536329930933,-0.00269862010632357
DLinear_ETTh2_h192_san_lite_s2021_det,6,defect,0.002580321976179186,-0.06278488983710591
DLinear_ETTh2_h192_san_lite_s2021_det,6,control,0.021296459390720085,-0.03639494138420669
DLinear_ETTh2_h192_san_lite_s2021_det,7,defect,-0.0028732829921947504,0.03169548360531537
DLinear_ETTh2_h192_san_lite_s2021_det,7,control,0.015416293974764322,0.25768669699131846
DLinear_ETTh2_h336_fredf_s2021_det,0,defect,0.029199809546018352,-0.04068757017327847
DLinear_ETTh2_h336_fredf_s2021_det,0,control,-0.02988911214399555,-0.1139262623668284
DLinear_ETTh2_h336_fredf_s2021_det,1,defect,0.02643539800073564,-0.027214835426926477
DLinear_ETTh2_h336_fredf_s2021_det,1,control,0.004548228669973366,0.02663719616661726
DLinear_ETTh2_h336_fredf_s2021_det,2,defect,-0.020837071986876593,-0.23271178031846554
DLinear_ETTh2_h336_fredf_s2021_det,2,control,-0.012526058320673208,0.018483989594812164
DLinear_ETTh2_h336_fredf_s2021_det,3,defect,0.03522220210571679,0.027397379986383398
DLinear_ETTh2_h336_fredf_s2021_det,3,control,0.04674286818043111,-0.014452529157231908
DLinear_ETTh2_h336_fredf_s2021_det,4,defect,-0.0004228449996039156,-0.14171243650162618
DLinear_ETTh2_h336_fredf_s2021_det,4,control,-0.0053176510150215045,-0.060166701095544124
DLinear_ETTh2_h336_fredf_s2021_det,5,defect,-0.02270649453304671,0.04976040130895743
DLinear_ETTh2_h336_fredf_s2021_det,5,control,-0.03776991804621737,-0.018514274133286733
DLinear_ETTh2_h336_fredf_s2021_det,6,defect,-0.00851213746839306,0.039263960012142794
DLinear_ETTh2_h336_fredf_s2021_det,6,control,0.01098552435880134,-0.2653457293474326
DLinear_ETTh2_h336_fredf_s2021_det,7,defect,-0.0396067355723827,-0.19769302780276152
DLinear_ETTh2_h336_fredf_s2021_det,7,control,0.0171833784220481,0.06679853751095233
DLinear_ETTh2_h336_fredf_s2021_shuf,0,defect,0.010568777260755217,0.2131538959152244
DLinear_ETTh2_h336_fredf_s2021_shuf,0,control,0.02425445713684529,0.2452060910356873
DLinear_ETTh2_h336_fredf_s2021_shuf,1,defect,-0.01564951200319867,0.0718813951908987
DLinear_ETTh2_h336_fredf_s2021_shuf,1,control,0.012372851086874765,0.018876704754689385
DLinear_ETTh2_h336_fredf_s2021_shuf,2,defect,-0.007770810321358092,0.16677368193900186
DLinear_ETTh2_h336_fredf_s2021_shuf,2,control,0.03548388198133692,-0.05696613430951091
DLinear_ETTh2_h336_fredf_s2021_shuf,3,defect,-0.02664131480189941,0.07327774645288508
DLinear_ETTh2_h336_fredf_s2021_shuf,3,control,-0.00034489316944832194,0.005377645224494059
DLinear_ETTh2_h336_fredf_s2021_shuf,4,defect,-0.014498805985873565,-0.08924440248291293
DLinear_ETTh2_h336_fredf_s2021_shuf,4,control,-0.0009127622054817811,-0.07306803953569865
DLinear_ETTh2_h336_fredf_s2021_shuf,5,defect,0.023702789967922685,0.3160764822458873
DLinear_ETTh2_h336_fredf_s2021_shuf,5,control,-0.009807942502357407,0.14854935776164868
DLinear_ETTh2_h336_fredf_s2021_shuf,6,defect,0.010883279553753287,0.10979411763412658
DLinear_ETTh2_h336_fredf_s2021_shuf,6,control,0.017385262957555325,0.09497386441455236
DLinear_ETTh2_h336_fredf_s2021_shuf,7,defect,-0.002728998351596881,0.1289306549362773
DLinear_ETTh2_h336_fredf_s2021_shuf,7,control,0.024173203200852977,0.07658566875497973
DLinear_ETTh2_h336_fredf_s2022_det,0,defect,-0.02172871446949324,-0.17042969142325146
DLinear_ETTh2_h336_fredf_s2022_det,0,control,0.01813134306810075,0.24756182162904625
DLinear_ETTh2_h336_fredf_s2022_det,1,defect,-0.009273123644560502,0.23205966742612283
DLinear_ETTh2_h336_fredf_s2022_det,1,control,-0.01125884459896462,-0.018252936932556526
DLinear_ETTh2_h336_fredf_s2022_det,2,defect,-0.03772398011153837,-0.03690176283481883
DLinear_ETTh2_h336_fredf_s2022_det,2,control,0.02487734889582266,0.10958178264651916
DLinear_ETTh2_h336_fredf_s2022_det,3,defect,0.028351128646115314,0.06986524916525272
DLinear_ETTh2_h336_fredf_s2022_det,3,control,0.005030996408129923,0.08100482920478505
DLinear_ETTh2_h336_fredf_s2022_det,4,defect,0.02215803919669605,-0.029543130490081393
DLinear_ETTh2_h336_fredf_s2022_det,4,control,0.029482676479725627,0.1821337290021712
DLinear_ETTh2_h336_fredf_s2022_det,5,defect,0.03272455827126427,0.22808493270210034
DLinear_ETTh2_h336_fredf_s2022_det,5,control,0.006692143500903754,0.13572341972367222
DLinear_ETTh2_h336_fredf_s2022_det,6,defect,0.0026855075201385505,0.12446169357069903
DLinear_ETTh2_h336_fredf_s2022_det,6,control,0.019242945046347555,0.1941099938921577
DLinear_ETTh2_h336_fredf_s2022_det,7,defect,-0.024910145009913735,-0.22080643748300655
DLinear_ETTh2_h336_fredf_s2022_det,7,control,-0.02315270251016249,-0.2791237750862232
DLinear_ETTh2_h336_fredf_s2022_shuf,0,defect,-0.00933333029524059,-0.23909593468598286
DLinear_ETTh2_h336_fredf_s2022_shuf,0,control,-0.0005785346343009425,0.2514026584263146
DLinear_ETTh2_h336_fredf_s2022_shuf,1,defect,-0.018423002155308406,0.2616049398128953
DLinear_ETTh2_h336_fredf_s2022_shuf,1,control,-0.0005306409949577075,0.024233072402811705
DLinear_ETTh2_h336_fredf_s2022_shuf,2,defect,0.005667935948812814,-0.002737024756125067
DLinear_ETTh2_h336_fredf_s2022_shuf,2,control,-0.01327223452196819,-0.050543010247192925
DLinear_ETTh2_h336_fredf_s2022_shuf,3,defect,0.01845332969771666,0.009872028375153918
DLinear_ETTh2_h336_fredf_s2022_shuf,3,control,0.027042223655593722,0.2158837433521267
DLinear_ETTh2_h336_fredf_s2022_shuf,4,defect,0.02579371531787821,0.06225935751472705
DLinear_ETTh2_h336_fredf_s2022_shuf,4,control,-0.004879341224628782,0.20202429704453095
DLinear_ETTh2_h336_fredf_s2022_shuf,5,defect,-0.006984060292144355,0.08007637436510402
DLinear_ETTh2_h336_fredf_s2022_shuf,5,control,0.034955619288852754,0.06554114794603573
DLinear_ETTh2_h336_fredf_s2022_shuf,6,defect,0.0021708623746608388,0.19148190567512416
DLinear_ETTh2_h336_fredf_s2022_shuf,6,control,-0.011537781551483686,0.11053507975649984
DLinear_ETTh2_h336_fredf_s2022_shuf,7,defect,0.03230577538615493,0.2744433451039339
DLinear_ETTh2_h336_fredf_s2022_shuf,7,control,0.013362291889797831,-0.04910339170277163
DLinear_ETTh2_h336_fredf_s2023_det,0,defect,0.023099009074122982,0.057327672203867974
DLinear_ETTh2_h336_fredf_s2023_det,0,control,-0.0010012311264190863,0.018287438788745194
DLinear_ETTh2_h336_fredf_s2023_det,1,defect,-0.008021501747102306,0.13905356169930153
DLinear_ETTh2_h336_fredf_s2023_det,1,control,0.0130802391936036,0.17579114247228889
DLinear_ETTh2_h336_fredf_s2023_det,2,defect,0.02207341035704063,0.06273405412073485
DLinear_ETTh2_h336_fredf_s2023_det,2,control,-0.02209931106830668,-0.015612544546520345
DLinear_ETTh2_h336_fredf_s2023_det,3,defect,0.01354665946997822,0.2800451298303564
DLinear_ETTh2_h336_fredf_s2023_det,3,control,0.027608371024853407,0.13117510090539963
DLinear_ETTh2_h336_fredf_s2023_det,4,defect,0.035227085008348875,0.11623093643165101
DLinear_ETTh2_h336_fredf_s2023_det,4,control,-0.00017224675490200384,0.007586616468744906
DLinear_ETTh2_h336_fredf_s2023_det,5,defect,-0.00048254643382607406,0.09853302545337136
DLinear_ETTh2_h336_fredf_s2023_det,5,control,-0.024204711522756817,-0.14232281407758204
DLinear_ETTh2_h336_fredf_s2023_det,6,defect,0.018046742619567603,-0.19993834296119375
DLinear_ETTh2_h336_fredf_s2023_det,6,control,0.012056359231385053,0.0955713899035244
DLinear_ETTh2_h336_fredf_s2023_det,7,defect,-0.021748614462274614,-0.209123783506926
DLinear_ETTh2_h336_fredf_s2023_det,7,control,-0.02158477875934056,0.14151903297236987
DLinear_ETTh2_h336_fredf_s2023_shuf,0,defect,0.02965015498743681,-0.00909615694514713
DLinear_ETTh2_h336_fredf_s2023_shuf,0,control,0.004793921074309642,0.2113325981226398
DLinear_ETTh2_h336_fredf_s2023_shuf,1,defect,0.01589391516224062,0.20734866740118446
DLinear_ETTh2_h336_fredf_s2023_shuf,1,control,0.0052723602592005285,-0.22617220250122758
DLinear_ETTh2_h336_fredf_s2023_shuf,2,defect,0.043084321553636666,0.06339122607462339
DLinear_ETTh2_h336_fredf_s2023_shuf,2,control,0.00971180943612869,0.17417098132600417
DLinear_ETTh2_h336_fredf_s2023_shuf,3,defect,-0.018022069645625447,-0.06463393116551153
DLinear_ETTh2_h336_fredf_s2023_shuf,3,control,0.019885063422543137,0.0017736109409041544
DLinear_ETTh2_h336_fredf_s2023_shuf,4,defect,0.0011958752011139516,-0.22401760993019465
DLinear_ETTh2_h336_fredf_s2023_shuf,4,control,0.00034704397901808774,0.027303558180625534
DLinear_ETTh2_h336_fredf_s2023_shuf,5,defect,-0.010378204766291817,-0.07065449469843763
DLinear_ETTh2_h336_fredf_s2023_shuf,5,control,0.01655069572964738,-0.11019443558376005
DLinear_ETTh2_h336_fredf_s2023_shuf,6,defect,0.027843136492024367,0.06118559807299695
DLinear_ETTh2_h336_fredf_s2023_shuf,6,control,-0.027546080907598164,0.0074715978933267806
DLinear_ETTh2_h336_fredf_s2023_shuf,7,defect,0.014535929928813108,0.16406776744196136
DLinear_ETTh2_h336_fredf_s2023_shuf,7,control,0.014762764440147519,-0.12845601704292456
DLinear_ETTh2_h336_none_s2021_det,0,defect,0.0285946727888215,0.006766559778273483
DLinear_ETTh2_h336_none_s2021_det,0,control,-0.01175877950321709,-0.15403596068125133
DLinear_ETTh2_h336_none_s2021_det,1,defect,-0.020204531974387648,-0.12752110322533763
DLinear_ETTh2_h336_none_s2021_det,1,control,-0.019145061192477796,0.03938269973778844
DLinear_ETTh2_h336_none_s2021_det,2,defect,-0.019197724540363014,-0.19451093840571837
DLinear_ETTh2_h336_none_s2021_det,2,control,0.016972645313844344,0.12504918837179374
DLinear_ETTh2_h336_none_s2021_det,3,defect,-0.0006833946964975924,-0.10987867463544526
DLinear_ETTh2_h336_none_s2021_det,3,control,-0.014509657218402066,-0.05319139918348744
DLinear_ETTh2_h336_none_s2021_det,4,defect,-0.007201598894825334,0.1387004809222747
DLinear_ETTh2_h336_none_s2021_det,4,control,-0.00795378018474962,-0.011581532238495295
DLinear_ETTh2_h336_none_s2021_det,5,defect,-0.028434396895834067,0.08526183813165683
DLinear_ETTh2_h336_none_s2021_det,5,control,0.008411603774895263,-0.02475753230208156
DLinear_ETTh2_h336_none_s2021_det,6,defect,0.022000030225625553,0.09032233734333459
DLinear_ETTh2_h336_none_s2021_det,6,control,-0.004513621347048972,0.12723915131521127
DLinear_ETTh2_h336_none_s2021_det,7,defect,-0.008162833481758235,-0.11812349687015833
DLinear_ETTh2_h336_none_s2021_det,7,control,-0.017431311901928266,0.009150763550584723
DLinear_ETTh2_h336_none_s2021_shuf,0,defect,0.019653478490492652,-0.03334835246193234
DLinear_ETTh2_h336_none_s2021_shuf,0,control,-0.040629631665809636,-0.03384015342715617
DLinear_ETTh2_h336_none_s2021_shuf,1,defect,-0.0012984308503350775,-0.0658171521311977
DLinear_ETTh2_h336_none_s2021_shuf,1,control,-0.02998461259410965,0.02724924381363797
DLinear_ETTh2_h336_none_s2021_shuf,2,defect,-0.014142971314687459,0.05806813592908559
DLinear_ETTh2_h336_none_s2021_shuf,2,control,-0.00565453679505462,-0.12001620528186509
DLinear_ETTh2_h336_none_s2021_shuf,3,defect,0.003132996741776569,0.07903224309371738
DLinear_ETTh2_h336_none_s2021_shuf,3,control,-0.011078984655428302,0.13837061413671609
DLinear_ETTh2_h336_none_s2021_shuf,4,defect,0.022632604813253236,0.0017373918757057313
DLinear_ETTh2_h336_none_s2021_shuf,4,control,0.015732913472798867,-0.19467526562259171
DLinear_ETTh2_h336_none_s2021_shuf,5,defect,-0.0003319759367912865,0.09991756142146048
DLinear_ETTh2_h336_none_s2021_shuf,5,control,0.024719639851479774,0.026164375510536665
DLinear_ETTh2_h336_none_s2021_shuf,6,defect,-0.02252947369760531,-0.2442912728162147
DLinear_ETTh2_h336_none_s2021_shuf,6,control,-0.008361237923981734,-0.1454543055131549
DLinear_ETTh2_h336_none_s2021_shuf,7,defect,0.012124352329343073,-0.05763001588107345
DLinear_ETTh2_h336_none_s2021_shuf,7,control,0.0138496437030631,0.16733552863880405
DLinear_ETTh2_h336_none_s2022_det,0,defect,-0.04785971122414044,-0.22224658621386248
DLinear_ETTh2_h336_none_s2022_det,0,control,-0.011853007454110989,-0.06801474896918719
DLinear_ETTh2_h336_none_s2022_det,1,defect,-0.004701096663152087,0.09830799004355062
DLinear_ETTh2_h336_none_s2022_det,1,control,0.011357820419075676,0.23407890764465225
DLinear_ETTh2_h336_none_s2022_det,2,defect,0.021134507207719724,-0.023105464346770424
DLinear_ETTh2_h336_none_s2022_det,2,control,0.011540000426886,0.06860596612106461
DLinear_ETTh2_h336_none_s2022_det,3,defect,-0.009418081435115029,-0.09835609428421213
DLinear_ETTh2_h336_none_s2022_det,3,control,0.015053885913288965,0.14346242056708167
DLinear_ETTh2_h336_none_s2022_det,4,defect,-0.0012991733873791587,-0.015070463770600244
DLinear_ETTh2_h336_none_s2022_det,4,control,-0.027284418856003162,0.08258630385499881
DLinear_ETTh2_h336_none_s2022_det,5,defect,-0.01840357243598828,-0.19898232954197617
DLinear_ETTh2_h336_none_s2022_det,5,control,0.006326363201191924,-0.1960670986184283
DLinear_ETTh2_h336_none_s2022_det,6,defect,-0.007217710492726907,0.17145328304111634
DLinear_ETTh2_h336_none_s2022_det,6,control,-0.010812295196271611,0.11677906798757083
DLinear_ETTh2_h336_none_s2022_det,7,defect,0.030004209020275945,0.21499292240335402
DLinear_ETTh2_h336_none_s2022_det,7,control,0.039564990787735996,-0.12594671103262675
DLinear_ETTh2_h336_none_s2022_shuf,0,defect,0.05970140081214915,-0.03849878764999769
DLinear_ETTh2_h336_none_s2022_shuf,0,control,-0.025862396354568246,-0.010949065985211824
DLinear_ETTh2_h336_none_s2022_shuf,1,defect,-0.015895906177794638,-0.3797859335299067
DLinear_ETTh2_h336_none_s2022_shuf,1,control,0.013805220332434705,0.2651362563319653
DLinear_ETTh2_h336_none_s2022_shuf,2,defect,-0.0007800519082896281,-0.1171584640122191
DLinear_ETTh2_h336_none_s2022_shuf,2,control,0.008713784320826553,-0.15324615262607194
DLinear_ETTh2_h336_none_s2022_shuf,3,defect,-0.0025307118417274422,0.21879144177142495
DLinear_ETTh2_h336_none_s2022_shuf,3,control,0.0019085859150739701,-0.13694727888322863
DLinear_ETTh2_h336_none_s2022_shuf,4,defect,0.006759784257754581,-0.0632491131442041
DLinear_ETTh2_h336_none_s2022_shuf,4,control,0.01795955493902009,0.0602909169445688
DLinear_ETTh2_h336_none_s2022_shuf,5,defect,-0.038710109344840336,-0.21072433781614783
DLinear_ETTh2_h336_none_s2022_shuf,5,control,0.014892641082256766,-0.2332182086140816
DLinear_ETTh2_h336_none_s2022_shuf,6,defect,0.04267802129077922,-0.08036137833123327
DLinear_ETTh2_h336_none_s2022_shuf,6,control,0.02140376351552096,0.3597051820658744
DLinear_ETTh2_h336_none_s2022_shuf,7,defect,0.01631204941651002,0.10689785773025201
DLinear_ETTh2_h336_none_s2022_shuf,7,control,0.020188603098837122,-0.24793594706993152
DLinear_ETTh2_h336_none_s2023_det,0,defect,0.024560765315168674,0.17324354613712764
DLinear_ETTh2_h336_none_s2023_det,0,control,0.0014614686899354864,-0.15978413659957985
DLinear_ETTh2_h336_none_s2023_det,1,defect,-0.006473804850956653,0.18106279431853128
DLinear_ETTh2_h336_none_s2023_det,1,control,-0.018308578652770482,0.07893537404311274
DLinear_ETTh2_h336_none_s2023_det,2,defect,-0.006639820118508328,0.24928367435661153
DLinear_ETTh2_h336_none_s2023_det,2,control,-0.02461952838647777,-0.1293350382093606
DLinear_ETTh2_h336_none_s2023_det,3,defect,0.02916618171232594,-0.05253310495848549
DLinear_ETTh2_h336_none_s2023_det,3,control,-0.0007220226382946852,-0.16252470971330807
DLinear_ETTh2_h336_none_s2023_det,4,defect,-0.016394135430778202,-0.0004665693435224597
DLinear_ETTh2_h336_none_s2023_det,4,control,-0.01762660569631906,0.08601938649212182
DLinear_ETTh2_h336_none_s2023_det,5,defect,0.0003682794464494076,0.04461920891221366
DLinear_ETTh2_h336_none_s2023_det,5,control,0.0223325506895825,0.024619979789721032
DLinear_ETTh2_h336_none_s2023_det,6,defect,0.01009970860225671,0.12404747700624706
DLinear_ETTh2_h336_none_s2023_det,6,control,-0.01872249428035362,-0.25067685269097895
DLinear_ETTh2_h336_none_s2023_det,7,defect,-0.026988562250563963,-0.1591205847547748
DLinear_ETTh2_h336_none_s2023_det,7,control,0.027997994043455182,0.18763905900624125
DLinear_ETTh2_h336_none_s2023_shuf,0,defect,0.015399874688866054,0.10070620003393682
DLinear_ETTh2_h336_none_s2023_shuf,0,control,0.017094313648404514,0.08453004121133326
DLinear_ETTh2_h336_none_s2023_shuf,1,defect,0.009849507105366093,-0.030944541461814985
DLinear_ETTh2_h336_none_s2023_shuf,1,control,0.007836282433253707,0.2157433345088267
DLinear_ETTh2_h336_none_s2023_shuf,2,defect,0.0069667548111522985,-0.08539835114495471
DLinear_ETTh2_h336_none_s2023_shuf,2,control,-0.0018637905479460385,-0.1638778194559504
DLinear_ETTh2_h336_none_s2023_shuf,3,defect,0.022664524442441308,0.24478988954459524
DLinear_ETTh2_h336_none_s2023_shuf,3,control,-0.01255597309756258,0.23722653545025385
DLinear_ETTh2_h336_none_s2023_shuf,4,defect,-0.010114566622913275,-0.08412797529436514
DLinear_ETTh2_h336_none_s2023_shuf,4,control,0.040176661501617805,-0.02174316746578071
DLinear_ETTh2_h336_none_s2023_shuf,5,defect,-0.00881551844766312,0.15571581573529275
DLinear_ETTh2_h336_none_s2023_shuf,5,control,0.016280150898669285,0.13370619228008787
DLinear_ETTh2_h336_none_s2023_shuf,6,defect,-0.02408404925309363,0.31617497271156697
DLinear_ETTh2_h336_none_s2023_shuf,6,control,0.007674870895375335,0.029073569356246567
DLinear_ETTh2_h336_none_s2023_shuf,7,defect,0.0024811518618999898,0.018675800177053947
DLinear_ETTh2_h336_none_s2023_shuf,7,control,-0.04494354840283048,-0.13463040688643907
DLinear_ETTh2_h336_revin_s2021_det,0,defect,-0.02464211170878749,0.009376644347622587
DLinear_ETTh2_h336_revin_s2021_det,0,control,0.026581858700853597,-0.07602303819140452
DLinear_ETTh2_h336_revin_s2021_det,1,defect,0.006105987671327317,0.06818018356208826
DLinear_ETTh2_h336_revin_s2021_det,1,control,0.0026806693821999827,-0.19282882461909231
DLinear_ETTh2_h336_revin_s2021_det,2,defect,0.024514306887916722,0.14460352396504278
DLinear_ETTh2_h336_revin_s2021_det,2,control,0.018090950512150174,0.26334595188314364
DLinear_ETTh2_h336_revin_s2021_det,3,defect,0.021206988290789028,-0.05956251230918964
DLinear_ETTh2_h336_revin_s2021_det,3,control,0.015806359853042594,0.30225546883557197
DLinear_ETTh2_h336_revin_s2021_det,4,defect,0.034019467900651267,0.04877891073038591
DLinear_ETTh2_h336_revin_s2021_det,4,control,-0.02203904836737052,-0.1111309884157743
DLinear_ETTh2_h336_revin_s2021_det,5,defect,0.008868865732018217,0.1283148968107933
DLinear_ETTh2_h336_revin_s2021_det,5,control,-0.010916446574364396,-0.14357581964608696
DLinear_ETTh2_h336_revin_s2021_det,6,defect,0.008402782873127335,0.06021854593262697
DLinear_ETTh2_h336_revin_s2021_det,6,control,0.013187298114221492,0.0111921556753424
DLinear_ETTh2_h336_revin_s2021_det,7,defect,-0.01982694643124957,-0.04465627181382951
DLinear_ETTh2_h336_revin_s2021_det,7,control,0.011230681335690535,0.04636684975366658
DLinear_ETTh2_h336_revin_s2021_shuf,0,defect,-0.020723598855165115,-0.07097137376252072
DLinear_ETTh2_h336_revin_s2021_shuf,0,control,0.024408430928665452,0.06783633428654023
DLinear_ETTh2_h336_revin_s2021_shuf,1,defect,-0.0027861744319686247,0.16560155482572084
DLinear_ETTh2_h336_revin_s2021_shuf,1,control,-0.0006747783548762741,0.08178433936351245
DLinear_ETTh2_h336_revin_s2021_shuf,2,defect,-0.014652067815704401,-0.008992869265541652
DLinear_ETTh2_h336_revin_s2021_shuf,2,control,0.012518656971210032,0.10068496922431189
DLinear_ETTh2_h336_revin_s2021_shuf,3,defect,-0.03697280779842104,-0.02810784082152275
DLinear_ETTh2_h336_revin_s2021_shuf,3,control,-0.015881877323503966,0.16759880669226476
DLinear_ETTh2_h336_revin_s2021_shuf,4,defect,0.01821492798802948,0.13662362546159862
DLinear_ETTh2_h336_revin_s2021_shuf,4,control,-0.035933452490630846,0.11635142302929627
DLinear_ETTh2_h336_revin_s2021_shuf,5,defect,0.0013064276831088338,-0.04151458496437803
DLinear_ETTh2_h336_revin_s2021_shuf,5,control,0.007255033170876903,-0.03925135742973638
DLinear_ETTh2_h336_revin_s2021_shuf,6,defect,-0.030902423323513686,-0.20704821736238596
DLinear_ETTh2_h336_revin_s2021_shuf,6,control,-0.026455392989768914,0.14760195521737798
DLinear_ETTh2_h336_revin_s2021_shuf,7,defect,0.001358924324147878,0.2487717971641349
DLinear_ETTh2_h336_revin_s2021_shuf,7,control,-0.051812468134605126,0.013194386144946233
DLinear_ETTh2_h336_revin_s2022_det,0,defect,-0.01989235120161857,0.14198072108847212
DLinear_ETTh2_h336_revin_s2022_det,0,control,-0.014064090585326225,-0.13299716571562864
DLinear_ETTh2_h336_revin_s2022_det,1,defect,-0.02288259519667054,0.084581626871618
DLinear_ETTh2_h336_revin_s2022_det,1,control,-0.026342481496486436,0.2881202951089047
DLinear_ETTh2_h336_revin_s2022_det,2,defect,-0.004050517736137917,-0.24140179064818756
DLinear_ETTh2_h336_revin_s2022_det,2,control,-0.001565238241845829,-0.23571361871528748
DLinear_ETTh2_h336_revin_s2022_det,3,defect,-0.006469503231943441,-0.003339062107421638
DLinear_ETTh2_h336_revin_s2022_det,3,control,0.01337165950419316,0.050066406537209215
DLinear_ETTh2_h336_revin_s2022_det,4,defect,0.008917799285597829,0.0027435038019691205
DLinear_ETTh2_h336_revin_s2022_det,4,control,-0.013211690817708288,-0.012923006895112336
DLinear_ETTh2_h336_revin_s2022_det,5,defect,-0.009535338226060364,0.09380288972238411
DLinear_ETTh2_h336_revin_s2022_det,5,control,-0.02260979946229252,-0.2020868532441391
DLinear_ETTh2_h336_revin_s2022_det,6,defect,0.019489913595186446,-0.012279195170133794
DLinear_ETTh2_h336_revin_s2022_det,6,control,0.026901178016093014,0.16111487981734482
DLinear_ETTh2_h336_revin_s2022_det,7,defect,-0.014522681463750752,0.05124024340258061
DLinear_ETTh2_h336_revin_s2022_det,7,control,0.004589907564620887,-0.1986346724371137
DLinear_ETTh2_h336_revin_s2022_shuf,0,defect,-0.004435173764296785,-0.06660588868588839
DLinear_ETTh2_h336_revin_s2022_shuf,0,control,-0.01595109196769725,-0.009929486234544371
DLinear_ETTh2_h336_revin_s2022_shuf,1,defect,0.00921167433629782,0.057823432307625613
DLinear_ETTh2_h336_revin_s2022_shuf,1,control,-0.028602512378456506,-0.11530606810880095
DLinear_ETTh2_h336_revin_s2022_shuf,2,defect,-0.009538834701964993,-0.07890250895257826
DLinear_ETTh2_h336_revin_s2022_shuf,2,control,0.004192974923999877,0.08686155420905828
DLinear_ETTh2_h336_revin_s2022_shuf,3,defect,-0.016315093090413256,-0.11426093913074932
DLinear_ETTh2_h336_revin_s2022_shuf,3,control,0.020819441460141145,0.2610580618283798
DLinear_ETTh2_h336_revin_s2022_shuf,4,defect,0.04506367633701292,-0.0157603515609539
DLinear_ETTh2_h336_revin_s2022_shuf,4,control,0.01960807380620208,0.28192873534588014
DLinear_ETTh2_h336_revin_s2022_shuf,5,defect,-0.038055068643764234,-0.20601388094280204
DLinear_ETTh2_h336_revin_s2022_shuf,5,control,-0.01819131676598269,-0.007919329947905092
DLinear_ETTh2_h336_revin_s2022_shuf,6,defect,-0.007027596986184821,0.21598646049023965
DLinear_ETTh2_h336_revin_s2022_shuf,6,control,0.048671280190063844,-0.0562803604204433
DLinear_ETTh2_h336_revin_s2022_shuf,7,defect,-0.0184140953506669,-0.10389940422942803
DLinear_ETTh2_h336_revin_s2022_shuf,7,control,-0.022089109919680494,-0.013900175752933888
DLinear_ETTh2_h336_revin_s2023_det,0,defect,0.03755284061040504,0.22666087656394607
DLinear_ETTh2_h336_revin_s2023_det,0,control,-0.03429577903215741,-0.007759768550789964
DLinear_ETTh2_h336_revin_s2023_det,1,defect,-0.021309679704170907,-0.11258075787833444
DLinear_ETTh2_h336_revin_s2023_det,1,control,-0.015726232095357128,0.07222476196192139
DLinear_ETTh2_h336_revin_s2023_det,2,defect,0.03821781310843449,0.3206704228742736
DLinear_ETTh2_h336_revin_s2023_det,2,control,-0.0436590423060044,-0.023148000001354044
DLinear_ETTh2_h336_revin_s2023_det,3,defect,0.04791645051801567,0.23155817082102562
DLinear_ETTh2_h336_revin_s2023_det,3,control,-0.02817669213491076,-0.2676814591719958
DLinear_ETTh2_h336_revin_s2023_det,4,defect,0.003980361817044637,0.11714393984041162
DLinear_ETTh2_h336_revin_s2023_det,4,control,-0.028697939308283345,0.020971681410457136
DLinear_ETTh2_h336_revin_s2023_det,5,defect,0.020607632768316994,0.2102846270837502
DLinear_ETTh2_h336_revin_s2023_det,5,control,0.002558860547495566,-0.0229962523402868
DLinear_ETTh2_h336_revin_s2023_det,6,defect,0.036749206599168395,-0.11459594105627527
DLinear_ETTh2_h336_revin_s2023_det,6,control,0.009414301047987662,-0.08118972999333375
DLinear_ETTh2_h336_revin_s2023_det,7,defect,0.00705595826138125,0.10033099949364382
DLinear_ETTh2_h336_revin_s2023_det,7,control,0.007022063629251427,0.26694308963096397
DLinear_ETTh2_h336_revin_s2023_shuf,0,defect,-0.016027675200086796,0.09298415740334885
DLinear_ETTh2_h336_revin_s2023_shuf,0,control,-0.0005547486976555426,0.1875372263125086
DLinear_ETTh2_h336_revin_s2023_shuf,1,defect,-0.007900479856556984,0.09087175183417522
DLinear_ETTh2_h336_revin_s2023_shuf,1,control,-0.0024561793219390485,-0.012830956266832616
DLinear_ETTh2_h336_revin_s2023_shuf,2,defect,0.021993756515580564,0.22304430414432558
DLinear_ETTh2_h336_revin_s2023_shuf,2,control,0.028600260744066953,0.1361498174073163
DLinear_ETTh2_h336_revin_s2023_shuf,3,defect,-0.020926223382922476,-0.266634573486657
DLinear_ETTh2_h336_revin_s2023_shuf,3,control,0.017487283179547113,0.04555234790121228
DLinear_ETTh2_h336_revin_s2023_shuf,4,defect,0.0428886339155804,0.20510235661612705
DLinear_ETTh2_h336_revin_s2023_shuf,4,control,-0.013984090954556409,0.2634652031406499
DLinear_ETTh2_h336_revin_s2023_shuf,5,defect,-0.007125839732959218,0.07548284638164383
DLinear_ETTh2_h336_revin_s2023_shuf,5,control,0.02082265620875552,0.017431296571661356
DLinear_ETTh2_h336_revin_s2023_shuf,6,defect,0.0028525310365196893,0.1479935455494887
DLinear_ETTh2_h336_revin_s2023_shuf,6,control,-0.01231660972960557,-0.0033990693303242083
DLinear_ETTh2_h336_revin_s2023_shuf,7,defect,-0.025311915788961185,0.08313639423013958
DLinear_ETTh2_h336_revin_s2023_shuf,7,control,-0.03344603419846081,-0.03570923323827968
DLinear_ETTh2_h336_san_lite_s2021_det,0,defect,0.018281829123073398,0.09728749491285904
DLinear_ETTh2_h336_san_lite_s2021_det,0,control,0.029157385565570043,0.11579251406312416
DLinear_ETTh2_h336_san_lite_s2021_det,1,defect,0.010795286004084376,0.14009101474006785
DLinear_ETTh2_h336_san_lite_s2021_det,1,control,-0.011368983592029534,-0.0744220788154777
DLinear_ETTh2_h336_san_lite_s2021_det,2,defect,0.032837306703564245,-0.10110224800270781
DLinear_ETTh2_h336_san_lite_s2021_det,2,control,0.009989257674722618,-0.08833443221993369
DLinear_ETTh2_h336_san_lite_s2021_det,3,defect,-0.029519488123047086,-0.000975652931733518
DLinear_ETTh2_h336_san_lite_s2021_det,3,control,-0.0044976902883845146,0.04019761361016649
DLinear_ETTh2_h336_san_lite_s2021_det,4,defect,-0.0033026635450402048,-0.07030035565583641
DLinear_ETTh2_h336_san_lite_s2021_det,4,control,0.009360378664729772,0.15071059763563188
DLinear_ETTh2_h336_san_lite_s2021_det,5,defect,-0.00537706526220997,-0.13670806026435528
DLinear_ETTh2_h336_san_lite_s2021_det,5,control,0.008739716700704173,0.029665830557850957
DLinear_ETTh2_h336_san_lite_s2021_det,6,defect,-0.009234963793972891,0.1487071474858892
DLinear_ETTh2_h336_san_lite_s2021_det,6,control,-0.005876619798312637,0.016159476142320252
DLinear_ETTh2_h336_san_lite_s2021_det,7,defect,0.03104789943969463,0.2621099309874456
DLinear_ETTh2_h336_san_lite_s2021_det,7,control,-0.02918270316686784,-0.06891381575075993
DLinear_ETTh2_h336_san_lite_s2021_shuf,0,defect,0.018780085307897057,0.028683017792226505
DLinear_ETTh2_h336_san_lite_s2021_shuf,0,control,0.0017037796387665018,-0.10224792730854287
DLinear_ETTh2_h336_san_lite_s2021_shuf,1,defect,-0.007535544010738424,-0.26333887893135166
DLinear_ETTh2_h336_san_lite_s2021_shuf,1,control,0.028506388046190226,-0.07452482793501243
DLinear_ETTh2_h336_san_lite_s2021_shuf,2,defect,-0.024500581959768404,0.005249679876757878
DLinear_ETTh2_h336_san_lite_s2021_shuf,2,control,0.021844079246931155,0.06397369141922324
DLinear_ETTh2_h336_san_lite_s2021_shuf,3,defect,0.020241630435469435,0.22454798450521568
DLinear_ETTh2_h336_san_lite_s2021_shuf,3,control,0.028816834048590628,-0.0253863630357491
DLinear_ETTh2_h336_san_lite_s2021_shuf,4,defect,-0.04460171783470024,-0.22483711451848595
DLinear_ETTh2_h336_san_lite_s2021_shuf,4,control,0.004360382084520457,0.03302477123153771
DLinear_ETTh2_h336_san_lite_s2021_shuf,5,defect,-0.037097728736425285,-0.029315335450730538
DLinear_ETTh2_h336_san_lite_s2021_shuf,5,control,0.014605993392119163,0.02576579675032526
DLinear_ETTh2_h336_san_lite_s2021_shuf,6,defect,-0.010677422077944199,-0.15682031555588774
DLinear_ETTh2_h336_san_lite_s2021_shuf,6,control,0.007867118831930408,0.2796990186683537
DLinear_ETTh2_h336_san_lite_s2021_shuf,7,defect,-0.011756589018937051,0.1380337400988884
DLinear_ETTh2_h336_san_lite_s2021_shuf,7,control,0.04961758759847823,0.07389217038052942
DLinear_ETTh2_h336_san_lite_s2022_det,0,defect,0.021930338028196075,0.19357216274831707
DLinear_ETTh2_h336_san_lite_s2022_det,0,control,0.010400675609705172,0.08560651520058006
DLinear_ETTh2_h336_san_lite_s2022_det,1,defect,0.001522095383629725,0.008904782139165431
DLinear_ETTh2_h336_san_lite_s2022_det,1,control,-0.01706478833719486,-0.14572105216454512
DLinear_ETTh2_h336_san_lite_s2022_det,2,defect,0.008529064399538972,0.2086435183962959
DLinear_ETTh2_h336_san_lite_s2022_det,2,control,0.0016552752263056351,-0.09763900089634289
DLinear_ETTh2_h336_san_lite_s2022_det,3,defect,-0.0005798974081700796,-0.10947104167133882
DLinear_ETTh2_h336_san_lite_s2022_det,3,control,0.018707812430250652,0.07713826431867381
DLinear_ETTh2_h336_san_lite_s2022_det,4,defect,-0.0355478399000446,-0.18371838391748596
DLinear_ETTh2_h336_san_lite_s2022_det,4,control,0.011850889767580369,0.20484633835010738
DLinear_ETTh2_h336_san_lite_s2022_det,5,defect,0.0027557231333863543,-0.13387336093013205
DLinear_ETTh2_h336_san_lite_s2022_det,5,control,-0.0015477762456925204,0.03893189090157806
DLinear_ETTh2_h336_san_lite_s2022_det,6,defect,0.009799096119847923,0.04438401826673202
DLinear_ETTh2_h336_san_lite_s2022_det,6,control,0.016500312404261856,-0.25747783678229075
DLinear_ETTh2_h336_san_lite_s2022_det,7,defect,0.014130616080655944,-0.05678287610231691
DLinear_ETTh2_h336_san_lite_s2022_det,7,control,0.010507991139989748,0.25345416302122226
DLinear_ETTh2_h336_san_lite_s2022_shuf,0,defect,-0.004377888487300912,-0.056980028519454606
DLinear_ETTh2_h336_san_lite_s2022_shuf,0,control,-0.0004552399980187364,0.356852229168539
DLinear_ETTh2_h336_san_lite_s2022_shuf,1,defect,0.006911413962043426,-0.07622676266967376
DLinear_ETTh2_h336_san_lite_s2022_shuf,1,control,0.029236740202973514,0.1913123420130012
DLinear_ETTh2_h336_san_lite_s2022_shuf,2,defect,-0.03901385504238415,-0.06607289640811381
DLinear_ETTh2_h336_san_lite_s2022_shuf,2,control,-0.01582012372064871,-0.08646805734225001
DLinear_ETTh2_h336_san_lite_s2022_shuf,3,defect,0.006101022135728141,0.24321191995495223
DLinear_ETTh2_h336_san_lite_s2022_shuf,3,control,-0.024660351180419867,-0.17838585869356766
DLinear_ETTh2_h336_san_lite_s2022_shuf,4,defect,0.011596439794033615,0.15557143868215229
DLinear_ETTh2_h336_san_lite_s2022_shuf,4,control,0.0026729732036434627,-0.0255547977081159
DLinear_ETTh2_h336_san_lite_s2022_shuf,5,defect,0.018702276889384778,0.1073580078097752
DLinear_ETTh2_h336_san_lite_s2022_shuf,5,control,-0.012785557543840038,-0.022009649800870338
DLinear_ETTh2_h336_san_lite_s2022_shuf,6,defect,-0.007281110780674036,-0.19556683146441828
DLinear_ETTh2_h336_san_lite_s2022_shuf,6,control,0.006891840831156946,0.22294997988681853
DLinear_ETTh2_h336_san_lite_s2022_shuf,7,defect,-0.000674190877038457,-0.14479585653960306
DLinear_ETTh2_h336_san_lite_s2022_shuf,7,control,0.002656512176544675,0.13749144278140282
DLinear_ETTh2_h336_san_lite_s2023_det,0,defect,0.009234628922644848,-0.237858124304325
DLinear_ETTh2_h336_san_lite_s2023_det,0,control,0.02623134481233482,0.2795790696199075
DLinear_ETTh2_h336_san_lite_s2023_det,1,defect,-0.026638788719994547,0.1937045315123573
DLinear_ETTh2_h336_san_lite_s2023_det,1,control,-0.03756496070770593,-0.053658078806466385
DLinear_ETTh2_h336_san_lite_s2023_det,2,defect,0.031259489004642475,-0.06649317303574143
DLinear_ETTh2_h336_san_lite_s2023_det,2,control,-0.010186318996651329,-0.21814424748730096
DLinear_ETTh2_h336_san_lite_s2023_det,3,defect,0.006518715966506161,-0.19681163147207648
DLinear_ETTh2_h336_san_lite_s2023_det,3,control,0.021960222960287865,0.16016207714574154
DLinear_ETTh2_h336_san_lite_s2023_det,4,defect,0.003518114307666758,0.11730879269961204
DLinear_ETTh2_h336_san_lite_s2023_det,4,control,0.020313989214460156,0.1232984710659759
DLinear_ETTh2_h336_san_lite_s2023_det,5,defect,0.0006892323480235599,-0.005453169600545945
DLinear_ETTh2_h336_san_lite_s2023_det,5,control,-0.017117885559666618,0.10036170102961005
DLinear_ETTh2_h336_san_lite_s2023_det,6,defect,0.008290693992884048,0.09906587752720053
DLinear_ETTh2_h336_san_lite_s2023_det,6,control,-0.0429049558989778,-0.24356808333992813
DLinear_ETTh2_h336_san_lite_s2023_det,7,defect,-0.011579678112229727,-0.0813454717057838
DLinear_ETTh2_h336_san_lite_s2023_det,7,control,-0.003948553568413184,-0.1674670302066043
DLinear_ETTh2_h336_san_lite_s2023_shuf,0,defect,-0.008403869741996911,-0.08090522166838325
DLinear_ETTh2_h336_san_lite_s2023_shuf,0,control,-0.006029383326479181,0.05973598727901233
DLinear_ETTh2_h336_san_lite_s2023_shuf,1,defect,0.021986802146578496,-0.01774541900421581
DLinear_ETTh2_h336_san_lite_s2023_shuf,1,control,0.0035290630891794844,-0.014290558362536992
DLinear_ETTh2_h336_san_lite_s2023_shuf,2,defect,-0.015196825022252084,0.16171482516870542
DLinear_ETTh2_h336_san_lite_s2023_shuf,2,control,0.005476516450646138,-0.03258082728059712
DLinear_ETTh2_h336_san_lite_s2023_shuf,3,defect,0.023654385288378522,0.026217962812409866
DLinear_ETTh2_h336_san_lite_s2023_shuf,3,control,0.010707440957894917,-0.03149770265256582
DLinear_ETTh2_h336_san_lite_s2023_shuf,4,defect,0.01637703815134949,-0.22199274469751815
DLinear_ETTh2_h336_san_lite_s2023_shuf,4,control,-0.0207875443982554,-0.15305015792423818
DLinear_ETTh2_h336_san_lite_s2023_shuf,5,defect,0.006645216615672812,-0.13226682119668423
DLinear_ETTh2_h336_san_lite_s2023_shuf,5,control,-0.0023468276386032017,-0.03828523049160205
DLinear_ETTh2_h336_san_lite_s2023_shuf,6,defect,-0.000365043586487701,-0.13594517574921908
DLinear_ETTh2_h336_san_lite_s2023_shuf,6,control,-0.027669565540993122,-0.22480690049912005
DLinear_ETTh2_h336_san_lite_s2023_shuf,7,defect,-0.012486585194725676,-0.015404649910980884
DLinear_ETTh2_h336_san_lite_s2023_shuf,7,control,-0.03211879655070285,-0.17339423609439852
DLinear_ETTh2_h720_fredf_s2021_det,0,defect,0.041523412664608385,0.09741522144037273
DLinear_ETTh2_h720_fredf_s2021_det,0,control,-0.004193860705165515,-0.1887684473539534
DLinear_ETTh2_h720_fredf_s2021_det,1,defect,-0.04361783818577385,-0.03894681391318696
DLinear_ETTh2_h720_fredf_s2021_det,1,control,-0.025216452393886347,-0.271701358848464
DLinear_ETTh2_h720_fredf_s2021_det,2,defect,-0.014893385147492416,-0.03709737593720009
DLinear_ETTh2_h720_fredf_s2021_det,2,control,0.04907726243769789,0.1422609212215293
DLinear_ETTh2_h720_fredf_s2021_det,3,defect,0.028108050472287652,0.15109953569660275
DLinear_ETTh2_h720_fredf_s2021_det,3,control,0.011339517490394121,-0.03324617510717841
DLinear_ETTh2_h720_fredf_s2021_det,4,defect,-0.016264366840212898,0.19760606583715679
DLinear_ETTh2_h720_fredf_s2021_det,4,control,-0.023935390165574055,-0.2299181560707137
DLinear_ETTh2_h720_fredf_s2021_det,5,defect,0.01244463151307894,0.18046478255724116
DLinear_ETTh2_h720_fredf_s2021_det,5,control,0.01423391707974684,-0.31469288429604036
DLinear_ETTh2_h720_fredf_s2021_det,6,defect,0.0034095006608759575,0.23400145822336174
DLinear_ETTh2_h720_fredf_s2021_det,6,control,-0.017784212691472453,-0.3053089889406149
DLinear_ETTh2_h720_fredf_s2021_det,7,defect,0.01198920999721799,0.03194932925977932
DLinear_ETTh2_h720_fredf_s2021_det,7,control,0.0020895680626610005,-0.17424722877959598
DLinear_ETTh2_h720_none_s2021_det,0,defect,-0.014701287824619134,0.04411944433863388
DLinear_ETTh2_h720_none_s2021_det,0,control,0.06222929686974196,0.11933808945682484
DLinear_ETTh2_h720_none_s2021_det,1,defect,0.03657650795607706,-0.0648918725254565
DLinear_ETTh2_h720_none_s2021_det,1,control,0.03113822940417379,-0.13013132462448568
DLinear_ETTh2_h720_none_s2021_det,2,defect,0.004499029197974977,-0.13516130812661395
DLinear_ETTh2_h720_none_s2021_det,2,control,0.002615476830719628,-0.17511602714836397
DLinear_ETTh2_h720_none_s2021_det,3,defect,0.012079997501946431,0.21908560486214268
DLinear_ETTh2_h720_none_s2021_det,3,control,0.0170948483638201,-0.0002838503900221918
DLinear_ETTh2_h720_none_s2021_det,4,defect,0.022911041943755837,-0.027586802863454798
DLinear_ETTh2_h720_none_s2021_det,4,control,-0.01645426552397363,0.017628958041553133
DLinear_ETTh2_h720_none_s2021_det,5,defect,0.004035854774048153,0.12447161455876131
DLinear_ETTh2_h720_none_s2021_det,5,control,-0.04565160195770916,-0.11225403561563513
DLinear_ETTh2_h720_none_s2021_det,6,defect,-0.011887337736509476,-0.18000980246441559
DLinear_ETTh2_h720_none_s2021_det,6,control,-0.011619827924443295,0.08537532530782092
DLinear_ETTh2_h720_none_s2021_det,7,defect,-0.010955050541588192,0.1413868459171104
DLinear_ETTh2_h720_none_s2021_det,7,control,0.0072744038120716005,-0.14393084220326088
DLinear_ETTh2_h720_revin_s2021_det,0,defect,0.005155386589723573,-0.2684654361746984
DLinear_ETTh2_h720_revin_s2021_det,0,control,0.015540831451350573,-0.2616118214458382
DLinear_ETTh2_h720_revin_s2021_det,1,defect,0.0345066348959153,0.2924306799285339
DLinear_ETTh2_h720_revin_s2021_det,1,control,0.0009174532182154906,0.12109421147970559
DLinear_ETTh2_h720_revin_s2021_det,2,defect,0.0038030689529849854,0.024506692943817694
DLinear_ETTh2_h720_revin_s2021_det,2,control,-0.013412774718708559,-0.06548829989949659
DLinear_ETTh2_h720_revin_s2021_det,3,defect,0.030028751397961094,0.20460032938457576
DLinear_ETTh2_h720_revin_s2021_det,3,control,0.0017451011252703943,0.028389944994523672
DLinear_ETTh2_h720_revin_s2021_det,4,defect,0.0225046480586409,0.17756305815784804
DLinear_ETTh2_h720_revin_s2021_det,4,control,-0.016271757073898385,0.098469114253224
DLinear_ETTh2_h720_revin_s2021_det,5,defect,0.027294521895044742,0.020975096337347628
DLinear_ETTh2_h720_revin_s2021_det,5,control,-0.03846266206610053,-0.07128080004411172
DLinear_ETTh2_h720_revin_s2021_det,6,defect,-0.022573998534747935,0.14051726775469883
DLinear_ETTh2_h720_revin_s2021_det,6,control,-0.008315676441942204,-0.4723620892297957
DLinear_ETTh2_h720_revin_s2021_det,7,defect,-0.006426336742853019,-0.18574483698941327
DLinear_ETTh2_h720_revin_s2021_det,7,control,-0.007333522114266545,-0.32472019750725517
DLinear_ETTh2_h720_san_lite_s2021_det,0,defect,0.005397013341993759,-0.2888895767811338
DLinear_ETTh2_h720_san_lite_s2021_det,0,control,-0.020189607117340833,-0.4184509626440836
DLinear_ETTh2_h720_san_lite_s2021_det,1,defect,-0.004078479121061849,0.07188925581628361
DLinear_ETTh2_h720_san_lite_s2021_det,1,control,0.0024538560467617363,0.0452067411223956
DLinear_ETTh2_h720_san_lite_s2021_det,2,defect,-0.01252701567404948,0.053055616268421694
DLinear_ETTh2_h720_san_lite_s2021_det,2,control,0.049228409661188875,0.2658224001863645
DLinear_ETTh2_h720_san_lite_s2021_det,3,defect,0.006076285809100857,0.4382785530475887
DLinear_ETTh2_h720_san_lite_s2021_det,3,control,0.001997893492071034,0.028631579768721164
DLinear_ETTh2_h720_san_lite_s2021_det,4,defect,0.01805038358107204,0.2923796242956463
DLinear_ETTh2_h720_san_lite_s2021_det,4,control,-0.009188760908829178,-0.046959700652792154
DLinear_ETTh2_h720_san_lite_s2021_det,5,defect,-0.01900889867372476,-0.08877943773359148
DLinear_ETTh2_h720_san_lite_s2021_det,5,control,-0.01862265521500312,0.0547316030480254
DLinear_ETTh2_h720_san_lite_s2021_det,6,defect,0.021080764659334124,0.0771132009469222
DLinear_ETTh2_h720_san_lite_s2021_det,6,control,0.0034390247336317198,-0.25946745719632697
DLinear_ETTh2_h720_san_lite_s2021_det,7,defect,0.006471210860121414,-0.11137061005714317
DLinear_ETTh2_h720_san_lite_s2021_det,7,control,-0.026190348447556258,-0.03554615265921622
DLinear_ETTh2_h96_fredf_s2021_det,0,defect,0.007202160558033044,0.005447417079219056
DLinear_ETTh2_h96_fredf_s2021_det,0,control,0.009392920353405634,0.012774050059363067
DLinear_ETTh2_h96_fredf_s2021_det,1,defect,-0.007790521591102861,-0.13755648893624772
DLinear_ETTh2_h96_fredf_s2021_det,1,control,0.004464512370819402,-0.12926305992064485
DLinear_ETTh2_h96_fredf_s2021_det,2,defect,0.012721633049146565,0.10983262929964373
DLinear_ETTh2_h96_fredf_s2021_det,2,control,-0.0227017958806372,-0.19732744391392612
DLinear_ETTh2_h96_fredf_s2021_det,3,defect,-0.008910137911554943,-0.10373129709166125
DLinear_ETTh2_h96_fredf_s2021_det,3,control,-0.004322812814282233,-0.18529982808692883
DLinear_ETTh2_h96_fredf_s2021_det,4,defect,0.019585135322427914,-0.15444674387046456
DLinear_ETTh2_h96_fredf_s2021_det,4,control,0.03387815563440121,0.07343346994107837
DLinear_ETTh2_h96_fredf_s2021_det,5,defect,0.003257655427883656,-0.15335321173260646
DLinear_ETTh2_h96_fredf_s2021_det,5,control,0.007849598071237224,0.1633327543040427
DLinear_ETTh2_h96_fredf_s2021_det,6,defect,0.013971867815491578,0.18862373572882662
DLinear_ETTh2_h96_fredf_s2021_det,6,control,-0.026215663174672162,0.050182957433559675
DLinear_ETTh2_h96_fredf_s2021_det,7,defect,0.012974722294205416,-0.3612195073480074
DLinear_ETTh2_h96_fredf_s2021_det,7,control,0.0233905429876959,0.21460679952440379
DLinear_ETTh2_h96_fredf_s2021_shuf,0,defect,-0.0065031559083102005,0.2938171015879258
DLinear_ETTh2_h96_fredf_s2021_shuf,0,control,0.003299248895466534,0.15072906908368516
DLinear_ETTh2_h96_fredf_s2021_shuf,1,defect,0.02818325971554583,0.2446548061229677
DLinear_ETTh2_h96_fredf_s2021_shuf,1,control,-0.016347270841387557,-0.2500458259651949
DLinear_ETTh2_h96_fredf_s2021_shuf,2,defect,0.003720667194077239,0.22722220250276387
DLinear_ETTh2_h96_fredf_s2021_shuf,2,control,-0.017721633545587867,-0.279354287140831
DLinear_ETTh2_h96_fredf_s2021_shuf,3,defect,0.005652335822793602,-0.14504685357308636
DLinear_ETTh2_h96_fredf_s2021_shuf,3,control,0.009358248757206806,0.1653553098371621
DLinear_ETTh2_h96_fredf_s2021_shuf,4,defect,-0.029752122104628614,-0.327199640640915
DLinear_ETTh2_h96_fredf_s2021_shuf,4,control,0.007395095041675463,0.01152592061820856
DLinear_ETTh2_h96_fredf_s2021_shuf,5,defect,0.025807567255847475,0.14836906914362094
DLinear_ETTh2_h96_fredf_s2021_shuf,5,control,-0.030494234311531653,-0.0633690198978555
DLinear_ETTh2_h96_fredf_s2021_shuf,6,defect,0.008152940903543106,0.009104516020647734
DLinear_ETTh2_h96_fredf_s2021_shuf,6,control,0.002931359577557197,0.0669166760803496
DLinear_ETTh2_h96_fredf_s2021_shuf,7,defect,-0.020443334198919527,-0.03521506305788961
DLinear_ETTh2_h96_fredf_s2021_shuf,7,control,0.024241463061697926,0.11217414262870339
DLinear_ETTh2_h96_fredf_s2022_det,0,defect,0.02369069403139727,-0.059891174168847476
DLinear_ETTh2_h96_fredf_s2022_det,0,control,-0.004495702193432161,-0.055658284762583145
DLinear_ETTh2_h96_fredf_s2022_det,1,defect,0.008476941868116929,-0.2776993138422431
DLinear_ETTh2_h96_fredf_s2022_det,1,control,0.014810990706288562,0.09718549818265472
DLinear_ETTh2_h96_fredf_s2022_det,2,defect,-0.02646302936621536,-0.08898938750293921
DLinear_ETTh2_h96_fredf_s2022_det,2,control,-0.012541704574023819,-0.06796086356420561
DLinear_ETTh2_h96_fredf_s2022_det,3,defect,0.0015215647623725902,-0.01929569512184922
DLinear_ETTh2_h96_fredf_s2022_det,3,control,-0.010752114371683304,-0.06897993186321753
DLinear_ETTh2_h96_fredf_s2022_det,4,defect,-0.0059364199014191685,-0.31037039177320624
DLinear_ETTh2_h96_fredf_s2022_det,4,control,-0.003467924876125104,0.11403528759962432
DLinear_ETTh2_h96_fredf_s2022_det,5,defect,-0.03072927085125373,-0.10378124108218775
DLinear_ETTh2_h96_fredf_s2022_det,5,control,-0.04267758131158663,-0.2146128045162728
DLinear_ETTh2_h96_fredf_s2022_det,6,defect,0.03891846826885886,-0.11795580590303593
DLinear_ETTh2_h96_fredf_s2022_det,6,control,0.0020547202320381347,-0.015448797605477444
DLinear_ETTh2_h96_fredf_s2022_det,7,defect,-0.011563311445394584,-0.14449942200204316
DLinear_ETTh2_h96_fredf_s2022_det,7,control,-0.019891864648213874,-0.033023119013000465
DLinear_ETTh2_h96_fredf_s2022_shuf,0,defect,0.014824410312759252,0.04956894548352409
DLinear_ETTh2_h96_fredf_s2022_shuf,0,control,0.0032911976332514244,0.23170138615450642
DLinear_ETTh2_h96_fredf_s2022_shuf,1,defect,-0.017763398119068186,-0.04534883952620806
DLinear_ETTh2_h96_fredf_s2022_shuf,1,control,0.023832974950922597,-0.05411617858052183
DLinear_ETTh2_h96_fredf_s2022_shuf,2,defect,-0.05616341907446113,-0.3183584048883297
DLinear_ETTh2_h96_fredf_s2022_shuf,2,control,0.023770033386959443,0.09527544931712247
DLinear_ETTh2_h96_fredf_s2022_shuf,3,defect,-0.00334703955345794,0.15951772471562886
DLinear_ETTh2_h96_fredf_s2022_shuf,3,control,-0.030159821929124066,0.03694028970333338
DLinear_ETTh2_h96_fredf_s2022_shuf,4,defect,0.002497733836280189,-0.08205533453173654
DLinear_ETTh2_h96_fredf_s2022_shuf,4,control,0.0010826137325546273,-0.094130861291439
DLinear_ETTh2_h96_fredf_s2022_shuf,5,defect,0.007862791297030972,0.13234751963058833
DLinear_ETTh2_h96_fredf_s2022_shuf,5,control,-0.0036999996205329296,0.09717145986071649
DLinear_ETTh2_h96_fredf_s2022_shuf,6,defect,-0.024326063819998498,0.11055394186442191
DLinear_ETTh2_h96_fredf_s2022_shuf,6,control,0.02234908635339324,-0.13277535261972467
DLinear_ETTh2_h96_fredf_s2022_shuf,7,defect,0.015852343455723422,0.09350750039106098
DLinear_ETTh2_h96_fredf_s2022_shuf,7,control,-0.018855868301493873,-0.14293600616341753
DLinear_ETTh2_h96_fredf_s2023_det,0,defect,-0.01846634228886915,-0.13623646180745022
DLinear_ETTh2_h96_fredf_s2023_det,0,control,0.0011395855959049877,0.00876253277146759
DLinear_ETTh2_h96_fredf_s2023_det,1,defect,-0.0044740738342507165,-0.20524065876150377
DLinear_ETTh2_h96_fredf_s2023_det,1,control,-0.004658842340755435,-0.2159795624472507
DLinear_ETTh2_h96_fredf_s2023_det,2,defect,-0.031840292324887345,-0.10815670338173787
DLinear_ETTh2_h96_fredf_s2023_det,2,control,0.04155841358004747,0.0035280172037737384
DLinear_ETTh2_h96_fredf_s2023_det,3,defect,0.05371177819566298,0.10398784554729325
DLinear_ETTh2_h96_fredf_s2023_det,3,control,-0.005817316433322079,-0.1967780822987101
DLinear_ETTh2_h96_fredf_s2023_det,4,defect,-0.014644889040901013,-0.14778565709332533
DLinear_ETTh2_h96_fredf_s2023_det,4,control,0.003680716976468158,0.17771718517474036
DLinear_ETTh2_h96_fredf_s2023_det,5,defect,0.004632512550814672,0.208639199567876
DLinear_ETTh2_h96_fredf_s2023_det,5,control,0.001480700701729233,0.29278096735979925
DLinear_ETTh2_h96_fredf_s2023_det,6,defect,-0.0056998489942438,0.004430759126626518
DLinear_ETTh2_h96_fredf_s2023_det,6,control,0.027443212960558554,0.11854251989082806
DLinear_ETTh2_h96_fredf_s2023_det,7,defect,-0.0002930725164946168,-0.3032095163929554
DLinear_ETTh2_h96_fredf_s2023_det,7,control,0.021661705285988094,0.1587077526141035
DLinear_ETTh2_h96_fredf_s2023_shuf,0,defect,-0.0007871432806771606,-0.020096245302877798
DLinear_ETTh2_h96_fredf_s2023_shuf,0,control,-0.013369139721833513,-0.03411148632571471
DLinear_ETTh2_h96_fredf_s2023_shuf,1,defect,0.03869187241671296,-0.0405974198347487
DLinear_ETTh2_h96_fredf_s2023_shuf,1,control,0.015853737272471972,-0.1453285597629244
DLinear_ETTh2_h96_fredf_s2023_shuf,2,defect,0.008306669300904857,0.037882817450460265
DLinear_ETTh2_h96_fredf_s2023_shuf,2,control,-0.006149225889954233,-0.1954398501681698
DLinear_ETTh2_h96_fredf_s2023_shuf,3,defect,-0.0209669912563054,-0.01702320613016652
DLinear_ETTh2_h96_fredf_s2023_shuf,3,control,-0.008622601225920708,-0.10551985221146891
DLinear_ETTh2_h96_fredf_s2023_shuf,4,defect,-0.0038451120608214815,-0.1421368360522247
DLinear_ETTh2_h96_fredf_s2023_shuf,4,control,-0.04560072407922287,-0.11264168167741831
DLinear_ETTh2_h96_fredf_s2023_shuf,5,defect,-0.0127064751950891,-0.11259800508821763
DLinear_ETTh2_h96_fredf_s2023_shuf,5,control,0.02794774319990788,-0.03996614790903796
DLinear_ETTh2_h96_fredf_s2023_shuf,6,defect,0.003552101763427071,0.13041972343659025
DLinear_ETTh2_h96_fredf_s2023_shuf,6,control,0.032515835649846725,0.07648416674039539
DLinear_ETTh2_h96_fredf_s2023_shuf,7,defect,0.023599278062891867,0.06633895026858382
DLinear_ETTh2_h96_fredf_s2023_shuf,7,control,-0.017044888614255755,-0.2107171219782597
DLinear_ETTh2_h96_none_s2021_det,0,defect,-0.003939405107183733,0.05802306341173437
DLinear_ETTh2_h96_none_s2021_det,0,control,0.0013321031580237595,0.1619131786836041
DLinear_ETTh2_h96_none_s2021_det,1,defect,0.02058547928861703,0.026124920690331493
DLinear_ETTh2_h96_none_s2021_det,1,control,-0.0007926585594882816,0.10769698324197213
DLinear_ETTh2_h96_none_s2021_det,2,defect,0.008663059751357364,0.042720589484240915
DLinear_ETTh2_h96_none_s2021_det,2,control,0.002609411287762494,0.029442545727624902
DLinear_ETTh2_h96_none_s2021_det,3,defect,-0.008567042902602797,-0.11182264192722491
DLinear_ETTh2_h96_none_s2021_det,3,control,0.01491834976369408,0.1524763284042595
DLinear_ETTh2_h96_none_s2021_det,4,defect,-0.02183805754813458,-0.056104322294638236
DLinear_ETTh2_h96_none_s2021_det,4,control,0.007229410577575907,0.23382782162211868
DLinear_ETTh2_h96_none_s2021_det,5,defect,0.005676817372141638,-0.10938426561828654
DLinear_ETTh2_h96_none_s2021_det,5,control,0.01279699565297368,0.06391907588390966
DLinear_ETTh2_h96_none_s2021_det,6,defect,0.021244559550767428,-0.09970879073234
DLinear_ETTh2_h96_none_s2021_det,6,control,-0.014760607678841358,0.1791601156584761
DLinear_ETTh2_h96_none_s2021_det,7,defect,-0.01015915301405543,0.169183194548911
DLinear_ETTh2_h96_none_s2021_det,7,control,-0.0018562140815245314,-0.1254735658371638
DLinear_ETTh2_h96_none_s2021_shuf,0,defect,-0.0009944920431818236,0.054362088858882475
DLinear_ETTh2_h96_none_s2021_shuf,0,control,0.012771575263619491,-0.043828837784441965
DLinear_ETTh2_h96_none_s2021_shuf,1,defect,-0.006522868808955496,-0.1482970906728332
DLinear_ETTh2_h96_none_s2021_shuf,1,control,0.0070689039102033654,0.024134725697632614
DLinear_ETTh2_h96_none_s2021_shuf,2,defect,-0.03169379634679856,0.06901180307082382
DLinear_ETTh2_h96_none_s2021_shuf,2,control,0.008962403343317018,0.023238873268964802
DLinear_ETTh2_h96_none_s2021_shuf,3,defect,0.006596524279764546,-0.11447486553614043
DLinear_ETTh2_h96_none_s2021_shuf,3,control,0.002345742573953976,-0.1573642965321658
DLinear_ETTh2_h96_none_s2021_shuf,4,defect,0.00841443556126873,0.07669136811585885
DLinear_ETTh2_h96_none_s2021_shuf,4,control,-0.004771190870685198,0.09673415190972211
DLinear_ETTh2_h96_none_s2021_shuf,5,defect,0.04522278749396624,-0.11723907698137054
DLinear_ETTh2_h96_none_s2021_shuf,5,control,-0.006904653818551817,-0.07027279765551005
DLinear_ETTh2_h96_none_s2021_shuf,6,defect,-0.0009888153835787548,-0.010568461333582075
DLinear_ETTh2_h96_none_s2021_shuf,6,control,0.006762617612259954,-0.0029906991760416165
DLinear_ETTh2_h96_none_s2021_shuf,7,defect,0.012514375947051699,-0.1120219497123053
DLinear_ETTh2_h96_none_s2021_shuf,7,control,-0.023843679413797923,-0.19646161280975444
DLinear_ETTh2_h96_none_s2022_det,0,defect,0.012228044481155262,-0.11284750386994065
DLinear_ETTh2_h96_none_s2022_det,0,control,0.012103304629195398,0.0573620276240256
DLinear_ETTh2_h96_none_s2022_det,1,defect,-0.009581831984072588,0.17732603303129135
DLinear_ETTh2_h96_none_s2022_det,1,control,0.011080482063127877,-0.06972196202925456
DLinear_ETTh2_h96_none_s2022_det,2,defect,0.013067522635901338,0.19657660503560972
DLinear_ETTh2_h96_none_s2022_det,2,control,0.0028138763063308226,-0.053549898063834124
DLinear_ETTh2_h96_none_s2022_det,3,defect,0.029443431209252243,0.20149019369131807
DLinear_ETTh2_h96_none_s2022_det,3,control,0.008294629350639283,0.0304057497049537
DLinear_ETTh2_h96_none_s2022_det,4,defect,-0.02785562421499156,-0.022043721068558855
DLinear_ETTh2_h96_none_s2022_det,4,control,-0.0286019406554836,-0.26332099166838085
DLinear_ETTh2_h96_none_s2022_det,5,defect,0.035848630644801295,-0.21713419445517462
DLinear_ETTh2_h96_none_s2022_det,5,control,-0.01199300044177686,0.1506342370975346
DLinear_ETTh2_h96_none_s2022_det,6,defect,0.036683662355992734,0.051920658848275576
DLinear_ETTh2_h96_none_s2022_det,6,control,0.014611085739104898,-0.16591681010718115
DLinear_ETTh2_h96_none_s2022_det,7,defect,0.00023224473539642233,-0.09315378820050313
DLinear_ETTh2_h96_none_s2022_det,7,control,0.027813422443687914,-0.04945813782526373
DLinear_ETTh2_h96_none_s2022_shuf,0,defect,-0.014945932268554169,0.14295885196196118
DLinear_ETTh2_h96_none_s2022_shuf,0,control,0.020365589211101362,0.029322620986538508
DLinear_ETTh2_h96_none_s2022_shuf,1,defect,-0.028660283557327276,0.3001718576446791
DLinear_ETTh2_h96_none_s2022_shuf,1,control,-0.011190781249243094,-0.07065727014901317
DLinear_ETTh2_h96_none_s2022_shuf,2,defect,0.032030180574494735,0.07541270267589731
DLinear_ETTh2_h96_none_s2022_shuf,2,control,0.005737274894073093,-0.027878626578123088
DLinear_ETTh2_h96_none_s2022_shuf,3,defect,-0.018073605328870385,0.10507283166432059
DLinear_ETTh2_h96_none_s2022_shuf,3,control,-0.009706863486716599,0.00035986222433965733
DLinear_ETTh2_h96_none_s2022_shuf,4,defect,-0.03484433825520488,0.12912543948354493
DLinear_ETTh2_h96_none_s2022_shuf,4,control,0.021018825322053836,0.13860363091189368
DLinear_ETTh2_h96_none_s2022_shuf,5,defect,0.0069634661442988036,0.227795884327359
DLinear_ETTh2_h96_none_s2022_shuf,5,control,0.010771950043040062,0.11112517748885736
DLinear_ETTh2_h96_none_s2022_shuf,6,defect,0.0037269602116409358,-0.12490530436659447
DLinear_ETTh2_h96_none_s2022_shuf,6,control,-0.008497559722447704,0.04260961695076412
DLinear_ETTh2_h96_none_s2022_shuf,7,defect,-0.0005934674433447318,0.10046614649846532
DLinear_ETTh2_h96_none_s2022_shuf,7,control,0.008319521433791166,-0.1331426103646822
DLinear_ETTh2_h96_none_s2023_det,0,defect,0.010630563804154003,0.04347078719248033
DLinear_ETTh2_h96_none_s2023_det,0,control,-0.01576523782428873,-0.09824551210452741
DLinear_ETTh2_h96_none_s2023_det,1,defect,0.00881148397042655,0.08314344442674938
DLinear_ETTh2_h96_none_s2023_det,1,control,-0.026184503342032303,0.06291700500745362
DLinear_ETTh2_h96_none_s2023_det,2,defect,0.014864546907846268,-0.17713287136917366
DLinear_ETTh2_h96_none_s2023_det,2,control,0.04520051027217346,-0.10444853769349814
DLinear_ETTh2_h96_none_s2023_det,3,defect,0.003474638983670552,0.12262212462659246
DLinear_ETTh2_h96_none_s2023_det,3,control,-0.02462131344609419,-0.28039705082708005
DLinear_ETTh2_h96_none_s2023_det,4,defect,-0.0028174986241801467,-0.09527653332356203
DLinear_ETTh2_h96_none_s2023_det,4,control,-0.021151724764566258,0.20633362950046838
DLinear_ETTh2_h96_none_s2023_det,5,defect,0.0031505319133097722,0.14831250031848237
DLinear_ETTh2_h96_none_s2023_det,5,control,-0.002110359106869704,-0.11236005499343123
DLinear_ETTh2_h96_none_s2023_det,6,defect,0.03215630257930613,0.06583694032024198
DLinear_ETTh2_h96_none_s2023_det,6,control,-0.0145309930892801,0.17896371753672166
DLinear_ETTh2_h96_none_s2023_det,7,defect,0.004711199713578816,-0.17430892489187927
DLinear_ETTh2_h96_none_s2023_det,7,control,-0.030275145860458822,-0.12168569214878887
DLinear_ETTh2_h96_none_s2023_shuf,0,defect,-0.03220038953825944,-0.043947088080547786
DLinear_ETTh2_h96_none_s2023_shuf,0,control,-0.0006234931590298609,-0.06512992154839543
DLinear_ETTh2_h96_none_s2023_shuf,1,defect,0.0014920756867205522,-0.04376115416548994
DLinear_ETTh2_h96_none_s2023_shuf,1,control,0.0012840625132193454,-0.06479849996823557
DLinear_ETTh2_h96_none_s2023_shuf,2,defect,-0.008051687096463537,0.22053732774521917
DLinear_ETTh2_h96_none_s2023_shuf,2,control,-0.016219771685709053,-0.13250540799963723
DLinear_ETTh2_h96_none_s2023_shuf,3,defect,-0.0260434507011353,-0.020528162763370984
DLinear_ETTh2_h96_none_s2023_shuf,3,control,0.007351023920754018,0.2105628274814644
DLinear_ETTh2_h96_none_s2023_shuf,4,defect,-0.009705778820268554,0.18327566078397067
DLinear_ETTh2_h96_none_s2023_shuf,4,control,0.044034293518676645,0.14880494035051453
DLinear_ETTh2_h96_none_s2023_shuf,5,defect,0.0037032169590944766,0.22653662598433102
DLinear_ETTh2_h96_none_s2023_shuf,5,control,-0.003859609667233199,0.256306415059672
DLinear_ETTh2_h96_none_s2023_shuf,6,defect,-0.014687789112532948,0.0408761595897925
DLinear_ETTh2_h96_none_s2023_shuf,6,control,5.550832583438207e-06,-0.18894567544639462
DLinear_ETTh2_h96_none_s2023_shuf,7,defect,-0.017757206485305304,-0.12357976381085876
DLinear_ETTh2_h96_none_s2023_shuf,7,control,-0.01015814945471155,0.06911968174067422
DLinear_ETTh2_h96_revin_s2021_det,0,defect,0.017258471788412607,-0.06992657399432273
DLinear_ETTh2_h96_revin_s2021_det,0,control,-0.018562548297376903,-0.055875477715825995
DLinear_ETTh2_h96_revin_s2021_det,1,defect,-0.015533321963468662,-0.07769067973454231
DLinear_ETTh2_h96_revin_s2021_det,1,control,0.01327203931818155,0.13114631387301998
DLinear_ETTh2_h96_revin_s2021_det,2,defect,-0.01955047150350079,-0.0025243566993301166
DLinear_ETTh2_h96_revin_s2021_det,2,control,-0.002717031443555153,0.22970497407770796
DLinear_ETTh2_h96_revin_s2021_det,3,defect,0.010992402593858792,0.16828991687788267
DLinear_ETTh2_h96_revin_s2021_det,3,control,0.006726788021215345,0.059243610179973906
DLinear_ETTh2_h96_revin_s2021_det,4,defect,-0.0005369000040699208,-0.15847581111966613
DLinear_ETTh2_h96_revin_s2021_det,4,control,0.011856404795823856,0.06839914056399726
DLinear_ETTh2_h96_revin_s2021_det,5,defect,0.008422631261138973,-0.003736040669246845
DLinear_ETTh2_h96_revin_s2021_det,5,control,0.01808112550959125,0.04281493846964259
DLinear_ETTh2_h96_revin_s2021_det,6,defect,0.0025774601135816148,-0.1667897675300587
DLinear_ETTh2_h96_revin_s2021_det,6,control,-0.016906946093808637,0.15349512280280384
DLinear_ETTh2_h96_revin_s2021_det,7,defect,-0.006919861944332864,-0.0027413125014759945
DLinear_ETTh2_h96_revin_s2021_det,7,control,0.0029334661389287214,0.08337209045185702
DLinear_ETTh2_h96_revin_s2021_shuf,0,defect,-0.017742284731579468,0.11113493010139681
DLinear_ETTh2_h96_revin_s2021_shuf,0,control,0.01635108842760734,-0.17109237432083593
DLinear_ETTh2_h96_revin_s2021_shuf,1,defect,-0.002023032933147488,-0.13654719667169543
DLinear_ETTh2_h96_revin_s2021_shuf,1,control,-0.0061455116318830045,0.015272188493284216
DLinear_ETTh2_h96_revin_s2021_shuf,2,defect,-0.0050850642872186545,0.09832296621187987
DLinear_ETTh2_h96_revin_s2021_shuf,2,control,0.04982950077749432,0.04751344964893936
DLinear_ETTh2_h96_revin_s2021_shuf,3,defect,-0.0035938857779091882,0.15054734083045967
DLinear_ETTh2_h96_revin_s2021_shuf,3,control,0.029785522650885653,0.3372897576501337
DLinear_ETTh2_h96_revin_s2021_shuf,4,defect,-0.005697922424248133,-0.08597587373159268
DLinear_ETTh2_h96_revin_s2021_shuf,4,control,0.023770994446545325,0.013452681707624413
DLinear_ETTh2_h96_revin_s2021_shuf,5,defect,0.01972988888690874,0.06426886167770789
DLinear_ETTh2_h96_revin_s2021_shuf,5,control,-0.032217610058588614,-0.3095404289283309
DLinear_ETTh2_h96_revin_s2021_shuf,6,defect,-0.016519211102696225,-0.11371557300289029
DLinear_ETTh2_h96_revin_s2021_shuf,6,control,-0.0068130392479417365,0.20388298743107913
DLinear_ETTh2_h96_revin_s2021_shuf,7,defect,-0.023326741182631328,-0.02347055635082316
DLinear_ETTh2_h96_revin_s2021_shuf,7,control,0.022061470226671733,-0.01852646873700626
DLinear_ETTh2_h96_revin_s2022_det,0,defect,0.025524735336613553,0.15653015945943793
DLinear_ETTh2_h96_revin_s2022_det,0,control,0.01611633520700228,0.12486921444145783
DLinear_ETTh2_h96_revin_s2022_det,1,defect,-0.011492866646824699,-0.17863531458305187
DLinear_ETTh2_h96_revin_s2022_det,1,control,-0.003475693930735653,-0.047448852490926736
DLinear_ETTh2_h96_revin_s2022_det,2,defect,0.0019097158413695595,-0.2655386920763856
DLinear_ETTh2_h96_revin_s2022_det,2,control,-0.004188050964020517,0.07445688037588086
DLinear_ETTh2_h96_revin_s2022_det,3,defect,0.04388901330239918,0.3205907791877535
DLinear_ETTh2_h96_revin_s2022_det,3,control,0.010751518290482225,0.1584424626003926
DLinear_ETTh2_h96_revin_s2022_det,4,defect,-0.025851895587105874,0.07988849122724836
DLinear_ETTh2_h96_revin_s2022_det,4,control,-0.0006572053562290142,0.03733704199922394
DLinear_ETTh2_h96_revin_s2022_det,5,defect,0.002878773882857167,0.17917442295126138
DLinear_ETTh2_h96_revin_s2022_det,5,control,0.0006405395258166823,-0.08213925690033973
DLinear_ETTh2_h96_revin_s2022_det,6,defect,0.011470294446114237,-0.09170161094285036
DLinear_ETTh2_h96_revin_s2022_det,6,control,0.018803583144650207,0.10839306979072273
DLinear_ETTh2_h96_revin_s2022_det,7,defect,-0.003655586015261723,0.029531836788975974
DLinear_ETTh2_h96_revin_s2022_det,7,control,0.0006641988941977089,-0.12078033739242051
DLinear_ETTh2_h96_revin_s2022_shuf,0,defect,-0.0015182888156412063,-0.013352700502611486
DLinear_ETTh2_h96_revin_s2022_shuf,0,control,0.005998405679999434,0.1416908591776603
DLinear_ETTh2_h96_revin_s2022_shuf,1,defect,0.005335971141714711,0.2398362719354587
DLinear_ETTh2_h96_revin_s2022_shuf,1,control,0.008743254060718464,0.031977830021030496
DLinear_ETTh2_h96_revin_s2022_shuf,2,defect,-0.01279514352368719,0.2530714487842044
DLinear_ETTh2_h96_revin_s2022_shuf,2,control,0.025274453450757958,0.09964079118058988
DLinear_ETTh2_h96_revin_s2022_shuf,3,defect,-0.001058492998284664,-0.13790519507954327
DLinear_ETTh2_h96_revin_s2022_shuf,3,control,0.02497236027578883,0.0199886015883825
DLinear_ETTh2_h96_revin_s2022_shuf,4,defect,0.003767310964707593,-0.06145268507909793
DLinear_ETTh2_h96_revin_s2022_shuf,4,control,-0.00877469859401277,-0.18254207836086553
DLinear_ETTh2_h96_revin_s2022_shuf,5,defect,-0.014488607993847774,-0.27324301075772084
DLinear_ETTh2_h96_revin_s2022_shuf,5,control,-0.028422587706599074,-0.2301009268322349
DLinear_ETTh2_h96_revin_s2022_shuf,6,defect,-0.022324904785888743,-0.1901793484745395
DLinear_ETTh2_h96_revin_s2022_shuf,6,control,-0.008057647351828436,-0.10167032508940563
DLinear_ETTh2_h96_revin_s2022_shuf,7,defect,0.019082323046990222,-0.02831225790090247
DLinear_ETTh2_h96_revin_s2022_shuf,7,control,0.0007552098830240917,-0.11880930610000712
DLinear_ETTh2_h96_revin_s2023_det,0,defect,0.0038257352553287436,0.03054969537987864
DLinear_ETTh2_h96_revin_s2023_det,0,control,0.01595923086792667,0.3339311759363143
DLinear_ETTh2_h96_revin_s2023_det,1,defect,6.933652084746503e-05,-0.16417124378568188
DLinear_ETTh2_h96_revin_s2023_det,1,control,0.005678086752891377,-0.07069708201756908
DLinear_ETTh2_h96_revin_s2023_det,2,defect,0.005840461383071044,-0.02972325347119697
DLinear_ETTh2_h96_revin_s2023_det,2,control,0.021079567274157662,-0.2679510474794765
DLinear_ETTh2_h96_revin_s2023_det,3,defect,-0.00763205426269944,0.013529174747509042
DLinear_ETTh2_h96_revin_s2023_det,3,control,0.021019859159067084,0.02855239639099823
DLinear_ETTh2_h96_revin_s2023_det,4,defect,-0.013569304122473144,-0.11134500454795727
DLinear_ETTh2_h96_revin_s2023_det,4,control,-0.002249843774505715,0.01088635113001467
DLinear_ETTh2_h96_revin_s2023_det,5,defect,-0.00880286051424353,0.09415090719751822
DLinear_ETTh2_h96_revin_s2023_det,5,control,0.03934496075730244,-0.17707048399519584
DLinear_ETTh2_h96_revin_s2023_det,6,defect,0.021471503163241274,-0.013264001215410135
DLinear_ETTh2_h96_revin_s2023_det,6,control,0.004125986856037312,0.20488464931928593
DLinear_ETTh2_h96_revin_s2023_det,7,defect,0.022698273273309973,0.0523025355317272
DLinear_ETTh2_h96_revin_s2023_det,7,control,0.0373014427409398,0.25733197750263237
DLinear_ETTh2_h96_revin_s2023_shuf,0,defect,-0.01222831918789497,-0.23638519098983246
DLinear_ETTh2_h96_revin_s2023_shuf,0,control,-0.023488648614031767,0.04839152178522959
DLinear_ETTh2_h96_revin_s2023_shuf,1,defect,0.03013632060417946,0.16596312621160664
DLinear_ETTh2_h96_revin_s2023_shuf,1,control,-0.04849187067457814,-0.1360639053596262
DLinear_ETTh2_h96_revin_s2023_shuf,2,defect,0.013332423786379785,0.11881966640538744
DLinear_ETTh2_h96_revin_s2023_shuf,2,control,0.02728179828221064,0.18288488409744613
DLinear_ETTh2_h96_revin_s2023_shuf,3,defect,-0.015387783986305754,0.023130597245258462
DLinear_ETTh2_h96_revin_s2023_shuf,3,control,-0.012988862136651009,0.031018367243184346
DLinear_ETTh2_h96_revin_s2023_shuf,4,defect,-0.01030443572409189,-0.03116125900389163
DLinear_ETTh2_h96_revin_s2023_shuf,4,control,0.011455685734702467,0.24188073999226178
DLinear_ETTh2_h96_revin_s2023_shuf,5,defect,0.03211793172689246,0.033188988300511986
DLinear_ETTh2_h96_revin_s2023_shuf,5,control,-0.021893449213148373,-0.11636189341671725
DLinear_ETTh2_h96_revin_s2023_shuf,6,defect,0.005860085398381566,0.15480434773757393
DLinear_ETTh2_h96_revin_s2023_shuf,6,control,0.0009246652690182791,-0.20369612097434978
DLinear_ETTh2_h96_revin_s2023_shuf,7,defect,-0.01705877291757227,-0.17232088651417185
DLinear_ETTh2_h96_revin_s2023_shuf,7,control,-0.010450601723140203,-0.2765149647189639
DLinear_ETTh2_h96_san_lite_s2021_det,0,defect,-0.013107419521038253,-0.0774173787442737
DLinear_ETTh2_h96_san_lite_s2021_det,0,control,-0.0030238132717696074,0.04869998583919627
DLinear_ETTh2_h96_san_lite_s2021_det,1,defect,-0.02485127357387267,-0.02189305715851914
DLinear_ETTh2_h96_san_lite_s2021_det,1,control,0.018350219782305145,0.3179618050558869
DLinear_ETTh2_h96_san_lite_s2021_det,2,defect,0.01774701560530585,0.041661477719738785
DLinear_ETTh2_h96_san_lite_s2021_det,2,control,-0.006725083661357613,0.2956085824806693
DLinear_ETTh2_h96_san_lite_s2021_det,3,defect,0.014511897380793648,-0.0524011527857344
DLinear_ETTh2_h96_san_lite_s2021_det,3,control,0.005596484736388117,0.18215187894686088
DLinear_ETTh2_h96_san_lite_s2021_det,4,defect,-0.02188919053795034,0.024858549844668298
DLinear_ETTh2_h96_san_lite_s2021_det,4,control,-0.04570101460242284,-0.11592382211688694
DLinear_ETTh2_h96_san_lite_s2021_det,5,defect,0.0020037511228881,0.08642222229555498
DLinear_ETTh2_h96_san_lite_s2021_det,5,control,-0.016143916045279327,-0.28387272160737764
DLinear_ETTh2_h96_san_lite_s2021_det,6,defect,-0.02116552851636911,-0.20835238984877488
DLinear_ETTh2_h96_san_lite_s2021_det,6,control,-0.03603712229284139,-0.07468950283225863
DLinear_ETTh2_h96_san_lite_s2021_det,7,defect,0.007102401950586567,-0.10319193968944347
DLinear_ETTh2_h96_san_lite_s2021_det,7,control,0.005056521274999134,-0.057063931268083956
DLinear_ETTh2_h96_san_lite_s2021_shuf,0,defect,-0.003150728014580957,-0.10710826811842888
DLinear_ETTh2_h96_san_lite_s2021_shuf,0,control,0.020661302706188652,0.11061204830651115
DLinear_ETTh2_h96_san_lite_s2021_shuf,1,defect,-0.013564887677413876,-0.009636163451881886
DLinear_ETTh2_h96_san_lite_s2021_shuf,1,control,-0.041042307810421425,-0.3554588610162605
DLinear_ETTh2_h96_san_lite_s2021_shuf,2,defect,-0.01650001373264426,0.05406612943940746
DLinear_ETTh2_h96_san_lite_s2021_shuf,2,control,-0.023730826462085523,-0.2520758428924926
DLinear_ETTh2_h96_san_lite_s2021_shuf,3,defect,0.029965102528855328,-0.023036302536000985
DLinear_ETTh2_h96_san_lite_s2021_shuf,3,control,0.008140425420431125,-0.2036567554851776
DLinear_ETTh2_h96_san_lite_s2021_shuf,4,defect,0.0010180178070175944,-0.06764508740281022
DLinear_ETTh2_h96_san_lite_s2021_shuf,4,control,-0.010598992610548563,-0.20427552943545832
DLinear_ETTh2_h96_san_lite_s2021_shuf,5,defect,-0.006740166793408456,0.09075042798277126
DLinear_ETTh2_h96_san_lite_s2021_shuf,5,control,-0.011733968993289181,0.20362600257716998
DLinear_ETTh2_h96_san_lite_s2021_shuf,6,defect,0.028661184067697226,-0.027325095050964344
DLinear_ETTh2_h96_san_lite_s2021_shuf,6,control,0.0017498660844973602,0.0003357773251486593
DLinear_ETTh2_h96_san_lite_s2021_shuf,7,defect,0.003508588946803513,-0.0025979824954505885
DLinear_ETTh2_h96_san_lite_s2021_shuf,7,control,-0.004309782633573631,0.13631308122268648
DLinear_ETTh2_h96_san_lite_s2022_det,0,defect,0.0022102040968699837,-0.28520253482407965
DLinear_ETTh2_h96_san_lite_s2022_det,0,control,0.021368941087356107,0.2452255628788373
DLinear_ETTh2_h96_san_lite_s2022_det,1,defect,0.005789950028729669,0.0003286182394615937
DLinear_ETTh2_h96_san_lite_s2022_det,1,control,-0.002832487872052998,0.24293191149227114
DLinear_ETTh2_h96_san_lite_s2022_det,2,defect,-0.00746544540053968,-0.011017587927117118
DLinear_ETTh2_h96_san_lite_s2022_det,2,control,-0.023020283226677207,0.1189883797369713
DLinear_ETTh2_h96_san_lite_s2022_det,3,defect,-0.00937435239360656,0.20470494981016862
DLinear_ETTh2_h96_san_lite_s2022_det,3,control,0.025628899554329027,-0.2836598612787676
DLinear_ETTh2_h96_san_lite_s2022_det,4,defect,0.020544324686996816,-0.10351206965939602
DLinear_ETTh2_h96_san_lite_s2022_det,4,control,-0.009540172406460138,-0.13437332144487413
DLinear_ETTh2_h96_san_lite_s2022_det,5,defect,-0.0013512555303336112,-0.2478838256394453
DLinear_ETTh2_h96_san_lite_s2022_det,5,control,0.0024088757946323495,0.29159879411541617
DLinear_ETTh2_h96_san_lite_s2022_det,6,defect,-0.029251982200537582,-0.12972486734749397
DLinear_ETTh2_h96_san_lite_s2022_det,6,control,-0.02977092560555517,0.010446759941800582
DLinear_ETTh2_h96_san_lite_s2022_det,7,defect,-0.030290665637266467,-0.16887706570389618
DLinear_ETTh2_h96_san_lite_s2022_det,7,control,0.01766810900910794,-0.025857149084191615
DLinear_ETTh2_h96_san_lite_s2022_shuf,0,defect,-0.010263151684522142,0.13134348094283838
DLinear_ETTh2_h96_san_lite_s2022_shuf,0,control,0.002692355459141628,-0.3154631330201614
DLinear_ETTh2_h96_san_lite_s2022_shuf,1,defect,-0.018389356151862424,-0.2377695604718039
DLinear_ETTh2_h96_san_lite_s2022_shuf,1,control,0.00933086179809022,-0.04921609119347047
DLinear_ETTh2_h96_san_lite_s2022_shuf,2,defect,0.03953954099369858,0.20045910774957076
DLinear_ETTh2_h96_san_lite_s2022_shuf,2,control,0.0324696563003572,0.3471667053696328
DLinear_ETTh2_h96_san_lite_s2022_shuf,3,defect,0.01432260410133198,0.3462903419139048
DLinear_ETTh2_h96_san_lite_s2022_shuf,3,control,-0.03035607902163487,-0.3079232681592222
DLinear_ETTh2_h96_san_lite_s2022_shuf,4,defect,-0.0005828490872613548,0.11455125619791348
DLinear_ETTh2_h96_san_lite_s2022_shuf,4,control,0.01457678134728262,-0.09077355909614261
DLinear_ETTh2_h96_san_lite_s2022_shuf,5,defect,0.013021763819051036,-0.27551433851147933
DLinear_ETTh2_h96_san_lite_s2022_shuf,5,control,0.011030027093307184,-0.2949564016654416
DLinear_ETTh2_h96_san_lite_s2022_shuf,6,defect,0.0066790043068505585,-0.05085855812258231
DLinear_ETTh2_h96_san_lite_s2022_shuf,6,control,0.00393177826765937,0.092571079913836
DLinear_ETTh2_h96_san_lite_s2022_shuf,7,defect,0.003945984777030521,0.14728773539236764
DLinear_ETTh2_h96_san_lite_s2022_shuf,7,control,0.023019767141462102,0.07197460589336635
DLinear_ETTh2_h96_san_lite_s2023_det,0,defect,0.02851190711363861,-0.05065369124311813
DLinear_ETTh2_h96_san_lite_s2023_det,0,control,-0.010254114915744895,-0.2281024493655274
DLinear_ETTh2_h96_san_lite_s2023_det,1,defect,0.021317337010067362,0.11265404580276898
DLinear_ETTh2_h96_san_lite_s2023_det,1,control,-0.014059711181603375,0.08624358407943652
DLinear_ETTh2_h96_san_lite_s2023_det,2,defect,-0.0018663235742526522,0.31179348465304607
DLinear_ETTh2_h96_san_lite_s2023_det,2,control,-0.0009127869761557298,0.13672172956896395
DLinear_ETTh2_h96_san_lite_s2023_det,3,defect,0.019433954291804646,-0.12795275080788915
DLinear_ETTh2_h96_san_lite_s2023_det,3,control,-0.003590575943989299,0.13508323194969074
DLinear_ETTh2_h96_san_lite_s2023_det,4,defect,0.03618409436255399,0.34726352609182415
DLinear_ETTh2_h96_san_lite_s2023_det,4,control,0.01097488374916654,-0.04454522254989452
DLinear_ETTh2_h96_san_lite_s2023_det,5,defect,-0.01814669888342047,0.044961596427225685
DLinear_ETTh2_h96_san_lite_s2023_det,5,control,0.042353208143466936,-0.0507458333228327
DLinear_ETTh2_h96_san_lite_s2023_det,6,defect,0.02903159437022027,0.2836725193906185
DLinear_ETTh2_h96_san_lite_s2023_det,6,control,-0.00019819283290185128,-0.02567291238577634
DLinear_ETTh2_h96_san_lite_s2023_det,7,defect,0.030834741670073534,-0.025466536515713418
DLinear_ETTh2_h96_san_lite_s2023_det,7,control,-0.004237482372551173,0.17849277917316292
DLinear_ETTh2_h96_san_lite_s2023_shuf,0,defect,0.013577465937039408,-0.059517799284470846
DLinear_ETTh2_h96_san_lite_s2023_shuf,0,control,-0.02350979450068786,0.23060799340826846
DLinear_ETTh2_h96_san_lite_s2023_shuf,1,defect,-0.008547272784699392,-0.34883944731666994
DLinear_ETTh2_h96_san_lite_s2023_shuf,1,control,-0.01050922100543672,0.1234812912779557
DLinear_ETTh2_h96_san_lite_s2023_shuf,2,defect,-0.00760530838358229,0.19031943708149976
DLinear_ETTh2_h96_san_lite_s2023_shuf,2,control,-0.011796700569418747,0.0780529560615606
DLinear_ETTh2_h96_san_lite_s2023_shuf,3,defect,-0.024408379411818677,-0.15104525782044845
DLinear_ETTh2_h96_san_lite_s2023_shuf,3,control,0.016019998932056367,0.017489758449884166
DLinear_ETTh2_h96_san_lite_s2023_shuf,4,defect,0.014795199834027661,0.1161877559964439
DLinear_ETTh2_h96_san_lite_s2023_shuf,4,control,-0.015016756216851489,-0.1537784695270353
DLinear_ETTh2_h96_san_lite_s2023_shuf,5,defect,0.01343562111003347,0.1330209560391287
DLinear_ETTh2_h96_san_lite_s2023_shuf,5,control,-0.013649335941883367,-0.19118333367940393
DLinear_ETTh2_h96_san_lite_s2023_shuf,6,defect,0.007998979463430337,0.07341094530645637
DLinear_ETTh2_h96_san_lite_s2023_shuf,6,control,-0.018647557642919768,0.07840684471620937
DLinear_ETTh2_h96_san_lite_s2023_shuf,7,defect,-0.008981963472947009,-0.03721387074768162
DLinear_ETTh2_h96_san_lite_s2023_shuf,7,control,-0.031236284025908806,-0.12303896052362256
DLinear_ETTm1_h192_fredf_s2021_det,0,defect,0.0011973877735368124,-0.0833146853387638
DLinear_ETTm1_h192_fredf_s2021_det,0,control,-0.013685959056236863,0.038911818728462375
DLinear_ETTm1_h192_fredf_s2021_det,1,defect,-0.005350262268683661,0.0747049488645755
DLinear_ETTm1_h192_fredf_s2021_det,1,control,0.0049900522785303325,-0.03602758023346205
DLinear_ETTm1_h192_fredf_s2021_det,2,defect,0.005652696458509773,-0.019300428979323717
DLinear_ETTm1_h192_fredf_s2021_det,2,control,-0.011571086785997234,0.07013500726757003
DLinear_ETTm1_h192_fredf_s2021_det,3,defect,0.003633014439230397,0.07814681386605432
DLinear_ETTm1_h192_fredf_s2021_det,3,control,0.01051781082574241,-0.05204060840325927
DLinear_ETTm1_h192_fredf_s2021_det,4,defect,0.0025497893117348695,0.02794009623865941
DLinear_ETTm1_h192_fredf_s2021_det,4,control,0.006953160581708379,-0.018257547683842724
DLinear_ETTm1_h192_fredf_s2021_det,5,defect,-0.002386553117987768,-0.03244171044773145
DLinear_ETTm1_h192_fredf_s2021_det,5,control,0.0029984212308852318,0.017544428108105085
DLinear_ETTm1_h192_fredf_s2021_det,6,defect,-0.018058801335059507,0.038771449012170556
DLinear_ETTm1_h192_fredf_s2021_det,6,control,0.022337076774517014,0.1201294977323342
DLinear_ETTm1_h192_fredf_s2021_det,7,defect,0.005956514374737654,0.015464265067976638
DLinear_ETTm1_h192_fredf_s2021_det,7,control,-0.01957575322972255,0.07063381832978943
DLinear_ETTm1_h192_none_s2021_det,0,defect,0.013400424546044076,0.08844726997125914
DLinear_ETTm1_h192_none_s2021_det,0,control,0.0008008530001204532,0.05071899406064436
DLinear_ETTm1_h192_none_s2021_det,1,defect,-0.0057670129427466145,-0.04359818432695165
DLinear_ETTm1_h192_none_s2021_det,1,control,-0.018692410542144964,0.00559761957340762
DLinear_ETTm1_h192_none_s2021_det,2,defect,-0.00016248573702905096,0.00037565238804711915
DLinear_ETTm1_h192_none_s2021_det,2,control,0.01930373749184042,-0.0019981541922399547
DLinear_ETTm1_h192_none_s2021_det,3,defect,0.005671209682969579,-0.01552322454683186
DLinear_ETTm1_h192_none_s2021_det,3,control,0.0066638747699735695,0.06145819618150918
DLinear_ETTm1_h192_none_s2021_det,4,defect,0.010106086323944786,0.054043405078072565
DLinear_ETTm1_h192_none_s2021_det,4,control,0.0008135340619031532,0.02688733731100494
DLinear_ETTm1_h192_none_s2021_det,5,defect,0.005234771504305043,-0.1142760953425872
DLinear_ETTm1_h192_none_s2021_det,5,control,-0.0015526967384898965,-0.02345517058736124
DLinear_ETTm1_h192_none_s2021_det,6,defect,0.0019828376541482047,-0.061975293289791324
DLinear_ETTm1_h192_none_s2021_det,6,control,-0.01388576221052639,-0.06281006264432037
DLinear_ETTm1_h192_none_s2021_det,7,defect,-0.0029890503593708842,0.06911006430063724
DLinear_ETTm1_h192_none_s2021_det,7,control,0.014636725818504564,-0.008233592071323716
DLinear_ETTm1_h192_revin_s2021_det,0,defect,-0.007444589731430854,-0.025828753531208087
DLinear_ETTm1_h192_revin_s2021_det,0,control,0.010904020682237335,-0.04537235559263635
DLinear_ETTm1_h192_revin_s2021_det,1,defect,0.01087836659999806,0.04358302366428045
DLinear_ETTm1_h192_revin_s2021_det,1,control,0.0018577709481035817,-0.05080665240374009
DLinear_ETTm1_h192_revin_s2021_det,2,defect,0.016177621790594246,-0.006537575198761801
DLinear_ETTm1_h192_revin_s2021_det,2,control,-0.0063937928140499,-0.11422148110083358
DLinear_ETTm1_h192_revin_s2021_det,3,defect,0.018562397997581102,-0.04692639041880833
DLinear_ETTm1_h192_revin_s2021_det,3,control,0.0016844059221559932,0.026882061671610818
DLinear_ETTm1_h192_revin_s2021_det,4,defect,-0.01568802051766843,0.00826387967038368
DLinear_ETTm1_h192_revin_s2021_det,4,control,0.00011675677971761487,0.006588208212059322
DLinear_ETTm1_h192_revin_s2021_det,5,defect,-0.01457297184518937,0.07714404483122556
DLinear_ETTm1_h192_revin_s2021_det,5,control,-0.026255008951939277,0.041454173499140816
DLinear_ETTm1_h192_revin_s2021_det,6,defect,-0.012490621657659453,-0.036392543363162604
DLinear_ETTm1_h192_revin_s2021_det,6,control,0.011618646034087077,0.04725107856315839
DLinear_ETTm1_h192_revin_s2021_det,7,defect,-0.002210228243538558,-0.0832639831182184
DLinear_ETTm1_h192_revin_s2021_det,7,control,-0.003951997362346972,-0.05584388749675656
DLinear_ETTm1_h192_san_lite_s2021_det,0,defect,0.006224854329389304,-0.09576016436220736
DLinear_ETTm1_h192_san_lite_s2021_det,0,control,0.006237376436214816,0.1254398555300953
DLinear_ETTm1_h192_san_lite_s2021_det,1,defect,0.006773723419454553,-0.03455105188490364
DLinear_ETTm1_h192_san_lite_s2021_det,1,control,-0.011674919105314477,0.01844022887814087
DLinear_ETTm1_h192_san_lite_s2021_det,2,defect,0.010251524056136427,0.06613909122485498
DLinear_ETTm1_h192_san_lite_s2021_det,2,control,0.0001500128463644568,-0.06746772664775862
DLinear_ETTm1_h192_san_lite_s2021_det,3,defect,0.002701944371290674,-0.01053902785493907
DLinear_ETTm1_h192_san_lite_s2021_det,3,control,-0.008675287496040072,-0.003046361346182162
DLinear_ETTm1_h192_san_lite_s2021_det,4,defect,-0.008966974596006235,-0.026846928750700924
DLinear_ETTm1_h192_san_lite_s2021_det,4,control,0.019428864233469352,-0.0102910608998023
DLinear_ETTm1_h192_san_lite_s2021_det,5,defect,0.014207190426195306,-0.029012777950525682
DLinear_ETTm1_h192_san_lite_s2021_det,5,control,0.004805475941292768,0.01836651034978178
DLinear_ETTm1_h192_san_lite_s2021_det,6,defect,-0.005495114742493843,0.008014084558423987
DLinear_ETTm1_h192_san_lite_s2021_det,6,control,0.0006752647108759002,-0.011581334257006037
DLinear_ETTm1_h192_san_lite_s2021_det,7,defect,-0.010496025999559443,0.013274217510387655
DLinear_ETTm1_h192_san_lite_s2021_det,7,control,-0.008413493901638733,0.042066411126285806
DLinear_ETTm1_h336_fredf_s2021_det,0,defect,-0.006975444968769777,0.02597802770724922
DLinear_ETTm1_h336_fredf_s2021_det,0,control,1.8509369896667934e-05,-0.022323388366246553
DLinear_ETTm1_h336_fredf_s2021_det,1,defect,-0.013752256439169507,0.07092101704417138
DLinear_ETTm1_h336_fredf_s2021_det,1,control,0.011767960881520673,0.04635440548663379
DLinear_ETTm1_h336_fredf_s2021_det,2,defect,0.00817602172774302,-0.018694776865649368
DLinear_ETTm1_h336_fredf_s2021_det,2,control,-0.002245876963226996,0.011942653170461656
DLinear_ETTm1_h336_fredf_s2021_det,3,defect,0.008217896396171797,-0.09545755650759469
DLinear_ETTm1_h336_fredf_s2021_det,3,control,0.010696795193543536,-0.016345809532736715
DLinear_ETTm1_h336_fredf_s2021_det,4,defect,0.001652931349376189,-0.0604283623081225
DLinear_ETTm1_h336_fredf_s2021_det,4,control,-0.017206914470615387,0.05293373013106337
DLinear_ETTm1_h336_fredf_s2021_det,5,defect,0.0015009135713011626,0.06014512777835573
DLinear_ETTm1_h336_fredf_s2021_det,5,control,0.00028602647113148516,0.04786622288342113
DLinear_ETTm1_h336_fredf_s2021_det,6,defect,-0.003659264011251494,0.024642081726758698
DLinear_ETTm1_h336_fredf_s2021_det,6,control,-0.007114204871695772,-0.0279399806580467
DLinear_ETTm1_h336_fredf_s2021_det,7,defect,-0.001945056217876426,-0.0672106133525415
DLinear_ETTm1_h336_fredf_s2021_det,7,control,0.0032278536499845477,-0.053372866173478715
DLinear_ETTm1_h336_fredf_s2021_shuf,0,defect,-0.000828174796261166,0.026432959019561945
DLinear_ETTm1_h336_fredf_s2021_shuf,0,control,0.011382807953322423,-0.001713235910991644
DLinear_ETTm1_h336_fredf_s2021_shuf,1,defect,0.010866378894983965,-0.08601052303222555
DLinear_ETTm1_h336_fredf_s2021_shuf,1,control,-0.0037019938000360025,0.0159114225755933
DLinear_ETTm1_h336_fredf_s2021_shuf,2,defect,0.008186391797042395,0.12938391420273412
DLinear_ETTm1_h336_fredf_s2021_shuf,2,control,-0.01091698129497243,0.017834787986410316
DLinear_ETTm1_h336_fredf_s2021_shuf,3,defect,-0.006887972957395124,-0.01942944700098423
DLinear_ETTm1_h336_fredf_s2021_shuf,3,control,0.0010827262846958153,0.01979404805641599
DLinear_ETTm1_h336_fredf_s2021_shuf,4,defect,0.0066457293971421945,0.020781830962864664
DLinear_ETTm1_h336_fredf_s2021_shuf,4,control,0.002241645333725141,-0.07475628023062907
DLinear_ETTm1_h336_fredf_s2021_shuf,5,defect,-0.011817157330668373,0.09744822576875029
DLinear_ETTm1_h336_fredf_s2021_shuf,5,control,-0.010068669288419416,0.023219660913920012
DLinear_ETTm1_h336_fredf_s2021_shuf,6,defect,0.0015715929539266609,0.04838965705924041
DLinear_ETTm1_h336_fredf_s2021_shuf,6,control,0.011527396444786349,-0.06383273892019968
DLinear_ETTm1_h336_fredf_s2021_shuf,7,defect,0.006217686188852866,0.03745055797847809
DLinear_ETTm1_h336_fredf_s2021_shuf,7,control,0.0012369829312906613,0.09510025537245632
DLinear_ETTm1_h336_fredf_s2022_det,0,defect,-0.003909362066379222,-0.014521986117126216
DLinear_ETTm1_h336_fredf_s2022_det,0,control,-0.007135124809939033,-0.014482171412051763
DLinear_ETTm1_h336_fredf_s2022_det,1,defect,0.014709900660243623,-0.015420852444211618
DLinear_ETTm1_h336_fredf_s2022_det,1,control,0.009399558854371748,0.025642995442246422
DLinear_ETTm1_h336_fredf_s2022_det,2,defect,-0.009659625349622862,0.012398650910526856
DLinear_ETTm1_h336_fredf_s2022_det,2,control,0.025319261554352174,-0.1196677739595073
DLinear_ETTm1_h336_fredf_s2022_det,3,defect,0.0017707673305932027,-0.07587232889286682
DLinear_ETTm1_h336_fredf_s2022_det,3,control,-0.018108147007221177,0.0723574156913143
DLinear_ETTm1_h336_fredf_s2022_det,4,defect,0.0021211123961936353,-0.009779316616885959
DLinear_ETTm1_h336_fredf_s2022_det,4,control,-0.006491135443936111,-0.05392131178409567
DLinear_ETTm1_h336_fredf_s2022_det,5,defect,-0.010829737892247235,0.03048923643220227
DLinear_ETTm1_h336_fredf_s2022_det,5,control,-0.01581108684119846,-0.004295241091953309
DLinear_ETTm1_h336_fredf_s2022_det,6,defect,-0.009394107136760563,0.05524811534068561
DLinear_ETTm1_h336_fredf_s2022_det,6,control,-0.00443332149825363,0.005529943559297062
DLinear_ETTm1_h336_fredf_s2022_det,7,defect,0.0006281977100713376,-0.0327399326455538
DLinear_ETTm1_h336_fredf_s2022_det,7,control,-0.0013693235121183035,-0.12367515255703344
DLinear_ETTm1_h336_fredf_s2022_shuf,0,defect,-0.009971276393857809,-0.06724393984581464
DLinear_ETTm1_h336_fredf_s2022_shuf,0,control,0.027139624592075508,0.0454780372199949
DLinear_ETTm1_h336_fredf_s2022_shuf,1,defect,-0.02159399219697015,0.11130541060685034
DLinear_ETTm1_h336_fredf_s2022_shuf,1,control,-0.014206677799446291,-0.059609454515809505
DLinear_ETTm1_h336_fredf_s2022_shuf,2,defect,-0.012678388426425049,0.08911222825975718
DLinear_ETTm1_h336_fredf_s2022_shuf,2,control,-0.010268001643672772,0.04797562374224658
DLinear_ETTm1_h336_fredf_s2022_shuf,3,defect,-0.007758985828711696,0.00933928722432703
DLinear_ETTm1_h336_fredf_s2022_shuf,3,control,0.0011333811769892847,-0.014012009319172722
DLinear_ETTm1_h336_fredf_s2022_shuf,4,defect,0.007120692585566773,-0.07276661734553293
DLinear_ETTm1_h336_fredf_s2022_shuf,4,control,-0.008394415436823583,-0.11347652970471249
DLinear_ETTm1_h336_fredf_s2022_shuf,5,defect,0.0019333253298822728,-0.014872485349280656
DLinear_ETTm1_h336_fredf_s2022_shuf,5,control,-0.0026758256182583223,-0.023575013848329385
DLinear_ETTm1_h336_fredf_s2022_shuf,6,defect,-0.006359202143724133,-0.04963595147268781
DLinear_ETTm1_h336_fredf_s2022_shuf,6,control,-0.007396669069555245,-0.03152532622765861
DLinear_ETTm1_h336_fredf_s2022_shuf,7,defect,0.0046753366599398055,0.058508912648978936
DLinear_ETTm1_h336_fredf_s2022_shuf,7,control,0.008928752326025911,-0.05096778308520685
DLinear_ETTm1_h336_fredf_s2023_det,0,defect,-0.004901877216294524,0.006553898773496774
DLinear_ETTm1_h336_fredf_s2023_det,0,control,0.019059518148807124,-0.03502937840938978
DLinear_ETTm1_h336_fredf_s2023_det,1,defect,-0.00975063217887393,0.01460404736055347
DLinear_ETTm1_h336_fredf_s2023_det,1,control,0.0006304957428473924,-0.01675014708755619
DLinear_ETTm1_h336_fredf_s2023_det,2,defect,-0.001735038567165109,0.09162636483431362
DLinear_ETTm1_h336_fredf_s2023_det,2,control,0.004172420503075425,0.037272995927735815
DLinear_ETTm1_h336_fredf_s2023_det,3,defect,-0.00475087728815956,-0.0357385033426634
DLinear_ETTm1_h336_fredf_s2023_det,3,control,0.017069338984760533,0.03616295918037617
DLinear_ETTm1_h336_fredf_s2023_det,4,defect,-0.011973718681916478,0.04822161053699169
DLinear_ETTm1_h336_fredf_s2023_det,4,control,0.005780086387628313,0.08816572419496943
DLinear_ETTm1_h336_fredf_s2023_det,5,defect,-0.008894234153007698,-0.05460838010845379
DLinear_ETTm1_h336_fredf_s2023_det,5,control,0.008191136377786604,0.03986237641313356
DLinear_ETTm1_h336_fredf_s2023_det,6,defect,0.014510089575234164,-0.014547275460763823
DLinear_ETTm1_h336_fredf_s2023_det,6,control,0.0161189028253401,0.018119259732243383
DLinear_ETTm1_h336_fredf_s2023_det,7,defect,0.0008937467571221555,0.015167687770495894
DLinear_ETTm1_h336_fredf_s2023_det,7,control,-0.008364054661417125,0.04008636073788432
DLinear_ETTm1_h336_fredf_s2023_shuf,0,defect,0.005674733258971341,0.08133713076670723
DLinear_ETTm1_h336_fredf_s2023_shuf,0,control,0.011934445538692866,-0.0131178679651406
DLinear_ETTm1_h336_fredf_s2023_shuf,1,defect,-0.015204402049860876,0.029964409812833707
DLinear_ETTm1_h336_fredf_s2023_shuf,1,control,0.024301881662068387,0.004421556121839294
DLinear_ETTm1_h336_fredf_s2023_shuf,2,defect,-0.01695993381625188,-0.04688422531412678
DLinear_ETTm1_h336_fredf_s2023_shuf,2,control,-0.006421519144192855,-0.0677376658156201
DLinear_ETTm1_h336_fredf_s2023_shuf,3,defect,-0.004419490529931457,0.029853912624624154
DLinear_ETTm1_h336_fredf_s2023_shuf,3,control,0.014282192237336466,0.11087450736492623
DLinear_ETTm1_h336_fredf_s2023_shuf,4,defect,-0.013830484050121425,-0.00901343512730138
DLinear_ETTm1_h336_fredf_s2023_shuf,4,control,0.004317180415704887,0.03071870774104781
DLinear_ETTm1_h336_fredf_s2023_shuf,5,defect,-0.003782584160817198,0.07451392884824992
DLinear_ETTm1_h336_fredf_s2023_shuf,5,control,-0.003682063398809384,-0.00218764778614089
DLinear_ETTm1_h336_fredf_s2023_shuf,6,defect,-0.0024481722910089107,0.0013124293875819467
DLinear_ETTm1_h336_fredf_s2023_shuf,6,control,-0.00425578143033943,-0.0358086544659157
DLinear_ETTm1_h336_fredf_s2023_shuf,7,defect,0.014788039524840715,0.005409898129557625
DLinear_ETTm1_h336_fredf_s2023_shuf,7,control,0.008184010283417474,0.11496822920757054
DLinear_ETTm1_h336_none_s2021_det,0,defect,-0.009741247281571901,0.012016445587496092
DLinear_ETTm1_h336_none_s2021_det,0,control,-0.0002024795997017376,-0.11304405683331067
DLinear_ETTm1_h336_none_s2021_det,1,defect,0.004591270418249432,-0.01794570290805747
DLinear_ETTm1_h336_none_s2021_det,1,control,0.00017585898913757193,-0.04700671344411713
DLinear_ETTm1_h336_none_s2021_det,2,defect,0.014895207287081382,0.05730868887587513
DLinear_ETTm1_h336_none_s2021_det,2,control,0.012224520945291166,-0.017632358794163066
DLinear_ETTm1_h336_none_s2021_det,3,defect,-0.0073479981437861224,0.09019582751730697
DLinear_ETTm1_h336_none_s2021_det,3,control,0.004697146574784008,-0.03325117442187804
DLinear_ETTm1_h336_none_s2021_det,4,defect,-0.0023812126070968795,-0.036761625847007616
DLinear_ETTm1_h336_none_s2021_det,4,control,0.002082043712163001,-0.06556145824230292
DLinear_ETTm1_h336_none_s2021_det,5,defect,-0.013436523888600062,0.06881265452289137
DLinear_ETTm1_h336_none_s2021_det,5,control,0.007726545346883015,0.08279096653943455
DLinear_ETTm1_h336_none_s2021_det,6,defect,-0.012940066502405454,-0.108408336633963
DLinear_ETTm1_h336_none_s2021_det,6,control,-0.006164014017959001,-0.11051840091699526
DLinear_ETTm1_h336_none_s2021_det,7,defect,-0.004124415820564241,0.018761719115400147
DLinear_ETTm1_h336_none_s2021_det,7,control,0.0044159070959361195,0.09419008541875386
DLinear_ETTm1_h336_none_s2021_shuf,0,defect,-0.007441439356362918,0.07436435796477128
DLinear_ETTm1_h336_none_s2021_shuf,0,control,-0.006971015894939917,-0.022062376946567784
DLinear_ETTm1_h336_none_s2021_shuf,1,defect,-0.011425241286180502,0.06464135880152724
DLinear_ETTm1_h336_none_s2021_shuf,1,control,-0.0017253107546757504,0.008940220056716228
DLinear_ETTm1_h336_none_s2021_shuf,2,defect,-0.006058817208445842,0.07853687158019329
DLinear_ETTm1_h336_none_s2021_shuf,2,control,0.006144949250978142,0.0666714480441353
DLinear_ETTm1_h336_none_s2021_shuf,3,defect,-0.0033477337396219343,-0.06730768707966597
DLinear_ETTm1_h336_none_s2021_shuf,3,control,0.015469496263569917,0.002200157860635387
DLinear_ETTm1_h336_none_s2021_shuf,4,defect,0.01125779760032318,-0.1146199771299433
DLinear_ETTm1_h336_none_s2021_shuf,4,control,0.026607745047789694,0.058832132317408505
DLinear_ETTm1_h336_none_s2021_shuf,5,defect,0.004019190046377278,-0.00478167896471185
DLinear_ETTm1_h336_none_s2021_shuf,5,control,-0.0005791132047785229,0.06639757841093555
DLinear_ETTm1_h336_none_s2021_shuf,6,defect,-0.008549511484381652,-0.020709556266050987
DLinear_ETTm1_h336_none_s2021_shuf,6,control,0.006477264992735418,-0.043562617072264054
DLinear_ETTm1_h336_none_s2021_shuf,7,defect,0.017498340600089656,0.06561600047225394
DLinear_ETTm1_h336_none_s2021_shuf,7,control,0.011869425295852646,-0.02961777667350558
DLinear_ETTm1_h336_none_s2022_det,0,defect,0.00025744320054897456,0.009701063804843084
DLinear_ETTm1_h336_none_s2022_det,0,control,0.010435820493900346,-0.02428224590438373
DLinear_ETTm1_h336_none_s2022_det,1,defect,0.0020665704146623992,0.14995569125162464
DLinear_ETTm1_h336_none_s2022_det,1,control,-0.012911950530017377,0.04775985031666951
DLinear_ETTm1_h336_none_s2022_det,2,defect,-0.00828643493136455,0.00721690425806753
DLinear_ETTm1_h336_none_s2022_det,2,control,0.01855654412705284,-0.012181269821186582
DLinear_ETTm1_h336_none_s2022_det,3,defect,0.009855231076970422,0.03282416351042681
DLinear_ETTm1_h336_none_s2022_det,3,control,0.017863314909912935,-0.07530484444907509
DLinear_ETTm1_h336_none_s2022_det,4,defect,0.0019915416485939592,0.035220013063323515
DLinear_ETTm1_h336_none_s2022_det,4,control,0.010496094843799349,-0.042693289284657966
DLinear_ETTm1_h336_none_s2022_det,5,defect,0.005116177018551619,-0.09725875566315885
DLinear_ETTm1_h336_none_s2022_det,5,control,0.005812580022136209,0.055458124978827905
DLinear_ETTm1_h336_none_s2022_det,6,defect,0.008148923686736137,0.08175734064081146
DLinear_ETTm1_h336_none_s2022_det,6,control,0.0035219151660391725,-0.052410360526404715
DLinear_ETTm1_h336_none_s2022_det,7,defect,0.006372122948123241,-0.02679381460578208
DLinear_ETTm1_h336_none_s2022_det,7,control,0.005424767236426443,0.011415110375197945
DLinear_ETTm1_h336_none_s2022_shuf,0,defect,-0.0009269360711760239,-0.012469535195489566
DLinear_ETTm1_h336_none_s2022_shuf,0,control,-0.0015858466306952225,-0.04670296634782797
DLinear_ETTm1_h336_none_s2022_shuf,1,defect,-0.003861351903922828,-0.03362430374936306
DLinear_ETTm1_h336_none_s2022_shuf,1,control,0.013782864809915493,-0.009458948364951867
DLinear_ETTm1_h336_none_s2022_shuf,2,defect,-0.0032758811397683636,0.04791185920192366
DLinear_ETTm1_h336_none_s2022_shuf,2,control,0.006922736749064305,0.044137412425613226
DLinear_ETTm1_h336_none_s2022_shuf,3,defect,0.0052644781637191515,0.019239244429411675
DLinear_ETTm1_h336_none_s2022_shuf,3,control,-0.01233097929817462,0.1027185210191851
DLinear_ETTm1_h336_none_s2022_shuf,4,defect,-0.0015336430009358782,-0.015542417935055664
DLinear_ETTm1_h336_none_s2022_shuf,4,control,0.001323546077933591,-0.017048723842508398
DLinear_ETTm1_h336_none_s2022_shuf,5,defect,-0.009524381775228253,0.04662710555209279
DLinear_ETTm1_h336_none_s2022_shuf,5,control,-0.008600939143865201,0.022210488520973053
DLinear_ETTm1_h336_none_s2022_shuf,6,defect,0.000809008865168864,0.04008795753420831
DLinear_ETTm1_h336_none_s2022_shuf,6,control,-0.008126507494710725,-0.01926575547511456
DLinear_ETTm1_h336_none_s2022_shuf,7,defect,-0.011319507097258227,0.014544393918775404
DLinear_ETTm1_h336_none_s2022_shuf,7,control,-0.004736228817101834,0.005433770592156075
DLinear_ETTm1_h336_none_s2023_det,0,defect,-0.004582541387430657,-0.014051805413425116
DLinear_ETTm1_h336_none_s2023_det,0,control,0.003960490748676501,-0.09197401168555286
DLinear_ETTm1_h336_none_s2023_det,1,defect,-0.0025660849267507444,0.04615917681137303
DLinear_ETTm1_h336_none_s2023_det,1,control,0.0064432253950222765,0.11363267965970929
DLinear_ETTm1_h336_none_s2023_det,2,defect,0.00047347559194676987,-0.025921619639185364
DLinear_ETTm1_h336_none_s2023_det,2,control,-0.019718836614932397,0.06554103422234389
DLinear_ETTm1_h336_none_s2023_det,3,defect,-0.006483362024370582,0.06075927859882106
DLinear_ETTm1_h336_none_s2023_det,3,control,-0.004385142997638313,-0.019880084711714173
DLinear_ETTm1_h336_none_s2023_det,4,defect,0.004141982944511207,0.01910847104370346
DLinear_ETTm1_h336_none_s2023_det,4,control,-0.0019191820361586652,-0.023318163218707402
DLinear_ETTm1_h336_none_s2023_det,5,defect,-0.0050914807385439385,-0.031093305652763505
DLinear_ETTm1_h336_none_s2023_det,5,control,0.006756116410294592,0.034537869080905295
DLinear_ETTm1_h336_none_s2023_det,6,defect,-0.0034870543394372403,0.05200444984739436
DLinear_ETTm1_h336_none_s2023_det,6,control,-0.0030285838763877445,0.04750323638981162
DLinear_ETTm1_h336_none_s2023_det,7,defect,-0.007176291080868608,0.021560493932017574
DLinear_ETTm1_h336_none_s2023_det,7,control,-0.007425556016792858,0.02311809534471612
DLinear_ETTm1_h336_none_s2023_shuf,0,defect,-0.000975499559661143,-0.10112581723835147
DLinear_ETTm1_h336_none_s2023_shuf,0,control,-0.003318672554065641,0.0019765584896965075
DLinear_ETTm1_h336_none_s2023_shuf,1,defect,0.006603221429291759,0.11184263111693064
DLinear_ETTm1_h336_none_s2023_shuf,1,control,0.0043449186681738606,-0.03705919168046549
DLinear_ETTm1_h336_none_s2023_shuf,2,defect,-0.007687369242717936,0.023095978954633157
DLinear_ETTm1_h336_none_s2023_shuf,2,control,0.002955451869828477,0.022389612137360543
DLinear_ETTm1_h336_none_s2023_shuf,3,defect,0.018768554652323785,-0.04639142037936257
DLinear_ETTm1_h336_none_s2023_shuf,3,control,-0.006181907647343648,-0.0988075137791213
DLinear_ETTm1_h336_none_s2023_shuf,4,defect,0.011773598401807637,-0.0775548194240363
DLinear_ETTm1_h336_none_s2023_shuf,4,control,0.003271897461602552,-0.007037510415519177
DLinear_ETTm1_h336_none_s2023_shuf,5,defect,0.002862634857763874,0.056267960689605205
DLinear_ETTm1_h336_none_s2023_shuf,5,control,0.00021163818668010542,0.013495054743571724
DLinear_ETTm1_h336_none_s2023_shuf,6,defect,-0.010478049834844601,0.0555465800953815
DLinear_ETTm1_h336_none_s2023_shuf,6,control,-0.00101066289663087,0.06279773368738294
DLinear_ETTm1_h336_none_s2023_shuf,7,defect,-0.007589790858492627,-0.062001639436491764
DLinear_ETTm1_h336_none_s2023_shuf,7,control,0.009048304190816663,0.041399814537428435
DLinear_ETTm1_h336_revin_s2021_det,0,defect,-0.0011592415709862833,-0.015802943087823835
DLinear_ETTm1_h336_revin_s2021_det,0,control,-0.002466553401621273,-0.0040043211919198385
DLinear_ETTm1_h336_revin_s2021_det,1,defect,-0.002389219686413524,0.07968550442207444
DLinear_ETTm1_h336_revin_s2021_det,1,control,0.01912266450798124,-0.027989204315230488
DLinear_ETTm1_h336_revin_s2021_det,2,defect,-0.013462634069088767,-0.008869956587595767
DLinear_ETTm1_h336_revin_s2021_det,2,control,0.0034889973523667107,-0.028889956063419667
DLinear_ETTm1_h336_revin_s2021_det,3,defect,-0.01182792555588736,-0.03592791431120768
DLinear_ETTm1_h336_revin_s2021_det,3,control,0.001560204005585381,-0.013071305415593622
DLinear_ETTm1_h336_revin_s2021_det,4,defect,0.009051944855176335,0.003846028710648508
DLinear_ETTm1_h336_revin_s2021_det,4,control,0.0018972357579498543,-0.0307353280612572
DLinear_ETTm1_h336_revin_s2021_det,5,defect,0.009448802285852011,0.024841923116349307
DLinear_ETTm1_h336_revin_s2021_det,5,control,-0.0015941735992207329,-0.00524863400781355
DLinear_ETTm1_h336_revin_s2021_det,6,defect,-0.007683578390771374,-0.03786294182793138
DLinear_ETTm1_h336_revin_s2021_det,6,control,0.015035991556936574,-0.009971170203057463
DLinear_ETTm1_h336_revin_s2021_det,7,defect,0.005351456527852273,-0.024600774996258807
DLinear_ETTm1_h336_revin_s2021_det,7,control,-0.008704436741092279,0.07885658720050824
DLinear_ETTm1_h336_revin_s2021_shuf,0,defect,-0.008549401242836173,-0.07955095609122338
DLinear_ETTm1_h336_revin_s2021_shuf,0,control,0.00925723545187419,0.05027424094327942
DLinear_ETTm1_h336_revin_s2021_shuf,1,defect,0.01151622797100695,-0.0622514734427787
DLinear_ETTm1_h336_revin_s2021_shuf,1,control,0.0007779377542239874,-0.03458287271324459
DLinear_ETTm1_h336_revin_s2021_shuf,2,defect,-0.017762596334834034,-0.06918782952588706
DLinear_ETTm1_h336_revin_s2021_shuf,2,control,0.001512010720375294,0.0022418588759176576
DLinear_ETTm1_h336_revin_s2021_shuf,3,defect,0.008714389830629894,0.051907850594451875
DLinear_ETTm1_h336_revin_s2021_shuf,3,control,-0.01426395315862724,-0.009467923562089418
DLinear_ETTm1_h336_revin_s2021_shuf,4,defect,-0.007956344032449398,-0.002783682928264798
DLinear_ETTm1_h336_revin_s2021_shuf,4,control,-0.008018214625307418,-0.03386889291323695
DLinear_ETTm1_h336_revin_s2021_shuf,5,defect,-0.013178326255876683,-0.06377180078059408
DLinear_ETTm1_h336_revin_s2021_shuf,5,control,0.003467043012949327,-0.017148294618725354
DLinear_ETTm1_h336_revin_s2021_shuf,6,defect,0.004253446264453815,-0.024312960049306973
DLinear_ETTm1_h336_revin_s2021_shuf,6,control,-0.0023079308032056293,-0.048343671451139034
DLinear_ETTm1_h336_revin_s2021_shuf,7,defect,-0.0033263230055854422,0.04435670362826769
DLinear_ETTm1_h336_revin_s2021_shuf,7,control,-0.011073458616584363,0.03683008771245782
DLinear_ETTm1_h336_revin_s2022_det,0,defect,-0.00700579980537247,0.00866196388982948
DLinear_ETTm1_h336_revin_s2022_det,0,control,0.00044151392983715295,0.041850351601046054
DLinear_ETTm1_h336_revin_s2022_det,1,defect,-0.01024900948343132,0.023520493428902136
DLinear_ETTm1_h336_revin_s2022_det,1,control,0.011310853160202259,0.035825052776574176
DLinear_ETTm1_h336_revin_s2022_det,2,defect,-0.013197459307366386,-0.002914210030793637
DLinear_ETTm1_h336_revin_s2022_det,2,control,-0.004388010483202879,-0.022612587712456552
DLinear_ETTm1_h336_revin_s2022_det,3,defect,-0.015744246883598326,-0.014142632875399446
DLinear_ETTm1_h336_revin_s2022_det,3,control,0.01574484612003488,-0.025239604485778593
DLinear_ETTm1_h336_revin_s2022_det,4,defect,0.0013837611992521244,-0.022009707483361764
DLinear_ETTm1_h336_revin_s2022_det,4,control,-0.0025253431865666894,0.01136864601678969
DLinear_ETTm1_h336_revin_s2022_det,5,defect,-0.002300219690946791,-0.01862400345070437
DLinear_ETTm1_h336_revin_s2022_det,5,control,-0.0050245861404839085,0.05967532613063184
DLinear_ETTm1_h336_revin_s2022_det,6,defect,0.006586611503073416,0.04371343373550375
DLinear_ETTm1_h336_revin_s2022_det,6,control,-0.008035060698223148,0.07954998652587919
DLinear_ETTm1_h336_revin_s2022_det,7,defect,0.021800845157883064,0.02857897175454953
DLinear_ETTm1_h336_revin_s2022_det,7,control,-0.0012318487573996445,-0.021940923089804797
DLinear_ETTm1_h336_revin_s2022_shuf,0,defect,0.00134984970648274,0.018968196684730543
DLinear_ETTm1_h336_revin_s2022_shuf,0,control,-0.023309904281560417,-0.03427917010827762
DLinear_ETTm1_h336_revin_s2022_shuf,1,defect,-0.010519876444618015,0.017518144606718647
DLinear_ETTm1_h336_revin_s2022_shuf,1,control,-0.022099906654168028,-0.0006000563349116458
DLinear_ETTm1_h336_revin_s2022_shuf,2,defect,-0.0024161177103804122,0.01113433560425544
DLinear_ETTm1_h336_revin_s2022_shuf,2,control,0.012374011061370897,-0.0063039475113221164
DLinear_ETTm1_h336_revin_s2022_shuf,3,defect,-0.005018703944798831,-0.04956465836497309
DLinear_ETTm1_h336_revin_s2022_shuf,3,control,-0.0004657193368349422,-0.031497658900452
DLinear_ETTm1_h336_revin_s2022_shuf,4,defect,0.0051103486272345575,-0.016212030540578435
DLinear_ETTm1_h336_revin_s2022_shuf,4,control,0.003647965794584506,0.02223762598834595
DLinear_ETTm1_h336_revin_s2022_shuf,5,defect,0.0019797299703805844,0.04479451653687195
DLinear_ETTm1_h336_revin_s2022_shuf,5,control,-0.0017613592057640162,-0.019541022645668028
DLinear_ETTm1_h336_revin_s2022_shuf,6,defect,-0.0001369326415014578,-0.043179178564033485
DLinear_ETTm1_h336_revin_s2022_shuf,6,control,-0.008998159801413386,0.05507456593082545
DLinear_ETTm1_h336_revin_s2022_shuf,7,defect,-0.00850123153237998,0.02563044139473278
DLinear_ETTm1_h336_revin_s2022_shuf,7,control,-0.012547303823287816,0.03751659693544461
DLinear_ETTm1_h336_revin_s2023_det,0,defect,-0.0033267932966969593,-0.013521750544537095
DLinear_ETTm1_h336_revin_s2023_det,0,control,0.0027566059624275674,-0.03442439738770904
DLinear_ETTm1_h336_revin_s2023_det,1,defect,-0.0070677775911520075,0.019856801860122647
DLinear_ETTm1_h336_revin_s2023_det,1,control,-0.00516044815677123,-0.08729484286109049
DLinear_ETTm1_h336_revin_s2023_det,2,defect,0.005480863100889785,-0.01021092723360461
DLinear_ETTm1_h336_revin_s2023_det,2,control,0.005437176916156558,0.0023826417045245325
DLinear_ETTm1_h336_revin_s2023_det,3,defect,-0.0013233993679001468,0.016756154013224018
DLinear_ETTm1_h336_revin_s2023_det,3,control,0.008511786032293115,0.017379771536813034
DLinear_ETTm1_h336_revin_s2023_det,4,defect,-0.02005986029982264,-0.018352638117009493
DLinear_ETTm1_h336_revin_s2023_det,4,control,-0.010605002330323202,-0.00041188443287449797
DLinear_ETTm1_h336_revin_s2023_det,5,defect,0.006847559004694432,-0.002964630072388786
DLinear_ETTm1_h336_revin_s2023_det,5,control,-0.0022235260200064227,-0.005101075298759986
DLinear_ETTm1_h336_revin_s2023_det,6,defect,-0.006530201246520969,0.021657324313406997
DLinear_ETTm1_h336_revin_s2023_det,6,control,-0.009430860649350023,0.06529855864327679
DLinear_ETTm1_h336_revin_s2023_det,7,defect,0.01888746919142204,-0.0004064342286502601
DLinear_ETTm1_h336_revin_s2023_det,7,control,-0.0002737743283540886,-0.07407084432331582
DLinear_ETTm1_h336_revin_s2023_shuf,0,defect,0.004399087299118806,-0.023916422711253722
DLinear_ETTm1_h336_revin_s2023_shuf,0,control,0.010907582187502306,0.025497790840292644
DLinear_ETTm1_h336_revin_s2023_shuf,1,defect,0.0005507581097898444,0.08105610186765211
DLinear_ETTm1_h336_revin_s2023_shuf,1,control,-0.0029344076214377233,0.029085669660463866
DLinear_ETTm1_h336_revin_s2023_shuf,2,defect,-0.004027749988630161,-0.03619021306650882
DLinear_ETTm1_h336_revin_s2023_shuf,2,control,0.008956062428712722,-0.08377423142383383
DLinear_ETTm1_h336_revin_s2023_shuf,3,defect,0.011135407304648926,-0.007457511728858817
DLinear_ETTm1_h336_revin_s2023_shuf,3,control,6.871518325548829e-06,-0.008277353809980788
DLinear_ETTm1_h336_revin_s2023_shuf,4,defect,-0.010997000427713323,-0.014456004513472055
DLinear_ETTm1_h336_revin_s2023_shuf,4,control,0.0034442701073646564,-0.045597399309061246
DLinear_ETTm1_h336_revin_s2023_shuf,5,defect,-0.009534727313508053,0.05286481723137848
DLinear_ETTm1_h336_revin_s2023_shuf,5,control,-0.010857099702550088,0.08729235468494315
DLinear_ETTm1_h336_revin_s2023_shuf,6,defect,0.011078199265318013,-0.020595047198839592
DLinear_ETTm1_h336_revin_s2023_shuf,6,control,-0.006700434768552773,-0.03599573703253551
DLinear_ETTm1_h336_revin_s2023_shuf,7,defect,-0.005158823973910116,-0.04552211193067884
DLinear_ETTm1_h336_revin_s2023_shuf,7,control,0.02426101511415592,-0.10262104187565174
DLinear_ETTm1_h336_san_lite_s2021_det,0,defect,-0.002677214494757707,0.004241991825040835
DLinear_ETTm1_h336_san_lite_s2021_det,0,control,-0.003051632248693016,0.06478255256871202
DLinear_ETTm1_h336_san_lite_s2021_det,1,defect,0.002817101623034416,0.11930353039977164
DLinear_ETTm1_h336_san_lite_s2021_det,1,control,-0.00019155939026873644,-0.08853779198482446
DLinear_ETTm1_h336_san_lite_s2021_det,2,defect,0.008871279196759183,0.04690322079692118
DLinear_ETTm1_h336_san_lite_s2021_det,2,control,-0.00935840125358292,-0.07082096813168158
DLinear_ETTm1_h336_san_lite_s2021_det,3,defect,0.0014704275081821637,-0.02266750127357215
DLinear_ETTm1_h336_san_lite_s2021_det,3,control,0.007728295936673414,0.12970564366887344
DLinear_ETTm1_h336_san_lite_s2021_det,4,defect,0.003933365055148364,0.006736630334196095
DLinear_ETTm1_h336_san_lite_s2021_det,4,control,0.01945911792760652,-0.02662456918852882
DLinear_ETTm1_h336_san_lite_s2021_det,5,defect,-0.0029433373896747966,-0.03624670803999523
DLinear_ETTm1_h336_san_lite_s2021_det,5,control,0.013808990118273731,0.08731081110674348
DLinear_ETTm1_h336_san_lite_s2021_det,6,defect,-0.007633864368085428,0.07920222911062862
DLinear_ETTm1_h336_san_lite_s2021_det,6,control,0.0004725910095294884,-0.012258530092256787
DLinear_ETTm1_h336_san_lite_s2021_det,7,defect,-0.017545179487879654,0.0979640846478157
DLinear_ETTm1_h336_san_lite_s2021_det,7,control,-0.0004908132582534118,0.018003358351532533
DLinear_ETTm1_h336_san_lite_s2021_shuf,0,defect,0.016984284985555827,0.069242218561863
DLinear_ETTm1_h336_san_lite_s2021_shuf,0,control,0.0006144854947475552,-0.0006499742432725786
DLinear_ETTm1_h336_san_lite_s2021_shuf,1,defect,-0.003409955223094496,0.0016431540674356451
DLinear_ETTm1_h336_san_lite_s2021_shuf,1,control,0.001507044867473189,-0.0546539752762894
DLinear_ETTm1_h336_san_lite_s2021_shuf,2,defect,-0.013589385724254,-0.023956245757940944
DLinear_ETTm1_h336_san_lite_s2021_shuf,2,control,-0.00551713711194357,0.10146651076038261
DLinear_ETTm1_h336_san_lite_s2021_shuf,3,defect,0.007407740409824184,-0.004013325807181488
DLinear_ETTm1_h336_san_lite_s2021_shuf,3,control,-0.006057942672526718,0.049317772711383
DLinear_ETTm1_h336_san_lite_s2021_shuf,4,defect,0.0023394020768705477,0.04858212211307071
DLinear_ETTm1_h336_san_lite_s2021_shuf,4,control,-0.002670369591315407,-0.042902142771175565
DLinear_ETTm1_h336_san_lite_s2021_shuf,5,defect,0.00838737729120777,-0.016703962034160337
DLinear_ETTm1_h336_san_lite_s2021_shuf,5,control,0.006434292269435487,0.08387877979161652
DLinear_ETTm1_h336_san_lite_s2021_shuf,6,defect,-0.003878246099841181,0.10092198496339919
DLinear_ETTm1_h336_san_lite_s2021_shuf,6,control,-0.013871054116107362,0.0579023999415384
DLinear_ETTm1_h336_san_lite_s2021_shuf,7,defect,-0.0001892298415216129,-0.03423399787262166
DLinear_ETTm1_h336_san_lite_s2021_shuf,7,control,-0.005510008084589823,0.08632107910845795
DLinear_ETTm1_h336_san_lite_s2022_det,0,defect,-0.010950767958744034,0.007311531859145456
DLinear_ETTm1_h336_san_lite_s2022_det,0,control,0.0012747130314611085,0.05806337953665324
DLinear_ETTm1_h336_san_lite_s2022_det,1,defect,-0.0022385067036528703,0.01482545106178876
DLinear_ETTm1_h336_san_lite_s2022_det,1,control,-0.01175820844792873,0.016554896525093954
DLinear_ETTm1_h336_san_lite_s2022_det,2,defect,0.019702078246481586,0.06727749989555837
DLinear_ETTm1_h336_san_lite_s2022_det,2,control,0.00013275328562484102,0.09153928484703251
DLinear_ETTm1_h336_san_lite_s2022_det,3,defect,-0.009702421845037904,0.029957183888708692
DLinear_ETTm1_h336_san_lite_s2022_det,3,control,-0.0023490245102668907,0.027669316394315475
DLinear_ETTm1_h336_san_lite_s2022_det,4,defect,-0.005945775877660942,0.07054031340553964
DLinear_ETTm1_h336_san_lite_s2022_det,4,control,-0.013038735622037879,-0.0566895472655138
DLinear_ETTm1_h336_san_lite_s2022_det,5,defect,-0.00670026240410265,-0.01967006605453205
DLinear_ETTm1_h336_san_lite_s2022_det,5,control,-0.013466340852727077,0.009334401100552477
DLinear_ETTm1_h336_san_lite_s2022_det,6,defect,-0.006593028423966445,0.17017537285744644
DLinear_ETTm1_h336_san_lite_s2022_det,6,control,0.01452786683569616,-0.009699185242951143
DLinear_ETTm1_h336_san_lite_s2022_det,7,defect,-0.005357564146332551,0.029308411606906663
DLinear_ETTm1_h336_san_lite_s2022_det,7,control,0.009758127576141098,-0.05955235681020161
DLinear_ETTm1_h336_san_lite_s2022_shuf,0,defect,0.009016022176392757,0.058171189475832004
DLinear_ETTm1_h336_san_lite_s2022_shuf,0,control,0.011849555859764075,0.052750542835950466
DLinear_ETTm1_h336_san_lite_s2022_shuf,1,defect,0.011834113297830039,-0.01078111410101238
DLinear_ETTm1_h336_san_lite_s2022_shuf,1,control,0.0001877930822158225,-0.023749113090125295
DLinear_ETTm1_h336_san_lite_s2022_shuf,2,defect,-0.005326507348349721,0.04649939495720426
DLinear_ETTm1_h336_san_lite_s2022_shuf,2,control,0.018053200725109658,-0.011888659072071317
DLinear_ETTm1_h336_san_lite_s2022_shuf,3,defect,-0.0001707419968156242,-0.026206906300559576
DLinear_ETTm1_h336_san_lite_s2022_shuf,3,control,-0.007837522823496942,0.06654047224556993
DLinear_ETTm1_h336_san_lite_s2022_shuf,4,defect,-0.004722467745599778,-0.09518203821122463
DLinear_ETTm1_h336_san_lite_s2022_shuf,4,control,0.0022078056544675134,-0.031665831398148804
DLinear_ETTm1_h336_san_lite_s2022_shuf,5,defect,-0.0017852878854250531,0.029631097613216344
DLinear_ETTm1_h336_san_lite_s2022_shuf,5,control,-0.009850502781524497,-0.03763915971291096
DLinear_ETTm1_h336_san_lite_s2022_shuf,6,defect,-0.00741359959672068,0.10633131282947335
DLinear_ETTm1_h336_san_lite_s2022_shuf,6,control,0.005333187699828171,-0.0955884099465327
DLinear_ETTm1_h336_san_lite_s2022_shuf,7,defect,0.017568875532354446,0.020522227342716685
DLinear_ETTm1_h336_san_lite_s2022_shuf,7,control,0.004878357305158953,0.026735569911436236
DLinear_ETTm1_h336_san_lite_s2023_det,0,defect,-0.004448693978960005,-0.030494899193893747
DLinear_ETTm1_h336_san_lite_s2023_det,0,control,0.018692645385859068,0.08139896934206624
DLinear_ETTm1_h336_san_lite_s2023_det,1,defect,-0.014931604716365987,-0.01824353185614519
DLinear_ETTm1_h336_san_lite_s2023_det,1,control,-0.0036785484037669255,0.04520860933775393
DLinear_ETTm1_h336_san_lite_s2023_det,2,defect,0.0214177486486793,0.03904306192458603
DLinear_ETTm1_h336_san_lite_s2023_det,2,control,-0.014910548024541023,0.030308379878785062
DLinear_ETTm1_h336_san_lite_s2023_det,3,defect,-0.0008655427458212393,0.017745941508657024
DLinear_ETTm1_h336_san_lite_s2023_det,3,control,0.0011137015699502362,-0.028781466325724904
DLinear_ETTm1_h336_san_lite_s2023_det,4,defect,0.0034578079815142763,-0.02054035358332203
DLinear_ETTm1_h336_san_lite_s2023_det,4,control,-0.02011177959116149,-0.009207454298539464
DLinear_ETTm1_h336_san_lite_s2023_det,5,defect,0.0012535181882186279,0.009270765013002514
DLinear_ETTm1_h336_san_lite_s2023_det,5,control,-0.015036541268315443,0.053818764890263195
DLinear_ETTm1_h336_san_lite_s2023_det,6,defect,0.001158217876660281,-0.021982409217153002
DLinear_ETTm1_h336_san_lite_s2023_det,6,control,0.008129808940114473,-0.0521935373619753
DLinear_ETTm1_h336_san_lite_s2023_det,7,defect,-0.005669332627204309,0.015854814715491158
DLinear_ETTm1_h336_san_lite_s2023_det,7,control,9.694388849724581e-05,0.009177704310554938
DLinear_ETTm1_h336_san_lite_s2023_shuf,0,defect,0.0011326346473683165,0.04728301999894854
DLinear_ETTm1_h336_san_lite_s2023_shuf,0,control,-0.012962715775417718,0.015199834268046372
DLinear_ETTm1_h336_san_lite_s2023_shuf,1,defect,0.0004058386192150304,0.06702818210343502
DLinear_ETTm1_h336_san_lite_s2023_shuf,1,control,0.012810695133033808,0.07583645755933563
DLinear_ETTm1_h336_san_lite_s2023_shuf,2,defect,-0.003478834448056615,-0.03423793062017829
DLinear_ETTm1_h336_san_lite_s2023_shuf,2,control,0.014725505201475616,0.08373705225264835
DLinear_ETTm1_h336_san_lite_s2023_shuf,3,defect,0.002486296512284658,-0.013815557591961514
DLinear_ETTm1_h336_san_lite_s2023_shuf,3,control,-0.0007981907674719544,-0.016430197005591198
DLinear_ETTm1_h336_san_lite_s2023_shuf,4,defect,0.00011248123416496104,-0.014803924105135167
DLinear_ETTm1_h336_san_lite_s2023_shuf,4,control,-0.006980162372971497,-0.09556116714113091
DLinear_ETTm1_h336_san_lite_s2023_shuf,5,defect,0.007274779020262649,0.04901005314876756
DLinear_ETTm1_h336_san_lite_s2023_shuf,5,control,0.01001518064341495,0.01735061261839049
DLinear_ETTm1_h336_san_lite_s2023_shuf,6,defect,0.008961661834097209,-0.020528381099382112
DLinear_ETTm1_h336_san_lite_s2023_shuf,6,control,0.006917900480448153,-0.06776532025762194
DLinear_ETTm1_h336_san_lite_s2023_shuf,7,defect,-0.013960089512485558,-0.06813725599585635
DLinear_ETTm1_h336_san_lite_s2023_shuf,7,control,0.002024996395697308,-0.11060154159945697
DLinear_ETTm1_h720_fredf_s2021_det,0,defect,-0.000441287930104336,-0.02724793776555867
DLinear_ETTm1_h720_fredf_s2021_det,0,control,-0.0038920758084937984,0.12527390188756063
DLinear_ETTm1_h720_fredf_s2021_det,1,defect,-0.021836741330073666,0.11752121960559744
DLinear_ETTm1_h720_fredf_s2021_det,1,control,0.01866435117518189,-0.07367765748654583
DLinear_ETTm1_h720_fredf_s2021_det,2,defect,0.010527344499779498,0.035167491738688855
DLinear_ETTm1_h720_fredf_s2021_det,2,control,-0.004596676936984088,-0.007006961625601756
DLinear_ETTm1_h720_fredf_s2021_det,3,defect,-0.02345215933996844,0.012620920322049277
DLinear_ETTm1_h720_fredf_s2021_det,3,control,-0.006182124134529067,-0.07566052312498875
DLinear_ETTm1_h720_fredf_s2021_det,4,defect,0.013523019808635985,0.005016717580524775
DLinear_ETTm1_h720_fredf_s2021_det,4,control,-0.009954228502721062,0.017421167719627245
DLinear_ETTm1_h720_fredf_s2021_det,5,defect,-0.007595599210029408,-0.08369716276244331
DLinear_ETTm1_h720_fredf_s2021_det,5,control,-6.610276467521933e-05,0.09147363644919816
DLinear_ETTm1_h720_fredf_s2021_det,6,defect,0.0017869300974118452,-0.014417864499640394
DLinear_ETTm1_h720_fredf_s2021_det,6,control,-0.01350998631602887,0.013954109918294237
DLinear_ETTm1_h720_fredf_s2021_det,7,defect,0.008626836185870344,-0.11073539910236485
DLinear_ETTm1_h720_fredf_s2021_det,7,control,-0.0019215849634957997,-0.1307638090598164
DLinear_ETTm1_h720_none_s2021_det,0,defect,0.002623531912916679,-0.12073592290186097
DLinear_ETTm1_h720_none_s2021_det,0,control,0.0012369676383046744,0.0590979419925388
DLinear_ETTm1_h720_none_s2021_det,1,defect,-0.0038552230534710627,0.025496728444444613
DLinear_ETTm1_h720_none_s2021_det,1,control,-0.012278858576220473,0.06081510418423135
DLinear_ETTm1_h720_none_s2021_det,2,defect,-0.010294054011094029,0.06236196623473581
DLinear_ETTm1_h720_none_s2021_det,2,control,0.009302925263542887,-0.027828983904250974
DLinear_ETTm1_h720_none_s2021_det,3,defect,-0.0031097603765978593,0.0038236376070926122
DLinear_ETTm1_h720_none_s2021_det,3,control,-0.009229188859852187,-0.05818023850892603
DLinear_ETTm1_h720_none_s2021_det,4,defect,0.01123381685522094,-0.04620348455904449
DLinear_ETTm1_h720_none_s2021_det,4,control,-0.004824504360756393,-0.0406983571516677
DLinear_ETTm1_h720_none_s2021_det,5,defect,0.018388031492209793,-0.08248824110621102
DLinear_ETTm1_h720_none_s2021_det,5,control,-0.02882111512575209,0.010446002152415064
DLinear_ETTm1_h720_none_s2021_det,6,defect,0.006532260055125836,0.006049889435590909
DLinear_ETTm1_h720_none_s2021_det,6,control,0.0009595084258153049,-0.2334307858493902
DLinear_ETTm1_h720_none_s2021_det,7,defect,0.0024091704699702814,-0.23448970078684941
DLinear_ETTm1_h720_none_s2021_det,7,control,-0.005849451141051541,0.02003473517787346
DLinear_ETTm1_h720_revin_s2021_det,0,defect,0.003316787699137148,-0.09600005065956685
DLinear_ETTm1_h720_revin_s2021_det,0,control,-0.018585450977546436,0.07667197861254196
DLinear_ETTm1_h720_revin_s2021_det,1,defect,-0.004767921128101722,0.1290029751089678
DLinear_ETTm1_h720_revin_s2021_det,1,control,0.008112666338562231,0.013116960218696933
DLinear_ETTm1_h720_revin_s2021_det,2,defect,0.012917190581540975,-0.08601285572829642
DLinear_ETTm1_h720_revin_s2021_det,2,control,-0.012772612650895089,-0.012022509964694323
DLinear_ETTm1_h720_revin_s2021_det,3,defect,-0.0029716986018083025,-0.04631055580365911
DLinear_ETTm1_h720_revin_s2021_det,3,control,0.010838967004130158,0.049043453148944545
DLinear_ETTm1_h720_revin_s2021_det,4,defect,-0.009484072744049186,0.03943740979862595
DLinear_ETTm1_h720_revin_s2021_det,4,control,-0.011869683472216095,0.03297445777368193
DLinear_ETTm1_h720_revin_s2021_det,5,defect,-0.011919559106044818,-0.010226546993599846
DLinear_ETTm1_h720_revin_s2021_det,5,control,0.007401787756773422,-0.08183560115813782
DLinear_ETTm1_h720_revin_s2021_det,6,defect,0.019433448066210127,0.047844387997548705
DLinear_ETTm1_h720_revin_s2021_det,6,control,0.002918282418223442,0.0457598704019659
DLinear_ETTm1_h720_revin_s2021_det,7,defect,-0.010881345939829803,-0.00131023753992914
DLinear_ETTm1_h720_revin_s2021_det,7,control,-0.0011712467500951372,-0.16440446417092947
DLinear_ETTm1_h720_san_lite_s2021_det,0,defect,0.004811676424733822,0.007391448889729592
DLinear_ETTm1_h720_san_lite_s2021_det,0,control,0.007029424866924033,0.1534468857174257
DLinear_ETTm1_h720_san_lite_s2021_det,1,defect,-0.0034297712401220462,-0.031181659204833966
DLinear_ETTm1_h720_san_lite_s2021_det,1,control,-0.004468203257488047,-0.029147324819421873
DLinear_ETTm1_h720_san_lite_s2021_det,2,defect,-0.009740646940434944,-0.03506472258409063
DLinear_ETTm1_h720_san_lite_s2021_det,2,control,0.005932185554809377,-0.059474786969134254
DLinear_ETTm1_h720_san_lite_s2021_det,3,defect,-0.024399205154528876,0.12713095918110534
DLinear_ETTm1_h720_san_lite_s2021_det,3,control,0.006821679751099036,0.028677956155268768
DLinear_ETTm1_h720_san_lite_s2021_det,4,defect,-0.008822948668752398,0.043123056586653816
DLinear_ETTm1_h720_san_lite_s2021_det,4,control,-0.00955502874161298,-0.04515717856403506
DLinear_ETTm1_h720_san_lite_s2021_det,5,defect,0.014703538850465648,0.04668709132074181
DLinear_ETTm1_h720_san_lite_s2021_det,5,control,0.0030900049477892194,-0.0009870305566612504
DLinear_ETTm1_h720_san_lite_s2021_det,6,defect,0.008167630188959848,0.007509082567090785
DLinear_ETTm1_h720_san_lite_s2021_det,6,control,0.0006340505919882274,-0.019468824377207556
DLinear_ETTm1_h720_san_lite_s2021_det,7,defect,0.0009221450245088214,-0.16685407710125524
DLinear_ETTm1_h720_san_lite_s2021_det,7,control,0.017260673494150135,0.0017233331331003346
DLinear_ETTm1_h96_fredf_s2021_det,0,defect,-0.0009847232038686284,0.07000085940542085
DLinear_ETTm1_h96_fredf_s2021_det,0,control,-0.00263645006832754,-0.007886330809856111
DLinear_ETTm1_h96_fredf_s2021_det,1,defect,0.002238464460292584,0.04832773288379934
DLinear_ETTm1_h96_fredf_s2021_det,1,control,-0.014016310837185764,0.07220759645196845
DLinear_ETTm1_h96_fredf_s2021_det,2,defect,0.0011697567312847976,-0.05066403798176742
DLinear_ETTm1_h96_fredf_s2021_det,2,control,0.00730893823060517,-0.08808363778155617
DLinear_ETTm1_h96_fredf_s2021_det,3,defect,0.004443466993562693,0.09299038541208639
DLinear_ETTm1_h96_fredf_s2021_det,3,control,-0.00037927068392546007,0.049059678453152004
DLinear_ETTm1_h96_fredf_s2021_det,4,defect,0.0003392496401568721,-0.017178538667099254
DLinear_ETTm1_h96_fredf_s2021_det,4,control,-0.00905321867399664,-0.06053038767476539
DLinear_ETTm1_h96_fredf_s2021_det,5,defect,-0.021845788963278316,0.032598089389242205
DLinear_ETTm1_h96_fredf_s2021_det,5,control,0.01319209975494977,0.04138545544071392
DLinear_ETTm1_h96_fredf_s2021_det,6,defect,0.008578237076655436,0.125594935071905
DLinear_ETTm1_h96_fredf_s2021_det,6,control,-0.0039544889362635805,0.0287370956616349
DLinear_ETTm1_h96_fredf_s2021_det,7,defect,-0.005972275670954602,-0.009034026357221862
DLinear_ETTm1_h96_fredf_s2021_det,7,control,-0.009709751208471458,0.04782899631087745
DLinear_ETTm1_h96_fredf_s2021_shuf,0,defect,-0.011274077852927469,-0.0515376642834846
DLinear_ETTm1_h96_fredf_s2021_shuf,0,control,0.010070006620730154,0.11506372769617633
DLinear_ETTm1_h96_fredf_s2021_shuf,1,defect,-0.006409359711212483,-0.09380497662420591
DLinear_ETTm1_h96_fredf_s2021_shuf,1,control,-0.024516567778983672,-0.005113909795385637
DLinear_ETTm1_h96_fredf_s2021_shuf,2,defect,-0.011868610157743953,-0.012972119246091481
DLinear_ETTm1_h96_fredf_s2021_shuf,2,control,0.018839865776007287,0.0768378094362743
DLinear_ETTm1_h96_fredf_s2021_shuf,3,defect,-0.012794342465251313,-0.040370476039816125
DLinear_ETTm1_h96_fredf_s2021_shuf,3,control,-0.010274934137100938,0.05861986081264601
DLinear_ETTm1_h96_fredf_s2021_shuf,4,defect,0.009369733161880023,0.005682532542854954
DLinear_ETTm1_h96_fredf_s2021_shuf,4,control,-0.007293210676573399,-0.06976756736774392
DLinear_ETTm1_h96_fredf_s2021_shuf,5,defect,0.01186329723865968,-0.0580422919089279
DLinear_ETTm1_h96_fredf_s2021_shuf,5,control,-0.019429393479437666,0.009995954556541741
DLinear_ETTm1_h96_fredf_s2021_shuf,6,defect,0.0002587513866210285,0.07599679210194464
DLinear_ETTm1_h96_fredf_s2021_shuf,6,control,-0.00890799711944542,-0.05058842040078302
DLinear_ETTm1_h96_fredf_s2021_shuf,7,defect,-0.01278450946701121,-0.018336246898195355
DLinear_ETTm1_h96_fredf_s2021_shuf,7,control,-0.006240279107095663,-0.04814736826963431
DLinear_ETTm1_h96_fredf_s2022_det,0,defect,-0.010375518210669704,0.015782483689772572
DLinear_ETTm1_h96_fredf_s2022_det,0,control,0.0047616052780940455,0.08751567401518573
DLinear_ETTm1_h96_fredf_s2022_det,1,defect,0.0034032188311772975,-0.07125741809056263
DLinear_ETTm1_h96_fredf_s2022_det,1,control,5.594166397636978e-05,0.14733945849273078
DLinear_ETTm1_h96_fredf_s2022_det,2,defect,0.007546471696408109,-0.05223658373669457
DLinear_ETTm1_h96_fredf_s2022_det,2,control,0.009669185948761046,0.04557910021993391
DLinear_ETTm1_h96_fredf_s2022_det,3,defect,-0.007988411797757972,-0.03791424619059682
DLinear_ETTm1_h96_fredf_s2022_det,3,control,0.013064556508735486,0.012906519508325156
DLinear_ETTm1_h96_fredf_s2022_det,4,defect,0.007273635791818368,0.059820671355075586
DLinear_ETTm1_h96_fredf_s2022_det,4,control,0.0027098771353434884,0.0075979964714029125
DLinear_ETTm1_h96_fredf_s2022_det,5,defect,-0.00045712214390249075,-0.04738780779627797
DLinear_ETTm1_h96_fredf_s2022_det,5,control,0.015677577139689713,-0.05721242169931859
DLinear_ETTm1_h96_fredf_s2022_det,6,defect,-0.010000287074784583,-0.03482434025709948
DLinear_ETTm1_h96_fredf_s2022_det,6,control,-0.008359935613783632,0.05666332639045609
DLinear_ETTm1_h96_fredf_s2022_det,7,defect,0.004472503385010797,-0.035198179980862665
DLinear_ETTm1_h96_fredf_s2022_det,7,control,-0.0021007285165287747,0.023617170998941107
DLinear_ETTm1_h96_fredf_s2022_shuf,0,defect,-0.00617235635172863,0.0015285278764387614
DLinear_ETTm1_h96_fredf_s2022_shuf,0,control,-0.0011665988778050494,0.05661736239380626
DLinear_ETTm1_h96_fredf_s2022_shuf,1,defect,0.0044476170617440865,0.017166935837062965
DLinear_ETTm1_h96_fredf_s2022_shuf,1,control,0.011729793462655047,0.13172010801425243
DLinear_ETTm1_h96_fredf_s2022_shuf,2,defect,-0.006683650928672221,-0.02103833093158016
DLinear_ETTm1_h96_fredf_s2022_shuf,2,control,-0.0074962383938631215,-0.12911793220387582
DLinear_ETTm1_h96_fredf_s2022_shuf,3,defect,-0.02295645883459037,-0.1201175033198764
DLinear_ETTm1_h96_fredf_s2022_shuf,3,control,-0.008543784717368007,0.08440101456811883
DLinear_ETTm1_h96_fredf_s2022_shuf,4,defect,-0.008949898996615026,-0.06615665216042013
DLinear_ETTm1_h96_fredf_s2022_shuf,4,control,0.01379402161430971,0.03812290708591854
DLinear_ETTm1_h96_fredf_s2022_shuf,5,defect,0.004482832042008062,-0.03165020988464126
DLinear_ETTm1_h96_fredf_s2022_shuf,5,control,-0.017801487499702666,-0.01179489249172948
DLinear_ETTm1_h96_fredf_s2022_shuf,6,defect,-0.0001398702410796541,0.12128619103110222
DLinear_ETTm1_h96_fredf_s2022_shuf,6,control,0.00588567355342913,-0.03158098527303259
DLinear_ETTm1_h96_fredf_s2022_shuf,7,defect,-0.019549820337552423,-0.012127358637312863
DLinear_ETTm1_h96_fredf_s2022_shuf,7,control,-0.0036291658954788007,-0.024605860374701864
DLinear_ETTm1_h96_fredf_s2023_det,0,defect,-0.020685120219360368,-0.10622084485444139
DLinear_ETTm1_h96_fredf_s2023_det,0,control,0.0016472416029614425,0.0448301042638437
DLinear_ETTm1_h96_fredf_s2023_det,1,defect,-0.005636001383298547,-0.016757722723097362
DLinear_ETTm1_h96_fredf_s2023_det,1,control,0.01180646582955188,0.04343960916885948
DLinear_ETTm1_h96_fredf_s2023_det,2,defect,-0.0032584774537078778,0.03268735876210577
DLinear_ETTm1_h96_fredf_s2023_det,2,control,-0.0010358839137695303,0.09843196584975161
DLinear_ETTm1_h96_fredf_s2023_det,3,defect,-0.005418271112610322,-0.06695792919090371
DLinear_ETTm1_h96_fredf_s2023_det,3,control,-0.002184070942793736,0.018908025331072616
DLinear_ETTm1_h96_fredf_s2023_det,4,defect,-0.0008937439751764702,0.03865587035158324
DLinear_ETTm1_h96_fredf_s2023_det,4,control,-0.015962915274033776,-0.0667297965005736
DLinear_ETTm1_h96_fredf_s2023_det,5,defect,-0.006161585662582762,-0.022738691581420462
DLinear_ETTm1_h96_fredf_s2023_det,5,control,-0.00848273595833683,0.07061680462883559
DLinear_ETTm1_h96_fredf_s2023_det,6,defect,-0.007394725279521174,-0.01269551817949408
DLinear_ETTm1_h96_fredf_s2023_det,6,control,-0.005096476435184504,-0.09211635921802715
DLinear_ETTm1_h96_fredf_s2023_det,7,defect,-0.0008628360683935313,-0.010039000440516949
DLinear_ETTm1_h96_fredf_s2023_det,7,control,-0.003429866918160789,0.027357454739550622
DLinear_ETTm1_h96_fredf_s2023_shuf,0,defect,0.006111260334982497,-0.05299790134023179
DLinear_ETTm1_h96_fredf_s2023_shuf,0,control,0.010606047469821253,-0.030012263637306844
DLinear_ETTm1_h96_fredf_s2023_shuf,1,defect,0.00022351118025419403,-0.09211349704293363
DLinear_ETTm1_h96_fredf_s2023_shuf,1,control,0.008274665374077447,-0.04721849114235208
DLinear_ETTm1_h96_fredf_s2023_shuf,2,defect,-0.004152008580101395,0.0963580600976357
DLinear_ETTm1_h96_fredf_s2023_shuf,2,control,-0.005132898184730361,0.09058452963513769
DLinear_ETTm1_h96_fredf_s2023_shuf,3,defect,0.011156644355798346,0.09091629277961295
DLinear_ETTm1_h96_fredf_s2023_shuf,3,control,0.002302793888071839,-0.0719372231589473
DLinear_ETTm1_h96_fredf_s2023_shuf,4,defect,0.0078209071732849,-0.030621391039636067
DLinear_ETTm1_h96_fredf_s2023_shuf,4,control,0.005411225401611643,0.06560827706739097
DLinear_ETTm1_h96_fredf_s2023_shuf,5,defect,-0.0033641904124283623,-0.03741000530767094
DLinear_ETTm1_h96_fredf_s2023_shuf,5,control,0.00557287066209775,-0.03421440908310724
DLinear_ETTm1_h96_fredf_s2023_shuf,6,defect,-0.0075584338823348664,-0.024425744708804965
DLinear_ETTm1_h96_fredf_s2023_shuf,6,control,0.013754532796923928,-0.09769546825767116
DLinear_ETTm1_h96_fredf_s2023_shuf,7,defect,0.007570184905289253,-0.020432055232353193
DLinear_ETTm1_h96_fredf_s2023_shuf,7,control,-0.007393771543694785,-0.02161692486113778
DLinear_ETTm1_h96_none_s2021_det,0,defect,-0.011443354001634898,-0.019226623000924807
DLinear_ETTm1_h96_none_s2021_det,0,control,-0.003941893305562493,-0.05252684341184229
DLinear_ETTm1_h96_none_s2021_det,1,defect,0.006100666691300682,-0.05361394785554559
DLinear_ETTm1_h96_none_s2021_det,1,control,-0.0016203337434410846,-0.015742409891467794
DLinear_ETTm1_h96_none_s2021_det,2,defect,0.0003769976350014503,0.029403202232719416
DLinear_ETTm1_h96_none_s2021_det,2,control,-0.008481624460824209,0.03206503519438055
DLinear_ETTm1_h96_none_s2021_det,3,defect,0.0010971392129779409,0.08317718023042238
DLinear_ETTm1_h96_none_s2021_det,3,control,-0.007754737125124232,0.06700350460566101
DLinear_ETTm1_h96_none_s2021_det,4,defect,-0.006072342862846198,0.013737464739437785
DLinear_ETTm1_h96_none_s2021_det,4,control,-0.005198026527649416,0.011367271081353955
DLinear_ETTm1_h96_none_s2021_det,5,defect,-0.0027262749674418266,-0.13114681996479294
DLinear_ETTm1_h96_none_s2021_det,5,control,0.0062601477130638464,0.0028526892527999197
DLinear_ETTm1_h96_none_s2021_det,6,defect,-0.015995373101565895,-0.009018959833213686
DLinear_ETTm1_h96_none_s2021_det,6,control,-0.009500440871932789,-0.026344123397138035
DLinear_ETTm1_h96_none_s2021_det,7,defect,0.004984985294682338,-0.028730621438542554
DLinear_ETTm1_h96_none_s2021_det,7,control,-0.0005579832056758157,-0.04667716174390532
DLinear_ETTm1_h96_none_s2021_shuf,0,defect,-0.006530880653805521,-0.08335390075818948
DLinear_ETTm1_h96_none_s2021_shuf,0,control,-0.0027881500120533714,-0.056384294382635626
DLinear_ETTm1_h96_none_s2021_shuf,1,defect,-0.0009000208210794287,-0.007891421544390726
DLinear_ETTm1_h96_none_s2021_shuf,1,control,0.0003907683072532907,-0.03038234288446505
DLinear_ETTm1_h96_none_s2021_shuf,2,defect,0.01380078501410123,0.09648338428551093
DLinear_ETTm1_h96_none_s2021_shuf,2,control,0.005540538598972495,-0.10738970430758424
DLinear_ETTm1_h96_none_s2021_shuf,3,defect,0.006638135015958281,-0.08512475116499228
DLinear_ETTm1_h96_none_s2021_shuf,3,control,-0.008639623290085805,0.05788775556840257
DLinear_ETTm1_h96_none_s2021_shuf,4,defect,0.00350631032705411,0.020788190475041348
DLinear_ETTm1_h96_none_s2021_shuf,4,control,1.715758841483193e-05,0.07221481305517945
DLinear_ETTm1_h96_none_s2021_shuf,5,defect,-0.005792130045028249,-0.04003637021281431
DLinear_ETTm1_h96_none_s2021_shuf,5,control,0.00788222972602428,0.07430187131070268
DLinear_ETTm1_h96_none_s2021_shuf,6,defect,-0.013520973834482346,0.03318002945220266
DLinear_ETTm1_h96_none_s2021_shuf,6,control,0.001022400183409767,0.033659616580335346
DLinear_ETTm1_h96_none_s2021_shuf,7,defect,0.002099201319384775,0.04892292618313044
DLinear_ETTm1_h96_none_s2021_shuf,7,control,0.013266733374004705,0.0520717524517506
DLinear_ETTm1_h96_none_s2022_det,0,defect,0.00042796769671599286,-0.06060983980197752
DLinear_ETTm1_h96_none_s2022_det,0,control,0.014917973105200408,0.049355555967354414
DLinear_ETTm1_h96_none_s2022_det,1,defect,-0.009084350364935283,-0.020068215482767857
DLinear_ETTm1_h96_none_s2022_det,1,control,-0.011162621252562795,0.03210634328543508
DLinear_ETTm1_h96_none_s2022_det,2,defect,0.0016079949160785402,0.011440010604942125
DLinear_ETTm1_h96_none_s2022_det,2,control,-0.008245240637507534,-0.14696562908197916
DLinear_ETTm1_h96_none_s2022_det,3,defect,-0.007942712897310487,-0.08355938871128317
DLinear_ETTm1_h96_none_s2022_det,3,control,-0.014339664310850748,0.003915988277062376
DLinear_ETTm1_h96_none_s2022_det,4,defect,0.0018680747447019073,0.001467864916603549
DLinear_ETTm1_h96_none_s2022_det,4,control,0.00133923949260284,-0.014126518311754025
DLinear_ETTm1_h96_none_s2022_det,5,defect,-0.017635363310355902,-0.029820789266656662
DLinear_ETTm1_h96_none_s2022_det,5,control,0.010977287812125107,-0.07989590445192943
DLinear_ETTm1_h96_none_s2022_det,6,defect,-0.0022100233606463186,-0.010977509057907382
DLinear_ETTm1_h96_none_s2022_det,6,control,-0.007200032423745338,0.03557617294230056
DLinear_ETTm1_h96_none_s2022_det,7,defect,-0.008489830713398637,0.0023928243741301934
DLinear_ETTm1_h96_none_s2022_det,7,control,-0.0019442316582941848,0.06707437304918
DLinear_ETTm1_h96_none_s2022_shuf,0,defect,0.0050298839443010295,-0.07836096746221662
DLinear_ETTm1_h96_none_s2022_shuf,0,control,-0.00922816730021443,-0.03885447511435814
DLinear_ETTm1_h96_none_s2022_shuf,1,defect,0.005835775057909836,0.14949258466069176
DLinear_ETTm1_h96_none_s2022_shuf,1,control,0.008130532504951367,0.011855326667350743
DLinear_ETTm1_h96_none_s2022_shuf,2,defect,0.005990752954711249,0.05976851366751057
DLinear_ETTm1_h96_none_s2022_shuf,2,control,-0.018139459962629466,-0.0682231402312055
DLinear_ETTm1_h96_none_s2022_shuf,3,defect,0.0004633325369280553,0.08169763914476981
DLinear_ETTm1_h96_none_s2022_shuf,3,control,-0.01208737652526643,0.005545660292324088
DLinear_ETTm1_h96_none_s2022_shuf,4,defect,0.0194478474240588,0.00642371003823194
DLinear_ETTm1_h96_none_s2022_shuf,4,control,0.004514048568200681,0.020070806085573465
DLinear_ETTm1_h96_none_s2022_shuf,5,defect,0.006327479212072856,-0.017760874175796755
DLinear_ETTm1_h96_none_s2022_shuf,5,control,0.011319840204924518,-0.03696890722555511
DLinear_ETTm1_h96_none_s2022_shuf,6,defect,0.0002607667350099547,0.006345727256532997
DLinear_ETTm1_h96_none_s2022_shuf,6,control,-0.022476729426948453,-0.05384991330529629
DLinear_ETTm1_h96_none_s2022_shuf,7,defect,0.0045505109732332984,0.07228386326699335
DLinear_ETTm1_h96_none_s2022_shuf,7,control,0.005921016269459004,0.05254863408815478
DLinear_ETTm1_h96_none_s2023_det,0,defect,0.002639988312945937,-0.01853519747111255
DLinear_ETTm1_h96_none_s2023_det,0,control,-0.00814776243233522,0.006618944074803569
DLinear_ETTm1_h96_none_s2023_det,1,defect,-0.019764560313049982,-0.004960884469965306
DLinear_ETTm1_h96_none_s2023_det,1,control,-0.002356200505705118,-0.012302773209540836
DLinear_ETTm1_h96_none_s2023_det,2,defect,-0.007910588983675661,-0.003435661815937663
DLinear_ETTm1_h96_none_s2023_det,2,control,-0.008104667207688106,-0.04689007870208295
DLinear_ETTm1_h96_none_s2023_det,3,defect,0.003994028133297688,0.01730289272045454
DLinear_ETTm1_h96_none_s2023_det,3,control,0.0007637965203658365,-0.11055683518866777
DLinear_ETTm1_h96_none_s2023_det,4,defect,-0.0058904112006370425,-0.0921000117182834
DLinear_ETTm1_h96_none_s2023_det,4,control,0.008338906751914852,-0.005642706886226519
DLinear_ETTm1_h96_none_s2023_det,5,defect,0.0054116909620307236,-0.04676030778413992
DLinear_ETTm1_h96_none_s2023_det,5,control,0.007920988635832021,-0.031934036528758696
DLinear_ETTm1_h96_none_s2023_det,6,defect,-0.008329153386890182,-0.021360665858115056
DLinear_ETTm1_h96_none_s2023_det,6,control,0.0031396176638450414,0.02772444583970096
DLinear_ETTm1_h96_none_s2023_det,7,defect,-0.0028139436341924314,-0.027933436211446113
DLinear_ETTm1_h96_none_s2023_det,7,control,0.006141443242766667,-0.08200230058444716
DLinear_ETTm1_h96_none_s2023_shuf,0,defect,-0.0023302807248775045,-0.056319381639704326
DLinear_ETTm1_h96_none_s2023_shuf,0,control,0.004908021190014253,-0.04772738956773332
DLinear_ETTm1_h96_none_s2023_shuf,1,defect,-0.008594491626866896,0.0450847505867075
DLinear_ETTm1_h96_none_s2023_shuf,1,control,-0.011619285556658492,-0.013945841468683108
DLinear_ETTm1_h96_none_s2023_shuf,2,defect,-0.0039660343845657085,0.10715133056666407
DLinear_ETTm1_h96_none_s2023_shuf,2,control,0.004791984358016739,-0.012781272565274787
DLinear_ETTm1_h96_none_s2023_shuf,3,defect,0.0032740086343604766,0.008976494978208509
DLinear_ETTm1_h96_none_s2023_shuf,3,control,-0.003920966683835926,-9.34839638136041e-05
DLinear_ETTm1_h96_none_s2023_shuf,4,defect,-0.005041047754245966,0.008158365339054029
DLinear_ETTm1_h96_none_s2023_shuf,4,control,-0.006146139739664889,0.06375918165524487
DLinear_ETTm1_h96_none_s2023_shuf,5,defect,-0.006454443585603202,-0.07279556720296913
DLinear_ETTm1_h96_none_s2023_shuf,5,control,-0.0026491446400674,0.07883871781347453
DLinear_ETTm1_h96_none_s2023_shuf,6,defect,0.007212589800826963,0.08807066376231347
DLinear_ETTm1_h96_none_s2023_shuf,6,control,0.002199292216550383,0.0251826696533056
DLinear_ETTm1_h96_none_s2023_shuf,7,defect,-0.008253305507111074,0.03028478138852595
DLinear_ETTm1_h96_none_s2023_shuf,7,control,0.007846550786594998,0.04165116219348275
DLinear_ETTm1_h96_revin_s2021_det,0,defect,0.003960063281453864,-0.04663558400789222
DLinear_ETTm1_h96_revin_s2021_det,0,control,0.0006976269348521556,0.007884047495350769
DLinear_ETTm1_h96_revin_s2021_det,1,defect,0.005998244008991982,-0.007403313749641754
DLinear_ETTm1_h96_revin_s2021_det,1,control,-0.004140267088349321,0.005086152693999163
DLinear_ETTm1_h96_revin_s2021_det,2,defect,0.0002724146688980083,-0.0062215535300604585
DLinear_ETTm1_h96_revin_s2021_det,2,control,-0.01149461465433126,0.08711163098370454
DLinear_ETTm1_h96_revin_s2021_det,3,defect,0.0003569376969095056,-0.010543514678942177
DLinear_ETTm1_h96_revin_s2021_det,3,control,-0.0028715347916119936,-0.023866558815470305
DLinear_ETTm1_h96_revin_s2021_det,4,defect,0.0019554190005368296,-0.10199822025332726
DLinear_ETTm1_h96_revin_s2021_det,4,control,-0.008593784752848463,-0.029170281744722
DLinear_ETTm1_h96_revin_s2021_det,5,defect,-0.005996830554621579,-0.030683987176778418
DLinear_ETTm1_h96_revin_s2021_det,5,control,0.0013312254492790809,-0.05419087133639351
DLinear_ETTm1_h96_revin_s2021_det,6,defect,-0.010834344263136533,-0.17521584634389772
DLinear_ETTm1_h96_revin_s2021_det,6,control,0.0002914891273394305,-0.03997318491549313
DLinear_ETTm1_h96_revin_s2021_det,7,defect,-0.0018918610650413773,-0.03577163423460486
DLinear_ETTm1_h96_revin_s2021_det,7,control,-0.0005407194785300879,0.07187889411833905
DLinear_ETTm1_h96_revin_s2021_shuf,0,defect,-0.008203320575020297,-0.017367544267125185
DLinear_ETTm1_h96_revin_s2021_shuf,0,control,0.004529991855673298,-0.011466035917789047
DLinear_ETTm1_h96_revin_s2021_shuf,1,defect,0.01478887245471951,0.0858249750978174
DLinear_ETTm1_h96_revin_s2021_shuf,1,control,-0.01188700066690024,-0.016054031737144207
DLinear_ETTm1_h96_revin_s2021_shuf,2,defect,-0.0070690059715851255,-0.09082212677913058
DLinear_ETTm1_h96_revin_s2021_shuf,2,control,-0.007278624074647865,-0.08401399934187853
DLinear_ETTm1_h96_revin_s2021_shuf,3,defect,0.008062038573382049,-0.01931754363477479
DLinear_ETTm1_h96_revin_s2021_shuf,3,control,-0.002716117759444429,0.07113578130527595
DLinear_ETTm1_h96_revin_s2021_shuf,4,defect,0.005168313493234171,0.0562776888484658
DLinear_ETTm1_h96_revin_s2021_shuf,4,control,0.000988043651055406,0.03953664651109039
DLinear_ETTm1_h96_revin_s2021_shuf,5,defect,0.00335872319166103,-0.02364030879526907
DLinear_ETTm1_h96_revin_s2021_shuf,5,control,-0.011157327737751549,-0.05224051387640715
DLinear_ETTm1_h96_revin_s2021_shuf,6,defect,-0.004149840639931669,0.10375981969797887
DLinear_ETTm1_h96_revin_s2021_shuf,6,control,-0.007833491558849189,0.024112070367426075
DLinear_ETTm1_h96_revin_s2021_shuf,7,defect,0.0033132945122338856,0.03516269643782129
DLinear_ETTm1_h96_revin_s2021_shuf,7,control,0.02059932973041158,0.1485475821429845
DLinear_ETTm1_h96_revin_s2022_det,0,defect,0.008845461428532172,0.1166078272392362
DLinear_ETTm1_h96_revin_s2022_det,0,control,0.010111558112466407,-0.12294549247870781
DLinear_ETTm1_h96_revin_s2022_det,1,defect,0.001849697444006972,-0.05191399061169795
DLinear_ETTm1_h96_revin_s2022_det,1,control,-0.011172772413431108,0.002737099967707179
DLinear_ETTm1_h96_revin_s2022_det,2,defect,0.011180529464308872,0.052662543221038784
DLinear_ETTm1_h96_revin_s2022_det,2,control,0.00897273133163815,0.035469473079881776
DLinear_ETTm1_h96_revin_s2022_det,3,defect,-0.0014998506679183331,0.08490977946605138
DLinear_ETTm1_h96_revin_s2022_det,3,control,-0.014102239816081335,0.025680033354002846
DLinear_ETTm1_h96_revin_s2022_det,4,defect,0.007638392059886456,-0.0197766027656871
DLinear_ETTm1_h96_revin_s2022_det,4,control,-0.010115612011625544,-0.08511188183073583
DLinear_ETTm1_h96_revin_s2022_det,5,defect,0.005785758502653908,-0.11421425302631953
DLinear_ETTm1_h96_revin_s2022_det,5,control,0.007850006239721692,-0.027431737201412308
DLinear_ETTm1_h96_revin_s2022_det,6,defect,0.006973367151731399,0.17490114080837577
DLinear_ETTm1_h96_revin_s2022_det,6,control,-0.00511219443383894,-0.058657169462138385
DLinear_ETTm1_h96_revin_s2022_det,7,defect,-0.0046151366407536235,0.04466470304752282
DLinear_ETTm1_h96_revin_s2022_det,7,control,0.001333278363237769,-0.07187327673088073
DLinear_ETTm1_h96_revin_s2022_shuf,0,defect,0.0006263246138359915,0.08296396931190435
DLinear_ETTm1_h96_revin_s2022_shuf,0,control,-0.0010053315743428358,0.03329301866260424
DLinear_ETTm1_h96_revin_s2022_shuf,1,defect,0.006301078377123299,0.01826877159133961
DLinear_ETTm1_h96_revin_s2022_shuf,1,control,-0.0021809820366300746,0.07928182152101199
DLinear_ETTm1_h96_revin_s2022_shuf,2,defect,0.0035885947979158272,-0.030924433746158414
DLinear_ETTm1_h96_revin_s2022_shuf,2,control,-0.000127468714572241,-0.10360738488680236
DLinear_ETTm1_h96_revin_s2022_shuf,3,defect,0.031073460468032926,0.011833269783786323
DLinear_ETTm1_h96_revin_s2022_shuf,3,control,-0.0029182937677934145,-0.025111456871052967
DLinear_ETTm1_h96_revin_s2022_shuf,4,defect,-0.0030842881211265395,0.10351501758370829
DLinear_ETTm1_h96_revin_s2022_shuf,4,control,-0.007906188887446415,0.04067752241872014
DLinear_ETTm1_h96_revin_s2022_shuf,5,defect,-0.0027628300492348857,-0.06833929758000679
DLinear_ETTm1_h96_revin_s2022_shuf,5,control,-0.007350215703307229,-0.08754023770556366
DLinear_ETTm1_h96_revin_s2022_shuf,6,defect,0.0007422717262007698,0.024880825409888032
DLinear_ETTm1_h96_revin_s2022_shuf,6,control,1.1405646622024166e-05,0.09258072063556551
DLinear_ETTm1_h96_revin_s2022_shuf,7,defect,0.002166745546477927,-0.055239734346489995
DLinear_ETTm1_h96_revin_s2022_shuf,7,control,-0.027000296246508893,-0.05128133420125747
DLinear_ETTm1_h96_revin_s2023_det,0,defect,-0.008239381828668882,-0.014201331034848155
DLinear_ETTm1_h96_revin_s2023_det,0,control,-0.00033476793122968844,-0.025033886061013307
DLinear_ETTm1_h96_revin_s2023_det,1,defect,-0.00047128537374567763,0.10671511657166705
DLinear_ETTm1_h96_revin_s2023_det,1,control,-0.007220097386852914,0.0788765533820505
DLinear_ETTm1_h96_revin_s2023_det,2,defect,0.006689093076120919,0.048740571136452346
DLinear_ETTm1_h96_revin_s2023_det,2,control,0.01421873328072305,0.09666766288969418
DLinear_ETTm1_h96_revin_s2023_det,3,defect,-0.006049864791490694,-0.06225574470300171
DLinear_ETTm1_h96_revin_s2023_det,3,control,-0.010621938683672219,-0.08988311245173379
DLinear_ETTm1_h96_revin_s2023_det,4,defect,-0.0085328773525487,0.12666375380974204
DLinear_ETTm1_h96_revin_s2023_det,4,control,-0.001680750884234385,-0.009159177207284567
DLinear_ETTm1_h96_revin_s2023_det,5,defect,-0.0012182940149547642,0.0020813347822985417
DLinear_ETTm1_h96_revin_s2023_det,5,control,-0.0029704337252227262,-0.03412424264481265
DLinear_ETTm1_h96_revin_s2023_det,6,defect,0.010758413543560393,0.016101107233043088
DLinear_ETTm1_h96_revin_s2023_det,6,control,0.004702135371390078,-0.016123185179699306
DLinear_ETTm1_h96_revin_s2023_det,7,defect,-0.002711762623593107,0.061633924173853244
DLinear_ETTm1_h96_revin_s2023_det,7,control,-0.00030225604661286216,0.036077755935907604
DLinear_ETTm1_h96_revin_s2023_shuf,0,defect,0.005263505650153569,0.049752324823964696
DLinear_ETTm1_h96_revin_s2023_shuf,0,control,-0.005523302785486781,0.041097338137058605
DLinear_ETTm1_h96_revin_s2023_shuf,1,defect,-0.003027059008561286,0.09202399545503863
DLinear_ETTm1_h96_revin_s2023_shuf,1,control,0.0014220567773699498,0.0627167555302231
DLinear_ETTm1_h96_revin_s2023_shuf,2,defect,0.008918774169394373,0.025156305746460828
DLinear_ETTm1_h96_revin_s2023_shuf,2,control,-0.005774635416551028,-0.04396190742980258
DLinear_ETTm1_h96_revin_s2023_shuf,3,defect,0.014369936028874373,0.19526542615878384
DLinear_ETTm1_h96_revin_s2023_shuf,3,control,0.006847831267625122,0.014583006275596843
DLinear_ETTm1_h96_revin_s2023_shuf,4,defect,-0.006306716290466961,-0.010051448599476513
DLinear_ETTm1_h96_revin_s2023_shuf,4,control,-0.008014984254679202,0.016804748188996754
DLinear_ETTm1_h96_revin_s2023_shuf,5,defect,-0.009768229025183714,0.005958847146541691
DLinear_ETTm1_h96_revin_s2023_shuf,5,control,-0.003408554059457178,0.021278871179598625
DLinear_ETTm1_h96_revin_s2023_shuf,6,defect,0.005851477591000351,0.016556090739227213
DLinear_ETTm1_h96_revin_s2023_shuf,6,control,0.009331641009764361,0.06932155101775603
DLinear_ETTm1_h96_revin_s2023_shuf,7,defect,-0.005475918169771008,0.1032355606665585
DLinear_ETTm1_h96_revin_s2023_shuf,7,control,-0.0013310856596529036,0.06826612419006993
DLinear_ETTm1_h96_san_lite_s2021_det,0,defect,0.013197715411412424,0.1401949316617236
DLinear_ETTm1_h96_san_lite_s2021_det,0,control,-0.0017180484905517982,0.008109888262346437
DLinear_ETTm1_h96_san_lite_s2021_det,1,defect,5.320667963834877e-05,-0.0601863446882734
DLinear_ETTm1_h96_san_lite_s2021_det,1,control,-0.00023757931533675535,-0.004827713208308179
DLinear_ETTm1_h96_san_lite_s2021_det,2,defect,-0.0059907412308093716,-0.04780707392079567
DLinear_ETTm1_h96_san_lite_s2021_det,2,control,0.0009210509261316912,-0.08290721218616312
DLinear_ETTm1_h96_san_lite_s2021_det,3,defect,-0.002091908376503188,0.0356662421881068
DLinear_ETTm1_h96_san_lite_s2021_det,3,control,-0.00818229332252212,-0.08213467205256064
DLinear_ETTm1_h96_san_lite_s2021_det,4,defect,0.011156685691225,0.13888739478893425
DLinear_ETTm1_h96_san_lite_s2021_det,4,control,-0.01019920602705139,-0.004195191617512198
DLinear_ETTm1_h96_san_lite_s2021_det,5,defect,-0.00923873560114184,0.04202914145528747
DLinear_ETTm1_h96_san_lite_s2021_det,5,control,-0.009349411234432165,-0.04122263095788793
DLinear_ETTm1_h96_san_lite_s2021_det,6,defect,-0.010439404721167883,0.010983970781541034
DLinear_ETTm1_h96_san_lite_s2021_det,6,control,0.016075497232244215,0.0346727033813201
DLinear_ETTm1_h96_san_lite_s2021_det,7,defect,0.01927066895515586,0.013716816816992739
DLinear_ETTm1_h96_san_lite_s2021_det,7,control,-0.021846031101682747,-0.1527094264804635
DLinear_ETTm1_h96_san_lite_s2021_shuf,0,defect,-0.014952641805519053,-0.010537301620256415
DLinear_ETTm1_h96_san_lite_s2021_shuf,0,control,-0.010019482521982415,0.01184717290344693
DLinear_ETTm1_h96_san_lite_s2021_shuf,1,defect,-0.008600554292361642,-0.13722380930083986
DLinear_ETTm1_h96_san_lite_s2021_shuf,1,control,-0.0038406425266537163,0.09233869890974843
DLinear_ETTm1_h96_san_lite_s2021_shuf,2,defect,0.013246715745010818,0.050681416512911484
DLinear_ETTm1_h96_san_lite_s2021_shuf,2,control,-0.003691966114457592,0.03772710453573022
DLinear_ETTm1_h96_san_lite_s2021_shuf,3,defect,7.955853089968821e-05,0.036224606539046876
DLinear_ETTm1_h96_san_lite_s2021_shuf,3,control,-0.007901964854933689,0.03844300966675395
DLinear_ETTm1_h96_san_lite_s2021_shuf,4,defect,-0.0028755835610785,0.07177310571175037
DLinear_ETTm1_h96_san_lite_s2021_shuf,4,control,-0.006405887042431201,-0.012826025766885834
DLinear_ETTm1_h96_san_lite_s2021_shuf,5,defect,-0.002045076429714214,0.012275645131600364
DLinear_ETTm1_h96_san_lite_s2021_shuf,5,control,-0.004736397798755337,-0.03632138984552506
DLinear_ETTm1_h96_san_lite_s2021_shuf,6,defect,0.016646413639821528,0.1751780990030183
DLinear_ETTm1_h96_san_lite_s2021_shuf,6,control,-0.00453019256215072,-0.07364608601461443
DLinear_ETTm1_h96_san_lite_s2021_shuf,7,defect,0.006170344753032797,-0.05598940973478445
DLinear_ETTm1_h96_san_lite_s2021_shuf,7,control,-0.013032105066209774,-0.022469780976511117
DLinear_ETTm1_h96_san_lite_s2022_det,0,defect,0.002477040669385973,-0.006855499326380876
DLinear_ETTm1_h96_san_lite_s2022_det,0,control,0.00445668831209743,-0.13076746873152995
DLinear_ETTm1_h96_san_lite_s2022_det,1,defect,0.009557664903036275,0.04764219016662922
DLinear_ETTm1_h96_san_lite_s2022_det,1,control,-0.00841229503027127,-0.003138924217454912
DLinear_ETTm1_h96_san_lite_s2022_det,2,defect,0.0014257761188584833,0.16991307903306782
DLinear_ETTm1_h96_san_lite_s2022_det,2,control,-0.014260404083564457,-0.05396455738830886
DLinear_ETTm1_h96_san_lite_s2022_det,3,defect,0.0062093797820283935,-0.017044104467081066
DLinear_ETTm1_h96_san_lite_s2022_det,3,control,0.010604744479250462,0.04546849181463425
DLinear_ETTm1_h96_san_lite_s2022_det,4,defect,-0.0034967235589164957,-0.05471639438741278
DLinear_ETTm1_h96_san_lite_s2022_det,4,control,0.003947981498830986,0.06827424235675195
DLinear_ETTm1_h96_san_lite_s2022_det,5,defect,0.0028835626459093053,-0.10358925644636398
DLinear_ETTm1_h96_san_lite_s2022_det,5,control,0.00899058578413151,-0.008817796359697974
DLinear_ETTm1_h96_san_lite_s2022_det,6,defect,-0.009945381229991189,0.07457649956715792
DLinear_ETTm1_h96_san_lite_s2022_det,6,control,0.003641570813599683,-0.0006238437382071767
DLinear_ETTm1_h96_san_lite_s2022_det,7,defect,-0.006875674138508577,0.07190962798747455
DLinear_ETTm1_h96_san_lite_s2022_det,7,control,0.013872952328945634,0.06900593708652082
DLinear_ETTm1_h96_san_lite_s2022_shuf,0,defect,0.004348685877288253,0.12452788065606549
DLinear_ETTm1_h96_san_lite_s2022_shuf,0,control,-0.00044034715943118636,-0.006556334870354888
DLinear_ETTm1_h96_san_lite_s2022_shuf,1,defect,-0.010782321150418698,-0.18485858815268738
DLinear_ETTm1_h96_san_lite_s2022_shuf,1,control,0.003745772857489165,-0.15692741926738635
DLinear_ETTm1_h96_san_lite_s2022_shuf,2,defect,0.002356211976134232,-0.08266283660616683
DLinear_ETTm1_h96_san_lite_s2022_shuf,2,control,0.0015822339711850136,-0.0065484914410076445
DLinear_ETTm1_h96_san_lite_s2022_shuf,3,defect,0.0014449769130015012,-0.00840854633064529
DLinear_ETTm1_h96_san_lite_s2022_shuf,3,control,0.012967807201151151,0.025001954271450955
DLinear_ETTm1_h96_san_lite_s2022_shuf,4,defect,0.0023765546759088544,-0.026746981423217426
DLinear_ETTm1_h96_san_lite_s2022_shuf,4,control,0.01823224957658072,0.0329805354007451
DLinear_ETTm1_h96_san_lite_s2022_shuf,5,defect,-0.007572438441199571,-0.11506421749490522
DLinear_ETTm1_h96_san_lite_s2022_shuf,5,control,-0.003029014896570201,-0.0813235237407206
DLinear_ETTm1_h96_san_lite_s2022_shuf,6,defect,0.0068242375025018434,-0.05399606407250674
DLinear_ETTm1_h96_san_lite_s2022_shuf,6,control,0.015123711143791654,0.011686440788606055
DLinear_ETTm1_h96_san_lite_s2022_shuf,7,defect,-0.005178188386127855,-0.005411385035844135
DLinear_ETTm1_h96_san_lite_s2022_shuf,7,control,0.00023009442071877435,-0.014555025032836648
DLinear_ETTm1_h96_san_lite_s2023_det,0,defect,0.0009149466999914847,0.027495328215684373
DLinear_ETTm1_h96_san_lite_s2023_det,0,control,-0.0067681767729006245,-0.02518004738657341
DLinear_ETTm1_h96_san_lite_s2023_det,1,defect,-0.0016343485617126606,0.016995022863616222
DLinear_ETTm1_h96_san_lite_s2023_det,1,control,0.018457222180960183,0.06221894082771281
DLinear_ETTm1_h96_san_lite_s2023_det,2,defect,-0.0021028578852774647,-0.10289107862635873
DLinear_ETTm1_h96_san_lite_s2023_det,2,control,-0.009537004692260936,0.0890520630436774
DLinear_ETTm1_h96_san_lite_s2023_det,3,defect,0.001183017703476392,0.05092640617925763
DLinear_ETTm1_h96_san_lite_s2023_det,3,control,0.000584459405125487,0.062388425954800944
DLinear_ETTm1_h96_san_lite_s2023_det,4,defect,-0.0009144947584603856,-0.025592244703040962
DLinear_ETTm1_h96_san_lite_s2023_det,4,control,-0.0015208985599823453,-0.020799777160866086
DLinear_ETTm1_h96_san_lite_s2023_det,5,defect,0.008147669292845957,0.14994480747007152
DLinear_ETTm1_h96_san_lite_s2023_det,5,control,0.0016210924094297405,-0.03879019127754015
DLinear_ETTm1_h96_san_lite_s2023_det,6,defect,-0.00246052023116926,0.013204951198043496
DLinear_ETTm1_h96_san_lite_s2023_det,6,control,0.009530228840238934,0.07472783220265396
DLinear_ETTm1_h96_san_lite_s2023_det,7,defect,0.0019028753731218388,0.09323125973235034
DLinear_ETTm1_h96_san_lite_s2023_det,7,control,-0.01180133542746549,0.059882740320195055
DLinear_ETTm1_h96_san_lite_s2023_shuf,0,defect,-0.010159273922395662,-0.01034065818540667
DLinear_ETTm1_h96_san_lite_s2023_shuf,0,control,-0.02298390784413114,-0.04087982168634632
DLinear_ETTm1_h96_san_lite_s2023_shuf,1,defect,0.00828866922083438,0.019345648365042857
DLinear_ETTm1_h96_san_lite_s2023_shuf,1,control,-0.00044508305252769555,-0.13144774180230723
DLinear_ETTm1_h96_san_lite_s2023_shuf,2,defect,-0.003514775865311694,-0.09678858491694159
DLinear_ETTm1_h96_san_lite_s2023_shuf,2,control,0.01855571023900633,0.07934270628612612
DLinear_ETTm1_h96_san_lite_s2023_shuf,3,defect,0.0013665972618786793,0.07627827338144795
DLinear_ETTm1_h96_san_lite_s2023_shuf,3,control,-0.009605834573591317,0.018271690190529037
DLinear_ETTm1_h96_san_lite_s2023_shuf,4,defect,-0.005733102259013285,-0.13919129861758645
DLinear_ETTm1_h96_san_lite_s2023_shuf,4,control,-0.005942301584623723,-0.013072761006802132
DLinear_ETTm1_h96_san_lite_s2023_shuf,5,defect,-0.014689211781351741,0.10578633250622796
DLinear_ETTm1_h96_san_lite_s2023_shuf,5,control,-0.00366309541464775,-0.08366955507246202
DLinear_ETTm1_h96_san_lite_s2023_shuf,6,defect,-0.0027340355990528547,0.04733784536037611
DLinear_ETTm1_h96_san_lite_s2023_shuf,6,control,0.009153942806711269,0.03882056244806904
DLinear_ETTm1_h96_san_lite_s2023_shuf,7,defect,-0.013226282339840443,-0.09317730914117757
DLinear_ETTm1_h96_san_lite_s2023_shuf,7,control,0.0009374604217823434,0.043593568283393426
DLinear_ETTm2_h192_fredf_s2021_det,0,defect,0.0028843891787500788,-0.007166840787491087
DLinear_ETTm2_h192_fredf_s2021_det,0,control,0.007040300212516904,0.07004574736450019
DLinear_ETTm2_h192_fredf_s2021_det,1,defect,0.0003736593142887686,0.030124477445891668
DLinear_ETTm2_h192_fredf_s2021_det,1,control,0.010643178011702328,0.1477742031399325
DLinear_ETTm2_h192_fredf_s2021_det,2,defect,-0.0040936933293679156,-0.10268393985584086
DLinear_ETTm2_h192_fredf_s2021_det,2,control,-0.003296643694154884,-0.13423369174623065
DLinear_ETTm2_h192_fredf_s2021_det,3,defect,-0.0007271108116857095,0.052730028775918626
DLinear_ETTm2_h192_fredf_s2021_det,3,control,0.011197474447351613,0.09999355474146443
DLinear_ETTm2_h192_fredf_s2021_det,4,defect,-0.0076251589026259965,0.10362432627602362
DLinear_ETTm2_h192_fredf_s2021_det,4,control,-0.005094560151320296,-0.1093651968225851
DLinear_ETTm2_h192_fredf_s2021_det,5,defect,0.0052705265404851325,0.1110793331346821
DLinear_ETTm2_h192_fredf_s2021_det,5,control,0.0034688098545088814,0.0013138476289916833
DLinear_ETTm2_h192_fredf_s2021_det,6,defect,0.015538474397649125,0.18308267483929147
DLinear_ETTm2_h192_fredf_s2021_det,6,control,0.01026267711034126,0.04377649656184013
DLinear_ETTm2_h192_fredf_s2021_det,7,defect,-0.0008198254612298665,0.17730646897756255
DLinear_ETTm2_h192_fredf_s2021_det,7,control,0.0026132754867091035,0.05000145152273201
DLinear_ETTm2_h192_none_s2021_det,0,defect,0.001144833990793729,-0.04074318586245817
DLinear_ETTm2_h192_none_s2021_det,0,control,0.006365523734806393,0.012266608923904453
DLinear_ETTm2_h192_none_s2021_det,1,defect,-0.0034072288612163383,-0.01785788518055836
DLinear_ETTm2_h192_none_s2021_det,1,control,-0.005675983844595871,-0.07589628972254363
DLinear_ETTm2_h192_none_s2021_det,2,defect,0.0032760688790730436,0.023136532174456482
DLinear_ETTm2_h192_none_s2021_det,2,control,-0.004606955807503003,-0.07707316320098143
DLinear_ETTm2_h192_none_s2021_det,3,defect,0.0028596162791169094,0.006236742019013184
DLinear_ETTm2_h192_none_s2021_det,3,control,-0.002832625507872504,-0.0137807737411303
DLinear_ETTm2_h192_none_s2021_det,4,defect,0.011646841022931714,-0.03345632261620314
DLinear_ETTm2_h192_none_s2021_det,4,control,0.008470456407692999,0.09152521679269134
DLinear_ETTm2_h192_none_s2021_det,5,defect,-0.016436579511535175,0.12634138531397543
DLinear_ETTm2_h192_none_s2021_det,5,control,-0.008100103179903942,-0.014081187252502287
DLinear_ETTm2_h192_none_s2021_det,6,defect,0.0012649258123025987,-0.004703637023876315
DLinear_ETTm2_h192_none_s2021_det,6,control,0.007032147569870554,0.08591366210569068
DLinear_ETTm2_h192_none_s2021_det,7,defect,0.0039201135340664805,-0.010282113521695642
DLinear_ETTm2_h192_none_s2021_det,7,control,0.0069717561288128805,-0.049422480455446414
DLinear_ETTm2_h192_revin_s2021_det,0,defect,0.0005885483011825228,-0.023981986819217538
DLinear_ETTm2_h192_revin_s2021_det,0,control,-0.01144590074302096,-0.18286342165081262
DLinear_ETTm2_h192_revin_s2021_det,1,defect,0.007525096449594983,0.11963858175900241
DLinear_ETTm2_h192_revin_s2021_det,1,control,0.002871351447272447,-0.05802729895654094
DLinear_ETTm2_h192_revin_s2021_det,2,defect,-0.003326645646888561,-0.024851663879043136
DLinear_ETTm2_h192_revin_s2021_det,2,control,-0.007320051503864558,-0.030861717464888413
DLinear_ETTm2_h192_revin_s2021_det,3,defect,-0.0013184100970017334,0.07033857861778783
DLinear_ETTm2_h192_revin_s2021_det,3,control,0.006916371358293918,-0.054965690761559875
DLinear_ETTm2_h192_revin_s2021_det,4,defect,-0.009152064787588614,-0.1303626363651509
DLinear_ETTm2_h192_revin_s2021_det,4,control,-0.010857038278740268,0.0034183445921886673
DLinear_ETTm2_h192_revin_s2021_det,5,defect,-0.005664550014498564,0.05635803907316493
DLinear_ETTm2_h192_revin_s2021_det,5,control,-0.007830287817365014,-0.13132916110180218
DLinear_ETTm2_h192_revin_s2021_det,6,defect,-0.005911765242823412,-0.10542764825227509
DLinear_ETTm2_h192_revin_s2021_det,6,control,-0.002782053980622509,0.018268962784278885
DLinear_ETTm2_h192_revin_s2021_det,7,defect,-0.022452437584610938,-0.10434407481113732
DLinear_ETTm2_h192_revin_s2021_det,7,control,0.01298715081404009,0.09549592644476304
DLinear_ETTm2_h192_san_lite_s2021_det,0,defect,-0.0020459470842565763,0.008367684483483196
DLinear_ETTm2_h192_san_lite_s2021_det,0,control,0.003382338320674127,-0.16413274659630042
DLinear_ETTm2_h192_san_lite_s2021_det,1,defect,0.010994219270549662,0.11328765717457373
DLinear_ETTm2_h192_san_lite_s2021_det,1,control,0.0008486140893305303,0.08471416745520223
DLinear_ETTm2_h192_san_lite_s2021_det,2,defect,-0.02181577992202316,-0.06944608579998643
DLinear_ETTm2_h192_san_lite_s2021_det,2,control,0.018196642406100652,0.09054883237372684
DLinear_ETTm2_h192_san_lite_s2021_det,3,defect,-0.011058980997022717,0.049669802674895104
DLinear_ETTm2_h192_san_lite_s2021_det,3,control,-0.008264130760639029,-0.04100584190480346
DLinear_ETTm2_h192_san_lite_s2021_det,4,defect,0.00021438944718972893,-0.1314466121185914
DLinear_ETTm2_h192_san_lite_s2021_det,4,control,-0.009405586146717604,0.013402617155736237
DLinear_ETTm2_h192_san_lite_s2021_det,5,defect,-0.007464970252624366,0.06445951590161492
DLinear_ETTm2_h192_san_lite_s2021_det,5,control,-0.0022645302460919873,-0.1148109731189877
DLinear_ETTm2_h192_san_lite_s2021_det,6,defect,0.006751002227655837,-0.0048600393138271206
DLinear_ETTm2_h192_san_lite_s2021_det,6,control,0.014060167027416913,-0.02884246223006305
DLinear_ETTm2_h192_san_lite_s2021_det,7,defect,-0.005121684524574746,-0.002861875750983157
DLinear_ETTm2_h192_san_lite_s2021_det,7,control,-0.010276875228147386,0.10396639232865759
DLinear_ETTm2_h336_fredf_s2021_det,0,defect,0.005827278520026813,0.042037713609417174
DLinear_ETTm2_h336_fredf_s2021_det,0,control,0.015194252022134511,-0.022512733463489
DLinear_ETTm2_h336_fredf_s2021_det,1,defect,-0.008793087616966146,-0.029913503747937
DLinear_ETTm2_h336_fredf_s2021_det,1,control,-0.0010889155102312528,0.1161365818526094
DLinear_ETTm2_h336_fredf_s2021_det,2,defect,-0.007207433713888355,0.01973921927688019
DLinear_ETTm2_h336_fredf_s2021_det,2,control,-0.003058813035132229,-0.053341382673542506
DLinear_ETTm2_h336_fredf_s2021_det,3,defect,0.015478979362258002,0.08200703761586944
DLinear_ETTm2_h336_fredf_s2021_det,3,control,0.0032962383229716437,-0.07464433553461781
DLinear_ETTm2_h336_fredf_s2021_det,4,defect,0.009019564326713232,0.08659905877390078
DLinear_ETTm2_h336_fredf_s2021_det,4,control,-0.0030845562669217343,0.0011469532967805984
DLinear_ETTm2_h336_fredf_s2021_det,5,defect,0.0035037154030226054,0.042297839141884085
DLinear_ETTm2_h336_fredf_s2021_det,5,control,0.0015675629751680372,0.01867085141780478
DLinear_ETTm2_h336_fredf_s2021_det,6,defect,0.008213279671647193,0.10957578585842
DLinear_ETTm2_h336_fredf_s2021_det,6,control,-0.004131324244773847,0.058661887207320546
DLinear_ETTm2_h336_fredf_s2021_det,7,defect,0.00832953589254597,0.10142303111443716
DLinear_ETTm2_h336_fredf_s2021_det,7,control,-0.004457582523475056,0.0399487962471089
DLinear_ETTm2_h336_fredf_s2021_shuf,0,defect,0.013299273656288996,0.04623736714210684
DLinear_ETTm2_h336_fredf_s2021_shuf,0,control,-0.018346340178479435,-0.13988744945359285
DLinear_ETTm2_h336_fredf_s2021_shuf,1,defect,-0.023494118367963942,-0.1497280317459083
DLinear_ETTm2_h336_fredf_s2021_shuf,1,control,-0.010051269705080964,-0.03456515229300169
DLinear_ETTm2_h336_fredf_s2021_shuf,2,defect,-0.0009257033595365539,0.009091295938014545
DLinear_ETTm2_h336_fredf_s2021_shuf,2,control,0.001090137214869168,-0.03944168975381711
DLinear_ETTm2_h336_fredf_s2021_shuf,3,defect,0.015785127461436465,0.008236544544342419
DLinear_ETTm2_h336_fredf_s2021_shuf,3,control,-0.002465939380578244,-0.042060124622743174
DLinear_ETTm2_h336_fredf_s2021_shuf,4,defect,-0.006373013173433679,0.012959103757787804
DLinear_ETTm2_h336_fredf_s2021_shuf,4,control,-0.009713552752726283,-0.040855473730418534
DLinear_ETTm2_h336_fredf_s2021_shuf,5,defect,-0.017758593764309095,-0.04503921532052859
DLinear_ETTm2_h336_fredf_s2021_shuf,5,control,-0.011370587253666027,0.011974039076877305
DLinear_ETTm2_h336_fredf_s2021_shuf,6,defect,0.004378480543854774,0.08981231992319938
DLinear_ETTm2_h336_fredf_s2021_shuf,6,control,-0.002121397446330926,-0.0724590957371799
DLinear_ETTm2_h336_fredf_s2021_shuf,7,defect,-0.011547368095539213,0.03233154508948177
DLinear_ETTm2_h336_fredf_s2021_shuf,7,control,0.004610117073333599,-0.016287120212619566
DLinear_ETTm2_h336_fredf_s2022_det,0,defect,0.024891832851557678,-0.024785566674113576
DLinear_ETTm2_h336_fredf_s2022_det,0,control,-0.0015731255131841684,0.04759823294213637
DLinear_ETTm2_h336_fredf_s2022_det,1,defect,0.010717945301196548,0.11049118149727764
DLinear_ETTm2_h336_fredf_s2022_det,1,control,0.009264974302396886,-0.15059661647614417
DLinear_ETTm2_h336_fredf_s2022_det,2,defect,-0.01068890804204746,0.017501287991185697
DLinear_ETTm2_h336_fredf_s2022_det,2,control,0.006249132824291368,0.030439920254032384
DLinear_ETTm2_h336_fredf_s2022_det,3,defect,0.0049881754272948445,-0.033406400940719824
DLinear_ETTm2_h336_fredf_s2022_det,3,control,0.015106169677045379,0.21187309159975012
DLinear_ETTm2_h336_fredf_s2022_det,4,defect,-0.011482790456854566,-0.022095027815104078
DLinear_ETTm2_h336_fredf_s2022_det,4,control,0.0011212232819539964,0.13034039206403963
DLinear_ETTm2_h336_fredf_s2022_det,5,defect,-0.010352503701822217,-0.06002812225129981
DLinear_ETTm2_h336_fredf_s2022_det,5,control,0.0031635884482581157,0.145411225909963
DLinear_ETTm2_h336_fredf_s2022_det,6,defect,0.018983288397164524,0.12237073827121861
DLinear_ETTm2_h336_fredf_s2022_det,6,control,0.01651068399004089,-0.008118739420430808
DLinear_ETTm2_h336_fredf_s2022_det,7,defect,-0.009386835374198285,-0.04713540172784903
DLinear_ETTm2_h336_fredf_s2022_det,7,control,-0.014000616965393946,0.02150508242299286
DLinear_ETTm2_h336_fredf_s2022_shuf,0,defect,0.0033867768249987683,-0.05572859662726953
DLinear_ETTm2_h336_fredf_s2022_shuf,0,control,0.0044757838001361905,0.14786492117507344
DLinear_ETTm2_h336_fredf_s2022_shuf,1,defect,0.0024567062915758654,0.10943085162711923
DLinear_ETTm2_h336_fredf_s2022_shuf,1,control,0.0037298459645422532,0.12644837842301093
DLinear_ETTm2_h336_fredf_s2022_shuf,2,defect,0.000745430887340098,0.023768715401605314
DLinear_ETTm2_h336_fredf_s2022_shuf,2,control,0.0036912452690277143,-0.10061289690347641
DLinear_ETTm2_h336_fredf_s2022_shuf,3,defect,0.0017911498080123835,-0.005187632955445437
DLinear_ETTm2_h336_fredf_s2022_shuf,3,control,-0.0007065922655753557,0.0515018557387063
DLinear_ETTm2_h336_fredf_s2022_shuf,4,defect,0.002952841095779903,0.0221241135421276
DLinear_ETTm2_h336_fredf_s2022_shuf,4,control,0.00999028886585969,0.0161796286358022
DLinear_ETTm2_h336_fredf_s2022_shuf,5,defect,0.005884920128996871,0.11209651160991661
DLinear_ETTm2_h336_fredf_s2022_shuf,5,control,-0.0007373764868969126,0.0010882528860239101
DLinear_ETTm2_h336_fredf_s2022_shuf,6,defect,-0.0016131543193575308,0.01231492913441647
DLinear_ETTm2_h336_fredf_s2022_shuf,6,control,0.011549732444796497,0.03158588307146082
DLinear_ETTm2_h336_fredf_s2022_shuf,7,defect,-0.01269385574243717,-0.08101047383322185
DLinear_ETTm2_h336_fredf_s2022_shuf,7,control,-0.018358222173775654,-0.01802933115197292
DLinear_ETTm2_h336_fredf_s2023_det,0,defect,0.007540997269136125,0.1261152630434666
DLinear_ETTm2_h336_fredf_s2023_det,0,control,0.009704942667827253,0.03875081252418145
DLinear_ETTm2_h336_fredf_s2023_det,1,defect,0.005127117471076816,0.00154026414257794
DLinear_ETTm2_h336_fredf_s2023_det,1,control,-0.0011535772428097272,-0.16237517275309407
DLinear_ETTm2_h336_fredf_s2023_det,2,defect,0.0003960688454567622,0.07818100179398343
DLinear_ETTm2_h336_fredf_s2023_det,2,control,0.0025622593686942118,0.05091018138042689
DLinear_ETTm2_h336_fredf_s2023_det,3,defect,0.008261184412010252,-0.06161480991097174
DLinear_ETTm2_h336_fredf_s2023_det,3,control,-0.02415749920339864,-0.07837649720981373
DLinear_ETTm2_h336_fredf_s2023_det,4,defect,0.0028249699291700192,0.13936055655339558
DLinear_ETTm2_h336_fredf_s2023_det,4,control,-0.0018935093315360831,-0.04853012386908885
DLinear_ETTm2_h336_fredf_s2023_det,5,defect,0.003874457348991994,-0.0966981411003556
DLinear_ETTm2_h336_fredf_s2023_det,5,control,0.004414651619889424,-0.1045234234233262
DLinear_ETTm2_h336_fredf_s2023_det,6,defect,-0.0032593755678738427,0.011823201004484783
DLinear_ETTm2_h336_fredf_s2023_det,6,control,-0.0216244579440456,-0.11024940998275082
DLinear_ETTm2_h336_fredf_s2023_det,7,defect,-0.0026833153168975906,0.013387546039831985
DLinear_ETTm2_h336_fredf_s2023_det,7,control,0.010547266585033957,-0.0642298896070934
DLinear_ETTm2_h336_fredf_s2023_shuf,0,defect,0.01197382204586425,0.011140761031535771
DLinear_ETTm2_h336_fredf_s2023_shuf,0,control,0.008392806244519092,0.12629306173922308
DLinear_ETTm2_h336_fredf_s2023_shuf,1,defect,-0.0018625504603267896,-0.01708741402297721
DLinear_ETTm2_h336_fredf_s2023_shuf,1,control,-0.009359991549243274,-0.06668462993151864
DLinear_ETTm2_h336_fredf_s2023_shuf,2,defect,0.00021482413786084008,-0.23207122753535475
DLinear_ETTm2_h336_fredf_s2023_shuf,2,control,0.022875521034445498,0.09830295882681818
DLinear_ETTm2_h336_fredf_s2023_shuf,3,defect,-0.01657999188807074,-0.05392484598022624
DLinear_ETTm2_h336_fredf_s2023_shuf,3,control,0.000281460648039773,-0.012213390036071747
DLinear_ETTm2_h336_fredf_s2023_shuf,4,defect,-0.005420096930435639,-0.14067915695978694
DLinear_ETTm2_h336_fredf_s2023_shuf,4,control,0.0022046751971402977,0.07973828232498027
DLinear_ETTm2_h336_fredf_s2023_shuf,5,defect,-0.010267633318592033,-0.06260033426157739
DLinear_ETTm2_h336_fredf_s2023_shuf,5,control,0.017898763309985168,0.09234012242311043
DLinear_ETTm2_h336_fredf_s2023_shuf,6,defect,0.0016999529224342288,0.025363512820286607
DLinear_ETTm2_h336_fredf_s2023_shuf,6,control,-0.0021321111297133875,-0.06327960920328249
DLinear_ETTm2_h336_fredf_s2023_shuf,7,defect,0.0007020665256454952,-0.1314303621335616
DLinear_ETTm2_h336_fredf_s2023_shuf,7,control,0.007396236957849209,0.10701000597161534
DLinear_ETTm2_h336_none_s2021_det,0,defect,0.0064203700549094,0.024053550391034417
DLinear_ETTm2_h336_none_s2021_det,0,control,-0.00418762451705159,-0.006831270137390096
DLinear_ETTm2_h336_none_s2021_det,1,defect,0.016768864985935317,0.04108496029999959
DLinear_ETTm2_h336_none_s2021_det,1,control,0.010701288787210666,0.0818372415913395
DLinear_ETTm2_h336_none_s2021_det,2,defect,-0.0038992738698962835,0.061888517396060994
DLinear_ETTm2_h336_none_s2021_det,2,control,-0.0028515383218697737,0.08601020882327047
DLinear_ETTm2_h336_none_s2021_det,3,defect,-0.020916838914157073,-0.15048024122401163
DLinear_ETTm2_h336_none_s2021_det,3,control,-0.015891753127647075,0.047594195967615806
DLinear_ETTm2_h336_none_s2021_det,4,defect,0.010173806174739742,0.023580064340894834
DLinear_ETTm2_h336_none_s2021_det,4,control,-0.006119797383091963,-0.09095842181907833
DLinear_ETTm2_h336_none_s2021_det,5,defect,0.0020256990388021414,0.021267448893518236
DLinear_ETTm2_h336_none_s2021_det,5,control,-0.013936089795377568,0.05908774977563473
DLinear_ETTm2_h336_none_s2021_det,6,defect,0.02482126633489589,0.06404185947670181
DLinear_ETTm2_h336_none_s2021_det,6,control,-0.0007043901699677577,-0.05290778489026268
DLinear_ETTm2_h336_none_s2021_det,7,defect,-0.0019380727192531723,-0.0625461772704648
DLinear_ETTm2_h336_none_s2021_det,7,control,0.010779167231241515,-0.02230910936227206
DLinear_ETTm2_h336_none_s2021_shuf,0,defect,-0.008834572790892588,-0.015820501424171206
DLinear_ETTm2_h336_none_s2021_shuf,0,control,-0.001876222086511043,-0.09400488994193998
DLinear_ETTm2_h336_none_s2021_shuf,1,defect,0.009772323032076306,-0.019612994056271725
DLinear_ETTm2_h336_none_s2021_shuf,1,control,0.007643395803936619,-0.01337389733635939
DLinear_ETTm2_h336_none_s2021_shuf,2,defect,0.01291761915042629,0.02502630342842956
DLinear_ETTm2_h336_none_s2021_shuf,2,control,0.009597196058069808,0.140709519963682
DLinear_ETTm2_h336_none_s2021_shuf,3,defect,-0.006549427735459965,-0.03816688973088157
DLinear_ETTm2_h336_none_s2021_shuf,3,control,0.015132193058066006,0.002412737812795907
DLinear_ETTm2_h336_none_s2021_shuf,4,defect,-0.0049776830203570625,0.012976446556953456
DLinear_ETTm2_h336_none_s2021_shuf,4,control,0.0012286036076719002,0.007612179315834098
DLinear_ETTm2_h336_none_s2021_shuf,5,defect,0.006511905370524728,-0.01974169213613291
DLinear_ETTm2_h336_none_s2021_shuf,5,control,-0.006394936267044135,-0.06091783826634739
DLinear_ETTm2_h336_none_s2021_shuf,6,defect,0.006214452114749596,-0.07630899731029067
DLinear_ETTm2_h336_none_s2021_shuf,6,control,-0.013334308811177715,0.03733983744879611
DLinear_ETTm2_h336_none_s2021_shuf,7,defect,0.01535894393527964,0.027797552531721538
DLinear_ETTm2_h336_none_s2021_shuf,7,control,-0.008043380707598373,-0.010540873164457225
DLinear_ETTm2_h336_none_s2022_det,0,defect,-0.008135460151648486,-0.053607996758024835
DLinear_ETTm2_h336_none_s2022_det,0,control,0.004931156955439925,0.04031521750334499
DLinear_ETTm2_h336_none_s2022_det,1,defect,-0.01166388209979039,0.01797463721681107
DLinear_ETTm2_h336_none_s2022_det,1,control,-0.00389424652439423,-0.0035579078000383085
DLinear_ETTm2_h336_none_s2022_det,2,defect,-0.00722737046967797,-0.06534699162859693
DLinear_ETTm2_h336_none_s2022_det,2,control,0.01575713947801173,-0.10280031365066353
DLinear_ETTm2_h336_none_s2022_det,3,defect,-0.003103758327703076,0.0011767840979910321
DLinear_ETTm2_h336_none_s2022_det,3,control,0.0023076456716022427,0.012391143743811532
DLinear_ETTm2_h336_none_s2022_det,4,defect,-0.0016022726580059152,-0.0655695721549518
DLinear_ETTm2_h336_none_s2022_det,4,control,0.012312720289399297,0.011178138703649068
DLinear_ETTm2_h336_none_s2022_det,5,defect,0.008741898501057025,0.022457802365964147
DLinear_ETTm2_h336_none_s2022_det,5,control,0.0038272676564883082,0.025942376175597828
DLinear_ETTm2_h336_none_s2022_det,6,defect,0.006618173804306426,0.022170068609489287
DLinear_ETTm2_h336_none_s2022_det,6,control,0.013882863050064793,0.022700661545528883
DLinear_ETTm2_h336_none_s2022_det,7,defect,-0.0008424586940574868,0.03187034044629304
DLinear_ETTm2_h336_none_s2022_det,7,control,-0.015426735747757239,-0.053251288862684626
DLinear_ETTm2_h336_none_s2022_shuf,0,defect,0.012383767564143288,0.020165392412866086
DLinear_ETTm2_h336_none_s2022_shuf,0,control,-0.0017641314059075293,0.04717447892424983
DLinear_ETTm2_h336_none_s2022_shuf,1,defect,-0.006917625125191556,-0.04589130055120938
DLinear_ETTm2_h336_none_s2022_shuf,1,control,-0.005946613499164314,0.08636362922227821
DLinear_ETTm2_h336_none_s2022_shuf,2,defect,0.014776370740392513,-0.05090731817269927
DLinear_ETTm2_h336_none_s2022_shuf,2,control,-0.0020630078498255354,-0.04245317117868332
DLinear_ETTm2_h336_none_s2022_shuf,3,defect,0.008974115503198016,0.053661869107106554
DLinear_ETTm2_h336_none_s2022_shuf,3,control,-0.005676650017139522,0.016075704115427292
DLinear_ETTm2_h336_none_s2022_shuf,4,defect,-0.006996893607715758,-0.04401540434333461
DLinear_ETTm2_h336_none_s2022_shuf,4,control,-0.0032465769339596433,0.11128103510311371
DLinear_ETTm2_h336_none_s2022_shuf,5,defect,-0.008661632317391484,-0.12296439565340102
DLinear_ETTm2_h336_none_s2022_shuf,5,control,0.0012469395711396996,0.08612319849334199
DLinear_ETTm2_h336_none_s2022_shuf,6,defect,-0.006099588140567366,-0.004074595817374752
DLinear_ETTm2_h336_none_s2022_shuf,6,control,-0.0050107450699035634,0.006584184309415605
DLinear_ETTm2_h336_none_s2022_shuf,7,defect,0.015261236369796738,-0.0015337259835727275
DLinear_ETTm2_h336_none_s2022_shuf,7,control,0.003839344840638018,0.05221834463615903
DLinear_ETTm2_h336_none_s2023_det,0,defect,0.010202945498475068,0.02804407523477538
DLinear_ETTm2_h336_none_s2023_det,0,control,-0.0016995282887353024,0.049133005953702936
DLinear_ETTm2_h336_none_s2023_det,1,defect,-0.0008557029465981552,0.014479933178123473
DLinear_ETTm2_h336_none_s2023_det,1,control,-0.0123451830554803,-0.04998419319415893
DLinear_ETTm2_h336_none_s2023_det,2,defect,-0.012301220988124733,-0.08672959866886648
DLinear_ETTm2_h336_none_s2023_det,2,control,0.01793534036740799,0.11393324896219677
DLinear_ETTm2_h336_none_s2023_det,3,defect,-0.0048715745547030145,0.03218694662421605
DLinear_ETTm2_h336_none_s2023_det,3,control,0.00783458014991789,-0.07376959021544562
DLinear_ETTm2_h336_none_s2023_det,4,defect,-0.014740165897308274,0.028792644051238964
DLinear_ETTm2_h336_none_s2023_det,4,control,-0.014156402663915952,0.0006225319124231366
DLinear_ETTm2_h336_none_s2023_det,5,defect,0.002984859619548401,-0.004651589977551976
DLinear_ETTm2_h336_none_s2023_det,5,control,0.003872929978100342,0.03723738442604317
DLinear_ETTm2_h336_none_s2023_det,6,defect,-0.013011187250143176,0.020732382965864847
DLinear_ETTm2_h336_none_s2023_det,6,control,-0.01466541219916322,-0.014239740682338131
DLinear_ETTm2_h336_none_s2023_det,7,defect,-0.007088577567238289,0.01337809302530939
DLinear_ETTm2_h336_none_s2023_det,7,control,0.005509344105401135,0.06358037582892609
DLinear_ETTm2_h336_none_s2023_shuf,0,defect,0.004329236794992942,-0.09766535526721526
DLinear_ETTm2_h336_none_s2023_shuf,0,control,-0.007807840323176185,-0.03878981111760688
DLinear_ETTm2_h336_none_s2023_shuf,1,defect,-0.005072168316120116,-0.045346706882876335
DLinear_ETTm2_h336_none_s2023_shuf,1,control,-0.021071185687704618,-0.02111796693556453
DLinear_ETTm2_h336_none_s2023_shuf,2,defect,0.0021437348526752967,0.09700842692495841
DLinear_ETTm2_h336_none_s2023_shuf,2,control,-0.01403859949348231,-0.08295977411088248
DLinear_ETTm2_h336_none_s2023_shuf,3,defect,-0.01352311062288353,-0.06186088446398362
DLinear_ETTm2_h336_none_s2023_shuf,3,control,-0.011224983917974609,-0.04288985118082573
DLinear_ETTm2_h336_none_s2023_shuf,4,defect,0.003722150280074153,0.03875399188162751
DLinear_ETTm2_h336_none_s2023_shuf,4,control,-0.0025679906479342146,-0.059031113508917314
DLinear_ETTm2_h336_none_s2023_shuf,5,defect,-0.010762455579161048,0.0217294930884416
DLinear_ETTm2_h336_none_s2023_shuf,5,control,0.0042846462306632156,0.026711650068079542
DLinear_ETTm2_h336_none_s2023_shuf,6,defect,0.012692069301557335,0.014979799516145661
DLinear_ETTm2_h336_none_s2023_shuf,6,control,-0.004392090780333279,-0.08649225463223546
DLinear_ETTm2_h336_none_s2023_shuf,7,defect,0.02753213016514038,0.0674268450486796
DLinear_ETTm2_h336_none_s2023_shuf,7,control,-0.0049385259200626745,-0.1051396647533797
DLinear_ETTm2_h336_revin_s2021_det,0,defect,0.015392486356659222,0.011573188309773684
DLinear_ETTm2_h336_revin_s2021_det,0,control,-0.0029311694438066624,-0.06830044384570008
DLinear_ETTm2_h336_revin_s2021_det,1,defect,0.014422185589333909,0.0551474578998216
DLinear_ETTm2_h336_revin_s2021_det,1,control,-0.0035496671912031708,-0.031653176396497805
DLinear_ETTm2_h336_revin_s2021_det,2,defect,-0.0028076974001556097,0.10848209515904374
DLinear_ETTm2_h336_revin_s2021_det,2,control,-0.0151806583623925,0.08980697351677186
DLinear_ETTm2_h336_revin_s2021_det,3,defect,-0.014827284582414587,-0.04972516464828986
DLinear_ETTm2_h336_revin_s2021_det,3,control,-0.013364813106285399,-0.11923848714764065
DLinear_ETTm2_h336_revin_s2021_det,4,defect,-0.0033244471581044695,-0.07498104720574178
DLinear_ETTm2_h336_revin_s2021_det,4,control,0.016704834948972902,0.11916997406140657
DLinear_ETTm2_h336_revin_s2021_det,5,defect,0.00102567488614456,0.0531121487216078
DLinear_ETTm2_h336_revin_s2021_det,5,control,0.004845334339666627,0.12731163538055368
DLinear_ETTm2_h336_revin_s2021_det,6,defect,0.00038925226782186715,-0.16548309681694107
DLinear_ETTm2_h336_revin_s2021_det,6,control,-0.00897529464625922,-0.020669002464389352
DLinear_ETTm2_h336_revin_s2021_det,7,defect,0.017120947627415513,0.1515028035568518
DLinear_ETTm2_h336_revin_s2021_det,7,control,0.003689270688645191,0.03821737695874582
DLinear_ETTm2_h336_revin_s2021_shuf,0,defect,0.01135021642211334,0.032022984970699185
DLinear_ETTm2_h336_revin_s2021_shuf,0,control,-0.0018834872070887373,-0.18265752528077292
DLinear_ETTm2_h336_revin_s2021_shuf,1,defect,0.007861395983636332,-0.009621632769298151
DLinear_ETTm2_h336_revin_s2021_shuf,1,control,0.011018545642814336,0.04536681870279654
DLinear_ETTm2_h336_revin_s2021_shuf,2,defect,-0.000860686298355236,-0.07181478758110825
DLinear_ETTm2_h336_revin_s2021_shuf,2,control,0.010214152391674421,0.026474228414018777
DLinear_ETTm2_h336_revin_s2021_shuf,3,defect,0.010478928298477307,0.18000120475133027
DLinear_ETTm2_h336_revin_s2021_shuf,3,control,-7.548308051458324e-05,-0.048262817144380896
DLinear_ETTm2_h336_revin_s2021_shuf,4,defect,0.009622438426075155,-0.10478678499049857
DLinear_ETTm2_h336_revin_s2021_shuf,4,control,-0.010276831731394879,-0.04156551517343842
DLinear_ETTm2_h336_revin_s2021_shuf,5,defect,0.005133359399038777,-0.034528797937680135
DLinear_ETTm2_h336_revin_s2021_shuf,5,control,-0.016031548696646806,0.07387881271824434
DLinear_ETTm2_h336_revin_s2021_shuf,6,defect,-0.008763950934515482,0.09525051647544709
DLinear_ETTm2_h336_revin_s2021_shuf,6,control,-0.004899638360669894,0.0050318160502891
DLinear_ETTm2_h336_revin_s2021_shuf,7,defect,0.0008831524999669098,-0.0648957522205938
DLinear_ETTm2_h336_revin_s2021_shuf,7,control,-0.001958704511529823,0.11329608154268166
DLinear_ETTm2_h336_revin_s2022_det,0,defect,-0.00508309903943082,0.001095592373916311
DLinear_ETTm2_h336_revin_s2022_det,0,control,0.01198474544530674,0.011045058926069487
DLinear_ETTm2_h336_revin_s2022_det,1,defect,0.009515696142098181,0.09288073148889539
DLinear_ETTm2_h336_revin_s2022_det,1,control,0.009111061647195988,0.100562817420586
DLinear_ETTm2_h336_revin_s2022_det,2,defect,-0.004153269678202211,0.12746378359912933
DLinear_ETTm2_h336_revin_s2022_det,2,control,0.011622476470360596,0.11080127902361434
DLinear_ETTm2_h336_revin_s2022_det,3,defect,0.00017346031965981325,0.014814280680119942
DLinear_ETTm2_h336_revin_s2022_det,3,control,0.004884286045842618,-0.04354558809820131
DLinear_ETTm2_h336_revin_s2022_det,4,defect,0.008817209495781617,0.041799755138592784
DLinear_ETTm2_h336_revin_s2022_det,4,control,0.008350068287185071,-0.005392127977090245
DLinear_ETTm2_h336_revin_s2022_det,5,defect,-0.012769302594406942,-0.05209205841032588
DLinear_ETTm2_h336_revin_s2022_det,5,control,-0.00859633927920333,-0.11536532219337214
DLinear_ETTm2_h336_revin_s2022_det,6,defect,-0.009331206717836368,-0.045259874870596385
DLinear_ETTm2_h336_revin_s2022_det,6,control,3.221653408850212e-05,-0.06694161626485368
DLinear_ETTm2_h336_revin_s2022_det,7,defect,0.0085725896659736,-0.01776758004768347
DLinear_ETTm2_h336_revin_s2022_det,7,control,0.022066970732678534,-0.016101509001576326
DLinear_ETTm2_h336_revin_s2022_shuf,0,defect,0.011353130101070584,0.10278755945953247
DLinear_ETTm2_h336_revin_s2022_shuf,0,control,0.005914153481737084,0.18189487278365468
DLinear_ETTm2_h336_revin_s2022_shuf,1,defect,-0.011117810002601201,0.0022520995969083344
DLinear_ETTm2_h336_revin_s2022_shuf,1,control,0.010885603934589217,0.03760282272980022
DLinear_ETTm2_h336_revin_s2022_shuf,2,defect,-0.007317769619716811,-0.013314668128765486
DLinear_ETTm2_h336_revin_s2022_shuf,2,control,0.01685508106672081,0.12933447274527018
DLinear_ETTm2_h336_revin_s2022_shuf,3,defect,-0.006773340880734297,-0.07982127615120668
DLinear_ETTm2_h336_revin_s2022_shuf,3,control,0.020916386374851128,0.21663212491653216
DLinear_ETTm2_h336_revin_s2022_shuf,4,defect,0.008870353343369473,0.016371541819311483
DLinear_ETTm2_h336_revin_s2022_shuf,4,control,0.0002802582088697593,-0.09337218072482714
DLinear_ETTm2_h336_revin_s2022_shuf,5,defect,-0.002838321083015688,0.013498435666905532
DLinear_ETTm2_h336_revin_s2022_shuf,5,control,0.01127480305405867,0.10174296568593186
DLinear_ETTm2_h336_revin_s2022_shuf,6,defect,-0.007919368497401179,-0.10553950216247497
DLinear_ETTm2_h336_revin_s2022_shuf,6,control,-0.00786479513711145,-0.11281244906963006
DLinear_ETTm2_h336_revin_s2022_shuf,7,defect,-0.00210711293106623,0.07296289050363026
DLinear_ETTm2_h336_revin_s2022_shuf,7,control,-0.006793089141122931,-0.1479132325412112
DLinear_ETTm2_h336_revin_s2023_det,0,defect,-0.004349593527935056,-0.10579705008984608
DLinear_ETTm2_h336_revin_s2023_det,0,control,-0.01522817910121175,-0.16116073906756148
DLinear_ETTm2_h336_revin_s2023_det,1,defect,-0.009425850879899883,-0.08551343108504648
DLinear_ETTm2_h336_revin_s2023_det,1,control,0.015496178263806159,0.1072192824977081
DLinear_ETTm2_h336_revin_s2023_det,2,defect,-0.01458894293036984,0.02408582045605601
DLinear_ETTm2_h336_revin_s2023_det,2,control,-0.022355701166664136,-0.11176168504213907
DLinear_ETTm2_h336_revin_s2023_det,3,defect,0.013483493578219525,-0.09201633620320611
DLinear_ETTm2_h336_revin_s2023_det,3,control,-0.004819850100524723,-0.07630723566980158
DLinear_ETTm2_h336_revin_s2023_det,4,defect,-0.003520732999991141,0.025161035599764767
DLinear_ETTm2_h336_revin_s2023_det,4,control,0.010932519365268638,-0.0019758392103797653
DLinear_ETTm2_h336_revin_s2023_det,5,defect,0.008975916145422112,0.13430198156770104
DLinear_ETTm2_h336_revin_s2023_det,5,control,0.01516867693965439,0.08698603825378055
DLinear_ETTm2_h336_revin_s2023_det,6,defect,-0.0020440524153765324,-0.04834927535792268
DLinear_ETTm2_h336_revin_s2023_det,6,control,-0.017163326701418,0.017456029002979545
DLinear_ETTm2_h336_revin_s2023_det,7,defect,-0.0012283104748741606,-0.025626527536468168
DLinear_ETTm2_h336_revin_s2023_det,7,control,-0.008035261667213424,-0.07628840774546682
DLinear_ETTm2_h336_revin_s2023_shuf,0,defect,0.014747660638444722,0.03447279747564521
DLinear_ETTm2_h336_revin_s2023_shuf,0,control,-0.009863232028907412,-0.06938023346230977
DLinear_ETTm2_h336_revin_s2023_shuf,1,defect,0.0018368581171633819,0.024993262523403895
DLinear_ETTm2_h336_revin_s2023_shuf,1,control,0.0042627833518623795,0.0023779765035344133
DLinear_ETTm2_h336_revin_s2023_shuf,2,defect,-0.019484025338692385,0.022842278621735095
DLinear_ETTm2_h336_revin_s2023_shuf,2,control,0.004135690706833582,-0.11294296198464203
DLinear_ETTm2_h336_revin_s2023_shuf,3,defect,0.0027969300410256737,-0.06763327981171836
DLinear_ETTm2_h336_revin_s2023_shuf,3,control,-0.0027996313066578284,-0.004540251501376717
DLinear_ETTm2_h336_revin_s2023_shuf,4,defect,0.0047167474519454015,0.0848960783070419
DLinear_ETTm2_h336_revin_s2023_shuf,4,control,0.0008487416828029053,0.10802412054289619
DLinear_ETTm2_h336_revin_s2023_shuf,5,defect,0.00976021874844973,-0.029111037436213585
DLinear_ETTm2_h336_revin_s2023_shuf,5,control,0.003472658716494647,-0.05396678016703965
DLinear_ETTm2_h336_revin_s2023_shuf,6,defect,-0.01814007086307492,-0.02896391764822609
DLinear_ETTm2_h336_revin_s2023_shuf,6,control,-0.008729241483203164,-0.009312809461586908
DLinear_ETTm2_h336_revin_s2023_shuf,7,defect,0.0007938492823126589,0.01714207965940305
DLinear_ETTm2_h336_revin_s2023_shuf,7,control,-0.009529052184204035,-0.0461641234896836
DLinear_ETTm2_h336_san_lite_s2021_det,0,defect,0.004024278519999768,0.010653874485262234
DLinear_ETTm2_h336_san_lite_s2021_det,0,control,0.023435726829109448,-0.05396320527545296
DLinear_ETTm2_h336_san_lite_s2021_det,1,defect,0.0017606989055536355,0.003328216033955007
DLinear_ETTm2_h336_san_lite_s2021_det,1,control,-0.011612140309842603,-0.1171555902583921
DLinear_ETTm2_h336_san_lite_s2021_det,2,defect,0.0012031611496887977,0.017266416260809492
DLinear_ETTm2_h336_san_lite_s2021_det,2,control,0.003377430021239168,0.009553725986068322
DLinear_ETTm2_h336_san_lite_s2021_det,3,defect,0.010520144536263033,0.22194494993383757
DLinear_ETTm2_h336_san_lite_s2021_det,3,control,-0.008818811947732728,0.10394917666048673
DLinear_ETTm2_h336_san_lite_s2021_det,4,defect,-0.015572043343693198,0.07833157730738786
DLinear_ETTm2_h336_san_lite_s2021_det,4,control,-0.005604519986791832,-0.009640503040094273
DLinear_ETTm2_h336_san_lite_s2021_det,5,defect,-0.013213367508224947,0.026391740057495294
DLinear_ETTm2_h336_san_lite_s2021_det,5,control,0.003926952580807764,-0.004596445820252613
DLinear_ETTm2_h336_san_lite_s2021_det,6,defect,0.00693191594798772,-0.051169630606120765
DLinear_ETTm2_h336_san_lite_s2021_det,6,control,-0.0013286702824946213,0.08658254248925294
DLinear_ETTm2_h336_san_lite_s2021_det,7,defect,-0.008437170532786916,0.10978657442323454
DLinear_ETTm2_h336_san_lite_s2021_det,7,control,-0.004965243642735131,0.08606040760216559
DLinear_ETTm2_h336_san_lite_s2021_shuf,0,defect,0.0008391255740392173,0.005393169820636368
DLinear_ETTm2_h336_san_lite_s2021_shuf,0,control,-0.005801828206583064,0.04500767288413687
DLinear_ETTm2_h336_san_lite_s2021_shuf,1,defect,-0.007003586921490349,-0.023742933648206583
DLinear_ETTm2_h336_san_lite_s2021_shuf,1,control,0.0040321894820353555,0.09568635090744247
DLinear_ETTm2_h336_san_lite_s2021_shuf,2,defect,-0.02134807504568403,-0.057718327443930115
DLinear_ETTm2_h336_san_lite_s2021_shuf,2,control,0.005507534801622533,-0.0492493438808975
DLinear_ETTm2_h336_san_lite_s2021_shuf,3,defect,0.0052313357334414275,-0.05678281710140713
DLinear_ETTm2_h336_san_lite_s2021_shuf,3,control,-0.004714738675707014,0.04745869838393208
DLinear_ETTm2_h336_san_lite_s2021_shuf,4,defect,-0.0037480897727357626,-0.07474340755691032
DLinear_ETTm2_h336_san_lite_s2021_shuf,4,control,0.001448393791376629,0.12145104417294297
DLinear_ETTm2_h336_san_lite_s2021_shuf,5,defect,0.012590765254212197,-0.08398708391868077
DLinear_ETTm2_h336_san_lite_s2021_shuf,5,control,-0.006419376958925733,-0.0069269412179800835
DLinear_ETTm2_h336_san_lite_s2021_shuf,6,defect,0.004825610606009971,0.012851331019490276
DLinear_ETTm2_h336_san_lite_s2021_shuf,6,control,0.009906002496871848,-0.013394689126962645
DLinear_ETTm2_h336_san_lite_s2021_shuf,7,defect,-0.008010623239432288,-0.049099190265613456
DLinear_ETTm2_h336_san_lite_s2021_shuf,7,control,-0.005741452105135669,0.025366060243003363
DLinear_ETTm2_h336_san_lite_s2022_det,0,defect,-0.0012577217406337874,-0.02823320446443727
DLinear_ETTm2_h336_san_lite_s2022_det,0,control,0.005262053488187882,-0.027116839724286138
DLinear_ETTm2_h336_san_lite_s2022_det,1,defect,-0.009271993868562289,0.09742067535965035
DLinear_ETTm2_h336_san_lite_s2022_det,1,control,0.0017145115493891888,-0.05701861216631804
DLinear_ETTm2_h336_san_lite_s2022_det,2,defect,0.010855206707801702,0.03794967889272982
DLinear_ETTm2_h336_san_lite_s2022_det,2,control,0.003074836995842148,0.008911317042349681
DLinear_ETTm2_h336_san_lite_s2022_det,3,defect,0.004611360397440969,0.008968907197506064
DLinear_ETTm2_h336_san_lite_s2022_det,3,control,-0.003910621993217565,0.0023451948428221438
DLinear_ETTm2_h336_san_lite_s2022_det,4,defect,-0.009473343447210873,-0.015929331346145357
DLinear_ETTm2_h336_san_lite_s2022_det,4,control,-0.004439177254812328,0.01886177804922604
DLinear_ETTm2_h336_san_lite_s2022_det,5,defect,0.0063519173845770485,0.05522314697306878
DLinear_ETTm2_h336_san_lite_s2022_det,5,control,-0.002883591474585592,0.09212604900255382
DLinear_ETTm2_h336_san_lite_s2022_det,6,defect,-0.0008269580869993536,0.0015861820917775441
DLinear_ETTm2_h336_san_lite_s2022_det,6,control,-0.019223559636747958,-0.08257729876017506
DLinear_ETTm2_h336_san_lite_s2022_det,7,defect,0.0014137027265098171,-0.00246127048383629
DLinear_ETTm2_h336_san_lite_s2022_det,7,control,-0.00033212273540468443,-0.10219976533586013
DLinear_ETTm2_h336_san_lite_s2022_shuf,0,defect,-0.01766061044907523,-0.14992606726583524
DLinear_ETTm2_h336_san_lite_s2022_shuf,0,control,0.004507642038374755,0.012994800803090454
DLinear_ETTm2_h336_san_lite_s2022_shuf,1,defect,-0.014647676239530045,0.04867319681822265
DLinear_ETTm2_h336_san_lite_s2022_shuf,1,control,-0.002160986988501162,-0.010232164376264404
DLinear_ETTm2_h336_san_lite_s2022_shuf,2,defect,-0.0088884285775761,0.03734994683269342
DLinear_ETTm2_h336_san_lite_s2022_shuf,2,control,-0.014128381024883471,-0.005142966381028815
DLinear_ETTm2_h336_san_lite_s2022_shuf,3,defect,-0.01670625543146126,-0.05694018352409684
DLinear_ETTm2_h336_san_lite_s2022_shuf,3,control,-0.014382342268578614,-0.06767944833042587
DLinear_ETTm2_h336_san_lite_s2022_shuf,4,defect,0.011400390573669256,0.08770508579153435
DLinear_ETTm2_h336_san_lite_s2022_shuf,4,control,-0.00037018884723743323,-0.09835127728393063
DLinear_ETTm2_h336_san_lite_s2022_shuf,5,defect,0.0007301478433543822,0.09324467314290744
DLinear_ETTm2_h336_san_lite_s2022_shuf,5,control,-0.014562423904095274,-0.03612833870982821
DLinear_ETTm2_h336_san_lite_s2022_shuf,6,defect,0.009313575086937196,0.15423560522803179
DLinear_ETTm2_h336_san_lite_s2022_shuf,6,control,-0.008901635289662478,-0.1832074731769761
DLinear_ETTm2_h336_san_lite_s2022_shuf,7,defect,0.003694561100251348,0.0026753877304711154
DLinear_ETTm2_h336_san_lite_s2022_shuf,7,control,0.010346352548463231,0.04034806107594692
DLinear_ETTm2_h336_san_lite_s2023_det,0,defect,-0.022524940002011145,-0.153414781797949
DLinear_ETTm2_h336_san_lite_s2023_det,0,control,-0.007075098076929187,0.126107189894829
DLinear_ETTm2_h336_san_lite_s2023_det,1,defect,0.014452949310331397,0.068319468772179
DLinear_ETTm2_h336_san_lite_s2023_det,1,control,0.0012815146443773565,0.1527094528548979
DLinear_ETTm2_h336_san_lite_s2023_det,2,defect,-0.0055766062825254184,0.016453647283957897
DLinear_ETTm2_h336_san_lite_s2023_det,2,control,-0.0096746541991295,-0.15108775637505822
DLinear_ETTm2_h336_san_lite_s2023_det,3,defect,0.0100046140473673,-0.04468670284064613
DLinear_ETTm2_h336_san_lite_s2023_det,3,control,-0.020539439218067838,-0.08271000672237236
DLinear_ETTm2_h336_san_lite_s2023_det,4,defect,-0.00285748075807801,-0.0022253210104263
DLinear_ETTm2_h336_san_lite_s2023_det,4,control,0.004333914836384549,-0.021438247476069993
DLinear_ETTm2_h336_san_lite_s2023_det,5,defect,-0.003260403382875308,-0.010341366671390234
DLinear_ETTm2_h336_san_lite_s2023_det,5,control,0.0007178990408437574,0.08195845831928428
DLinear_ETTm2_h336_san_lite_s2023_det,6,defect,0.014746892519307568,-0.001963237091258627
DLinear_ETTm2_h336_san_lite_s2023_det,6,control,-0.011103056058099284,-0.03811950684949155
DLinear_ETTm2_h336_san_lite_s2023_det,7,defect,-0.010837808080711952,0.006263087824419969
DLinear_ETTm2_h336_san_lite_s2023_det,7,control,-0.008440259577674983,0.0845609968206664
DLinear_ETTm2_h336_san_lite_s2023_shuf,0,defect,0.0015469422327641224,-0.0674312093346249
DLinear_ETTm2_h336_san_lite_s2023_shuf,0,control,-0.0032661508317496095,-0.07572271380615596
DLinear_ETTm2_h336_san_lite_s2023_shuf,1,defect,0.0005603201869007622,0.0008746198260550804
DLinear_ETTm2_h336_san_lite_s2023_shuf,1,control,0.009685841814076095,-0.14259498465851417
DLinear_ETTm2_h336_san_lite_s2023_shuf,2,defect,0.014751571233942053,0.05019407433569107
DLinear_ETTm2_h336_san_lite_s2023_shuf,2,control,-0.005521613837089309,-0.07227026265594406
DLinear_ETTm2_h336_san_lite_s2023_shuf,3,defect,-0.00039623830273755213,-0.014817279919604288
DLinear_ETTm2_h336_san_lite_s2023_shuf,3,control,0.00647594689215643,-0.014860854318589436
DLinear_ETTm2_h336_san_lite_s2023_shuf,4,defect,0.0028244258735699982,-0.0202143561717961
DLinear_ETTm2_h336_san_lite_s2023_shuf,4,control,-0.007796030158662167,-0.05128473274315376
DLinear_ETTm2_h336_san_lite_s2023_shuf,5,defect,-0.0048471686847207564,0.02589803378160439
DLinear_ETTm2_h336_san_lite_s2023_shuf,5,control,0.008669684513916663,0.0863972551185558
DLinear_ETTm2_h336_san_lite_s2023_shuf,6,defect,0.010406188766489001,0.0064317789748260315
DLinear_ETTm2_h336_san_lite_s2023_shuf,6,control,-0.0017383606630492234,-0.05161627888797821
DLinear_ETTm2_h336_san_lite_s2023_shuf,7,defect,-0.00981530469131834,0.054226214539712984
DLinear_ETTm2_h336_san_lite_s2023_shuf,7,control,0.0019126534501622365,0.13271409052115923
DLinear_ETTm2_h720_fredf_s2021_det,0,defect,-0.0047871194557407345,-0.04514578004415623
DLinear_ETTm2_h720_fredf_s2021_det,0,control,-0.007154094690504467,-0.04471905251498173
DLinear_ETTm2_h720_fredf_s2021_det,1,defect,0.0014768201471581945,-0.08203788037425876
DLinear_ETTm2_h720_fredf_s2021_det,1,control,-0.004356433728245972,-0.18323385904655606
DLinear_ETTm2_h720_fredf_s2021_det,2,defect,0.00010470162905963805,0.028713293450252246
DLinear_ETTm2_h720_fredf_s2021_det,2,control,-0.016344867634120734,-0.08414093898639004
DLinear_ETTm2_h720_fredf_s2021_det,3,defect,-0.0018469067727517052,0.061215694835228686
DLinear_ETTm2_h720_fredf_s2021_det,3,control,0.002782423787508301,-0.003436982232956134
DLinear_ETTm2_h720_fredf_s2021_det,4,defect,0.010000536864203,0.020191994658734475
DLinear_ETTm2_h720_fredf_s2021_det,4,control,0.0038200766146029123,-0.09790542365907987
DLinear_ETTm2_h720_fredf_s2021_det,5,defect,-0.0070423938579065445,0.08267821504229883
DLinear_ETTm2_h720_fredf_s2021_det,5,control,-0.015511975879069497,-0.16847105072250984
DLinear_ETTm2_h720_fredf_s2021_det,6,defect,0.01092271978684436,0.08405789949618643
DLinear_ETTm2_h720_fredf_s2021_det,6,control,0.003732921622950788,-0.15598504252971343
DLinear_ETTm2_h720_fredf_s2021_det,7,defect,0.00023306104748358497,0.09423694650788295
DLinear_ETTm2_h720_fredf_s2021_det,7,control,-0.0073825074426886695,0.06793164710457
DLinear_ETTm2_h720_none_s2021_det,0,defect,0.008104953089154755,0.030398025851257438
DLinear_ETTm2_h720_none_s2021_det,0,control,0.007087492255138713,-0.09557746785043052
DLinear_ETTm2_h720_none_s2021_det,1,defect,0.0017687033124667657,-0.1489597318618245
DLinear_ETTm2_h720_none_s2021_det,1,control,0.0033503469684035125,-0.051131849814091655
DLinear_ETTm2_h720_none_s2021_det,2,defect,0.004541922923874222,-0.07598395914633743
DLinear_ETTm2_h720_none_s2021_det,2,control,0.00686575053215018,0.007967594651918347
DLinear_ETTm2_h720_none_s2021_det,3,defect,0.0176472800313103,0.02793874158605948
DLinear_ETTm2_h720_none_s2021_det,3,control,0.007548472698106432,0.09600023580797025
DLinear_ETTm2_h720_none_s2021_det,4,defect,-0.011950808384087939,-0.15385110903866708
DLinear_ETTm2_h720_none_s2021_det,4,control,0.008730189433494403,-0.03316062111414237
DLinear_ETTm2_h720_none_s2021_det,5,defect,-0.009647051374855812,-0.031087158426076456
DLinear_ETTm2_h720_none_s2021_det,5,control,-0.01250288521542474,-0.019178614151146203
DLinear_ETTm2_h720_none_s2021_det,6,defect,-0.0023777849509715983,-0.09872894138777015
DLinear_ETTm2_h720_none_s2021_det,6,control,0.003104421862841264,-0.06283457300459486
DLinear_ETTm2_h720_none_s2021_det,7,defect,-0.0003767589737705328,0.006739973073031995
DLinear_ETTm2_h720_none_s2021_det,7,control,-0.003783587532206284,-0.020385809569789772
DLinear_ETTm2_h720_revin_s2021_det,0,defect,0.022439124240538514,0.1931466630146678
DLinear_ETTm2_h720_revin_s2021_det,0,control,-0.007085407690966071,-0.0853756973477544
DLinear_ETTm2_h720_revin_s2021_det,1,defect,0.013284963716103774,-0.019213421645583165
DLinear_ETTm2_h720_revin_s2021_det,1,control,-0.0030039271222165277,0.0740744294147196
DLinear_ETTm2_h720_revin_s2021_det,2,defect,-0.0056136215630022196,-0.09820521315821155
DLinear_ETTm2_h720_revin_s2021_det,2,control,-0.00838927161207885,-0.011097941667038898
DLinear_ETTm2_h720_revin_s2021_det,3,defect,-0.0038262309215810635,0.06689713211134642
DLinear_ETTm2_h720_revin_s2021_det,3,control,-0.01585381965022425,-0.1473069610969076
DLinear_ETTm2_h720_revin_s2021_det,4,defect,-0.01979276870677362,-0.01298375853601013
DLinear_ETTm2_h720_revin_s2021_det,4,control,0.011347030118229708,0.07812709816598448
DLinear_ETTm2_h720_revin_s2021_det,5,defect,0.001590072627286667,0.06197144889585172
DLinear_ETTm2_h720_revin_s2021_det,5,control,0.009804199035215955,0.01869103204692737
DLinear_ETTm2_h720_revin_s2021_det,6,defect,0.012111003913667972,-0.024641549180406005
DLinear_ETTm2_h720_revin_s2021_det,6,control,-0.010009990966106129,0.06684651612019658
DLinear_ETTm2_h720_revin_s2021_det,7,defect,-0.012691022109504178,-0.07340330061978467
DLinear_ETTm2_h720_revin_s2021_det,7,control,-0.00369535171750594,-0.015009783521035627
DLinear_ETTm2_h720_san_lite_s2021_det,0,defect,0.002675683272978705,0.000604571314450018
DLinear_ETTm2_h720_san_lite_s2021_det,0,control,-0.0013111159074686027,0.11095222618318748
DLinear_ETTm2_h720_san_lite_s2021_det,1,defect,-0.0057309542378137564,-0.18832636688758347
DLinear_ETTm2_h720_san_lite_s2021_det,1,control,-0.00484952217376124,0.1663543094974164
DLinear_ETTm2_h720_san_lite_s2021_det,2,defect,-0.0036372479881876165,0.007763248400491479
DLinear_ETTm2_h720_san_lite_s2021_det,2,control,-0.009181313270602164,-0.06301040413914272
DLinear_ETTm2_h720_san_lite_s2021_det,3,defect,-0.006715769319558846,0.05457745507401881
DLinear_ETTm2_h720_san_lite_s2021_det,3,control,-0.014823319571571203,0.0015790713477513132
DLinear_ETTm2_h720_san_lite_s2021_det,4,defect,0.0034024062806210943,0.007418867190726369
DLinear_ETTm2_h720_san_lite_s2021_det,4,control,-0.0015306204023455786,0.1032787430072008
DLinear_ETTm2_h720_san_lite_s2021_det,5,defect,0.007616937537191905,-0.10237357815184828
DLinear_ETTm2_h720_san_lite_s2021_det,5,control,0.011672231969461395,0.044545564799814
DLinear_ETTm2_h720_san_lite_s2021_det,6,defect,0.002947924841968663,-0.03938926135333373
DLinear_ETTm2_h720_san_lite_s2021_det,6,control,0.001117026891738524,-0.22165045265909836
DLinear_ETTm2_h720_san_lite_s2021_det,7,defect,-0.014929859748343603,0.047398015258445635
DLinear_ETTm2_h720_san_lite_s2021_det,7,control,0.01003846575680975,0.012405334792004463
DLinear_ETTm2_h96_fredf_s2021_det,0,defect,-0.014015008884633733,-0.11665721326785507
DLinear_ETTm2_h96_fredf_s2021_det,0,control,-0.009386260097752263,-0.07673259563830803
DLinear_ETTm2_h96_fredf_s2021_det,1,defect,-0.017707972017562898,0.04010098924615512
DLinear_ETTm2_h96_fredf_s2021_det,1,control,0.01675604309387309,0.07223892256943683
DLinear_ETTm2_h96_fredf_s2021_det,2,defect,0.008238845932962332,0.045847627202568526
DLinear_ETTm2_h96_fredf_s2021_det,2,control,-0.0039724197309013425,-0.030358739299115742
DLinear_ETTm2_h96_fredf_s2021_det,3,defect,0.0011282404595359832,-0.021794092404929476
DLinear_ETTm2_h96_fredf_s2021_det,3,control,-0.005433393360849399,0.06756602723763393
DLinear_ETTm2_h96_fredf_s2021_det,4,defect,0.01042215106437011,0.016631831652721082
DLinear_ETTm2_h96_fredf_s2021_det,4,control,-0.015781984995598082,-0.1175227037040152
DLinear_ETTm2_h96_fredf_s2021_det,5,defect,7.102269751029397e-05,0.00936173864458114
DLinear_ETTm2_h96_fredf_s2021_det,5,control,-0.015168375605121534,-0.15473227648475527
DLinear_ETTm2_h96_fredf_s2021_det,6,defect,0.02349214162174163,0.14652445927119565
DLinear_ETTm2_h96_fredf_s2021_det,6,control,0.006229805325625997,-0.10132360184513903
DLinear_ETTm2_h96_fredf_s2021_det,7,defect,0.006768724819099817,-0.06526735612780202
DLinear_ETTm2_h96_fredf_s2021_det,7,control,-0.008918334599552642,0.0010137131428803701
DLinear_ETTm2_h96_fredf_s2021_shuf,0,defect,-0.003588120164983392,0.11221532615063917
DLinear_ETTm2_h96_fredf_s2021_shuf,0,control,0.011647286764716798,0.07790016533823872
DLinear_ETTm2_h96_fredf_s2021_shuf,1,defect,0.02330816285939761,0.1053904747903101
DLinear_ETTm2_h96_fredf_s2021_shuf,1,control,0.004213248071798583,-0.05675408504432365
DLinear_ETTm2_h96_fredf_s2021_shuf,2,defect,-0.00013736934451895615,0.017887003820281158
DLinear_ETTm2_h96_fredf_s2021_shuf,2,control,-0.0001698711547881628,-0.017665791260434154
DLinear_ETTm2_h96_fredf_s2021_shuf,3,defect,-0.015622000151919474,-0.13107484762398697
DLinear_ETTm2_h96_fredf_s2021_shuf,3,control,-0.007953783274150637,-0.1118327823705547
DLinear_ETTm2_h96_fredf_s2021_shuf,4,defect,-0.007300112703441242,-0.07013609974497868
DLinear_ETTm2_h96_fredf_s2021_shuf,4,control,-0.007957936894871894,-0.00827773065497487
DLinear_ETTm2_h96_fredf_s2021_shuf,5,defect,0.0018788642548208583,0.055975447157706734
DLinear_ETTm2_h96_fredf_s2021_shuf,5,control,0.005955541398325436,0.03785269715248932
DLinear_ETTm2_h96_fredf_s2021_shuf,6,defect,5.138849718561198e-05,-0.023165919809011348
DLinear_ETTm2_h96_fredf_s2021_shuf,6,control,-0.004836953310881896,-0.06340927514477074
DLinear_ETTm2_h96_fredf_s2021_shuf,7,defect,-0.0006083227717207599,-0.06555016460875515
DLinear_ETTm2_h96_fredf_s2021_shuf,7,control,0.011103836747591992,0.060597999800436016
DLinear_ETTm2_h96_fredf_s2022_det,0,defect,-0.007277463480810863,-0.029038896690830127
DLinear_ETTm2_h96_fredf_s2022_det,0,control,0.003716166971690181,0.030530099203822842
DLinear_ETTm2_h96_fredf_s2022_det,1,defect,-0.00838586745644429,-0.06623057330033824
DLinear_ETTm2_h96_fredf_s2022_det,1,control,0.02613815305503103,0.06709601137972702
DLinear_ETTm2_h96_fredf_s2022_det,2,defect,-0.008751835466646329,-0.14514608524746767
DLinear_ETTm2_h96_fredf_s2022_det,2,control,-0.0011406627503016103,0.12552251003065865
DLinear_ETTm2_h96_fredf_s2022_det,3,defect,0.011696724390856884,-0.23127775511534823
DLinear_ETTm2_h96_fredf_s2022_det,3,control,-0.010723310644507288,-0.10189649781628371
DLinear_ETTm2_h96_fredf_s2022_det,4,defect,0.00733267070710975,0.025372964351209577
DLinear_ETTm2_h96_fredf_s2022_det,4,control,0.006345021589085978,0.15893110461994775
DLinear_ETTm2_h96_fredf_s2022_det,5,defect,-0.009377638632385507,-0.01757463941217397
DLinear_ETTm2_h96_fredf_s2022_det,5,control,-0.00031252063652465915,0.024214734163480196
DLinear_ETTm2_h96_fredf_s2022_det,6,defect,-0.0033188486443764794,-0.06684910530220953
DLinear_ETTm2_h96_fredf_s2022_det,6,control,-0.00844370199547436,0.13634704173054618
DLinear_ETTm2_h96_fredf_s2022_det,7,defect,0.005950401453013873,0.09935439468289319
DLinear_ETTm2_h96_fredf_s2022_det,7,control,-0.02097602558566265,-0.012492467741043407
DLinear_ETTm2_h96_fredf_s2022_shuf,0,defect,0.0028430862528957433,-0.02932259872859992
DLinear_ETTm2_h96_fredf_s2022_shuf,0,control,0.004630363643752029,0.12742171284308773
DLinear_ETTm2_h96_fredf_s2022_shuf,1,defect,0.011274257131375663,0.1531092102567228
DLinear_ETTm2_h96_fredf_s2022_shuf,1,control,0.0068689219033242375,-0.0015760634266483665
DLinear_ETTm2_h96_fredf_s2022_shuf,2,defect,-0.00016928124618666117,-0.08518824273798574
DLinear_ETTm2_h96_fredf_s2022_shuf,2,control,-0.006832714225607552,0.0015500106691959078
DLinear_ETTm2_h96_fredf_s2022_shuf,3,defect,-0.011531435237958996,-0.020461856492333338
DLinear_ETTm2_h96_fredf_s2022_shuf,3,control,-0.007456957360044784,-0.21235526037096017
DLinear_ETTm2_h96_fredf_s2022_shuf,4,defect,0.009436086616409396,0.19428124986065326
DLinear_ETTm2_h96_fredf_s2022_shuf,4,control,0.00618983101657011,-0.04351079793765974
DLinear_ETTm2_h96_fredf_s2022_shuf,5,defect,0.000517194423362676,0.14722125832786556
DLinear_ETTm2_h96_fredf_s2022_shuf,5,control,-0.004448777164767544,-0.05689904270230082
DLinear_ETTm2_h96_fredf_s2022_shuf,6,defect,0.0028493351931782396,-0.102068706851409
DLinear_ETTm2_h96_fredf_s2022_shuf,6,control,-0.005210592691726437,0.002426867807204696
DLinear_ETTm2_h96_fredf_s2022_shuf,7,defect,0.007412518706597308,0.016412606493128947
DLinear_ETTm2_h96_fredf_s2022_shuf,7,control,-0.002545631172259991,-0.022598738389417228
DLinear_ETTm2_h96_fredf_s2023_det,0,defect,-0.015477049164347598,-0.04373791808923631
DLinear_ETTm2_h96_fredf_s2023_det,0,control,-0.000996513176411201,0.038824311142267934
DLinear_ETTm2_h96_fredf_s2023_det,1,defect,-0.018314260394580152,-0.038540215968006664
DLinear_ETTm2_h96_fredf_s2023_det,1,control,0.008189140745078987,0.047548299984091096
DLinear_ETTm2_h96_fredf_s2023_det,2,defect,-0.010793812215807757,-0.07737809358227896
DLinear_ETTm2_h96_fredf_s2023_det,2,control,0.007331792090398531,0.04751052591058392
DLinear_ETTm2_h96_fredf_s2023_det,3,defect,-0.0056442444007720185,0.026845515512550405
DLinear_ETTm2_h96_fredf_s2023_det,3,control,0.008011099185371934,-0.11501397409858057
DLinear_ETTm2_h96_fredf_s2023_det,4,defect,0.0011876461583263291,0.009811351590426723
DLinear_ETTm2_h96_fredf_s2023_det,4,control,0.007794550570535693,-0.005342964481542181
DLinear_ETTm2_h96_fredf_s2023_det,5,defect,-0.0033650865868575714,0.133064577694483
DLinear_ETTm2_h96_fredf_s2023_det,5,control,0.009313702546758586,0.032540974459665445
DLinear_ETTm2_h96_fredf_s2023_det,6,defect,-0.006895202361050792,0.10546098921343763
DLinear_ETTm2_h96_fredf_s2023_det,6,control,-0.006617597113633024,0.025180594909574753
DLinear_ETTm2_h96_fredf_s2023_det,7,defect,0.00041757723780283925,0.0737244970909115
DLinear_ETTm2_h96_fredf_s2023_det,7,control,0.015581689856786292,0.24364876811352287
DLinear_ETTm2_h96_fredf_s2023_shuf,0,defect,0.008296049988407564,0.07904817755467172
DLinear_ETTm2_h96_fredf_s2023_shuf,0,control,-0.006047510037410811,0.07415256664094436
DLinear_ETTm2_h96_fredf_s2023_shuf,1,defect,-0.003387315487034974,-0.10418748178239584
DLinear_ETTm2_h96_fredf_s2023_shuf,1,control,0.0012111280153084601,0.06495941187324089
DLinear_ETTm2_h96_fredf_s2023_shuf,2,defect,-0.00670991413851794,-0.16037604256061186
DLinear_ETTm2_h96_fredf_s2023_shuf,2,control,0.002094320515008021,-0.004274395486401989
DLinear_ETTm2_h96_fredf_s2023_shuf,3,defect,0.016477741400851394,0.1637012200768247
DLinear_ETTm2_h96_fredf_s2023_shuf,3,control,0.018468942816100675,0.06013156824950963
DLinear_ETTm2_h96_fredf_s2023_shuf,4,defect,0.005129440128574049,0.03836736338973863
DLinear_ETTm2_h96_fredf_s2023_shuf,4,control,0.002581015163381809,0.0553690202594972
DLinear_ETTm2_h96_fredf_s2023_shuf,5,defect,0.0022796619095132855,0.041841866464353145
DLinear_ETTm2_h96_fredf_s2023_shuf,5,control,-0.011631870771132313,-0.00423364085907976
DLinear_ETTm2_h96_fredf_s2023_shuf,6,defect,0.011928565443675425,0.02916888657351327
DLinear_ETTm2_h96_fredf_s2023_shuf,6,control,-0.016186971877273294,0.04968588545944786
DLinear_ETTm2_h96_fredf_s2023_shuf,7,defect,0.003956147212596731,-8.826070418092288e-05
DLinear_ETTm2_h96_fredf_s2023_shuf,7,control,-0.004848156665862545,-0.13797622756264816
DLinear_ETTm2_h96_none_s2021_det,0,defect,0.003297268497628355,-0.04386229084505544
DLinear_ETTm2_h96_none_s2021_det,0,control,-0.012626367102463381,-0.026643802159604768
DLinear_ETTm2_h96_none_s2021_det,1,defect,-0.01635205827593008,-0.04622408532311939
DLinear_ETTm2_h96_none_s2021_det,1,control,-0.014765883778205134,-0.04593062794986286
DLinear_ETTm2_h96_none_s2021_det,2,defect,0.010486929424255373,0.04903909683911796
DLinear_ETTm2_h96_none_s2021_det,2,control,-0.0005018694489819292,-0.11814382407470472
DLinear_ETTm2_h96_none_s2021_det,3,defect,0.014943190477788115,0.19233633525453342
DLinear_ETTm2_h96_none_s2021_det,3,control,-0.0024666522543169136,0.008727528877984411
DLinear_ETTm2_h96_none_s2021_det,4,defect,0.012497945887248198,0.033608320932387414
DLinear_ETTm2_h96_none_s2021_det,4,control,0.003732807348553921,0.018676073493043458
DLinear_ETTm2_h96_none_s2021_det,5,defect,-0.0030667801594382433,-0.03412730028328844
DLinear_ETTm2_h96_none_s2021_det,5,control,-0.0004198061631751501,0.02913593282858758
DLinear_ETTm2_h96_none_s2021_det,6,defect,0.01821115628564468,0.07709795888260057
DLinear_ETTm2_h96_none_s2021_det,6,control,-0.008149964453903797,-0.10325107783439108
DLinear_ETTm2_h96_none_s2021_det,7,defect,-0.0004757169080760507,0.08980826970712164
DLinear_ETTm2_h96_none_s2021_det,7,control,0.007739429595783853,-0.07353335606333666
DLinear_ETTm2_h96_none_s2021_shuf,0,defect,0.0070148191110289875,-0.12585192623395636
DLinear_ETTm2_h96_none_s2021_shuf,0,control,-0.0007797397153223037,0.011871575163350342
DLinear_ETTm2_h96_none_s2021_shuf,1,defect,0.00011675172447472268,-0.008971293538959531
DLinear_ETTm2_h96_none_s2021_shuf,1,control,-0.01360412710925673,-0.01164472228303687
DLinear_ETTm2_h96_none_s2021_shuf,2,defect,0.005046781031971495,0.004128831585929923
DLinear_ETTm2_h96_none_s2021_shuf,2,control,0.0026189497106852296,-0.034629122639522426
DLinear_ETTm2_h96_none_s2021_shuf,3,defect,-0.014183935360076914,-0.2133248605651294
DLinear_ETTm2_h96_none_s2021_shuf,3,control,0.009920472299783998,-0.024827946923755957
DLinear_ETTm2_h96_none_s2021_shuf,4,defect,-0.025854076225900195,-0.21836726014439023
DLinear_ETTm2_h96_none_s2021_shuf,4,control,-0.01317358824901326,0.0007867512009209374
DLinear_ETTm2_h96_none_s2021_shuf,5,defect,0.006016054164937015,-0.01859833890826466
DLinear_ETTm2_h96_none_s2021_shuf,5,control,-0.008573401844228667,0.019839181601629573
DLinear_ETTm2_h96_none_s2021_shuf,6,defect,-0.008768453920547883,-0.09915675163383332
DLinear_ETTm2_h96_none_s2021_shuf,6,control,0.02136219223330948,0.12434834270236621
DLinear_ETTm2_h96_none_s2021_shuf,7,defect,-0.007482078012468683,-0.023551010952517708
DLinear_ETTm2_h96_none_s2021_shuf,7,control,-0.015979408977394232,-0.0799866552565964
DLinear_ETTm2_h96_none_s2022_det,0,defect,-0.0065432687908289966,0.046127266672609996
DLinear_ETTm2_h96_none_s2022_det,0,control,0.01397476240329947,0.020080020667742556
DLinear_ETTm2_h96_none_s2022_det,1,defect,-0.014304373004583136,-0.07826029897490001
DLinear_ETTm2_h96_none_s2022_det,1,control,-0.0001443168145092331,-0.1321991593035139
DLinear_ETTm2_h96_none_s2022_det,2,defect,-0.0028647274170537787,-0.06780448674174983
DLinear_ETTm2_h96_none_s2022_det,2,control,-0.01568711195103222,-0.08860419983434252
DLinear_ETTm2_h96_none_s2022_det,3,defect,0.011208442043043328,0.030324256584140452
DLinear_ETTm2_h96_none_s2022_det,3,control,0.002003173128397575,0.02467831397967181
DLinear_ETTm2_h96_none_s2022_det,4,defect,0.0024880214915570255,0.045630834927029615
DLinear_ETTm2_h96_none_s2022_det,4,control,-0.005640347949556678,-0.1121426508991539
DLinear_ETTm2_h96_none_s2022_det,5,defect,0.012295227344793477,0.09469805777981964
DLinear_ETTm2_h96_none_s2022_det,5,control,-0.003025989711499325,-0.02310661129006242
DLinear_ETTm2_h96_none_s2022_det,6,defect,-0.010561011879191695,0.07088514392257149
DLinear_ETTm2_h96_none_s2022_det,6,control,-0.009810128790148183,-0.007858418991455068
DLinear_ETTm2_h96_none_s2022_det,7,defect,0.0170884103169474,0.06685392623467869
DLinear_ETTm2_h96_none_s2022_det,7,control,0.0023542773030249035,-0.0026011600240542867
DLinear_ETTm2_h96_none_s2022_shuf,0,defect,0.006396747299349671,0.024911812850518345
DLinear_ETTm2_h96_none_s2022_shuf,0,control,-0.0005290508125697654,0.03508231693899169
DLinear_ETTm2_h96_none_s2022_shuf,1,defect,-0.007347330472796155,0.018019949393688086
DLinear_ETTm2_h96_none_s2022_shuf,1,control,-0.0053841761954798555,0.03754864616923744
DLinear_ETTm2_h96_none_s2022_shuf,2,defect,-0.0065002655187082386,0.15178509155650455
DLinear_ETTm2_h96_none_s2022_shuf,2,control,-0.0036993513196994766,0.011817779222638243
DLinear_ETTm2_h96_none_s2022_shuf,3,defect,-0.012906153977341725,-0.0827387022270944
DLinear_ETTm2_h96_none_s2022_shuf,3,control,0.007844607427211476,0.08342702682203525
DLinear_ETTm2_h96_none_s2022_shuf,4,defect,-0.0008968782038383783,0.041022505783742266
DLinear_ETTm2_h96_none_s2022_shuf,4,control,-0.0027954095575167363,0.10300364192511159
DLinear_ETTm2_h96_none_s2022_shuf,5,defect,-0.0028999230934975786,-0.015128556654515127
DLinear_ETTm2_h96_none_s2022_shuf,5,control,0.005417364871904072,0.16970422658998388
DLinear_ETTm2_h96_none_s2022_shuf,6,defect,-0.007272658097273256,-0.04540369148486603
DLinear_ETTm2_h96_none_s2022_shuf,6,control,-0.006825554494225938,-0.1219264594542432
DLinear_ETTm2_h96_none_s2022_shuf,7,defect,0.005019674984607285,-0.08999951237000933
DLinear_ETTm2_h96_none_s2022_shuf,7,control,-0.018947644885477323,-0.034339982678438685
DLinear_ETTm2_h96_none_s2023_det,0,defect,-0.006964013035066249,-0.011215184794330443
DLinear_ETTm2_h96_none_s2023_det,0,control,0.002821294685624051,-0.039715069451223044
DLinear_ETTm2_h96_none_s2023_det,1,defect,0.005374157473553554,0.09676523973120656
DLinear_ETTm2_h96_none_s2023_det,1,control,-0.012122681732099605,0.003948535041568442
DLinear_ETTm2_h96_none_s2023_det,2,defect,0.009495516857265577,0.13040182564765992
DLinear_ETTm2_h96_none_s2023_det,2,control,0.005920947672160793,0.19170201390897493
DLinear_ETTm2_h96_none_s2023_det,3,defect,-0.004227313994030721,0.02447509564314247
DLinear_ETTm2_h96_none_s2023_det,3,control,0.001304922279974308,-0.10136293213422759
DLinear_ETTm2_h96_none_s2023_det,4,defect,0.008155318080740792,-0.011806283901946112
DLinear_ETTm2_h96_none_s2023_det,4,control,-0.003335178619464133,0.017204791534050832
DLinear_ETTm2_h96_none_s2023_det,5,defect,0.0033036737472081435,0.07019830501866751
DLinear_ETTm2_h96_none_s2023_det,5,control,0.005185409553313108,0.043114317442314386
DLinear_ETTm2_h96_none_s2023_det,6,defect,-0.014977130755265614,-0.012177240265141016
DLinear_ETTm2_h96_none_s2023_det,6,control,-0.013285773360795077,-0.04026706527359376
DLinear_ETTm2_h96_none_s2023_det,7,defect,0.009151706035900166,-0.06897232478981923
DLinear_ETTm2_h96_none_s2023_det,7,control,0.007702109563575955,-0.08388853584441695
DLinear_ETTm2_h96_none_s2023_shuf,0,defect,0.005022269177506739,0.008085901977787809
DLinear_ETTm2_h96_none_s2023_shuf,0,control,-0.01333854066370114,-0.006823682763336605
DLinear_ETTm2_h96_none_s2023_shuf,1,defect,0.0064851739481334375,0.08872758983314043
DLinear_ETTm2_h96_none_s2023_shuf,1,control,-0.012243264456783353,-0.0515298670328399
DLinear_ETTm2_h96_none_s2023_shuf,2,defect,-0.012160678857871103,-0.03707665233597616
DLinear_ETTm2_h96_none_s2023_shuf,2,control,0.005307306759125393,0.044601098475711975
DLinear_ETTm2_h96_none_s2023_shuf,3,defect,0.003621014947225202,0.039490535174434085
DLinear_ETTm2_h96_none_s2023_shuf,3,control,0.006705534384073931,-0.0031345502946345484
DLinear_ETTm2_h96_none_s2023_shuf,4,defect,0.0024875460619691314,-0.10749528001697133
DLinear_ETTm2_h96_none_s2023_shuf,4,control,-0.003226263043990209,-0.03543731240884384
DLinear_ETTm2_h96_none_s2023_shuf,5,defect,-0.00031906259791190976,-0.18154933243312127
DLinear_ETTm2_h96_none_s2023_shuf,5,control,0.019500119180899646,0.08682030386573018
DLinear_ETTm2_h96_none_s2023_shuf,6,defect,-0.0032596752228841648,0.023559157472632864
DLinear_ETTm2_h96_none_s2023_shuf,6,control,0.009853154097775195,-0.005755040974040692
DLinear_ETTm2_h96_none_s2023_shuf,7,defect,0.005572451643268909,-0.09714291382453766
DLinear_ETTm2_h96_none_s2023_shuf,7,control,0.009583704336873722,-0.07572929090438943
DLinear_ETTm2_h96_revin_s2021_det,0,defect,0.00952114022533611,0.016535379768181847
DLinear_ETTm2_h96_revin_s2021_det,0,control,0.00597363745003479,0.05991569886591085
DLinear_ETTm2_h96_revin_s2021_det,1,defect,-0.011305215993186988,0.005615991650528569
DLinear_ETTm2_h96_revin_s2021_det,1,control,-0.009804498327835693,0.05019934522687944
DLinear_ETTm2_h96_revin_s2021_det,2,defect,0.0029943745886696223,0.034319892696534605
DLinear_ETTm2_h96_revin_s2021_det,2,control,-0.0006290080194416689,-0.08563081384109504
DLinear_ETTm2_h96_revin_s2021_det,3,defect,-0.009627369257034068,-0.11506408892237903
DLinear_ETTm2_h96_revin_s2021_det,3,control,0.009733817188544403,-0.04805252937970766
DLinear_ETTm2_h96_revin_s2021_det,4,defect,0.0059878153810270585,0.14141123069401695
DLinear_ETTm2_h96_revin_s2021_det,4,control,0.00885909062138957,-0.09335411089497223
DLinear_ETTm2_h96_revin_s2021_det,5,defect,-0.01963339090902016,0.09488709600316625
DLinear_ETTm2_h96_revin_s2021_det,5,control,0.010278829232529568,0.04601217099671368
DLinear_ETTm2_h96_revin_s2021_det,6,defect,-0.00017186622573338458,0.019269487680100676
DLinear_ETTm2_h96_revin_s2021_det,6,control,0.0011269697277766046,0.07401189986476249
DLinear_ETTm2_h96_revin_s2021_det,7,defect,0.006625535132619104,-0.11293413269420532
DLinear_ETTm2_h96_revin_s2021_det,7,control,0.015269762954991937,0.1665807694924671
DLinear_ETTm2_h96_revin_s2021_shuf,0,defect,-0.011372425815556418,0.019031188716483998
DLinear_ETTm2_h96_revin_s2021_shuf,0,control,-0.006797847952956327,0.010454739457740555
DLinear_ETTm2_h96_revin_s2021_shuf,1,defect,-0.010124864664734355,-0.010189401723821137
DLinear_ETTm2_h96_revin_s2021_shuf,1,control,0.013835567767096865,0.06935540300922341
DLinear_ETTm2_h96_revin_s2021_shuf,2,defect,0.0036780869820384273,0.14923324792410203
DLinear_ETTm2_h96_revin_s2021_shuf,2,control,-0.004755517253815426,-0.21234076753403097
DLinear_ETTm2_h96_revin_s2021_shuf,3,defect,0.008176451013393583,0.0689257009659124
DLinear_ETTm2_h96_revin_s2021_shuf,3,control,-0.001923091765378242,-0.13862832757234722
DLinear_ETTm2_h96_revin_s2021_shuf,4,defect,1.183626062954904e-05,0.01568021008885812
DLinear_ETTm2_h96_revin_s2021_shuf,4,control,-0.006195560954912172,0.06188549386118503
DLinear_ETTm2_h96_revin_s2021_shuf,5,defect,-0.0035052896193944016,-0.05467899047611177
DLinear_ETTm2_h96_revin_s2021_shuf,5,control,0.008220150276478898,0.0337499566948951
DLinear_ETTm2_h96_revin_s2021_shuf,6,defect,-0.0034302512923727805,-0.07219757438363018
DLinear_ETTm2_h96_revin_s2021_shuf,6,control,0.0012370982724755285,0.04595030547909667
DLinear_ETTm2_h96_revin_s2021_shuf,7,defect,0.010949325948076852,0.15009175199009098
DLinear_ETTm2_h96_revin_s2021_shuf,7,control,-0.008489379009242348,-0.06232780563204901
DLinear_ETTm2_h96_revin_s2022_det,0,defect,-0.008699667012145524,-0.11047713813460439
DLinear_ETTm2_h96_revin_s2022_det,0,control,-0.02177362965882809,-0.08904171450607343
DLinear_ETTm2_h96_revin_s2022_det,1,defect,-0.0014404888030058454,0.07453931906187007
DLinear_ETTm2_h96_revin_s2022_det,1,control,0.011596726098023362,0.03885277616291518
DLinear_ETTm2_h96_revin_s2022_det,2,defect,-0.0005291371928604568,0.08317181494298317
DLinear_ETTm2_h96_revin_s2022_det,2,control,0.005137543517332766,0.058806713170882416
DLinear_ETTm2_h96_revin_s2022_det,3,defect,-0.006930805276121027,-0.006866416037863829
DLinear_ETTm2_h96_revin_s2022_det,3,control,-0.005085352439805108,-0.033838314575471796
DLinear_ETTm2_h96_revin_s2022_det,4,defect,0.020506737205999045,0.07124645536717568
DLinear_ETTm2_h96_revin_s2022_det,4,control,-0.004032440266663943,-0.029029135719953227
DLinear_ETTm2_h96_revin_s2022_det,5,defect,-0.02169708449659831,-0.21660342736004845
DLinear_ETTm2_h96_revin_s2022_det,5,control,0.007125761702459344,0.034593653027552226
DLinear_ETTm2_h96_revin_s2022_det,6,defect,-0.002904874217142536,0.042494631104053375
DLinear_ETTm2_h96_revin_s2022_det,6,control,0.015479983406706638,0.032706218398825294
DLinear_ETTm2_h96_revin_s2022_det,7,defect,0.0008267123690569581,-0.0821823939666653
DLinear_ETTm2_h96_revin_s2022_det,7,control,-0.0020363579464549413,-0.13543602628374093
DLinear_ETTm2_h96_revin_s2022_shuf,0,defect,0.008449452879155776,-0.028494545864784265
DLinear_ETTm2_h96_revin_s2022_shuf,0,control,-0.022055737447872318,-0.04473505637139835
DLinear_ETTm2_h96_revin_s2022_shuf,1,defect,0.0033945370122768852,0.01611591316462894
DLinear_ETTm2_h96_revin_s2022_shuf,1,control,-0.0032358124356527468,0.061585614389187214
DLinear_ETTm2_h96_revin_s2022_shuf,2,defect,-0.0008882457749908742,-0.1261875714793381
DLinear_ETTm2_h96_revin_s2022_shuf,2,control,-0.033033007094744965,0.0013624707484724797
DLinear_ETTm2_h96_revin_s2022_shuf,3,defect,0.004868189096627884,-0.020941861454403823
DLinear_ETTm2_h96_revin_s2022_shuf,3,control,0.007488468323534986,0.0751141268422142
DLinear_ETTm2_h96_revin_s2022_shuf,4,defect,0.005853279495197366,-0.04666060211163043
DLinear_ETTm2_h96_revin_s2022_shuf,4,control,0.0003303561392484594,-0.03737676502421537
DLinear_ETTm2_h96_revin_s2022_shuf,5,defect,0.008208739202389476,0.056589800821077244
DLinear_ETTm2_h96_revin_s2022_shuf,5,control,-0.01122346622723054,-0.17527729823454058
DLinear_ETTm2_h96_revin_s2022_shuf,6,defect,0.012278254321233232,0.10872181691913659
DLinear_ETTm2_h96_revin_s2022_shuf,6,control,0.008652211409307492,-0.0649002670009682
DLinear_ETTm2_h96_revin_s2022_shuf,7,defect,-0.010182584567781401,0.05944888106020961
DLinear_ETTm2_h96_revin_s2022_shuf,7,control,-0.011720021920281369,0.009137942986616528
DLinear_ETTm2_h96_revin_s2023_det,0,defect,-0.010267727819974915,-0.1571561473615381
DLinear_ETTm2_h96_revin_s2023_det,0,control,0.0070402750976686366,-0.07313978613389482
DLinear_ETTm2_h96_revin_s2023_det,1,defect,-0.009716711870888023,-0.008819228535090557
DLinear_ETTm2_h96_revin_s2023_det,1,control,0.008550707488255734,0.10931505238508696
DLinear_ETTm2_h96_revin_s2023_det,2,defect,-0.00389085586158865,-0.062121983233745355
DLinear_ETTm2_h96_revin_s2023_det,2,control,-0.012137422788596721,0.06556654621341329
DLinear_ETTm2_h96_revin_s2023_det,3,defect,0.013062257066949934,0.17479317262894245
DLinear_ETTm2_h96_revin_s2023_det,3,control,0.007211182980924994,-0.07932707559269848
DLinear_ETTm2_h96_revin_s2023_det,4,defect,0.001911029314705496,-0.031072263863339392
DLinear_ETTm2_h96_revin_s2023_det,4,control,0.01226930233358372,0.09207667275573733
DLinear_ETTm2_h96_revin_s2023_det,5,defect,0.004741886841896172,0.06838376907835195
DLinear_ETTm2_h96_revin_s2023_det,5,control,0.014842101906336246,0.14537767379668468
DLinear_ETTm2_h96_revin_s2023_det,6,defect,0.023005948184255578,0.09712307454465573
DLinear_ETTm2_h96_revin_s2023_det,6,control,0.0016012656941195886,0.021024336587871627
DLinear_ETTm2_h96_revin_s2023_det,7,defect,-0.004965179275224361,0.17309396032341728
DLinear_ETTm2_h96_revin_s2023_det,7,control,0.005165617559096154,-0.009680807343458947
DLinear_ETTm2_h96_revin_s2023_shuf,0,defect,-0.011325105484136,-0.12140764574686082
DLinear_ETTm2_h96_revin_s2023_shuf,0,control,-0.002396258938028348,0.045005686303797
DLinear_ETTm2_h96_revin_s2023_shuf,1,defect,0.002996424891517406,0.04265021817408939
DLinear_ETTm2_h96_revin_s2023_shuf,1,control,-0.0027548475365447777,0.039418409083385765
DLinear_ETTm2_h96_revin_s2023_shuf,2,defect,0.00469872150719868,-0.04115852383724533
DLinear_ETTm2_h96_revin_s2023_shuf,2,control,-0.001242223544754497,0.10603436002078145
DLinear_ETTm2_h96_revin_s2023_shuf,3,defect,-0.004390421209810205,-0.10388608363956817
DLinear_ETTm2_h96_revin_s2023_shuf,3,control,0.0029574716924351454,0.07004410801154767
DLinear_ETTm2_h96_revin_s2023_shuf,4,defect,-0.003500708446391414,-0.1367923437810372
DLinear_ETTm2_h96_revin_s2023_shuf,4,control,-0.007694678681818044,0.0900021075228039
DLinear_ETTm2_h96_revin_s2023_shuf,5,defect,0.01614842472994012,0.004820173426921836
DLinear_ETTm2_h96_revin_s2023_shuf,5,control,0.007442918011658052,0.011249459668042866
DLinear_ETTm2_h96_revin_s2023_shuf,6,defect,-0.021326281193688526,-0.11536978052480831
DLinear_ETTm2_h96_revin_s2023_shuf,6,control,0.009792788833443386,0.07399614195857945
DLinear_ETTm2_h96_revin_s2023_shuf,7,defect,0.005793826212826539,-0.02497954538497772
DLinear_ETTm2_h96_revin_s2023_shuf,7,control,0.0037407909998515465,-0.06640659505136591
DLinear_ETTm2_h96_san_lite_s2021_det,0,defect,0.0017472792879480532,-0.016340579185260586
DLinear_ETTm2_h96_san_lite_s2021_det,0,control,-0.00836405034729671,-0.11266921740649627
DLinear_ETTm2_h96_san_lite_s2021_det,1,defect,0.0070841245506297395,-0.016699150261350864
DLinear_ETTm2_h96_san_lite_s2021_det,1,control,0.006891595760546158,-0.030153784323611682
DLinear_ETTm2_h96_san_lite_s2021_det,2,defect,0.007258196249909077,-0.14153202120428268
DLinear_ETTm2_h96_san_lite_s2021_det,2,control,-0.010852533072185673,-0.07517118465548878
DLinear_ETTm2_h96_san_lite_s2021_det,3,defect,-0.00061842169412402,0.04675784358813399
DLinear_ETTm2_h96_san_lite_s2021_det,3,control,0.0069074691351191176,-0.10193336118869277
DLinear_ETTm2_h96_san_lite_s2021_det,4,defect,0.007994996820561425,0.005668091892391893
DLinear_ETTm2_h96_san_lite_s2021_det,4,control,-0.00024522234583831964,0.038799345279517485
DLinear_ETTm2_h96_san_lite_s2021_det,5,defect,-0.015913551515655645,-0.12082434940624366
DLinear_ETTm2_h96_san_lite_s2021_det,5,control,-0.006304094083344002,0.2035961910807159
DLinear_ETTm2_h96_san_lite_s2021_det,6,defect,0.017661577311186914,0.16347263055275016
DLinear_ETTm2_h96_san_lite_s2021_det,6,control,0.009275157724912674,0.04585529900552507
DLinear_ETTm2_h96_san_lite_s2021_det,7,defect,-0.009197905081128261,-0.13190350462627798
DLinear_ETTm2_h96_san_lite_s2021_det,7,control,-0.006790360350642892,0.0047278932341535415
DLinear_ETTm2_h96_san_lite_s2021_shuf,0,defect,0.004863317964280143,0.025716319279364765
DLinear_ETTm2_h96_san_lite_s2021_shuf,0,control,0.025680214092476387,0.021725526236796723
DLinear_ETTm2_h96_san_lite_s2021_shuf,1,defect,-0.012767894485339649,-0.07388268236879468
DLinear_ETTm2_h96_san_lite_s2021_shuf,1,control,-0.0004758121637748821,0.11307681718313585
DLinear_ETTm2_h96_san_lite_s2021_shuf,2,defect,0.003023178304528726,0.031540561159167264
DLinear_ETTm2_h96_san_lite_s2021_shuf,2,control,-0.005526517717605114,0.03673652796362916
DLinear_ETTm2_h96_san_lite_s2021_shuf,3,defect,0.008928276798290176,0.03529003805300177
DLinear_ETTm2_h96_san_lite_s2021_shuf,3,control,-0.007629639648191497,-0.00473458165786067
DLinear_ETTm2_h96_san_lite_s2021_shuf,4,defect,0.00413111065664461,0.12608458078669318
DLinear_ETTm2_h96_san_lite_s2021_shuf,4,control,0.00439410725043451,0.010647320295363262
DLinear_ETTm2_h96_san_lite_s2021_shuf,5,defect,-0.006026660739560125,0.03148815466635887
DLinear_ETTm2_h96_san_lite_s2021_shuf,5,control,0.0023455283070423624,-0.10654423094888547
DLinear_ETTm2_h96_san_lite_s2021_shuf,6,defect,-0.00684565271002499,0.013343207791951413
DLinear_ETTm2_h96_san_lite_s2021_shuf,6,control,0.00957848613037912,-0.04817163569569525
DLinear_ETTm2_h96_san_lite_s2021_shuf,7,defect,0.012847068871369516,-0.06827632349645418
DLinear_ETTm2_h96_san_lite_s2021_shuf,7,control,-0.004784916253389362,0.06604748784145394
DLinear_ETTm2_h96_san_lite_s2022_det,0,defect,-0.013064659859289639,-0.06716748642589249
DLinear_ETTm2_h96_san_lite_s2022_det,0,control,0.0063343002095660565,-0.01818871837502253
DLinear_ETTm2_h96_san_lite_s2022_det,1,defect,0.0018513735797652732,-0.06616740586418474
DLinear_ETTm2_h96_san_lite_s2022_det,1,control,-0.004427197046140102,-0.058161323500706054
DLinear_ETTm2_h96_san_lite_s2022_det,2,defect,0.006444752650180825,0.0447339829494622
DLinear_ETTm2_h96_san_lite_s2022_det,2,control,-0.003371922977497255,-0.05865640348764488
DLinear_ETTm2_h96_san_lite_s2022_det,3,defect,0.005555577267136879,0.07473082223516883
DLinear_ETTm2_h96_san_lite_s2022_det,3,control,0.005845023389910902,0.01008287956737718
DLinear_ETTm2_h96_san_lite_s2022_det,4,defect,-0.003582593668886336,0.12878424008532824
DLinear_ETTm2_h96_san_lite_s2022_det,4,control,0.0024883877407549156,-0.013331775293796415
DLinear_ETTm2_h96_san_lite_s2022_det,5,defect,0.0046489282331236845,-0.10252288411734262
DLinear_ETTm2_h96_san_lite_s2022_det,5,control,-0.0035538808877161026,-0.10472416451615954
DLinear_ETTm2_h96_san_lite_s2022_det,6,defect,-0.002296343251620777,-0.04584412395225105
DLinear_ETTm2_h96_san_lite_s2022_det,6,control,-0.011533529632067982,-0.04987902658570477
DLinear_ETTm2_h96_san_lite_s2022_det,7,defect,0.010282480873913367,0.17979662551774972
DLinear_ETTm2_h96_san_lite_s2022_det,7,control,-0.02378571701616623,-0.15362997013297622
DLinear_ETTm2_h96_san_lite_s2022_shuf,0,defect,-0.0012440809342826337,0.14189849654503112
DLinear_ETTm2_h96_san_lite_s2022_shuf,0,control,0.0042651384074803185,0.13103112637609224
DLinear_ETTm2_h96_san_lite_s2022_shuf,1,defect,-0.003798996390754551,-0.0729428404008944
DLinear_ETTm2_h96_san_lite_s2022_shuf,1,control,-0.0012029416217841672,0.23302024207722416
DLinear_ETTm2_h96_san_lite_s2022_shuf,2,defect,-0.0011215296844229318,0.11891496749798683
DLinear_ETTm2_h96_san_lite_s2022_shuf,2,control,0.016347653589097396,0.03981405916678106
DLinear_ETTm2_h96_san_lite_s2022_shuf,3,defect,0.006616744109247251,0.000435411090792058
DLinear_ETTm2_h96_san_lite_s2022_shuf,3,control,0.005195884014756341,0.025299652296956486
DLinear_ETTm2_h96_san_lite_s2022_shuf,4,defect,-0.005996573184020103,0.08621231842624236
DLinear_ETTm2_h96_san_lite_s2022_shuf,4,control,-0.012596704942732457,-0.10781376524255883
DLinear_ETTm2_h96_san_lite_s2022_shuf,5,defect,0.006270969731458712,0.030176607626745778
DLinear_ETTm2_h96_san_lite_s2022_shuf,5,control,-0.0009277003217520792,0.03383741968820924
DLinear_ETTm2_h96_san_lite_s2022_shuf,6,defect,-0.01235823353663103,-0.1029888948558136
DLinear_ETTm2_h96_san_lite_s2022_shuf,6,control,0.00131521992533573,0.07292196146600254
DLinear_ETTm2_h96_san_lite_s2022_shuf,7,defect,-0.013600918614465973,-0.045748143338661756
DLinear_ETTm2_h96_san_lite_s2022_shuf,7,control,-0.014035979336188057,-0.17268187845236485
DLinear_ETTm2_h96_san_lite_s2023_det,0,defect,0.0014661960488901345,-0.07804801630811202
DLinear_ETTm2_h96_san_lite_s2023_det,0,control,0.017725691351608255,0.12428237606962485
DLinear_ETTm2_h96_san_lite_s2023_det,1,defect,0.013567227471994028,0.033333406413059555
DLinear_ETTm2_h96_san_lite_s2023_det,1,control,0.010007740096884614,-0.07026795570658391
DLinear_ETTm2_h96_san_lite_s2023_det,2,defect,0.012471427897856843,0.22837214021616867
DLinear_ETTm2_h96_san_lite_s2023_det,2,control,-0.015722552397137424,-0.03582750636161351
DLinear_ETTm2_h96_san_lite_s2023_det,3,defect,0.013545928618418041,0.08193687891471503
DLinear_ETTm2_h96_san_lite_s2023_det,3,control,0.008385278923896402,-0.027797765781870345
DLinear_ETTm2_h96_san_lite_s2023_det,4,defect,-0.0022827230991636104,-0.0032097930669124333
DLinear_ETTm2_h96_san_lite_s2023_det,4,control,-0.0009008657869169693,-0.05072878807330901
DLinear_ETTm2_h96_san_lite_s2023_det,5,defect,0.012292392260703076,0.2843852277797563
DLinear_ETTm2_h96_san_lite_s2023_det,5,control,-8.402641575988388e-05,0.013056763608855873
DLinear_ETTm2_h96_san_lite_s2023_det,6,defect,-0.017227880738372964,0.03954159496341441
DLinear_ETTm2_h96_san_lite_s2023_det,6,control,0.001641549817592533,-0.04961254040758794
DLinear_ETTm2_h96_san_lite_s2023_det,7,defect,0.012297706177566295,0.0672543601933288
DLinear_ETTm2_h96_san_lite_s2023_det,7,control,0.0070906083994858315,-0.015035200305687158
DLinear_ETTm2_h96_san_lite_s2023_shuf,0,defect,0.010857624524569115,0.015896602211838435
DLinear_ETTm2_h96_san_lite_s2023_shuf,0,control,-0.004637164665523129,0.14873960318118337
DLinear_ETTm2_h96_san_lite_s2023_shuf,1,defect,-0.021127595202610986,0.0760979295713569
DLinear_ETTm2_h96_san_lite_s2023_shuf,1,control,-0.0011827335095062215,-0.05479567636703749
DLinear_ETTm2_h96_san_lite_s2023_shuf,2,defect,0.0024425455141718886,0.003204202878301797
DLinear_ETTm2_h96_san_lite_s2023_shuf,2,control,0.010385031485150655,0.009046249596986765
DLinear_ETTm2_h96_san_lite_s2023_shuf,3,defect,0.009909311978021546,0.11460402224995131
DLinear_ETTm2_h96_san_lite_s2023_shuf,3,control,0.014488167873890595,0.17634575042344428
DLinear_ETTm2_h96_san_lite_s2023_shuf,4,defect,0.011722849476773801,0.09167914717681078
DLinear_ETTm2_h96_san_lite_s2023_shuf,4,control,-0.010363478636499567,-0.08386107273594857
DLinear_ETTm2_h96_san_lite_s2023_shuf,5,defect,-0.01485792578624861,-0.1939845459546343
DLinear_ETTm2_h96_san_lite_s2023_shuf,5,control,0.007502713769557268,0.07008543969021812
DLinear_ETTm2_h96_san_lite_s2023_shuf,6,defect,0.007874417270271218,0.10378046464801687
DLinear_ETTm2_h96_san_lite_s2023_shuf,6,control,-0.007865010701804526,0.060357969188717824
DLinear_ETTm2_h96_san_lite_s2023_shuf,7,defect,-0.0028951048273120326,-0.09529241827941173
DLinear_ETTm2_h96_san_lite_s2023_shuf,7,control,-0.010489450244207303,-0.14587588793716524
DLinear_Exchange_h192_fredf_s2021_det,0,defect,0.017433274143054612,0.06174188650711607
DLinear_Exchange_h192_fredf_s2021_det,0,control,0.036902359490399064,0.019834695566642843
DLinear_Exchange_h192_fredf_s2021_det,1,defect,0.03035588426498311,-0.03647645992922499
DLinear_Exchange_h192_fredf_s2021_det,1,control,0.091979869225528,0.10179063978234013
DLinear_Exchange_h192_fredf_s2021_det,2,defect,-0.03628242491671889,-0.003629952116299892
DLinear_Exchange_h192_fredf_s2021_det,2,control,0.016376447567097156,-0.009492558551721214
DLinear_Exchange_h192_fredf_s2021_det,3,defect,0.06612188159946639,-0.273950096271237
DLinear_Exchange_h192_fredf_s2021_det,3,control,-0.025153892553359196,-0.0311383159677773
DLinear_Exchange_h192_fredf_s2021_det,4,defect,0.02844605325040615,-0.1265684991505819
DLinear_Exchange_h192_fredf_s2021_det,4,control,-0.035026466262192524,-0.04872330310326677
DLinear_Exchange_h192_fredf_s2021_det,5,defect,0.000978919488627259,-0.002227660620123962
DLinear_Exchange_h192_fredf_s2021_det,5,control,0.03986934277945911,-0.023962015409367134
DLinear_Exchange_h192_fredf_s2021_det,6,defect,0.0101647904260267,-0.052787817722906874
DLinear_Exchange_h192_fredf_s2021_det,6,control,-0.05182234839059331,-0.12291199838731746
DLinear_Exchange_h192_fredf_s2021_det,7,defect,0.03796960841917661,-0.16662494452539622
DLinear_Exchange_h192_fredf_s2021_det,7,control,0.05182423744204195,-0.019770046603874013
DLinear_Exchange_h192_none_s2021_det,0,defect,0.05138467471185452,0.08282076520810885
DLinear_Exchange_h192_none_s2021_det,0,control,0.008873395771912021,-0.06393398426992127
DLinear_Exchange_h192_none_s2021_det,1,defect,-0.030319601449228167,0.1330461264560809
DLinear_Exchange_h192_none_s2021_det,1,control,-0.0169907149864314,-0.10688541280415738
DLinear_Exchange_h192_none_s2021_det,2,defect,-0.0704347163361261,-0.08565493236706077
DLinear_Exchange_h192_none_s2021_det,2,control,0.005765189602139709,0.009655324417811525
DLinear_Exchange_h192_none_s2021_det,3,defect,-0.029278278123090595,0.17357477523329623
DLinear_Exchange_h192_none_s2021_det,3,control,-0.039859962661921024,-0.0422188914026218
DLinear_Exchange_h192_none_s2021_det,4,defect,-0.009924034075882547,-0.03584378955151631
DLinear_Exchange_h192_none_s2021_det,4,control,0.0724926099004535,0.0034304635947528823
DLinear_Exchange_h192_none_s2021_det,5,defect,0.015481167459851146,0.013545808446662817
DLinear_Exchange_h192_none_s2021_det,5,control,0.00956237843302531,-0.030200431131244813
DLinear_Exchange_h192_none_s2021_det,6,defect,0.018424961013886482,-0.21905250080722327
DLinear_Exchange_h192_none_s2021_det,6,control,-0.01416534541631437,-0.09162433129934941
DLinear_Exchange_h192_none_s2021_det,7,defect,0.08929500599936685,-0.025529633551578224
DLinear_Exchange_h192_none_s2021_det,7,control,0.013253584963671586,0.04193111767329869
DLinear_Exchange_h192_revin_s2021_det,0,defect,-0.021282444458630426,-0.1008799090550239
DLinear_Exchange_h192_revin_s2021_det,0,control,0.05048268521498057,-0.06698589526525185
DLinear_Exchange_h192_revin_s2021_det,1,defect,0.002408345177903049,0.04612572856910057
DLinear_Exchange_h192_revin_s2021_det,1,control,-0.009882540083717549,-0.14760041627203077
DLinear_Exchange_h192_revin_s2021_det,2,defect,0.046190434625140546,0.12743766922227007
DLinear_Exchange_h192_revin_s2021_det,2,control,0.056761696811150876,-0.10457351758168185
DLinear_Exchange_h192_revin_s2021_det,3,defect,0.020122762288279677,0.048463813377590106
DLinear_Exchange_h192_revin_s2021_det,3,control,-0.02629553102539016,-0.07253153900175009
DLinear_Exchange_h192_revin_s2021_det,4,defect,-0.05908992015174947,-0.006418146662812564
DLinear_Exchange_h192_revin_s2021_det,4,control,-0.06125451255307258,-0.0921331000977041
DLinear_Exchange_h192_revin_s2021_det,5,defect,-0.13203147289992848,-0.13825026083875885
DLinear_Exchange_h192_revin_s2021_det,5,control,-0.10606242207662776,0.02517340473556538
DLinear_Exchange_h192_revin_s2021_det,6,defect,-0.015013855215280212,0.0006079361509313222
DLinear_Exchange_h192_revin_s2021_det,6,control,0.013587165393619698,-0.15164372008827173
DLinear_Exchange_h192_revin_s2021_det,7,defect,-0.01850273782180643,0.038921320805886686
DLinear_Exchange_h192_revin_s2021_det,7,control,0.0887486792924786,-0.015790215754608827
DLinear_Exchange_h192_san_lite_s2021_det,0,defect,0.022421868180687123,0.029331582257753116
DLinear_Exchange_h192_san_lite_s2021_det,0,control,0.028611312682309754,-0.05855903963149878
DLinear_Exchange_h192_san_lite_s2021_det,1,defect,0.043458866230404354,0.15240888796422686
DLinear_Exchange_h192_san_lite_s2021_det,1,control,-0.015356815762766407,-0.13987215245719806
DLinear_Exchange_h192_san_lite_s2021_det,2,defect,-0.016844346069014218,-0.025821744385445797
DLinear_Exchange_h192_san_lite_s2021_det,2,control,-0.017186003822397898,0.08433060456704398
DLinear_Exchange_h192_san_lite_s2021_det,3,defect,-0.02257885487003978,0.14386609000937495
DLinear_Exchange_h192_san_lite_s2021_det,3,control,0.08145954628892588,0.05873411637678984
DLinear_Exchange_h192_san_lite_s2021_det,4,defect,-0.07838931656724178,0.08743641894298286
DLinear_Exchange_h192_san_lite_s2021_det,4,control,0.012769596954588507,0.06844374447461785
DLinear_Exchange_h192_san_lite_s2021_det,5,defect,-0.023428862882223504,0.023836795940632302
DLinear_Exchange_h192_san_lite_s2021_det,5,control,-0.03501259150500078,-0.08391210974086971
DLinear_Exchange_h192_san_lite_s2021_det,6,defect,0.04180373146286842,0.0006258629703629178
DLinear_Exchange_h192_san_lite_s2021_det,6,control,0.032391109211926825,-0.30508414125629235
DLinear_Exchange_h192_san_lite_s2021_det,7,defect,0.027256797653928386,-0.05763012054510633
DLinear_Exchange_h192_san_lite_s2021_det,7,control,0.03142893062751684,-0.1783711886414177
DLinear_Exchange_h336_fredf_s2021_det,0,defect,-0.025645839521032967,0.04401485662821795
DLinear_Exchange_h336_fredf_s2021_det,0,control,-0.01986056181707336,-0.03658655739375301
DLinear_Exchange_h336_fredf_s2021_det,1,defect,-0.033192384049022215,-0.14315540225052847
DLinear_Exchange_h336_fredf_s2021_det,1,control,0.015866095574557225,-0.14300982621418742
DLinear_Exchange_h336_fredf_s2021_det,2,defect,0.004878460552437823,-0.08194411509468272
DLinear_Exchange_h336_fredf_s2021_det,2,control,-0.0593526754310547,-0.08871414933249794
DLinear_Exchange_h336_fredf_s2021_det,3,defect,0.10653155336011631,-0.10101057304352312
DLinear_Exchange_h336_fredf_s2021_det,3,control,0.03997623923340264,-0.017489276794218824
DLinear_Exchange_h336_fredf_s2021_det,4,defect,-0.03243094527207641,0.04409449373333087
DLinear_Exchange_h336_fredf_s2021_det,4,control,0.014473433274452486,0.04856398221139017
DLinear_Exchange_h336_fredf_s2021_det,5,defect,0.050565568773350424,-0.06827372267155456
DLinear_Exchange_h336_fredf_s2021_det,5,control,0.019095527660971376,0.21426377846228742
DLinear_Exchange_h336_fredf_s2021_det,6,defect,-0.03196182645261134,0.028492356576418524
DLinear_Exchange_h336_fredf_s2021_det,6,control,0.0231814415907208,0.1485184540311173
DLinear_Exchange_h336_fredf_s2021_det,7,defect,-0.027118538087570934,0.005440762464579101
DLinear_Exchange_h336_fredf_s2021_det,7,control,-0.015609885729471168,0.22502880753452265
DLinear_Exchange_h336_none_s2021_det,0,defect,-0.0643904269121946,-0.11389053107794446
DLinear_Exchange_h336_none_s2021_det,0,control,-0.11042785011958545,0.16585136040456475
DLinear_Exchange_h336_none_s2021_det,1,defect,-0.023863782026230636,0.14467512281243378
DLinear_Exchange_h336_none_s2021_det,1,control,0.02969720654671648,0.2457711041553481
DLinear_Exchange_h336_none_s2021_det,2,defect,0.017675665535945975,0.09990848953668229
DLinear_Exchange_h336_none_s2021_det,2,control,0.06043754201122384,0.08185458061744239
DLinear_Exchange_h336_none_s2021_det,3,defect,-0.053506119960607154,-0.07194358647589236
DLinear_Exchange_h336_none_s2021_det,3,control,-0.017328633286958155,0.11247859080270838
DLinear_Exchange_h336_none_s2021_det,4,defect,-0.037575151240405814,0.10302105282227705
DLinear_Exchange_h336_none_s2021_det,4,control,-0.03983461255881572,-0.15920904345083872
DLinear_Exchange_h336_none_s2021_det,5,defect,0.07202404214409655,0.07225832146206525
DLinear_Exchange_h336_none_s2021_det,5,control,-0.02310078004095606,-0.03248833952097053
DLinear_Exchange_h336_none_s2021_det,6,defect,0.004110612621344047,0.003282185048008919
DLinear_Exchange_h336_none_s2021_det,6,control,-0.10977098997983462,-0.17150049021180228
DLinear_Exchange_h336_none_s2021_det,7,defect,-0.047097434775132486,-0.0872241873030946
DLinear_Exchange_h336_none_s2021_det,7,control,-0.05724015569554955,0.30075022311152044
DLinear_Exchange_h336_revin_s2021_det,0,defect,-0.020489127886073377,-0.1412328495286572
DLinear_Exchange_h336_revin_s2021_det,0,control,-0.003409201044223164,0.24048460248598974
DLinear_Exchange_h336_revin_s2021_det,1,defect,-0.08486032733582405,-0.12349647833998978
DLinear_Exchange_h336_revin_s2021_det,1,control,-0.0037817135889700025,0.03707475019127559
DLinear_Exchange_h336_revin_s2021_det,2,defect,0.01242860045958325,-0.1497503216138051
DLinear_Exchange_h336_revin_s2021_det,2,control,-0.07584983820793798,0.07212099304515232
DLinear_Exchange_h336_revin_s2021_det,3,defect,-0.024200184458582793,-0.13708663784380548
DLinear_Exchange_h336_revin_s2021_det,3,control,0.026084475778086945,0.09621674205272016
DLinear_Exchange_h336_revin_s2021_det,4,defect,0.016193431398602492,0.018202580815081915
DLinear_Exchange_h336_revin_s2021_det,4,control,0.02802160353910366,-0.23592797453645437
DLinear_Exchange_h336_revin_s2021_det,5,defect,0.062477685201106754,-0.06712545516983617
DLinear_Exchange_h336_revin_s2021_det,5,control,0.1154665395257226,-0.189464696534109
DLinear_Exchange_h336_revin_s2021_det,6,defect,0.03400728455081209,0.0383196111917242
DLinear_Exchange_h336_revin_s2021_det,6,control,-0.006971283863000422,0.11123070049492055
DLinear_Exchange_h336_revin_s2021_det,7,defect,-0.036136686936268,-0.022178139499682732
DLinear_Exchange_h336_revin_s2021_det,7,control,0.013741695455753388,0.03209733648805819
DLinear_Exchange_h336_san_lite_s2021_det,0,defect,0.0034038861359053326,0.24354489832259799
DLinear_Exchange_h336_san_lite_s2021_det,0,control,0.04361319973112817,0.05230421126390168
DLinear_Exchange_h336_san_lite_s2021_det,1,defect,0.02157696456206719,-0.027930504996745292
DLinear_Exchange_h336_san_lite_s2021_det,1,control,-0.09928858388957497,0.03275876857058699
DLinear_Exchange_h336_san_lite_s2021_det,2,defect,0.009851338887933596,0.0475046844571271
DLinear_Exchange_h336_san_lite_s2021_det,2,control,-0.0229013146582045,-0.35603859511242075
DLinear_Exchange_h336_san_lite_s2021_det,3,defect,0.020543996498413347,0.18622412071630845
DLinear_Exchange_h336_san_lite_s2021_det,3,control,-0.027959231526785575,0.19974067137641036
DLinear_Exchange_h336_san_lite_s2021_det,4,defect,-0.006570946210001406,0.10520316374933815
DLinear_Exchange_h336_san_lite_s2021_det,4,control,0.017999405980835066,0.02111849363636174
DLinear_Exchange_h336_san_lite_s2021_det,5,defect,0.054738866048678315,0.25275632596188863
DLinear_Exchange_h336_san_lite_s2021_det,5,control,0.010491003736067907,0.07533947592166615
DLinear_Exchange_h336_san_lite_s2021_det,6,defect,0.029143830798330495,0.04373706221630604
DLinear_Exchange_h336_san_lite_s2021_det,6,control,0.06044223163621016,0.19004841444628548
DLinear_Exchange_h336_san_lite_s2021_det,7,defect,0.08214972409372998,-0.28713045587804303
DLinear_Exchange_h336_san_lite_s2021_det,7,control,0.07808882149724093,-0.15663664886327222
DLinear_Exchange_h720_fredf_s2021_det,0,defect,0.1294425087108014,
DLinear_Exchange_h720_fredf_s2021_det,0,control,-0.30348432055749136,
DLinear_Exchange_h720_fredf_s2021_det,1,defect,-0.04773519163763067,
DLinear_Exchange_h720_fredf_s2021_det,1,control,-0.07108013937282232,
DLinear_Exchange_h720_fredf_s2021_det,2,defect,0.25801393728223,
DLinear_Exchange_h720_fredf_s2021_det,2,control,-0.07926829268292684,
DLinear_Exchange_h720_fredf_s2021_det,3,defect,-0.018989547038327528,
DLinear_Exchange_h720_fredf_s2021_det,3,control,0.21898954703832757,
DLinear_Exchange_h720_fredf_s2021_det,4,defect,0.41463414634146345,
DLinear_Exchange_h720_fredf_s2021_det,4,control,-0.38205574912891993,
DLinear_Exchange_h720_fredf_s2021_det,5,defect,0.13623693379790944,
DLinear_Exchange_h720_fredf_s2021_det,5,control,-0.04059233449477353,
DLinear_Exchange_h720_fredf_s2021_det,6,defect,-0.2020905923344948,
DLinear_Exchange_h720_fredf_s2021_det,6,control,-0.04547038327526133,
DLinear_Exchange_h720_fredf_s2021_det,7,defect,0.16759581881533103,
DLinear_Exchange_h720_fredf_s2021_det,7,control,0.2277003484320558,
DLinear_Exchange_h720_none_s2021_det,0,defect,-0.35209059233449486,
DLinear_Exchange_h720_none_s2021_det,0,control,0.027874564459930317,
DLinear_Exchange_h720_none_s2021_det,1,defect,0.0799651567944251,
DLinear_Exchange_h720_none_s2021_det,1,control,-0.023519163763066207,
DLinear_Exchange_h720_none_s2021_det,2,defect,0.20226480836236937,
DLinear_Exchange_h720_none_s2021_det,2,control,-0.19250871080139373,
DLinear_Exchange_h720_none_s2021_det,3,defect,0.11707317073170735,
DLinear_Exchange_h720_none_s2021_det,3,control,0.12090592334494775,
DLinear_Exchange_h720_none_s2021_det,4,defect,-0.18797909407665508,
DLinear_Exchange_h720_none_s2021_det,4,control,0.21010452961672477,
DLinear_Exchange_h720_none_s2021_det,5,defect,0.1872822299651568,
DLinear_Exchange_h720_none_s2021_det,5,control,-0.21916376306620214,
DLinear_Exchange_h720_none_s2021_det,6,defect,-0.043205574912891995,
DLinear_Exchange_h720_none_s2021_det,6,control,0.04233449477351917,
DLinear_Exchange_h720_none_s2021_det,7,defect,-0.010104529616724742,
DLinear_Exchange_h720_none_s2021_det,7,control,-0.3587108013937283,
DLinear_Exchange_h720_revin_s2021_det,0,defect,0.334843205574913,
DLinear_Exchange_h720_revin_s2021_det,0,control,-0.1630662020905924,
DLinear_Exchange_h720_revin_s2021_det,1,defect,0.0775261324041812,
DLinear_Exchange_h720_revin_s2021_det,1,control,0.07108013937282232,
DLinear_Exchange_h720_revin_s2021_det,2,defect,-0.14878048780487807,
DLinear_Exchange_h720_revin_s2021_det,2,control,-0.11428571428571432,
DLinear_Exchange_h720_revin_s2021_det,3,defect,-0.09616724738675961,
DLinear_Exchange_h720_revin_s2021_det,3,control,0.13188153310104533,
DLinear_Exchange_h720_revin_s2021_det,4,defect,-0.02857142857142858,
DLinear_Exchange_h720_revin_s2021_det,4,control,0.11811846689895471,
DLinear_Exchange_h720_revin_s2021_det,5,defect,-0.19947735191637633,
DLinear_Exchange_h720_revin_s2021_det,5,control,0.22195121951219518,
DLinear_Exchange_h720_revin_s2021_det,6,defect,-0.037979094076655055,
DLinear_Exchange_h720_revin_s2021_det,6,control,0.13641114982578403,
DLinear_Exchange_h720_revin_s2021_det,7,defect,-0.07979094076655055,
DLinear_Exchange_h720_revin_s2021_det,7,control,0.09146341463414635,
DLinear_Exchange_h720_san_lite_s2021_det,0,defect,-0.11184668989547039,
DLinear_Exchange_h720_san_lite_s2021_det,0,control,0.3135888501742161,
DLinear_Exchange_h720_san_lite_s2021_det,1,defect,0.1594076655052265,
DLinear_Exchange_h720_san_lite_s2021_det,1,control,0.13310104529616726,
DLinear_Exchange_h720_san_lite_s2021_det,2,defect,-0.08867595818815333,
DLinear_Exchange_h720_san_lite_s2021_det,2,control,-0.18362369337979098,
DLinear_Exchange_h720_san_lite_s2021_det,3,defect,-0.24355400696864116,
DLinear_Exchange_h720_san_lite_s2021_det,3,control,-0.0034843205574912896,
DLinear_Exchange_h720_san_lite_s2021_det,4,defect,0.22108013937282234,
DLinear_Exchange_h720_san_lite_s2021_det,4,control,-0.04442508710801395,
DLinear_Exchange_h720_san_lite_s2021_det,5,defect,0.29006968641114983,
DLinear_Exchange_h720_san_lite_s2021_det,5,control,0.0815331010452962,
DLinear_Exchange_h720_san_lite_s2021_det,6,defect,0.1006968641114983,
DLinear_Exchange_h720_san_lite_s2021_det,6,control,-0.09442508710801395,
DLinear_Exchange_h720_san_lite_s2021_det,7,defect,0.09146341463414635,
DLinear_Exchange_h720_san_lite_s2021_det,7,control,-0.18484320557491293,
DLinear_Exchange_h96_fredf_s2021_det,0,defect,-0.06377466786471225,0.12567455645906014
DLinear_Exchange_h96_fredf_s2021_det,0,control,0.06352526545931746,0.03516260304320992
DLinear_Exchange_h96_fredf_s2021_det,1,defect,0.017386636568627694,-0.016398199021949802
DLinear_Exchange_h96_fredf_s2021_det,1,control,-0.06372949632302835,-0.013914076809479793
DLinear_Exchange_h96_fredf_s2021_det,2,defect,0.04706854240779415,0.0414982757964924
DLinear_Exchange_h96_fredf_s2021_det,2,control,-0.06358961552366753,0.0628892220071953
DLinear_Exchange_h96_fredf_s2021_det,3,defect,-0.01067647954141296,-0.06382583293697522
DLinear_Exchange_h96_fredf_s2021_det,3,control,-0.02153282914221405,0.09488623421451824
DLinear_Exchange_h96_fredf_s2021_det,4,defect,0.07543651541749195,0.004605664300044895
DLinear_Exchange_h96_fredf_s2021_det,4,control,-0.0023853593606288598,0.017723828326244445
DLinear_Exchange_h96_fredf_s2021_det,5,defect,0.022074030729706064,-0.11738209692960301
DLinear_Exchange_h96_fredf_s2021_det,5,control,0.05058306789441856,-0.07761457888405826
DLinear_Exchange_h96_fredf_s2021_det,6,defect,0.012730866567264793,-0.21196171853885298
DLinear_Exchange_h96_fredf_s2021_det,6,control,-0.06159460030734603,-0.011804510811598544
DLinear_Exchange_h96_fredf_s2021_det,7,defect,0.007144856605858509,0.025029820767632677
DLinear_Exchange_h96_fredf_s2021_det,7,control,-0.011862854792467983,-0.1201383846245336
DLinear_Exchange_h96_none_s2021_det,0,defect,-0.021174027546887412,0.1336389357624684
DLinear_Exchange_h96_none_s2021_det,0,control,0.02483598282583698,0.006621622903933899
DLinear_Exchange_h96_none_s2021_det,1,defect,0.06425400851526407,0.03526262795649286
DLinear_Exchange_h96_none_s2021_det,1,control,-0.0022686560099369232,0.0832711234157209
DLinear_Exchange_h96_none_s2021_det,2,defect,0.0013186254467167596,-0.034141051014045104
DLinear_Exchange_h96_none_s2021_det,2,control,-0.011377311726075203,-0.018673778981255246
DLinear_Exchange_h96_none_s2021_det,3,defect,-0.023610067173795775,0.013230135042195723
DLinear_Exchange_h96_none_s2021_det,3,control,0.06531209169129272,0.06608997312111412
DLinear_Exchange_h96_none_s2021_det,4,defect,-0.017175305570993588,-0.17985123645437748
DLinear_Exchange_h96_none_s2021_det,4,control,-0.01390830544286473,0.12668515390122745
DLinear_Exchange_h96_none_s2021_det,5,defect,0.0713165606951276,0.11429910215153023
DLinear_Exchange_h96_none_s2021_det,5,control,0.054401307730413635,-0.08335734859057153
DLinear_Exchange_h96_none_s2021_det,6,defect,0.008624948891277365,-0.09184096904867665
DLinear_Exchange_h96_none_s2021_det,6,control,-0.011676455874299883,0.1105552883169313
DLinear_Exchange_h96_none_s2021_det,7,defect,-0.01440400904573384,-0.10084952147581822
DLinear_Exchange_h96_none_s2021_det,7,control,0.0010556756593535289,0.05586531630509093
DLinear_Exchange_h96_revin_s2021_det,0,defect,0.046674158532116684,-0.16810578123953204
DLinear_Exchange_h96_revin_s2021_det,0,control,0.04448658278715349,0.17575316044386344
DLinear_Exchange_h96_revin_s2021_det,1,defect,-0.007277270022989745,-0.20810327202767576
DLinear_Exchange_h96_revin_s2021_det,1,control,-0.018224085123260774,-0.07001128507165287
DLinear_Exchange_h96_revin_s2021_det,2,defect,-0.00461304678172148,-0.002988137807628291
DLinear_Exchange_h96_revin_s2021_det,2,control,-0.01600537488299061,-0.07986740361641277
DLinear_Exchange_h96_revin_s2021_det,3,defect,-0.017635426893511868,0.07529244431334882
DLinear_Exchange_h96_revin_s2021_det,3,control,-0.009584283078258982,-0.008576400975608163
DLinear_Exchange_h96_revin_s2021_det,4,defect,0.025916427343187012,-0.20409242105352438
DLinear_Exchange_h96_revin_s2021_det,4,control,0.045258701948619515,-0.1624742877338886
DLinear_Exchange_h96_revin_s2021_det,5,defect,0.06099480221230379,-0.11308654937054612
DLinear_Exchange_h96_revin_s2021_det,5,control,0.044326584941676885,-0.06288024677618693
DLinear_Exchange_h96_revin_s2021_det,6,defect,0.05484522932208411,0.002847757466610626
DLinear_Exchange_h96_revin_s2021_det,6,control,0.010825786380637364,0.08272787553542632
DLinear_Exchange_h96_revin_s2021_det,7,defect,0.0167121238459222,0.0790012359546819
DLinear_Exchange_h96_revin_s2021_det,7,control,-0.017766085679845982,0.17319466793720972
DLinear_Exchange_h96_san_lite_s2021_det,0,defect,-0.07303332411132032,0.2505071441129899
DLinear_Exchange_h96_san_lite_s2021_det,0,control,-0.03631110501750959,0.017139846484526863
DLinear_Exchange_h96_san_lite_s2021_det,1,defect,0.09567487589047514,0.08885414683954573
DLinear_Exchange_h96_san_lite_s2021_det,1,control,-0.011505032525958334,0.008056288164810061
DLinear_Exchange_h96_san_lite_s2021_det,2,defect,0.03540669485501445,-0.03831399263464289
DLinear_Exchange_h96_san_lite_s2021_det,2,control,0.030746150625668697,-0.018800478016190024
DLinear_Exchange_h96_san_lite_s2021_det,3,defect,-0.018985554083841973,-0.12315693397794289
DLinear_Exchange_h96_san_lite_s2021_det,3,control,-0.049263911977925935,0.13963716015972344
DLinear_Exchange_h96_san_lite_s2021_det,4,defect,0.05746832075303858,-0.0044563779615547985
DLinear_Exchange_h96_san_lite_s2021_det,4,control,0.12563821634842562,0.014345535879266917
DLinear_Exchange_h96_san_lite_s2021_det,5,defect,-0.011198420995504065,-0.0015808908800751934
DLinear_Exchange_h96_san_lite_s2021_det,5,control,-0.002931008733164726,0.014419862114417722
DLinear_Exchange_h96_san_lite_s2021_det,6,defect,0.018195807003670038,0.1263097968350025
DLinear_Exchange_h96_san_lite_s2021_det,6,control,0.03269444369634605,0.0044852438667508055
DLinear_Exchange_h96_san_lite_s2021_det,7,defect,0.011202379116139421,-0.10582802977219098
DLinear_Exchange_h96_san_lite_s2021_det,7,control,0.07381756246689665,-0.036206076249412474
DLinear_ILI_h24_fredf_s2021_det,0,defect,0.2026064420584968,
DLinear_ILI_h24_fredf_s2021_det,0,control,-0.0474046649389115,
DLinear_ILI_h24_fredf_s2021_det,1,defect,0.02299888930025916,
DLinear_ILI_h24_fredf_s2021_det,1,control,0.012039985190670122,
DLinear_ILI_h24_fredf_s2021_det,2,defect,-0.044857460199925946,
DLinear_ILI_h24_fredf_s2021_det,2,control,0.06487967419474268,
DLinear_ILI_h24_fredf_s2021_det,3,defect,-0.17189189189189188,
DLinear_ILI_h24_fredf_s2021_det,3,control,0.011447611995557199,
DLinear_ILI_h24_fredf_s2021_det,4,defect,0.05294335431321732,
DLinear_ILI_h24_fredf_s2021_det,4,control,-0.01932617549055905,
DLinear_ILI_h24_fredf_s2021_det,5,defect,0.06742687893372824,
DLinear_ILI_h24_fredf_s2021_det,5,control,-0.14088115512773045,
DLinear_ILI_h24_fredf_s2021_det,6,defect,-0.20909292854498332,
DLinear_ILI_h24_fredf_s2021_det,6,control,-0.16392447241762306,
DLinear_ILI_h24_fredf_s2021_det,7,defect,-0.04752313957793409,
DLinear_ILI_h24_fredf_s2021_det,7,control,0.051255090707145484,
DLinear_ILI_h24_none_s2021_det,0,defect,0.03229914846353202,
DLinear_ILI_h24_none_s2021_det,0,control,0.1811329137356534,
DLinear_ILI_h24_none_s2021_det,1,defect,0.11253609774157716,
DLinear_ILI_h24_none_s2021_det,1,control,0.07814883376527211,
DLinear_ILI_h24_none_s2021_det,2,defect,0.09630507219548314,
DLinear_ILI_h24_none_s2021_det,2,control,-0.1675379489078119,
DLinear_ILI_h24_none_s2021_det,3,defect,-0.051136616068122906,
DLinear_ILI_h24_none_s2021_det,3,control,0.05054424287300999,
DLinear_ILI_h24_none_s2021_det,4,defect,-0.10607922991484633,
DLinear_ILI_h24_none_s2021_det,4,control,-0.013639392817475006,
DLinear_ILI_h24_none_s2021_det,5,defect,0.35875601629026277,
DLinear_ILI_h24_none_s2021_det,5,control,-0.2963495001851165,
DLinear_ILI_h24_none_s2021_det,6,defect,-0.09432062199185486,
DLinear_ILI_h24_none_s2021_det,6,control,-0.017045538689374303,
DLinear_ILI_h24_none_s2021_det,7,defect,0.13039614957423173,
DLinear_ILI_h24_none_s2021_det,7,control,0.178407997038134,
DLinear_ILI_h24_revin_s2021_det,0,defect,-0.026316179192891514,
DLinear_ILI_h24_revin_s2021_det,0,control,0.020066641984450198,
DLinear_ILI_h24_revin_s2021_det,1,defect,-0.06970751573491299,
DLinear_ILI_h24_revin_s2021_det,1,control,-0.11025546094039243,
DLinear_ILI_h24_revin_s2021_det,2,defect,-0.0037763791188448713,
DLinear_ILI_h24_revin_s2021_det,2,control,0.06185857089966677,
DLinear_ILI_h24_revin_s2021_det,3,defect,-0.08395409107737874,
DLinear_ILI_h24_revin_s2021_det,3,control,0.043791188448722686,
DLinear_ILI_h24_revin_s2021_det,4,defect,0.09295816364309513,
DLinear_ILI_h24_revin_s2021_det,4,control,-0.014320621991854866,
DLinear_ILI_h24_revin_s2021_det,5,defect,0.09900037023324693,
DLinear_ILI_h24_revin_s2021_det,5,control,-0.3840799703813402,
DLinear_ILI_h24_revin_s2021_det,6,defect,-0.04396890040725656,
DLinear_ILI_h24_revin_s2021_det,6,control,0.10593113661606811,
DLinear_ILI_h24_revin_s2021_det,7,defect,0.11226952980377636,
DLinear_ILI_h24_revin_s2021_det,7,control,0.09565346168085893,
DLinear_ILI_h24_san_lite_s2021_det,0,defect,0.07960014809329877,
DLinear_ILI_h24_san_lite_s2021_det,0,control,-0.01248426508700481,
DLinear_ILI_h24_san_lite_s2021_det,1,defect,0.22008145131432796,
DLinear_ILI_h24_san_lite_s2021_det,1,control,0.02051092188078489,
DLinear_ILI_h24_san_lite_s2021_det,2,defect,0.14295446131062567,
DLinear_ILI_h24_san_lite_s2021_det,2,control,-0.01390596075527582,
DLinear_ILI_h24_san_lite_s2021_det,3,defect,-0.012128841169937057,
DLinear_ILI_h24_san_lite_s2021_det,3,control,-0.2224805627545353,
DLinear_ILI_h24_san_lite_s2021_det,4,defect,0.1096038504257682,
DLinear_ILI_h24_san_lite_s2021_det,4,control,0.2619326175490559,
DLinear_ILI_h24_san_lite_s2021_det,5,defect,-0.08179192891521657,
DLinear_ILI_h24_san_lite_s2021_det,5,control,0.18474639022584224,
DLinear_ILI_h24_san_lite_s2021_det,6,defect,-0.004546464272491668,
DLinear_ILI_h24_san_lite_s2021_det,6,control,-0.0609107737874861,
DLinear_ILI_h24_san_lite_s2021_det,7,defect,-0.3280710847834135,
DLinear_ILI_h24_san_lite_s2021_det,7,control,0.028211773417252863,
DLinear_ILI_h36_fredf_s2021_det,0,defect,-0.08443504318702627,
DLinear_ILI_h36_fredf_s2021_det,0,control,0.011608874115484374,
DLinear_ILI_h36_fredf_s2021_det,1,defect,0.009292135680290097,
DLinear_ILI_h36_fredf_s2021_det,1,control,-0.1128906348366951,
DLinear_ILI_h36_fredf_s2021_det,2,defect,0.07572209211553474,
DLinear_ILI_h36_fredf_s2021_det,2,control,-0.034423711314245424,
DLinear_ILI_h36_fredf_s2021_det,3,defect,0.04338848178086677,
DLinear_ILI_h36_fredf_s2021_det,3,control,0.23220266424920047,
DLinear_ILI_h36_fredf_s2021_det,4,defect,0.027070584976454887,
DLinear_ILI_h36_fredf_s2021_det,4,control,-0.08267230742111757,
DLinear_ILI_h36_fredf_s2021_det,5,defect,-0.00012590969756490645,
DLinear_ILI_h36_fredf_s2021_det,5,control,-0.15373574072675078,
DLinear_ILI_h36_fredf_s2021_det,6,defect,-0.060965475560927705,
DLinear_ILI_h36_fredf_s2021_det,6,control,0.03049532875022034,
DLinear_ILI_h36_fredf_s2021_det,7,defect,0.028782956863337615,
DLinear_ILI_h36_fredf_s2021_det,7,control,-0.26196771675354436,
DLinear_ILI_h36_none_s2021_det,0,defect,0.014731434615094055,
DLinear_ILI_h36_none_s2021_det,0,control,0.09742892397572461,
DLinear_ILI_h36_none_s2021_det,1,defect,-0.0009820956410062703,
DLinear_ILI_h36_none_s2021_det,1,control,-0.040467376797360934,
DLinear_ILI_h36_none_s2021_det,2,defect,-0.05497217395683816,
DLinear_ILI_h36_none_s2021_det,2,control,0.009695046712497797,
DLinear_ILI_h36_none_s2021_det,3,defect,-0.11012062149026718,
DLinear_ILI_h36_none_s2021_det,3,control,0.12517942131902998,
DLinear_ILI_h36_none_s2021_det,4,defect,0.08191684923572815,
DLinear_ILI_h36_none_s2021_det,4,control,0.15328246581551713,
DLinear_ILI_h36_none_s2021_det,5,defect,-0.1704061846843444,
DLinear_ILI_h36_none_s2021_det,5,control,0.16239832791921635,
DLinear_ILI_h36_none_s2021_det,6,defect,0.10221349248319105,
DLinear_ILI_h36_none_s2021_det,6,control,0.03089823978242804,
DLinear_ILI_h36_none_s2021_det,7,defect,-0.09783183500793231,
DLinear_ILI_h36_none_s2021_det,7,control,-0.08393140439676665,
DLinear_ILI_h36_revin_s2021_det,0,defect,0.1185817531666289,
DLinear_ILI_h36_revin_s2021_det,0,control,-0.11092644355468259,
DLinear_ILI_h36_revin_s2021_det,1,defect,0.060210017375538265,
DLinear_ILI_h36_revin_s2021_det,1,control,-0.10714915262773539,
DLinear_ILI_h36_revin_s2021_det,2,defect,-0.03200624512099923,
DLinear_ILI_h36_revin_s2021_det,2,control,-0.014127068066782506,
DLinear_ILI_h36_revin_s2021_det,3,defect,0.07350608143839238,
DLinear_ILI_h36_revin_s2021_det,3,control,0.09168744176676488,
DLinear_ILI_h36_revin_s2021_det,4,defect,0.16340560549973557,
DLinear_ILI_h36_revin_s2021_det,4,control,-0.09244289995215432,
DLinear_ILI_h36_revin_s2021_det,5,defect,0.23975724610309482,
DLinear_ILI_h36_revin_s2021_det,5,control,0.12699252096396466,
DLinear_ILI_h36_revin_s2021_det,6,defect,-0.016745989776132557,
DLinear_ILI_h36_revin_s2021_det,6,control,-0.26408299967263477,
DLinear_ILI_h36_revin_s2021_det,7,defect,0.03789881896703684,
DLinear_ILI_h36_revin_s2021_det,7,control,-0.13414419178565132,
DLinear_ILI_h36_san_lite_s2021_det,0,defect,0.27007630127672433,
DLinear_ILI_h36_san_lite_s2021_det,0,control,0.1357054720354562,
DLinear_ILI_h36_san_lite_s2021_det,1,defect,-0.033114250459570393,
DLinear_ILI_h36_san_lite_s2021_det,1,control,0.16597416333005965,
DLinear_ILI_h36_san_lite_s2021_det,2,defect,-0.08075848001813099,
DLinear_ILI_h36_san_lite_s2021_det,2,control,-0.013119790486263251,
DLinear_ILI_h36_san_lite_s2021_det,3,defect,-0.19780413487446805,
DLinear_ILI_h36_san_lite_s2021_det,3,control,0.08901815617838887,
DLinear_ILI_h36_san_lite_s2021_det,4,defect,-0.013220518244315176,
DLinear_ILI_h36_san_lite_s2021_det,4,control,0.07320389816423661,
DLinear_ILI_h36_san_lite_s2021_det,5,defect,-0.005766664148472716,
DLinear_ILI_h36_san_lite_s2021_det,5,control,0.035279897257686786,
DLinear_ILI_h36_san_lite_s2021_det,6,defect,-0.013170154365289214,
DLinear_ILI_h36_san_lite_s2021_det,6,control,-0.1381229382287024,
DLinear_ILI_h36_san_lite_s2021_det,7,defect,-0.10120621490267181,
DLinear_ILI_h36_san_lite_s2021_det,7,control,0.10065221223338623,
DLinear_ILI_h48_fredf_s2021_det,0,defect,0.052965186074429765,
DLinear_ILI_h48_fredf_s2021_det,0,control,-0.13402160864345739,
DLinear_ILI_h48_fredf_s2021_det,1,defect,-0.010804321728691477,
DLinear_ILI_h48_fredf_s2021_det,1,control,0.06612244897959184,
DLinear_ILI_h48_fredf_s2021_det,2,defect,-0.07803121248499399,
DLinear_ILI_h48_fredf_s2021_det,2,control,-0.02674669867947179,
DLinear_ILI_h48_fredf_s2021_det,3,defect,-0.22141656662665066,
DLinear_ILI_h48_fredf_s2021_det,3,control,0.17474189675870347,
DLinear_ILI_h48_fredf_s2021_det,4,defect,-0.2035534213685474,
DLinear_ILI_h48_fredf_s2021_det,4,control,-0.1987515006002401,
DLinear_ILI_h48_fredf_s2021_det,5,defect,0.22986794717887157,
DLinear_ILI_h48_fredf_s2021_det,5,control,0.22084033613445375,
DLinear_ILI_h48_fredf_s2021_det,6,defect,-0.0914765906362545,
DLinear_ILI_h48_fredf_s2021_det,6,control,0.22026410564225687,
DLinear_ILI_h48_fredf_s2021_det,7,defect,0.016470588235294115,
DLinear_ILI_h48_fredf_s2021_det,7,control,0.2016326530612245,
DLinear_ILI_h48_none_s2021_det,0,defect,0.11231692677070829,
DLinear_ILI_h48_none_s2021_det,0,control,-0.20509003601440576,
DLinear_ILI_h48_none_s2021_det,1,defect,-0.14986794717887153,
DLinear_ILI_h48_none_s2021_det,1,control,0.1185594237695078,
DLinear_ILI_h48_none_s2021_det,2,defect,-0.1766626650660264,
DLinear_ILI_h48_none_s2021_det,2,control,-0.14842737094837935,
DLinear_ILI_h48_none_s2021_det,3,defect,0.028763505402160862,
DLinear_ILI_h48_none_s2021_det,3,control,0.07668667466986795,
DLinear_ILI_h48_none_s2021_det,4,defect,0.2967106842737095,
DLinear_ILI_h48_none_s2021_det,4,control,-0.07966386554621849,
DLinear_ILI_h48_none_s2021_det,5,defect,-0.1440096038415366,
DLinear_ILI_h48_none_s2021_det,5,control,-0.08388955582232892,
DLinear_ILI_h48_none_s2021_det,6,defect,0.06381752701080431,
DLinear_ILI_h48_none_s2021_det,6,control,-0.0912845138055222,
DLinear_ILI_h48_none_s2021_det,7,defect,-0.1836734693877551,
DLinear_ILI_h48_none_s2021_det,7,control,0.253109243697479,
DLinear_ILI_h48_revin_s2021_det,0,defect,0.008019207683073229,
DLinear_ILI_h48_revin_s2021_det,0,control,0.2896998799519808,
DLinear_ILI_h48_revin_s2021_det,1,defect,-0.11462184873949578,
DLinear_ILI_h48_revin_s2021_det,1,control,-0.03145258103241296,
DLinear_ILI_h48_revin_s2021_det,2,defect,-0.04777911164465786,
DLinear_ILI_h48_revin_s2021_det,2,control,0.06986794717887154,
DLinear_ILI_h48_revin_s2021_det,3,defect,-0.18232893157262903,
DLinear_ILI_h48_revin_s2021_det,3,control,0.11202881152460985,
DLinear_ILI_h48_revin_s2021_det,4,defect,-0.03807923169267707,
DLinear_ILI_h48_revin_s2021_det,4,control,0.12259303721488594,
DLinear_ILI_h48_revin_s2021_det,5,defect,0.32801920768307324,
DLinear_ILI_h48_revin_s2021_det,5,control,0.13248499399759903,
DLinear_ILI_h48_revin_s2021_det,6,defect,0.15870348139255702,
DLinear_ILI_h48_revin_s2021_det,6,control,0.054405762304921966,
DLinear_ILI_h48_revin_s2021_det,7,defect,0.007923169267707083,
DLinear_ILI_h48_revin_s2021_det,7,control,0.09675870348139255,
DLinear_ILI_h48_san_lite_s2021_det,0,defect,0.09378151260504201,
DLinear_ILI_h48_san_lite_s2021_det,0,control,0.04566626650660264,
DLinear_ILI_h48_san_lite_s2021_det,1,defect,-0.01819927971188475,
DLinear_ILI_h48_san_lite_s2021_det,1,control,-0.14900360144057623,
DLinear_ILI_h48_san_lite_s2021_det,2,defect,-0.08139255702280913,
DLinear_ILI_h48_san_lite_s2021_det,2,control,0.04518607442977191,
DLinear_ILI_h48_san_lite_s2021_det,3,defect,-0.008979591836734692,
DLinear_ILI_h48_san_lite_s2021_det,3,control,0.06631452581032413,
DLinear_ILI_h48_san_lite_s2021_det,4,defect,0.19558223289315724,
DLinear_ILI_h48_san_lite_s2021_det,4,control,0.029435774309723887,
DLinear_ILI_h48_san_lite_s2021_det,5,defect,-0.2552220888355342,
DLinear_ILI_h48_san_lite_s2021_det,5,control,0.17464585834333732,
DLinear_ILI_h48_san_lite_s2021_det,6,defect,0.17963985594237694,
DLinear_ILI_h48_san_lite_s2021_det,6,control,0.13440576230492196,
DLinear_ILI_h48_san_lite_s2021_det,7,defect,-0.07812725090036014,
DLinear_ILI_h48_san_lite_s2021_det,7,control,0.17887154861944776,
DLinear_ILI_h60_fredf_s2021_det,0,defect,0.07123317649633439,
DLinear_ILI_h60_fredf_s2021_det,0,control,-0.12922639238428713,
DLinear_ILI_h60_fredf_s2021_det,1,defect,0.09071014334172228,
DLinear_ILI_h60_fredf_s2021_det,1,control,-0.04913010176168071,
DLinear_ILI_h60_fredf_s2021_det,2,defect,0.07188970346865084,
DLinear_ILI_h60_fredf_s2021_det,2,control,-0.11500164131743079,
DLinear_ILI_h60_fredf_s2021_det,3,defect,0.17737170368749317,
DLinear_ILI_h60_fredf_s2021_det,3,control,0.015866068497647445,
DLinear_ILI_h60_fredf_s2021_det,4,defect,-0.03534303534303534,
DLinear_ILI_h60_fredf_s2021_det,4,control,-0.14979757085020243,
DLinear_ILI_h60_fredf_s2021_det,5,defect,0.04103293576977787,
DLinear_ILI_h60_fredf_s2021_det,5,control,0.028777765619870888,
DLinear_ILI_h60_fredf_s2021_det,6,defect,-0.1911587701061385,
DLinear_ILI_h60_fredf_s2021_det,6,control,-0.0784549731918153,
DLinear_ILI_h60_fredf_s2021_det,7,defect,-0.12134806871648977,
DLinear_ILI_h60_fredf_s2021_det,7,control,-0.040376408797461426,
DLinear_ILI_h60_none_s2021_det,0,defect,-0.0661998030419083,
DLinear_ILI_h60_none_s2021_det,0,control,0.07889265784002626,
DLinear_ILI_h60_none_s2021_det,1,defect,-0.08283181967392493,
DLinear_ILI_h60_none_s2021_det,1,control,-0.22157785315680054,
DLinear_ILI_h60_none_s2021_det,2,defect,0.11762774920669658,
DLinear_ILI_h60_none_s2021_det,2,control,0.13207134259765838,
DLinear_ILI_h60_none_s2021_det,3,defect,-0.13644818907976802,
DLinear_ILI_h60_none_s2021_det,3,control,-0.04825473246525878,
DLinear_ILI_h60_none_s2021_det,4,defect,-0.1500164131743079,
DLinear_ILI_h60_none_s2021_det,4,control,-0.005799321588795273,
DLinear_ILI_h60_none_s2021_det,5,defect,0.24827661669766934,
DLinear_ILI_h60_none_s2021_det,5,control,0.1697122223438013,
DLinear_ILI_h60_none_s2021_det,6,defect,-0.006018163912900755,
DLinear_ILI_h60_none_s2021_det,6,control,0.1585512638144217,
DLinear_ILI_h60_none_s2021_det,7,defect,-0.20954152533099898,
DLinear_ILI_h60_none_s2021_det,7,control,-0.027683553999343476,
DLinear_ILI_h60_revin_s2021_det,0,defect,0.12638144217091585,
DLinear_ILI_h60_revin_s2021_det,0,control,0.06685633001422475,
DLinear_ILI_h60_revin_s2021_det,1,defect,-0.21019805230331545,
DLinear_ILI_h60_revin_s2021_det,1,control,0.22092132618448407,
DLinear_ILI_h60_revin_s2021_det,2,defect,0.08020571178465914,
DLinear_ILI_h60_revin_s2021_det,2,control,0.08064339643287012,
DLinear_ILI_h60_revin_s2021_det,3,defect,0.008206587153955575,
DLinear_ILI_h60_revin_s2021_det,3,control,0.433854907539118,
DLinear_ILI_h60_revin_s2021_det,4,defect,-0.2679724258671627,
DLinear_ILI_h60_revin_s2021_det,4,control,0.02396323448955028,
DLinear_ILI_h60_revin_s2021_det,5,defect,-0.054163475216106795,
DLinear_ILI_h60_revin_s2021_det,5,control,-0.013021118284276179,
DLinear_ILI_h60_revin_s2021_det,6,defect,0.1999124630703578,
DLinear_ILI_h60_revin_s2021_det,6,control,0.03928219717693402,
DLinear_ILI_h60_revin_s2021_det,7,defect,0.04278367436262173,
DLinear_ILI_h60_revin_s2021_det,7,control,-0.09049130101761681,
DLinear_ILI_h60_san_lite_s2021_det,0,defect,-0.11784659153080204,
DLinear_ILI_h60_san_lite_s2021_det,0,control,-0.2123864755443703,
DLinear_ILI_h60_san_lite_s2021_det,1,defect,-0.02834008097165992,
DLinear_ILI_h60_san_lite_s2021_det,1,control,-0.063792537476748,
DLinear_ILI_h60_san_lite_s2021_det,2,defect,0.09071014334172228,
DLinear_ILI_h60_san_lite_s2021_det,2,control,-0.1346974504869242,
DLinear_ILI_h60_san_lite_s2021_det,3,defect,0.0031732136995294884,
DLinear_ILI_h60_san_lite_s2021_det,3,control,0.0966188860925703,
DLinear_ILI_h60_san_lite_s2021_det,4,defect,-0.019586388007440635,
DLinear_ILI_h60_san_lite_s2021_det,4,control,0.08195645037750302,
DLinear_ILI_h60_san_lite_s2021_det,5,defect,-0.10646679067731699,
DLinear_ILI_h60_san_lite_s2021_det,5,control,-0.07823613086770981,
DLinear_ILI_h60_san_lite_s2021_det,6,defect,-0.20757194441404966,
DLinear_ILI_h60_san_lite_s2021_det,6,control,-0.11587701061385274,
DLinear_ILI_h60_san_lite_s2021_det,7,defect,-0.17014990699201227,
DLinear_ILI_h60_san_lite_s2021_det,7,control,-0.20910384068278803,
DLinear_Weather_h192_fredf_s2021_det,0,defect,-0.009738078396014687,0.10410645748074314
DLinear_Weather_h192_fredf_s2021_det,0,control,-0.001654819481294974,-0.06047791614543434
DLinear_Weather_h192_fredf_s2021_det,1,defect,-0.009256326479126125,0.08255351048782848
DLinear_Weather_h192_fredf_s2021_det,1,control,-0.0029038831392102825,-0.17829968851482017
DLinear_Weather_h192_fredf_s2021_det,2,defect,0.006546139613410768,0.14874970659483724
DLinear_Weather_h192_fredf_s2021_det,2,control,-0.0015872527540009957,-0.05646231407425885
DLinear_Weather_h192_fredf_s2021_det,3,defect,-0.02148018397637181,0.030490523314768942
DLinear_Weather_h192_fredf_s2021_det,3,control,-0.008249794812974654,0.12111470389396842
DLinear_Weather_h192_fredf_s2021_det,4,defect,0.004832211347022337,0.09115720456441008
DLinear_Weather_h192_fredf_s2021_det,4,control,-0.02423806984062105,-0.1154501657475336
DLinear_Weather_h192_fredf_s2021_det,5,defect,0.0058536311932630555,-0.02438039049682883
DLinear_Weather_h192_fredf_s2021_det,5,control,0.0010713290873534157,-0.05090103426819691
DLinear_Weather_h192_fredf_s2021_det,6,defect,0.008128698578596955,0.18375401574314434
DLinear_Weather_h192_fredf_s2021_det,6,control,0.022430291626231114,-0.0010393316805082553
DLinear_Weather_h192_fredf_s2021_det,7,defect,-0.001155651325488208,-0.15678085249259785
DLinear_Weather_h192_fredf_s2021_det,7,control,0.007550099349268206,0.062415263266927166
DLinear_Weather_h192_none_s2021_det,0,defect,0.003228555519336308,-0.11832821799422784
DLinear_Weather_h192_none_s2021_det,0,control,-0.007047107781541477,-0.08240788680012183
DLinear_Weather_h192_none_s2021_det,1,defect,-0.00459789302773593,0.1018915026692325
DLinear_Weather_h192_none_s2021_det,1,control,-0.0031291554188488547,-0.012302051329230086
DLinear_Weather_h192_none_s2021_det,2,defect,-0.017139871402459494,0.04165485081187368
DLinear_Weather_h192_none_s2021_det,2,control,0.020677939741559043,-0.01740469197300483
DLinear_Weather_h192_none_s2021_det,3,defect,0.02389440761898497,-0.01078754688807068
DLinear_Weather_h192_none_s2021_det,3,control,0.01964101824743557,-0.09525254126781625
DLinear_Weather_h192_none_s2021_det,4,defect,-0.012955666232261007,0.009777934194122255
DLinear_Weather_h192_none_s2021_det,4,control,-0.016783180454771753,0.11374113630331936
DLinear_Weather_h192_none_s2021_det,5,defect,-0.00013098673103600374,-0.10368817381921021
DLinear_Weather_h192_none_s2021_det,5,control,0.02862236342088905,0.017133973384674466
DLinear_Weather_h192_none_s2021_det,6,defect,0.0021247028388294504,-0.056108945351504055
DLinear_Weather_h192_none_s2021_det,6,control,0.012525056262223092,0.008353830946910288
DLinear_Weather_h192_none_s2021_det,7,defect,0.00042159388022114424,0.033846822141749694
DLinear_Weather_h192_none_s2021_det,7,control,-0.004796017846281857,0.1424241269905162
DLinear_Weather_h192_revin_s2021_det,0,defect,-0.01118627326007148,0.12432680660854041
DLinear_Weather_h192_revin_s2021_det,0,control,-0.00579945845173416,-0.08897781358557888
DLinear_Weather_h192_revin_s2021_det,1,defect,-0.014342884156165497,0.10481290909097822
DLinear_Weather_h192_revin_s2021_det,1,control,-0.004452254418030096,-0.16207030958198976
DLinear_Weather_h192_revin_s2021_det,2,defect,-0.01752803147111396,-0.007242613746172319
DLinear_Weather_h192_revin_s2021_det,2,control,-0.0050607394572257875,-0.06485577362315789
DLinear_Weather_h192_revin_s2021_det,3,defect,0.009686179735083724,-0.07240325328487898
DLinear_Weather_h192_revin_s2021_det,3,control,0.005042144458901431,-0.057404823491583094
DLinear_Weather_h192_revin_s2021_det,4,defect,-0.004930339449791635,0.13081543008056082
DLinear_Weather_h192_revin_s2021_det,4,control,-0.01827402342031727,0.06833977826688604
DLinear_Weather_h192_revin_s2021_det,5,defect,-0.015764391522590227,0.0010139603053664987
DLinear_Weather_h192_revin_s2021_det,5,control,-0.030185116114002132,0.009473935614209587
DLinear_Weather_h192_revin_s2021_det,6,defect,0.015622767655682324,-0.026822364316486526
DLinear_Weather_h192_revin_s2021_det,6,control,-0.0023415345783100146,-0.08079043986425681
DLinear_Weather_h192_revin_s2021_det,7,defect,0.027947754100544484,-0.1819300723919066
DLinear_Weather_h192_revin_s2021_det,7,control,0.007949910909693806,0.08445451552923183
DLinear_Weather_h192_san_lite_s2021_det,0,defect,0.014401080845586667,-0.016336852490550773
DLinear_Weather_h192_san_lite_s2021_det,0,control,-0.0032442879733309148,-0.012505270424574092
DLinear_Weather_h192_san_lite_s2021_det,1,defect,-0.013452056152288254,-0.11661856754299958
DLinear_Weather_h192_san_lite_s2021_det,1,control,-0.017605329192011254,0.0019436344514988115
DLinear_Weather_h192_san_lite_s2021_det,2,defect,0.019653518776152068,0.039109800346543634
DLinear_Weather_h192_san_lite_s2021_det,2,control,0.008126739475154627,-0.10913793757024082
DLinear_Weather_h192_san_lite_s2021_det,3,defect,0.03148524405142558,-0.06124595993596214
DLinear_Weather_h192_san_lite_s2021_det,3,control,0.0011246041124885278,-0.032451912231658754
DLinear_Weather_h192_san_lite_s2021_det,4,defect,-0.01585892124968932,-0.18120315514256707
DLinear_Weather_h192_san_lite_s2021_det,4,control,0.008149278005287664,0.01532652229777125
DLinear_Weather_h192_san_lite_s2021_det,5,defect,-0.01416961705660047,0.1306817192945136
DLinear_Weather_h192_san_lite_s2021_det,5,control,0.0076476135722654695,-0.030695584803163426
DLinear_Weather_h192_san_lite_s2021_det,6,defect,0.012664682558119644,0.16767000589142575
DLinear_Weather_h192_san_lite_s2021_det,6,control,0.009329432551535372,0.15106982950039544
DLinear_Weather_h192_san_lite_s2021_det,7,defect,0.008270601336322963,-0.17239152701616528
DLinear_Weather_h192_san_lite_s2021_det,7,control,0.00407044087437409,0.03040492422625922
DLinear_Weather_h336_fredf_s2021_det,0,defect,-0.016614231723114825,0.08009057457928566
DLinear_Weather_h336_fredf_s2021_det,0,control,-0.005181508182820739,0.002660736068610735
DLinear_Weather_h336_fredf_s2021_det,1,defect,0.025068731515960528,0.14594066349633023
DLinear_Weather_h336_fredf_s2021_det,1,control,0.03041012947762874,-0.04229838045458207
DLinear_Weather_h336_fredf_s2021_det,2,defect,-0.023369534542646713,0.09386244160989933
DLinear_Weather_h336_fredf_s2021_det,2,control,-0.0037804884280475954,-0.09310252582888837
DLinear_Weather_h336_fredf_s2021_det,3,defect,0.010924414195875705,0.021535620881181067
DLinear_Weather_h336_fredf_s2021_det,3,control,0.029479902572953194,0.021188830244177694
DLinear_Weather_h336_fredf_s2021_det,4,defect,-0.005254759164690196,-0.01054974723689635
DLinear_Weather_h336_fredf_s2021_det,4,control,-0.02785395398557786,-0.026874660390953566
DLinear_Weather_h336_fredf_s2021_det,5,defect,0.027913767030902207,-0.06798024185602904
DLinear_Weather_h336_fredf_s2021_det,5,control,0.022250170603086147,0.1473665822847303
DLinear_Weather_h336_fredf_s2021_det,6,defect,-0.013604933383908193,-0.10507077346742345
DLinear_Weather_h336_fredf_s2021_det,6,control,0.0004069437311652603,-0.021444105412912633
DLinear_Weather_h336_fredf_s2021_det,7,defect,-0.015492672424695842,-0.07842809459830892
DLinear_Weather_h336_fredf_s2021_det,7,control,0.015782982275037206,0.027880025696476393
DLinear_Weather_h336_none_s2021_det,0,defect,-0.010912428134117661,-0.12334723422179587
DLinear_Weather_h336_none_s2021_det,0,control,-0.026863278782655948,-0.10261754876070849
DLinear_Weather_h336_none_s2021_det,1,defect,0.01547647246828574,0.03974995767953232
DLinear_Weather_h336_none_s2021_det,1,control,0.007208666339802115,-0.05740723328097553
DLinear_Weather_h336_none_s2021_det,2,defect,0.005262219920502081,-0.2171207965902983
DLinear_Weather_h336_none_s2021_det,2,control,0.012864346725995396,0.08965492691952134
DLinear_Weather_h336_none_s2021_det,3,defect,-0.0015497730397290887,0.051210142939405214
DLinear_Weather_h336_none_s2021_det,3,control,-0.011170777231737325,0.09069764421330545
DLinear_Weather_h336_none_s2021_det,4,defect,-0.011459072489889807,0.005360893116849364
DLinear_Weather_h336_none_s2021_det,4,control,-0.002529888645809956,-0.0358934756511194
DLinear_Weather_h336_none_s2021_det,5,defect,0.006724975956074189,0.0450230448999429
DLinear_Weather_h336_none_s2021_det,5,control,-0.0071547795053647015,-0.006731999098602576
DLinear_Weather_h336_none_s2021_det,6,defect,0.009467894186116637,0.11475529846963452
DLinear_Weather_h336_none_s2021_det,6,control,0.01418051363444655,-0.03166854104437451
DLinear_Weather_h336_none_s2021_det,7,defect,-0.009809160663897904,0.05251858341606833
DLinear_Weather_h336_none_s2021_det,7,control,-0.004219308045183845,0.09449000834097475
DLinear_Weather_h336_revin_s2021_det,0,defect,0.006121600024582268,-0.021948679305687092
DLinear_Weather_h336_revin_s2021_det,0,control,0.030267359564043025,-0.10767108638320004
DLinear_Weather_h336_revin_s2021_det,1,defect,-0.02652697697162211,0.10719213117350021
DLinear_Weather_h336_revin_s2021_det,1,control,0.005598892648531348,-0.03770407231949812
DLinear_Weather_h336_revin_s2021_det,2,defect,0.009320419596458495,-0.1383445862463758
DLinear_Weather_h336_revin_s2021_det,2,control,0.004111713944636912,-0.04330083656632677
DLinear_Weather_h336_revin_s2021_det,3,defect,0.00808071099258614,-0.02820397357006595
DLinear_Weather_h336_revin_s2021_det,3,control,-0.001207198861657908,0.00976785718123601
DLinear_Weather_h336_revin_s2021_det,4,defect,0.015498887782358889,0.0886860542814488
DLinear_Weather_h336_revin_s2021_det,4,control,-0.016408367806980535,-0.11950410721051664
DLinear_Weather_h336_revin_s2021_det,5,defect,-0.00688179065465687,-0.06097181783403968
DLinear_Weather_h336_revin_s2021_det,5,control,-0.014807297523808736,-0.10784394451977306
DLinear_Weather_h336_revin_s2021_det,6,defect,-0.017550322835867046,-0.08069671609182068
DLinear_Weather_h336_revin_s2021_det,6,control,-0.013873806235929818,-0.006562022020294222
DLinear_Weather_h336_revin_s2021_det,7,defect,0.0048211716965701505,-0.008560396817513189
DLinear_Weather_h336_revin_s2021_det,7,control,-0.02705351624132534,0.13493176925933947
DLinear_Weather_h336_san_lite_s2021_det,0,defect,0.007930756939865525,6.112823179382264e-05
DLinear_Weather_h336_san_lite_s2021_det,0,control,0.0034163911367160603,0.09421825325577973
DLinear_Weather_h336_san_lite_s2021_det,1,defect,0.00723893594298893,0.031175768375103993
DLinear_Weather_h336_san_lite_s2021_det,1,control,0.0004141167876717624,-0.045894270043567706
DLinear_Weather_h336_san_lite_s2021_det,2,defect,0.0009217587781420958,-0.052738831910126634
DLinear_Weather_h336_san_lite_s2021_det,2,control,0.004100624327190853,0.015139096054536373
DLinear_Weather_h336_san_lite_s2021_det,3,defect,0.00194079108372632,-0.07206656039377093
DLinear_Weather_h336_san_lite_s2021_det,3,control,0.0008002028124991146,0.15402201895035472
DLinear_Weather_h336_san_lite_s2021_det,4,defect,-0.0032776947380505055,-0.08030407525404386
DLinear_Weather_h336_san_lite_s2021_det,4,control,0.0033483687592079548,0.0019343644917527445
DLinear_Weather_h336_san_lite_s2021_det,5,defect,0.008020618684994782,-0.0535871949788703
DLinear_Weather_h336_san_lite_s2021_det,5,control,0.009284739224086335,-0.0873616815341405
DLinear_Weather_h336_san_lite_s2021_det,6,defect,-0.031827244603519274,0.12425129565323782
DLinear_Weather_h336_san_lite_s2021_det,6,control,-0.01793177851857971,0.023489524049629312
DLinear_Weather_h336_san_lite_s2021_det,7,defect,0.014184730673688757,-0.050880750220453394
DLinear_Weather_h336_san_lite_s2021_det,7,control,-0.004158191992063736,0.03974979312061951
DLinear_Weather_h720_fredf_s2021_det,0,defect,-0.03564046957668313,-0.045875371297868735
DLinear_Weather_h720_fredf_s2021_det,0,control,0.009131129317316454,-0.12154474485922247
DLinear_Weather_h720_fredf_s2021_det,1,defect,0.009788862439834897,-0.026678826233526815
DLinear_Weather_h720_fredf_s2021_det,1,control,0.017447769661791266,-0.06293035037160094
DLinear_Weather_h720_fredf_s2021_det,2,defect,-0.0012606078878474609,-0.03228180843406355
DLinear_Weather_h720_fredf_s2021_det,2,control,-0.003271878329311513,0.15707493434064573
DLinear_Weather_h720_fredf_s2021_det,3,defect,0.00010183905808026994,-0.0785220750136412
DLinear_Weather_h720_fredf_s2021_det,3,control,-0.008010932269661587,0.06128803940013505
DLinear_Weather_h720_fredf_s2021_det,4,defect,0.001584182448443776,0.027936215235121548
DLinear_Weather_h720_fredf_s2021_det,4,control,-0.010436148800652108,-0.08923685195159489
DLinear_Weather_h720_fredf_s2021_det,5,defect,0.02239048752329432,-0.05094568280664905
DLinear_Weather_h720_fredf_s2021_det,5,control,0.012482917900575628,0.11115523167244146
DLinear_Weather_h720_fredf_s2021_det,6,defect,0.004913079513246513,-0.04078028848253934
DLinear_Weather_h720_fredf_s2021_det,6,control,-0.0333949497468976,0.08352809350140979
DLinear_Weather_h720_fredf_s2021_det,7,defect,-0.0031330837466828133,0.10033882303630212
DLinear_Weather_h720_fredf_s2021_det,7,control,0.0038352387131029737,-0.09932225423084262
DLinear_Weather_h720_none_s2021_det,0,defect,-0.009614496950002115,0.019137318262335622
DLinear_Weather_h720_none_s2021_det,0,control,-0.006488756159980815,0.008660736042427782
DLinear_Weather_h720_none_s2021_det,1,defect,0.00950225225119134,0.002617821343900591
DLinear_Weather_h720_none_s2021_det,1,control,0.013646236961424068,-0.07828699296815558
DLinear_Weather_h720_none_s2021_det,2,defect,-0.006413570361017745,-0.07436483521492306
DLinear_Weather_h720_none_s2021_det,2,control,0.02420476493175709,-0.1322689445071011
DLinear_Weather_h720_none_s2021_det,3,defect,0.009010908551394642,0.08581136139416919
DLinear_Weather_h720_none_s2021_det,3,control,0.002741603770794906,0.0013430304248942496
DLinear_Weather_h720_none_s2021_det,4,defect,-0.02704533807752977,0.043374352505419926
DLinear_Weather_h720_none_s2021_det,4,control,0.026681975547336256,-0.004062941552966306
DLinear_Weather_h720_none_s2021_det,5,defect,0.003834459833431071,0.08451857358193819
DLinear_Weather_h720_none_s2021_det,5,control,-0.0017422034366609785,0.09380384183785237
DLinear_Weather_h720_none_s2021_det,6,defect,0.01725567409780192,0.18397581052514822
DLinear_Weather_h720_none_s2021_det,6,control,0.007840502298044411,0.0026034376875292862
DLinear_Weather_h720_none_s2021_det,7,defect,-0.026588702507944654,-0.10835006287914159
DLinear_Weather_h720_none_s2021_det,7,control,-0.0015573733624228716,-0.12953254130145475
DLinear_Weather_h720_revin_s2021_det,0,defect,-0.012734045915922549,0.005918512126180031
DLinear_Weather_h720_revin_s2021_det,0,control,-0.018880927986333278,-0.0195940603722763
DLinear_Weather_h720_revin_s2021_det,1,defect,-0.004639300084025533,-0.010941532039235086
DLinear_Weather_h720_revin_s2021_det,1,control,0.007013867172896707,-0.08670851225546253
DLinear_Weather_h720_revin_s2021_det,2,defect,-0.022152599692142748,0.04940253325325349
DLinear_Weather_h720_revin_s2021_det,2,control,-0.014367679951288334,0.09026644872188923
DLinear_Weather_h720_revin_s2021_det,3,defect,-0.01913582156241507,0.1150942899414254
DLinear_Weather_h720_revin_s2021_det,3,control,-0.021212275414770162,-0.03517616872864182
DLinear_Weather_h720_revin_s2021_det,4,defect,0.019795697812758126,0.023824275042578148
DLinear_Weather_h720_revin_s2021_det,4,control,0.01039182778520084,-0.14022830142900308
DLinear_Weather_h720_revin_s2021_det,5,defect,-0.016508384354412903,0.04346066387537764
DLinear_Weather_h720_revin_s2021_det,5,control,-0.0039495728149335245,-0.009593937623420382
DLinear_Weather_h720_revin_s2021_det,6,defect,-0.0013055838461985317,-0.009500564847636481
DLinear_Weather_h720_revin_s2021_det,6,control,0.00947288882776902,-0.061220083526154385
DLinear_Weather_h720_revin_s2021_det,7,defect,-0.005675332576614243,-0.02346941391802124
DLinear_Weather_h720_revin_s2021_det,7,control,0.01827180582635167,-0.02107514934843333
DLinear_Weather_h720_san_lite_s2021_det,0,defect,-0.007312769283100607,0.0750432402357515
DLinear_Weather_h720_san_lite_s2021_det,0,control,0.008352891783917718,-0.08708819540656093
DLinear_Weather_h720_san_lite_s2021_det,1,defect,0.00917592716978144,-0.0872317819522846
DLinear_Weather_h720_san_lite_s2021_det,1,control,0.00619014737168933,0.0671086650675888
DLinear_Weather_h720_san_lite_s2021_det,2,defect,-0.0032672459827439403,0.069407173491254
DLinear_Weather_h720_san_lite_s2021_det,2,control,0.02834927867835831,0.004968620689134942
DLinear_Weather_h720_san_lite_s2021_det,3,defect,-0.016618537104827923,0.04644025823722118
DLinear_Weather_h720_san_lite_s2021_det,3,control,0.001972351486386762,-0.09358518516136737
DLinear_Weather_h720_san_lite_s2021_det,4,defect,0.006250618804062251,-0.035049083565959385
DLinear_Weather_h720_san_lite_s2021_det,4,control,-0.005208379846715585,-0.06923692050186225
DLinear_Weather_h720_san_lite_s2021_det,5,defect,0.006143734980338497,0.03269158876289474
DLinear_Weather_h720_san_lite_s2021_det,5,control,0.01013330506193672,0.01938243946400079
DLinear_Weather_h720_san_lite_s2021_det,6,defect,0.01022945300411933,-0.003134474722541101
DLinear_Weather_h720_san_lite_s2021_det,6,control,0.015068848588389812,-0.0385353568239964
DLinear_Weather_h720_san_lite_s2021_det,7,defect,0.004493081767361515,-0.15163186037267737
DLinear_Weather_h720_san_lite_s2021_det,7,control,0.0169048089042561,0.0938269204171959
DLinear_Weather_h96_fredf_s2021_det,0,defect,-0.004915387582810474,-0.04174354919864507
DLinear_Weather_h96_fredf_s2021_det,0,control,-0.018512725631731286,0.25791105905906897
DLinear_Weather_h96_fredf_s2021_det,1,defect,-0.007344536553304945,0.04018735467531315
DLinear_Weather_h96_fredf_s2021_det,1,control,0.019424086370595724,-0.06041505277576375
DLinear_Weather_h96_fredf_s2021_det,2,defect,-0.02852912624123655,0.23914930504792437
DLinear_Weather_h96_fredf_s2021_det,2,control,-0.00464854088201758,0.13158931977590213
DLinear_Weather_h96_fredf_s2021_det,3,defect,0.008783584317923256,-0.02732744285412901
DLinear_Weather_h96_fredf_s2021_det,3,control,0.0011163372704198126,0.052530212040744165
DLinear_Weather_h96_fredf_s2021_det,4,defect,0.019802016584497418,-0.06078284188564146
DLinear_Weather_h96_fredf_s2021_det,4,control,0.0022854344245796846,-0.009727994599770761
DLinear_Weather_h96_fredf_s2021_det,5,defect,-0.023743253494078045,0.07902826594670946
DLinear_Weather_h96_fredf_s2021_det,5,control,-0.0070571860387268264,0.08938537804339625
DLinear_Weather_h96_fredf_s2021_det,6,defect,0.010978094948416525,0.02100226549275562
DLinear_Weather_h96_fredf_s2021_det,6,control,0.004527686558273346,0.012103404542123233
DLinear_Weather_h96_fredf_s2021_det,7,defect,-0.00898573141902753,-0.08054914153477467
DLinear_Weather_h96_fredf_s2021_det,7,control,0.009153344359283588,-0.010667614250501624
DLinear_Weather_h96_none_s2021_det,0,defect,0.007543197421876482,0.017025180139896724
DLinear_Weather_h96_none_s2021_det,0,control,-0.015206156272654002,0.05614450916916486
DLinear_Weather_h96_none_s2021_det,1,defect,-0.01227808448593173,0.11392035646386016
DLinear_Weather_h96_none_s2021_det,1,control,0.02485735302237678,-0.005375600660590698
DLinear_Weather_h96_none_s2021_det,2,defect,0.005881978648097394,0.06429555647772657
DLinear_Weather_h96_none_s2021_det,2,control,0.008736213188300247,-0.01291981307005085
DLinear_Weather_h96_none_s2021_det,3,defect,-0.004025934354737161,-0.06618547327669694
DLinear_Weather_h96_none_s2021_det,3,control,0.0132055571113707,-0.05454125653970351
DLinear_Weather_h96_none_s2021_det,4,defect,-0.020203055306929625,-0.07763878340913048
DLinear_Weather_h96_none_s2021_det,4,control,-0.0035979248020639033,0.06487837344266771
DLinear_Weather_h96_none_s2021_det,5,defect,0.023760860945531013,-0.02262621623479798
DLinear_Weather_h96_none_s2021_det,5,control,0.0004209411500892087,0.0584908815463857
DLinear_Weather_h96_none_s2021_det,6,defect,-0.007432448695483848,-0.08642559533746316
DLinear_Weather_h96_none_s2021_det,6,control,-0.02355160976820784,0.04973535148500466
DLinear_Weather_h96_none_s2021_det,7,defect,-0.0018960177317382332,0.05762369957344774
DLinear_Weather_h96_none_s2021_det,7,control,-0.003720414485087254,0.1557827233279233
DLinear_Weather_h96_revin_s2021_det,0,defect,-0.0016798775591015415,-0.14998710601553544
DLinear_Weather_h96_revin_s2021_det,0,control,-0.011579091216196252,-0.13362115693909601
DLinear_Weather_h96_revin_s2021_det,1,defect,-0.022096014154462232,0.05609260819518282
DLinear_Weather_h96_revin_s2021_det,1,control,-0.01949995160289627,0.10209570071007817
DLinear_Weather_h96_revin_s2021_det,2,defect,0.01609412692357207,-0.08929758883823811
DLinear_Weather_h96_revin_s2021_det,2,control,-0.0025300203415621514,-0.06788564104685213
DLinear_Weather_h96_revin_s2021_det,3,defect,-0.0014037196488310272,0.023453550852829498
DLinear_Weather_h96_revin_s2021_det,3,control,0.00932811995153234,0.040162771475794445
DLinear_Weather_h96_revin_s2021_det,4,defect,0.0030589627850227223,0.0470919680828791
DLinear_Weather_h96_revin_s2021_det,4,control,-0.0021847115926578644,-0.15939588349248937
DLinear_Weather_h96_revin_s2021_det,5,defect,-0.0019082694188980694,-0.13254888215372065
DLinear_Weather_h96_revin_s2021_det,5,control,0.008776992617331204,0.15207440426444005
DLinear_Weather_h96_revin_s2021_det,6,defect,-0.008948186515590973,-0.09226513241033055
DLinear_Weather_h96_revin_s2021_det,6,control,0.0045217909265787455,-0.011269173557971435
DLinear_Weather_h96_revin_s2021_det,7,defect,-0.0008825783895293718,-0.05787514574730383
DLinear_Weather_h96_revin_s2021_det,7,control,0.019261210274864896,0.08174644303498645
DLinear_Weather_h96_san_lite_s2021_det,0,defect,-0.019692761821198505,-0.13808672342106365
DLinear_Weather_h96_san_lite_s2021_det,0,control,-0.0011942735219660128,0.0756580151651601
DLinear_Weather_h96_san_lite_s2021_det,1,defect,0.0072665340629008155,0.20234743135876096
DLinear_Weather_h96_san_lite_s2021_det,1,control,0.015312357649083277,0.16954858887162536
DLinear_Weather_h96_san_lite_s2021_det,2,defect,0.004780837741906778,0.21072910464738184
DLinear_Weather_h96_san_lite_s2021_det,2,control,0.00385921507378196,0.04552427167350077
DLinear_Weather_h96_san_lite_s2021_det,3,defect,-0.0059460831387496485,0.013587843735403891
DLinear_Weather_h96_san_lite_s2021_det,3,control,0.010142146031410238,-0.08270016838622431
DLinear_Weather_h96_san_lite_s2021_det,4,defect,-0.004751116838173314,0.004800528437721922
DLinear_Weather_h96_san_lite_s2021_det,4,control,0.010027236130857523,0.010303295200352098
DLinear_Weather_h96_san_lite_s2021_det,5,defect,0.018719172185235784,0.01311025212429482
DLinear_Weather_h96_san_lite_s2021_det,5,control,0.0066386291777240855,-0.036841553004675454
DLinear_Weather_h96_san_lite_s2021_det,6,defect,-0.00780943723786423,0.04890475156893914
DLinear_Weather_h96_san_lite_s2021_det,6,control,-0.014999621746861742,-0.08492550798079809
DLinear_Weather_h96_san_lite_s2021_det,7,defect,-0.017034456258970737,0.05555137047699393
DLinear_Weather_h96_san_lite_s2021_det,7,control,0.009440380954290803,-0.043197248129210254
PatchTST_ETTh1_h336_fredf_s2021_det,0,defect,-0.029906902452559083,0.1788942009644752
PatchTST_ETTh1_h336_fredf_s2021_det,0,control,0.007877609715599284,0.06449622481210127
PatchTST_ETTh1_h336_fredf_s2021_det,1,defect,-0.013186781611789343,-0.1046305431409689
PatchTST_ETTh1_h336_fredf_s2021_det,1,control,-0.00520239725318367,-0.14241125000168373
PatchTST_ETTh1_h336_fredf_s2021_det,2,defect,-0.013921468146573081,0.029155227538917635
PatchTST_ETTh1_h336_fredf_s2021_det,2,control,0.0008959692206456396,0.09864450803409641
PatchTST_ETTh1_h336_fredf_s2021_det,3,defect,-0.009661089058407991,-0.09276960639982818
PatchTST_ETTh1_h336_fredf_s2021_det,3,control,0.0018142982700255468,-0.10981064719592035
PatchTST_ETTh1_h336_fredf_s2021_det,4,defect,0.018048911992500312,-0.07474115182750904
PatchTST_ETTh1_h336_fredf_s2021_det,4,control,-0.012497076078394554,0.02651025709350437
PatchTST_ETTh1_h336_fredf_s2021_det,5,defect,-0.014833237390752778,0.23415457089762592
PatchTST_ETTh1_h336_fredf_s2021_det,5,control,0.0009059912868082526,0.04857279530811335
PatchTST_ETTh1_h336_fredf_s2021_det,6,defect,0.019117414063203178,0.14902649500999401
PatchTST_ETTh1_h336_fredf_s2021_det,6,control,0.004119994452229111,0.07568252377190947
PatchTST_ETTh1_h336_fredf_s2021_det,7,defect,0.031028588375055514,0.003881104314142696
PatchTST_ETTh1_h336_fredf_s2021_det,7,control,0.018782063950726284,-0.06789350660360789
PatchTST_ETTh1_h336_none_s2021_det,0,defect,0.002852908129380897,0.13917185928246795
PatchTST_ETTh1_h336_none_s2021_det,0,control,0.02030873868047934,0.04112458735643966
PatchTST_ETTh1_h336_none_s2021_det,1,defect,0.012960723490852555,0.24594334706381096
PatchTST_ETTh1_h336_none_s2021_det,1,control,-0.035499673275601794,0.07055229026172055
PatchTST_ETTh1_h336_none_s2021_det,2,defect,-0.02341667297764006,0.12366192103568803
PatchTST_ETTh1_h336_none_s2021_det,2,control,-0.002068531306655491,-0.16284001148004507
PatchTST_ETTh1_h336_none_s2021_det,3,defect,0.03686986596363172,0.3042204493133057
PatchTST_ETTh1_h336_none_s2021_det,3,control,-0.015925207274834378,-0.14890252949319563
PatchTST_ETTh1_h336_none_s2021_det,4,defect,-0.031808305055498,-0.05807480537363561
PatchTST_ETTh1_h336_none_s2021_det,4,control,0.011735949767146196,0.1168604256373603
PatchTST_ETTh1_h336_none_s2021_det,5,defect,0.005059580081371646,-0.12672510386858635
PatchTST_ETTh1_h336_none_s2021_det,5,control,-0.037712248033105314,-0.10556013913345552
PatchTST_ETTh1_h336_none_s2021_det,6,defect,0.005983604098856825,0.01002074617238908
PatchTST_ETTh1_h336_none_s2021_det,6,control,0.0197880997322084,0.03906834278445727
PatchTST_ETTh1_h336_none_s2021_det,7,defect,-0.0006383478132615914,-0.04692243314583154
PatchTST_ETTh1_h336_none_s2021_det,7,control,-0.017700583136489537,-0.02358449204982986
PatchTST_ETTh1_h336_san_lite_s2021_det,0,defect,0.013234008423747891,0.05079641039460373
PatchTST_ETTh1_h336_san_lite_s2021_det,0,control,0.020129826195955637,0.18974254603104226
PatchTST_ETTh1_h336_san_lite_s2021_det,1,defect,-0.0012275964562172056,0.22929339296018472
PatchTST_ETTh1_h336_san_lite_s2021_det,1,control,0.014442576276244276,0.19834628408041927
PatchTST_ETTh1_h336_san_lite_s2021_det,2,defect,0.021040052127847635,0.0864557477858658
PatchTST_ETTh1_h336_san_lite_s2021_det,2,control,0.019285413797404036,0.25179109997066906
PatchTST_ETTh1_h336_san_lite_s2021_det,3,defect,-0.02822051856399392,0.16566702422065296
PatchTST_ETTh1_h336_san_lite_s2021_det,3,control,0.0008110157030278126,0.11345400730841926
PatchTST_ETTh1_h336_san_lite_s2021_det,4,defect,0.002274562040731738,-0.2798156785917757
PatchTST_ETTh1_h336_san_lite_s2021_det,4,control,0.01333999539510556,0.26008111336127127
PatchTST_ETTh1_h336_san_lite_s2021_det,5,defect,0.007764512588055792,0.2605451955023703
PatchTST_ETTh1_h336_san_lite_s2021_det,5,control,-0.011262891425854864,-0.16235756409399518
PatchTST_ETTh1_h336_san_lite_s2021_det,6,defect,0.000957680600806232,-0.16215654721259554
PatchTST_ETTh1_h336_san_lite_s2021_det,6,control,0.0006357369218624772,-0.030763428262106363
PatchTST_ETTh1_h336_san_lite_s2021_det,7,defect,0.008441952428650852,-0.03373504979941423
PatchTST_ETTh1_h336_san_lite_s2021_det,7,control,-0.0068093675328618495,0.08421639316132415
PatchTST_ETTh1_h96_fredf_s2021_det,0,defect,0.014276659740051266,-0.16214067637071708
PatchTST_ETTh1_h96_fredf_s2021_det,0,control,-0.017733618499765055,0.03714992262886772
PatchTST_ETTh1_h96_fredf_s2021_det,1,defect,-0.006791027019133129,0.08786100561803499
PatchTST_ETTh1_h96_fredf_s2021_det,1,control,0.016060308573849782,-0.02161440980775063
PatchTST_ETTh1_h96_fredf_s2021_det,2,defect,0.004728931601609857,-0.013074965483245422
PatchTST_ETTh1_h96_fredf_s2021_det,2,control,0.008702123902316191,0.092790613304748
PatchTST_ETTh1_h96_fredf_s2021_det,3,defect,0.0289437987756081,0.20696583149632578
PatchTST_ETTh1_h96_fredf_s2021_det,3,control,-0.002934162770232551,-0.12611141180660004
PatchTST_ETTh1_h96_fredf_s2021_det,4,defect,-0.010853121525591005,-0.18765594843654526
PatchTST_ETTh1_h96_fredf_s2021_det,4,control,-0.018514837077730634,-0.012636043145090373
PatchTST_ETTh1_h96_fredf_s2021_det,5,defect,-0.005246862279666056,-0.1008670198438588
PatchTST_ETTh1_h96_fredf_s2021_det,5,control,0.023582051149522318,-0.06950450594160709
PatchTST_ETTh1_h96_fredf_s2021_det,6,defect,-0.010736107397099941,0.04343430158304767
PatchTST_ETTh1_h96_fredf_s2021_det,6,control,0.002637683758001654,-0.025191991320730925
PatchTST_ETTh1_h96_fredf_s2021_det,7,defect,-0.0038249197406939003,0.04228996209025166
PatchTST_ETTh1_h96_fredf_s2021_det,7,control,-0.012427750847524139,0.16287313129122308
PatchTST_ETTh1_h96_none_s2021_det,0,defect,-0.003386555070192256,0.028596672793010695
PatchTST_ETTh1_h96_none_s2021_det,0,control,-0.0015970615296681337,0.14661260870238585
PatchTST_ETTh1_h96_none_s2021_det,1,defect,-0.01140742926721588,-0.09280097490265526
PatchTST_ETTh1_h96_none_s2021_det,1,control,0.016147779184768906,0.13510916047737326
PatchTST_ETTh1_h96_none_s2021_det,2,defect,-0.00102482302110263,0.10651839123551866
PatchTST_ETTh1_h96_none_s2021_det,2,control,0.003953899379893338,-0.020888168539716367
PatchTST_ETTh1_h96_none_s2021_det,3,defect,-0.038752039397667554,0.07217431139028302
PatchTST_ETTh1_h96_none_s2021_det,3,control,0.038800985275005535,-0.03997843989815432
PatchTST_ETTh1_h96_none_s2021_det,4,defect,-0.004683478326798624,-0.0817181246574801
PatchTST_ETTh1_h96_none_s2021_det,4,control,-0.0003772132944973561,-0.05463907126080119
PatchTST_ETTh1_h96_none_s2021_det,5,defect,-0.022415653010122293,-0.14951151913407684
PatchTST_ETTh1_h96_none_s2021_det,5,control,-0.007926217280030703,-0.0525589930346379
PatchTST_ETTh1_h96_none_s2021_det,6,defect,0.030113790623572712,-0.00079739194161646
PatchTST_ETTh1_h96_none_s2021_det,6,control,-0.014021843081740476,0.07816818974322871
PatchTST_ETTh1_h96_none_s2021_det,7,defect,-0.011192554493598964,-0.106957987527439
PatchTST_ETTh1_h96_none_s2021_det,7,control,-0.022103305905228132,-0.08057874786783666
PatchTST_ETTh1_h96_san_lite_s2021_det,0,defect,-0.02178545185443806,-0.011720195384848437
PatchTST_ETTh1_h96_san_lite_s2021_det,0,control,-0.00030103378368258766,-0.0002652955809624623
PatchTST_ETTh1_h96_san_lite_s2021_det,1,defect,0.005578007330209965,0.055295111909267364
PatchTST_ETTh1_h96_san_lite_s2021_det,1,control,0.006093676455079209,0.05242929210678369
PatchTST_ETTh1_h96_san_lite_s2021_det,2,defect,-0.021496786894559826,-0.03307672487735719
PatchTST_ETTh1_h96_san_lite_s2021_det,2,control,-0.02672400849308494,0.15994986067635725
PatchTST_ETTh1_h96_san_lite_s2021_det,3,defect,-0.0005183362132628989,0.0496374918383018
PatchTST_ETTh1_h96_san_lite_s2021_det,3,control,-0.004497169897563807,0.10828837296332072
PatchTST_ETTh1_h96_san_lite_s2021_det,4,defect,0.004138941206016818,0.059836387871923045
PatchTST_ETTh1_h96_san_lite_s2021_det,4,control,0.011438643256522817,-0.07644489693582004
PatchTST_ETTh1_h96_san_lite_s2021_det,5,defect,-0.0070534877383263755,-0.014464787485743286
PatchTST_ETTh1_h96_san_lite_s2021_det,5,control,0.010764275428135184,0.09756943069373572
PatchTST_ETTh1_h96_san_lite_s2021_det,6,defect,-0.027033846279446692,-0.040360000267714344
PatchTST_ETTh1_h96_san_lite_s2021_det,6,control,-0.03889385839261666,0.0025996617146311148
PatchTST_ETTh1_h96_san_lite_s2021_det,7,defect,-0.001471929475183223,0.10992921661292589
PatchTST_ETTh1_h96_san_lite_s2021_det,7,control,0.03531901221489819,0.04777018491219268
PatchTST_ETTh2_h336_fredf_s2021_det,0,defect,-0.0014807127752640716,0.05201898768999309
PatchTST_ETTh2_h336_fredf_s2021_det,0,control,0.004280464715986507,0.11060996699604528
PatchTST_ETTh2_h336_fredf_s2021_det,1,defect,-0.03267327226274443,-0.019357821063286196
PatchTST_ETTh2_h336_fredf_s2021_det,1,control,0.0014666871968695685,-0.14956332730341132
PatchTST_ETTh2_h336_fredf_s2021_det,2,defect,0.04566307663455173,0.08175289753543448
PatchTST_ETTh2_h336_fredf_s2021_det,2,control,0.00783561451532882,-0.17429949496352382
PatchTST_ETTh2_h336_fredf_s2021_det,3,defect,0.0005556979804091097,-0.09842780424013745
PatchTST_ETTh2_h336_fredf_s2021_det,3,control,0.028621266903859677,-0.19835998290894408
PatchTST_ETTh2_h336_fredf_s2021_det,4,defect,0.026125382960955377,-0.07678141815368447
PatchTST_ETTh2_h336_fredf_s2021_det,4,control,-0.027693784993276432,-0.14928674444421686
PatchTST_ETTh2_h336_fredf_s2021_det,5,defect,0.0019329480462578134,0.13643821607199125
PatchTST_ETTh2_h336_fredf_s2021_det,5,control,0.0037263398949426447,-0.2933306129881274
PatchTST_ETTh2_h336_fredf_s2021_det,6,defect,0.038014765996660226,0.12384466260802099
PatchTST_ETTh2_h336_fredf_s2021_det,6,control,-0.009158684492173287,-0.14295449588668133
PatchTST_ETTh2_h336_fredf_s2021_det,7,defect,-0.00671336004220518,0.20366486080409632
PatchTST_ETTh2_h336_fredf_s2021_det,7,control,0.0076073174972083,-0.08719673832534576
PatchTST_ETTh2_h336_none_s2021_det,0,defect,0.013496873817127565,-0.010671914553708679
PatchTST_ETTh2_h336_none_s2021_det,0,control,0.015449162405110678,0.27229440601879684
PatchTST_ETTh2_h336_none_s2021_det,1,defect,-0.013913983081977747,0.09096788723721223
PatchTST_ETTh2_h336_none_s2021_det,1,control,-0.030520668285669197,-0.004338511572731243
PatchTST_ETTh2_h336_none_s2021_det,2,defect,0.011504593057523235,-0.041692164784580446
PatchTST_ETTh2_h336_none_s2021_det,2,control,0.0001096850970281891,-0.2694051263688704
PatchTST_ETTh2_h336_none_s2021_det,3,defect,0.03199474408984918,0.08334888899965476
PatchTST_ETTh2_h336_none_s2021_det,3,control,-0.012977434939850563,0.018670097463554802
PatchTST_ETTh2_h336_none_s2021_det,4,defect,-0.0028263966444780093,0.1170683103524667
PatchTST_ETTh2_h336_none_s2021_det,4,control,-0.024573721858610398,0.012468582954395999
PatchTST_ETTh2_h336_none_s2021_det,5,defect,-0.002745517616895204,0.1805546421409413
PatchTST_ETTh2_h336_none_s2021_det,5,control,-0.006510324569930549,-0.21229439771698572
PatchTST_ETTh2_h336_none_s2021_det,6,defect,0.023235437880355495,0.2671411533824667
PatchTST_ETTh2_h336_none_s2021_det,6,control,-0.029742194632586986,-0.05298376091443514
PatchTST_ETTh2_h336_none_s2021_det,7,defect,0.00836924494844041,0.017931712086487098
PatchTST_ETTh2_h336_none_s2021_det,7,control,0.001151281847523017,0.12474921734199966
PatchTST_ETTh2_h336_san_lite_s2021_det,0,defect,-0.03023545944855156,-0.052223279012419764
PatchTST_ETTh2_h336_san_lite_s2021_det,0,control,0.00498058069166448,-0.08157975300053899
PatchTST_ETTh2_h336_san_lite_s2021_det,1,defect,0.005941783975740067,0.1976540363389653
PatchTST_ETTh2_h336_san_lite_s2021_det,1,control,0.05696146824895611,-0.026075527727396974
PatchTST_ETTh2_h336_san_lite_s2021_det,2,defect,-0.004615789713300876,0.11890577886762231
PatchTST_ETTh2_h336_san_lite_s2021_det,2,control,0.0038111962275804404,0.08048106551971579
PatchTST_ETTh2_h336_san_lite_s2021_det,3,defect,-0.0286713080768199,0.009665275683492108
PatchTST_ETTh2_h336_san_lite_s2021_det,3,control,-0.023239291069461706,-0.18549802618386532
PatchTST_ETTh2_h336_san_lite_s2021_det,4,defect,-0.03346361522502461,-0.16162907192256887
PatchTST_ETTh2_h336_san_lite_s2021_det,4,control,0.017960825263016233,0.1813538715103667
PatchTST_ETTh2_h336_san_lite_s2021_det,5,defect,0.031901220462986775,0.024962696998871478
PatchTST_ETTh2_h336_san_lite_s2021_det,5,control,0.02034198614062287,0.2048857599567975
PatchTST_ETTh2_h336_san_lite_s2021_det,6,defect,0.009189845204829324,0.04902823534723089
PatchTST_ETTh2_h336_san_lite_s2021_det,6,control,0.03231908209265325,0.15239051911161253
PatchTST_ETTh2_h336_san_lite_s2021_det,7,defect,-0.014908550669116971,-0.16203236073106217
PatchTST_ETTh2_h336_san_lite_s2021_det,7,control,-0.014721166714155276,-0.31460873356489466
PatchTST_ETTh2_h96_fredf_s2021_det,0,defect,-0.022184867923738402,-0.37709073681783417
PatchTST_ETTh2_h96_fredf_s2021_det,0,control,-0.004382184000633923,0.17917705904584214
PatchTST_ETTh2_h96_fredf_s2021_det,1,defect,-0.005336617775934709,0.0024146550081136048
PatchTST_ETTh2_h96_fredf_s2021_det,1,control,-0.023010109848265837,-0.14511010062540694
PatchTST_ETTh2_h96_fredf_s2021_det,2,defect,-0.010119716659550727,-0.12080158003907134
PatchTST_ETTh2_h96_fredf_s2021_det,2,control,-0.01231686418934801,-0.07171333354312005
PatchTST_ETTh2_h96_fredf_s2021_det,3,defect,-0.007025780239738193,0.17166469072017476
PatchTST_ETTh2_h96_fredf_s2021_det,3,control,-0.0005861167010775325,-0.12130478299677847
PatchTST_ETTh2_h96_fredf_s2021_det,4,defect,-0.009487586711760108,0.1012539985009938
PatchTST_ETTh2_h96_fredf_s2021_det,4,control,0.005244409624957041,0.07714642589002638
PatchTST_ETTh2_h96_fredf_s2021_det,5,defect,0.005350402639796429,0.011702838169306978
PatchTST_ETTh2_h96_fredf_s2021_det,5,control,0.019022720482158917,0.06096479485633907
PatchTST_ETTh2_h96_fredf_s2021_det,6,defect,-0.027699484545864343,-0.26312205730165833
PatchTST_ETTh2_h96_fredf_s2021_det,6,control,0.00830632154057692,0.1730190951683966
PatchTST_ETTh2_h96_fredf_s2021_det,7,defect,-0.002306075397372283,-0.09697059968199118
PatchTST_ETTh2_h96_fredf_s2021_det,7,control,-0.012933641018635108,0.037517326792498036
PatchTST_ETTh2_h96_none_s2021_det,0,defect,0.01621723736617838,0.35095413331945213
PatchTST_ETTh2_h96_none_s2021_det,0,control,-0.028428603515850245,-0.09531102831551405
PatchTST_ETTh2_h96_none_s2021_det,1,defect,0.0195283067796287,-0.13220347947902567
PatchTST_ETTh2_h96_none_s2021_det,1,control,-0.008781838791289095,-0.12269552234782671
PatchTST_ETTh2_h96_none_s2021_det,2,defect,0.00618687400085569,0.2456701001847106
PatchTST_ETTh2_h96_none_s2021_det,2,control,-0.007606631093933108,0.18072542284825324
PatchTST_ETTh2_h96_none_s2021_det,3,defect,0.008128396579567185,0.1695468193214388
PatchTST_ETTh2_h96_none_s2021_det,3,control,0.013980912357775469,-0.15766026621361526
PatchTST_ETTh2_h96_none_s2021_det,4,defect,0.015332962848219747,0.07353306987166812
PatchTST_ETTh2_h96_none_s2021_det,4,control,0.01643272655340983,0.12252094735378591
PatchTST_ETTh2_h96_none_s2021_det,5,defect,0.0005574225853289406,-0.2270230304286954
PatchTST_ETTh2_h96_none_s2021_det,5,control,-0.025143858337063885,-0.009108098328279688
PatchTST_ETTh2_h96_none_s2021_det,6,defect,-0.0036677026294991686,0.24992345762352447
PatchTST_ETTh2_h96_none_s2021_det,6,control,0.00266165366635603,-0.06793057659078143
PatchTST_ETTh2_h96_none_s2021_det,7,defect,-0.018412047791024174,-0.0925951318942357
PatchTST_ETTh2_h96_none_s2021_det,7,control,0.025289123825742253,-0.15025864797008748
PatchTST_ETTh2_h96_san_lite_s2021_det,0,defect,0.01692269252356182,0.0204912909831209
PatchTST_ETTh2_h96_san_lite_s2021_det,0,control,0.005871902027671588,0.08311013852007378
PatchTST_ETTh2_h96_san_lite_s2021_det,1,defect,-0.024349169879431382,0.06088353196483451
PatchTST_ETTh2_h96_san_lite_s2021_det,1,control,-0.0033193656638295793,0.11917196586974575
PatchTST_ETTh2_h96_san_lite_s2021_det,2,defect,0.041395249545033944,0.11825680743485159
PatchTST_ETTh2_h96_san_lite_s2021_det,2,control,0.009476612262433588,-0.26839836771387376
PatchTST_ETTh2_h96_san_lite_s2021_det,3,defect,0.014640548703133964,-0.02016718503024759
PatchTST_ETTh2_h96_san_lite_s2021_det,3,control,0.03241872163392334,-0.1553005087512839
PatchTST_ETTh2_h96_san_lite_s2021_det,4,defect,0.0006166768343046253,-0.008155024038059644
PatchTST_ETTh2_h96_san_lite_s2021_det,4,control,-0.014600639594573233,0.23888523096277114
PatchTST_ETTh2_h96_san_lite_s2021_det,5,defect,0.004779144637586852,0.005769116264822992
PatchTST_ETTh2_h96_san_lite_s2021_det,5,control,0.027925142667285716,-0.2117637894904016
PatchTST_ETTh2_h96_san_lite_s2021_det,6,defect,-0.005736069399006601,-0.08236477819230659
PatchTST_ETTh2_h96_san_lite_s2021_det,6,control,0.0018283643678501645,0.20886369792838294
PatchTST_ETTh2_h96_san_lite_s2021_det,7,defect,0.0029385403283541905,0.06540158876831094
PatchTST_ETTh2_h96_san_lite_s2021_det,7,control,0.01975806580638687,0.24027270157941996
PatchTST_ETTm1_h336_fredf_s2021_det,0,defect,-0.0085026340229145,0.03887106666402363
PatchTST_ETTm1_h336_fredf_s2021_det,0,control,-0.003342601641075954,-0.060072086776871834
PatchTST_ETTm1_h336_fredf_s2021_det,1,defect,-0.02562200190719524,0.04431613182765744
PatchTST_ETTm1_h336_fredf_s2021_det,1,control,-0.02252184795978781,-0.01195772875016591
PatchTST_ETTm1_h336_fredf_s2021_det,2,defect,-0.002162429107669806,-0.08286013379201246
PatchTST_ETTm1_h336_fredf_s2021_det,2,control,-0.005919132005324861,0.027074470505901865
PatchTST_ETTm1_h336_fredf_s2021_det,3,defect,-0.0009172599234265389,-0.028301434983385578
PatchTST_ETTm1_h336_fredf_s2021_det,3,control,0.015092310468748057,0.012383671855594
PatchTST_ETTm1_h336_fredf_s2021_det,4,defect,0.002132981270517503,0.04125037673336845
PatchTST_ETTm1_h336_fredf_s2021_det,4,control,0.0022694114703342085,-0.042480366314872633
PatchTST_ETTm1_h336_fredf_s2021_det,5,defect,0.022727581379337128,0.019771810910911382
PatchTST_ETTm1_h336_fredf_s2021_det,5,control,0.007300838715185772,0.06500612152733067
PatchTST_ETTm1_h336_fredf_s2021_det,6,defect,-0.00844478213597487,-0.08821553193047604
PatchTST_ETTm1_h336_fredf_s2021_det,6,control,0.007040663599191973,-0.01095334502424037
PatchTST_ETTm1_h336_fredf_s2021_det,7,defect,0.003425636388772159,-0.0035080026539874333
PatchTST_ETTm1_h336_fredf_s2021_det,7,control,-0.011535068858829333,0.08739767629593596
PatchTST_ETTm1_h336_none_s2021_det,0,defect,-0.005908856895561569,0.05953249958342876
PatchTST_ETTm1_h336_none_s2021_det,0,control,0.011289228585015815,-0.0566242257448714
PatchTST_ETTm1_h336_none_s2021_det,1,defect,0.0014041349508127007,0.053322777562129726
PatchTST_ETTm1_h336_none_s2021_det,1,control,-0.011651551643077645,0.11702364436612848
PatchTST_ETTm1_h336_none_s2021_det,2,defect,0.00418254577266029,0.0021281125385639314
PatchTST_ETTm1_h336_none_s2021_det,2,control,0.011143972435309582,0.12002936967920534
PatchTST_ETTm1_h336_none_s2021_det,3,defect,-0.009862236021441383,0.14879566183182852
PatchTST_ETTm1_h336_none_s2021_det,3,control,0.0019147735699389773,-0.01565922133542324
PatchTST_ETTm1_h336_none_s2021_det,4,defect,0.0054782450759879395,-0.025376311350469506
PatchTST_ETTm1_h336_none_s2021_det,4,control,-0.00021667288159467817,-0.08772882264459295
PatchTST_ETTm1_h336_none_s2021_det,5,defect,0.012746542441101273,0.04950163147946914
PatchTST_ETTm1_h336_none_s2021_det,5,control,0.004684832849379666,0.05167511764247269
PatchTST_ETTm1_h336_none_s2021_det,6,defect,0.011133052967679316,-0.08672566774417938
PatchTST_ETTm1_h336_none_s2021_det,6,control,0.006709110252243275,0.0026564153520134055
PatchTST_ETTm1_h336_none_s2021_det,7,defect,-0.016185968428684895,-0.011467388943009381
PatchTST_ETTm1_h336_none_s2021_det,7,control,0.0007535389549651783,-0.013624935570246995
PatchTST_ETTm1_h336_san_lite_s2021_det,0,defect,-0.0062971998098661575,0.06222919243507134
PatchTST_ETTm1_h336_san_lite_s2021_det,0,control,-0.006870110779673186,0.028286443214839703
PatchTST_ETTm1_h336_san_lite_s2021_det,1,defect,-0.0023075632541492514,-0.0034325633719974533
PatchTST_ETTm1_h336_san_lite_s2021_det,1,control,0.014376539381725298,0.05646785827990618
PatchTST_ETTm1_h336_san_lite_s2021_det,2,defect,0.013525341044353783,-0.007251264377853738
PatchTST_ETTm1_h336_san_lite_s2021_det,2,control,-0.0030918486112795057,0.057832118565750545
PatchTST_ETTm1_h336_san_lite_s2021_det,3,defect,0.015441967847453898,0.0301143369388349
PatchTST_ETTm1_h336_san_lite_s2021_det,3,control,0.010391312552879093,-0.027495207019543572
PatchTST_ETTm1_h336_san_lite_s2021_det,4,defect,-0.008199585473971224,0.031137479332400294
PatchTST_ETTm1_h336_san_lite_s2021_det,4,control,0.007899137528198446,0.007656285779860263
PatchTST_ETTm1_h336_san_lite_s2021_det,5,defect,-0.006004418189362174,0.04973613125879066
PatchTST_ETTm1_h336_san_lite_s2021_det,5,control,0.02096179785511052,0.11380960021753231
PatchTST_ETTm1_h336_san_lite_s2021_det,6,defect,-0.016638663901852934,-0.09452439596732058
PatchTST_ETTm1_h336_san_lite_s2021_det,6,control,0.006382630864413869,-0.05014114544134592
PatchTST_ETTm1_h336_san_lite_s2021_det,7,defect,0.03729131254875479,-0.07856430329345462
PatchTST_ETTm1_h336_san_lite_s2021_det,7,control,0.0006763440515120478,-0.08691879976344614
PatchTST_ETTm1_h96_fredf_s2021_det,0,defect,0.0023795394952278114,-0.006933140473082913
PatchTST_ETTm1_h96_fredf_s2021_det,0,control,0.012910469310583544,0.06663541374527766
PatchTST_ETTm1_h96_fredf_s2021_det,1,defect,-0.014020768056243768,-0.02408209631921469
PatchTST_ETTm1_h96_fredf_s2021_det,1,control,0.012173358458866121,0.12112905587556959
PatchTST_ETTm1_h96_fredf_s2021_det,2,defect,-0.017913253137847324,-0.02988983736157666
PatchTST_ETTm1_h96_fredf_s2021_det,2,control,-0.003324086617385392,-0.050774285419178965
PatchTST_ETTm1_h96_fredf_s2021_det,3,defect,0.012176733743662417,-0.028716305159216783
PatchTST_ETTm1_h96_fredf_s2021_det,3,control,-0.01698899435260845,-0.02200198564684344
PatchTST_ETTm1_h96_fredf_s2021_det,4,defect,0.0023739439914846295,0.0051424473724992195
PatchTST_ETTm1_h96_fredf_s2021_det,4,control,-0.000887835756262496,0.08460311896778859
PatchTST_ETTm1_h96_fredf_s2021_det,5,defect,0.008395607114062335,0.0323804262551953
PatchTST_ETTm1_h96_fredf_s2021_det,5,control,-0.004395685644056208,0.07345973310970734
PatchTST_ETTm1_h96_fredf_s2021_det,6,defect,0.013424071404074544,0.010012286089362612
PatchTST_ETTm1_h96_fredf_s2021_det,6,control,-0.02021571588402905,-0.10988291735030621
PatchTST_ETTm1_h96_fredf_s2021_det,7,defect,-0.004199279191533175,0.04098165515648056
PatchTST_ETTm1_h96_fredf_s2021_det,7,control,0.002769182529181831,-0.1060463428838354
PatchTST_ETTm1_h96_none_s2021_det,0,defect,-0.0028543977180367965,-0.03685419091870623
PatchTST_ETTm1_h96_none_s2021_det,0,control,-0.016278495861084104,0.05743997213813089
PatchTST_ETTm1_h96_none_s2021_det,1,defect,0.0035634423573525733,-0.05676490802439421
PatchTST_ETTm1_h96_none_s2021_det,1,control,0.014514957033991983,0.11642357871372404
PatchTST_ETTm1_h96_none_s2021_det,2,defect,-0.004557361457533979,-0.049059790524539064
PatchTST_ETTm1_h96_none_s2021_det,2,control,-0.0030160764926294302,-0.0007365701063939509
PatchTST_ETTm1_h96_none_s2021_det,3,defect,0.004147610000674461,0.05178103482348639
PatchTST_ETTm1_h96_none_s2021_det,3,control,-0.004670369382870934,-0.07612968262147816
PatchTST_ETTm1_h96_none_s2021_det,4,defect,-0.0016524849752549147,0.11638341660397346
PatchTST_ETTm1_h96_none_s2021_det,4,control,-0.013525224964031204,-0.04697386584115663
PatchTST_ETTm1_h96_none_s2021_det,5,defect,-0.01048779593490798,-0.09097775107273666
PatchTST_ETTm1_h96_none_s2021_det,5,control,-0.004671648036509587,0.05614041329116325
PatchTST_ETTm1_h96_none_s2021_det,6,defect,-0.011779972659857287,-0.010924631934263985
PatchTST_ETTm1_h96_none_s2021_det,6,control,0.006499824532641414,0.07231352004057134
PatchTST_ETTm1_h96_none_s2021_det,7,defect,0.015447004782947176,0.0917297793532237
PatchTST_ETTm1_h96_none_s2021_det,7,control,0.00190232651429308,0.030095614235257053
PatchTST_ETTm1_h96_san_lite_s2021_det,0,defect,0.011955782011082142,0.04358327752876016
PatchTST_ETTm1_h96_san_lite_s2021_det,0,control,-0.004663101147049043,-0.03885107986057311
PatchTST_ETTm1_h96_san_lite_s2021_det,1,defect,0.0001020201992038988,0.01095529029265856
PatchTST_ETTm1_h96_san_lite_s2021_det,1,control,0.010117730167448618,0.007975382019192477
PatchTST_ETTm1_h96_san_lite_s2021_det,2,defect,-0.0003523029576714638,-0.039852901400120655
PatchTST_ETTm1_h96_san_lite_s2021_det,2,control,-0.016051198311002806,-0.027282232269204745
PatchTST_ETTm1_h96_san_lite_s2021_det,3,defect,-0.008076159940788424,-0.07322045336836916
PatchTST_ETTm1_h96_san_lite_s2021_det,3,control,0.018800576522583462,0.10486208735179058
PatchTST_ETTm1_h96_san_lite_s2021_det,4,defect,0.02387919458255279,0.12267856548776052
PatchTST_ETTm1_h96_san_lite_s2021_det,4,control,0.004021607795722548,-0.09085277106268004
PatchTST_ETTm1_h96_san_lite_s2021_det,5,defect,0.00018356669589845163,-0.026948578735854427
PatchTST_ETTm1_h96_san_lite_s2021_det,5,control,-0.003087834174961601,-0.07346503179615976
PatchTST_ETTm1_h96_san_lite_s2021_det,6,defect,-0.009097333463688562,-0.03217394449896845
PatchTST_ETTm1_h96_san_lite_s2021_det,6,control,0.01771692110031712,0.037597090094314285
PatchTST_ETTm1_h96_san_lite_s2021_det,7,defect,0.0028825216808973366,0.031104251848162522
PatchTST_ETTm1_h96_san_lite_s2021_det,7,control,-6.348327910450822e-06,0.1481556337248823
PatchTST_ETTm2_h336_fredf_s2021_det,0,defect,0.013109965766626236,0.033628514785508795
PatchTST_ETTm2_h336_fredf_s2021_det,0,control,0.006989234700520733,-0.002747094132367413
PatchTST_ETTm2_h336_fredf_s2021_det,1,defect,-0.007229590004163716,0.006865974474469704
PatchTST_ETTm2_h336_fredf_s2021_det,1,control,0.002062262555117458,0.04224324805105543
PatchTST_ETTm2_h336_fredf_s2021_det,2,defect,-0.0011992304998040433,-0.1531054901436439
PatchTST_ETTm2_h336_fredf_s2021_det,2,control,0.0007218049196041553,0.013850580337667649
PatchTST_ETTm2_h336_fredf_s2021_det,3,defect,-0.005620585282756926,-0.25240301225662026
PatchTST_ETTm2_h336_fredf_s2021_det,3,control,-0.004848651337266162,-0.07987638413546695
PatchTST_ETTm2_h336_fredf_s2021_det,4,defect,-0.0032747083985236367,-0.07596864777065805
PatchTST_ETTm2_h336_fredf_s2021_det,4,control,0.008852310868597134,0.05054616756815084
PatchTST_ETTm2_h336_fredf_s2021_det,5,defect,-0.009020534516735044,-0.11072297429226015
PatchTST_ETTm2_h336_fredf_s2021_det,5,control,-0.005566274311110183,0.05295918237288513
PatchTST_ETTm2_h336_fredf_s2021_det,6,defect,0.023439219745699784,0.152050919258087
PatchTST_ETTm2_h336_fredf_s2021_det,6,control,-0.005061157040582995,-0.01913596356713436
PatchTST_ETTm2_h336_fredf_s2021_det,7,defect,-0.005288582929764237,0.01337816844904067
PatchTST_ETTm2_h336_fredf_s2021_det,7,control,-0.00371749436421976,-0.031865011025697824
PatchTST_ETTm2_h336_none_s2021_det,0,defect,0.011701421166093686,0.043106531398263745
PatchTST_ETTm2_h336_none_s2021_det,0,control,-0.0001979887460175039,0.08615790820289962
PatchTST_ETTm2_h336_none_s2021_det,1,defect,0.0007226728435876507,-0.08539602207530293
PatchTST_ETTm2_h336_none_s2021_det,1,control,0.013948814716210818,-0.0376082986462904
PatchTST_ETTm2_h336_none_s2021_det,2,defect,-0.008037648776565097,-0.04690488201089263
PatchTST_ETTm2_h336_none_s2021_det,2,control,-0.009229909934196685,-0.14948109932473372
PatchTST_ETTm2_h336_none_s2021_det,3,defect,0.008262814083368424,0.11089679804317423
PatchTST_ETTm2_h336_none_s2021_det,3,control,0.0062389463537595,0.0025200203600095248
PatchTST_ETTm2_h336_none_s2021_det,4,defect,-0.0009044046636771984,-0.003461517356992755
PatchTST_ETTm2_h336_none_s2021_det,4,control,0.010558155613002686,0.05667943192895415
PatchTST_ETTm2_h336_none_s2021_det,5,defect,0.0015572499604739692,-0.10235397232691085
PatchTST_ETTm2_h336_none_s2021_det,5,control,-0.014382432691592348,-0.02842071589515936
PatchTST_ETTm2_h336_none_s2021_det,6,defect,0.003808138678422379,0.08557797229528077
PatchTST_ETTm2_h336_none_s2021_det,6,control,-0.00911416710624626,-0.05452495619564983
PatchTST_ETTm2_h336_none_s2021_det,7,defect,-0.0007857008013502114,-0.049545949295585756
PatchTST_ETTm2_h336_none_s2021_det,7,control,0.0020624198262167875,0.053579217711364986
PatchTST_ETTm2_h336_san_lite_s2021_det,0,defect,0.0011802139758324134,0.005880486488320376
PatchTST_ETTm2_h336_san_lite_s2021_det,0,control,-0.00535506610510753,-0.07876655545092734
PatchTST_ETTm2_h336_san_lite_s2021_det,1,defect,0.007450680772462205,0.08362490795230641
PatchTST_ETTm2_h336_san_lite_s2021_det,1,control,0.012485647003068728,-0.0002734469486726377
PatchTST_ETTm2_h336_san_lite_s2021_det,2,defect,-0.003591885465149864,-0.03193999085577039
PatchTST_ETTm2_h336_san_lite_s2021_det,2,control,-0.003094575445572671,0.06673716483738495
PatchTST_ETTm2_h336_san_lite_s2021_det,3,defect,0.009887587893556345,0.03741140604579649
PatchTST_ETTm2_h336_san_lite_s2021_det,3,control,-0.0010418249836708167,-0.050311269681448154
PatchTST_ETTm2_h336_san_lite_s2021_det,4,defect,0.0005133869700419914,0.10195753653744173
PatchTST_ETTm2_h336_san_lite_s2021_det,4,control,-0.005488800068983324,0.054056144811794986
PatchTST_ETTm2_h336_san_lite_s2021_det,5,defect,-0.012589523765260966,-0.17308414873548655
PatchTST_ETTm2_h336_san_lite_s2021_det,5,control,0.007017469232985335,-0.043896673086545546
PatchTST_ETTm2_h336_san_lite_s2021_det,6,defect,-0.00875804042590456,0.12654832241134148
PatchTST_ETTm2_h336_san_lite_s2021_det,6,control,-0.0008823374113202283,0.020819677870021917
PatchTST_ETTm2_h336_san_lite_s2021_det,7,defect,-0.006396958091293947,-0.04913285036128165
PatchTST_ETTm2_h336_san_lite_s2021_det,7,control,0.014072562591029916,0.04949226019772478
PatchTST_ETTm2_h96_fredf_s2021_det,0,defect,0.013387601411175317,0.15951668760255433
PatchTST_ETTm2_h96_fredf_s2021_det,0,control,-0.002576029696819737,0.0070933856498718246
PatchTST_ETTm2_h96_fredf_s2021_det,1,defect,-0.010713249396344163,-0.0063268005375724376
PatchTST_ETTm2_h96_fredf_s2021_det,1,control,0.0025576904686460556,0.14773606705565906
PatchTST_ETTm2_h96_fredf_s2021_det,2,defect,0.008899628643401053,0.07308615304697971
PatchTST_ETTm2_h96_fredf_s2021_det,2,control,-0.006553743710878752,-0.13912923874997446
PatchTST_ETTm2_h96_fredf_s2021_det,3,defect,0.004769878623227195,0.04091332357143718
PatchTST_ETTm2_h96_fredf_s2021_det,3,control,-0.002082539204636499,-0.026604627024518674
PatchTST_ETTm2_h96_fredf_s2021_det,4,defect,0.006402768500625384,0.07836288093048262
PatchTST_ETTm2_h96_fredf_s2021_det,4,control,0.008956273769653212,0.030622404989056193
PatchTST_ETTm2_h96_fredf_s2021_det,5,defect,-0.005774176884886183,0.005957149805929338
PatchTST_ETTm2_h96_fredf_s2021_det,5,control,0.006914965560520048,0.014617019924078815
PatchTST_ETTm2_h96_fredf_s2021_det,6,defect,0.0005496656404416595,-0.14686682714774127
PatchTST_ETTm2_h96_fredf_s2021_det,6,control,-0.0031713177909806207,-0.10827894380539664
PatchTST_ETTm2_h96_fredf_s2021_det,7,defect,0.01570560303461995,0.08686532027697015
PatchTST_ETTm2_h96_fredf_s2021_det,7,control,0.011644554958740555,-0.08275462367585752
PatchTST_ETTm2_h96_none_s2021_det,0,defect,0.004491968079592388,-0.11104838353152727
PatchTST_ETTm2_h96_none_s2021_det,0,control,0.009577323492617635,0.01794994703298575
PatchTST_ETTm2_h96_none_s2021_det,1,defect,0.0009195572109107276,0.11232564485923122
PatchTST_ETTm2_h96_none_s2021_det,1,control,-0.004831528362915954,0.04783538495481203
PatchTST_ETTm2_h96_none_s2021_det,2,defect,-0.0028229279651662826,-0.14629904918470119
PatchTST_ETTm2_h96_none_s2021_det,2,control,-0.007157511143194139,-0.06319488972411146
PatchTST_ETTm2_h96_none_s2021_det,3,defect,-0.0030539568943221507,0.0016870806724216371
PatchTST_ETTm2_h96_none_s2021_det,3,control,-0.004300746548825074,-0.12548868354792622
PatchTST_ETTm2_h96_none_s2021_det,4,defect,-0.01458456783003868,-0.1362605769377022
PatchTST_ETTm2_h96_none_s2021_det,4,control,0.007649409119928494,0.025579953388241608
PatchTST_ETTm2_h96_none_s2021_det,5,defect,-0.00417542282550016,-0.06548207992075154
PatchTST_ETTm2_h96_none_s2021_det,5,control,8.394366448457571e-05,0.04983943309023686
PatchTST_ETTm2_h96_none_s2021_det,6,defect,-0.019781296649680973,-0.03306104519881415
PatchTST_ETTm2_h96_none_s2021_det,6,control,0.005296348133525535,-0.03539396175569941
PatchTST_ETTm2_h96_none_s2021_det,7,defect,-0.00030144833656224347,-0.02900865374696118
PatchTST_ETTm2_h96_none_s2021_det,7,control,0.0017114262361282164,0.10374826429541702
PatchTST_ETTm2_h96_san_lite_s2021_det,0,defect,-0.0016841414777115176,0.07232839730330078
PatchTST_ETTm2_h96_san_lite_s2021_det,0,control,0.0002758313212865956,0.06111215043218686
PatchTST_ETTm2_h96_san_lite_s2021_det,1,defect,-0.0018938854296608738,0.12651400255347625
PatchTST_ETTm2_h96_san_lite_s2021_det,1,control,0.005128175592701935,-0.02414829113676531
PatchTST_ETTm2_h96_san_lite_s2021_det,2,defect,-0.002276367086732625,-0.03249554128009806
PatchTST_ETTm2_h96_san_lite_s2021_det,2,control,0.01740628328069707,0.03032322156552646
PatchTST_ETTm2_h96_san_lite_s2021_det,3,defect,0.009681977655109994,0.09132513665293106
PatchTST_ETTm2_h96_san_lite_s2021_det,3,control,-0.00012055483110719938,0.08514061541461442
PatchTST_ETTm2_h96_san_lite_s2021_det,4,defect,-0.02114624487282877,-0.17131498361890074
PatchTST_ETTm2_h96_san_lite_s2021_det,4,control,0.01490654500450018,-0.0358570018859478
PatchTST_ETTm2_h96_san_lite_s2021_det,5,defect,-0.015202239681320852,0.004386020855068026
PatchTST_ETTm2_h96_san_lite_s2021_det,5,control,0.002916341174874654,0.1971871926072913
PatchTST_ETTm2_h96_san_lite_s2021_det,6,defect,0.0001825000944133734,0.08492106726972415
PatchTST_ETTm2_h96_san_lite_s2021_det,6,control,0.00408883268933698,0.07211806087853226
PatchTST_ETTm2_h96_san_lite_s2021_det,7,defect,0.008727297927457097,0.06903944661763206
PatchTST_ETTm2_h96_san_lite_s2021_det,7,control,0.031368755458030695,0.11548170996885472
PatchTST_Exchange_h336_fredf_s2021_det,0,defect,-0.008759594191117851,0.08730145099578676
PatchTST_Exchange_h336_fredf_s2021_det,0,control,-0.05659330008910288,-0.23347030949124997
PatchTST_Exchange_h336_fredf_s2021_det,1,defect,0.009660471150990292,0.06842475276810665
PatchTST_Exchange_h336_fredf_s2021_det,1,control,-0.005255819043003861,0.20321708127213362
PatchTST_Exchange_h336_fredf_s2021_det,2,defect,-0.086976911412984,-0.15567030743321988
PatchTST_Exchange_h336_fredf_s2021_det,2,control,-0.0555592377796189,0.0386102284106085
PatchTST_Exchange_h336_fredf_s2021_det,3,defect,0.012760938550280597,-0.04804580450022553
PatchTST_Exchange_h336_fredf_s2021_det,3,control,-0.012594144221600415,0.2587037690534086
PatchTST_Exchange_h336_fredf_s2021_det,4,defect,-0.08894592862390771,0.057096614469117374
PatchTST_Exchange_h336_fredf_s2021_det,4,control,-0.0846180300448641,-0.10882963814919219
PatchTST_Exchange_h336_fredf_s2021_det,5,defect,-0.05979553235059636,-0.15310293423604032
PatchTST_Exchange_h336_fredf_s2021_det,5,control,-0.051267292992137066,-0.0793828710091817
PatchTST_Exchange_h336_fredf_s2021_det,6,defect,0.01736067905769802,0.06788737873412168
PatchTST_Exchange_h336_fredf_s2021_det,6,control,-0.002644479529786935,0.35331733290855477
PatchTST_Exchange_h336_fredf_s2021_det,7,defect,-0.04510872113926623,0.040864658473923295
PatchTST_Exchange_h336_fredf_s2021_det,7,control,0.041493801878976416,0.10656682364608298
PatchTST_Exchange_h336_none_s2021_det,0,defect,-0.051018899188694886,-0.2005537854309594
PatchTST_Exchange_h336_none_s2021_det,0,control,-0.044342905378999854,0.22632196042660546
PatchTST_Exchange_h336_none_s2021_det,1,defect,-0.02353503931468947,-0.08149071223384946
PatchTST_Exchange_h336_none_s2021_det,1,control,-0.04428616091666537,-0.048239161156055456
PatchTST_Exchange_h336_none_s2021_det,2,defect,0.08034687592815495,-0.19149973936998171
PatchTST_Exchange_h336_none_s2021_det,2,control,0.04447484016194839,0.07304684754318887
PatchTST_Exchange_h336_none_s2021_det,3,defect,-0.004917540760657173,-0.13277834279356998
PatchTST_Exchange_h336_none_s2021_det,3,control,-0.062360913538947335,-0.03542251233642583
PatchTST_Exchange_h336_none_s2021_det,4,defect,-0.010030951524909725,-0.009319560843536485
PatchTST_Exchange_h336_none_s2021_det,4,control,-0.03444091854121399,-0.010626432799657552
PatchTST_Exchange_h336_none_s2021_det,5,defect,-0.00024823748260930734,0.058811687897408406
PatchTST_Exchange_h336_none_s2021_det,5,control,0.09805255506401338,-0.06018543173558707
PatchTST_Exchange_h336_none_s2021_det,6,defect,0.018152913038720672,0.008446309967867565
PatchTST_Exchange_h336_none_s2021_det,6,control,0.042293070297478544,0.04492466819809227
PatchTST_Exchange_h336_none_s2021_det,7,defect,-0.09758015350705788,-0.18815715072634184
PatchTST_Exchange_h336_none_s2021_det,7,control,-0.043169873849087874,-0.0950016064852182
PatchTST_Exchange_h336_san_lite_s2021_det,0,defect,-0.06452689499929656,0.039698597469688374
PatchTST_Exchange_h336_san_lite_s2021_det,0,control,-0.006922824404808429,-0.006597653168933698
PatchTST_Exchange_h336_san_lite_s2021_det,1,defect,0.08362445483109535,-0.09268242641954431
PatchTST_Exchange_h336_san_lite_s2021_det,1,control,0.010961842084694627,0.13944974453506015
PatchTST_Exchange_h336_san_lite_s2021_det,2,defect,-0.09442575542042489,-0.002357601482656103
PatchTST_Exchange_h336_san_lite_s2021_det,2,control,-0.03850244642103453,0.0691344725974312
PatchTST_Exchange_h336_san_lite_s2021_det,3,defect,0.00013224742461427836,-0.34238365265994924
PatchTST_Exchange_h336_san_lite_s2021_det,3,control,-0.003654624751840678,-0.17356490904117608
PatchTST_Exchange_h336_san_lite_s2021_det,4,defect,0.025650685466852167,-0.17218466975980448
PatchTST_Exchange_h336_san_lite_s2021_det,4,control,0.04256256741335918,-0.13301322405482413
PatchTST_Exchange_h336_san_lite_s2021_det,5,defect,0.058630316862328245,-0.23401863205739015
PatchTST_Exchange_h336_san_lite_s2021_det,5,control,0.09563567866689594,0.1473217073773915
PatchTST_Exchange_h336_san_lite_s2021_det,6,defect,-0.03748339091150678,0.09749111823634313
PatchTST_Exchange_h336_san_lite_s2021_det,6,control,0.0009258882931328259,0.027564399093725347
PatchTST_Exchange_h336_san_lite_s2021_det,7,defect,-0.0755184380422379,0.11543874191132164
PatchTST_Exchange_h336_san_lite_s2021_det,7,control,-0.08655984743086712,0.3219311412762856
PatchTST_Exchange_h96_fredf_s2021_det,0,defect,-0.03708318337360824,0.02406697251032568
PatchTST_Exchange_h96_fredf_s2021_det,0,control,0.039312788646967474,0.07751531820807309
PatchTST_Exchange_h96_fredf_s2021_det,1,defect,0.02238611017938856,-0.02517223267846848
PatchTST_Exchange_h96_fredf_s2021_det,1,control,0.020644618710566717,0.04365984220108019
PatchTST_Exchange_h96_fredf_s2021_det,2,defect,-0.06353738465342777,-0.07483947407269173
PatchTST_Exchange_h96_fredf_s2021_det,2,control,0.02635414651901653,-0.06146675878360881
PatchTST_Exchange_h96_fredf_s2021_det,3,defect,-0.0472412715278917,-0.056950295913294285
PatchTST_Exchange_h96_fredf_s2021_det,3,control,-0.03320267454699921,-0.0878344769463535
PatchTST_Exchange_h96_fredf_s2021_det,4,defect,-0.01149140353325515,0.013766537280075323
PatchTST_Exchange_h96_fredf_s2021_det,4,control,-0.04614275023279462,-0.09229978339748562
PatchTST_Exchange_h96_fredf_s2021_det,5,defect,0.01797782473115384,0.03547196878831528
PatchTST_Exchange_h96_fredf_s2021_det,5,control,0.02569481339297446,0.046337679151087156
PatchTST_Exchange_h96_fredf_s2021_det,6,defect,0.01460628125181074,-0.03331075147570762
PatchTST_Exchange_h96_fredf_s2021_det,6,control,0.041354321982096244,-0.11674429388537944
PatchTST_Exchange_h96_fredf_s2021_det,7,defect,0.016157415681829126,-0.029514137785290055
PatchTST_Exchange_h96_fredf_s2021_det,7,control,-0.032964085563958745,0.005406392454335695
PatchTST_Exchange_h96_none_s2021_det,0,defect,0.013053024942688861,-0.008608889725641786
PatchTST_Exchange_h96_none_s2021_det,0,control,0.012091813708808002,-0.10107987337799325
PatchTST_Exchange_h96_none_s2021_det,1,defect,0.05774298168083838,0.0014155602146729968
PatchTST_Exchange_h96_none_s2021_det,1,control,-0.013105949504173982,0.062155300459931916
PatchTST_Exchange_h96_none_s2021_det,2,defect,0.009332717988393323,-0.01203601019101452
PatchTST_Exchange_h96_none_s2021_det,2,control,-0.062370595978712653,-0.02695566031843023
PatchTST_Exchange_h96_none_s2021_det,3,defect,0.05551260110549901,0.0019602947677246933
PatchTST_Exchange_h96_none_s2021_det,3,control,-0.007878169862951093,0.011378734469330234
PatchTST_Exchange_h96_none_s2021_det,4,defect,0.04191262101851829,0.12125963014648629
PatchTST_Exchange_h96_none_s2021_det,4,control,-0.036297598440908525,-0.16413205907709408
PatchTST_Exchange_h96_none_s2021_det,5,defect,0.005999776386586786,0.019440820628727755
PatchTST_Exchange_h96_none_s2021_det,5,control,-0.01977640290893303,0.027410268688490495
PatchTST_Exchange_h96_none_s2021_det,6,defect,0.0361418443536389,0.07533631664364843
PatchTST_Exchange_h96_none_s2021_det,6,control,0.06755059253473965,0.07424252235204137
PatchTST_Exchange_h96_none_s2021_det,7,defect,0.002576695728249311,-0.08349898593554986
PatchTST_Exchange_h96_none_s2021_det,7,control,0.0639739612789708,-0.18222414424958835
PatchTST_Exchange_h96_san_lite_s2021_det,0,defect,-0.017712834675421868,-0.0742652417287329
PatchTST_Exchange_h96_san_lite_s2021_det,0,control,-0.01946673097592565,0.12480637626410306
PatchTST_Exchange_h96_san_lite_s2021_det,1,defect,-0.0012511333690788352,-0.18527775254913034
PatchTST_Exchange_h96_san_lite_s2021_det,1,control,0.05321028066747788,-0.051937176384037206
PatchTST_Exchange_h96_san_lite_s2021_det,2,defect,-0.011743825535835683,0.06284337281659044
PatchTST_Exchange_h96_san_lite_s2021_det,2,control,0.030846572634778087,0.07577981772996628
PatchTST_Exchange_h96_san_lite_s2021_det,3,defect,0.07124833412087693,0.025680318327242678
PatchTST_Exchange_h96_san_lite_s2021_det,3,control,0.05797753093250874,0.06593853174148762
PatchTST_Exchange_h96_san_lite_s2021_det,4,defect,0.0032931155632487277,0.11149220377665332
PatchTST_Exchange_h96_san_lite_s2021_det,4,control,0.024554670623155087,-0.06708560058893513
PatchTST_Exchange_h96_san_lite_s2021_det,5,defect,0.052460930901007,-0.013003535390718206
PatchTST_Exchange_h96_san_lite_s2021_det,5,control,-0.056828900646275424,-0.07507432815552659
PatchTST_Exchange_h96_san_lite_s2021_det,6,defect,0.008447282321727471,-0.029998018294168833
PatchTST_Exchange_h96_san_lite_s2021_det,6,control,-0.002811857060430301,0.08616181316314139
PatchTST_Exchange_h96_san_lite_s2021_det,7,defect,-0.022210810321146406,0.06545567306574755
PatchTST_Exchange_h96_san_lite_s2021_det,7,control,0.09316665156868074,0.14262024788649358
PatchTST_ILI_h24_fredf_s2021_det,0,defect,0.027323213624583485,
PatchTST_ILI_h24_fredf_s2021_det,0,control,0.03638652350981117,
PatchTST_ILI_h24_fredf_s2021_det,1,defect,-0.04050351721584598,
PatchTST_ILI_h24_fredf_s2021_det,1,control,0.16191040355423914,
PatchTST_ILI_h24_fredf_s2021_det,2,defect,-0.14852276934468714,
PatchTST_ILI_h24_fredf_s2021_det,2,control,-0.09201036653091446,
PatchTST_ILI_h24_fredf_s2021_det,3,defect,0.03010736764161421,
PatchTST_ILI_h24_fredf_s2021_det,3,control,0.05940022213994815,
PatchTST_ILI_h24_fredf_s2021_det,4,defect,0.05199555720103664,
PatchTST_ILI_h24_fredf_s2021_det,4,control,0.0969270640503517,
PatchTST_ILI_h24_fredf_s2021_det,5,defect,0.015238800444279894,
PatchTST_ILI_h24_fredf_s2021_det,5,control,0.18442058496853012,
PatchTST_ILI_h24_fredf_s2021_det,6,defect,0.13563865235098108,
PatchTST_ILI_h24_fredf_s2021_det,6,control,-0.042132543502406514,
PatchTST_ILI_h24_fredf_s2021_det,7,defect,-0.033158089596445756,
PatchTST_ILI_h24_fredf_s2021_det,7,control,-0.04148093298778229,
PatchTST_ILI_h24_none_s2021_det,0,defect,-0.0053757867456497585,
PatchTST_ILI_h24_none_s2021_det,0,control,0.047434283598667144,
PatchTST_ILI_h24_none_s2021_det,1,defect,-0.03271380970011106,
PatchTST_ILI_h24_none_s2021_det,1,control,0.011181044057756384,
PatchTST_ILI_h24_none_s2021_det,2,defect,0.057948907811921496,
PatchTST_ILI_h24_none_s2021_det,2,control,0.03517215845982969,
PatchTST_ILI_h24_none_s2021_det,3,defect,-0.07077378748611625,
PatchTST_ILI_h24_none_s2021_det,3,control,0.04198445020362828,
PatchTST_ILI_h24_none_s2021_det,4,defect,0.10459829692706402,
PatchTST_ILI_h24_none_s2021_det,4,control,-0.20127360236949274,
PatchTST_ILI_h24_none_s2021_det,5,defect,0.03742317660125878,
PatchTST_ILI_h24_none_s2021_det,5,control,-0.012839689004072563,
PatchTST_ILI_h24_none_s2021_det,6,defect,0.15284709366901145,
PatchTST_ILI_h24_none_s2021_det,6,control,-0.18699740836727136,
PatchTST_ILI_h24_none_s2021_det,7,defect,0.17049981488337648,
PatchTST_ILI_h24_none_s2021_det,7,control,0.057534246575342445,
PatchTST_ILI_h24_san_lite_s2021_det,0,defect,0.13563865235098108,
PatchTST_ILI_h24_san_lite_s2021_det,0,control,-0.08507960014809328,
PatchTST_ILI_h24_san_lite_s2021_det,1,defect,0.010914476119955569,
PatchTST_ILI_h24_san_lite_s2021_det,1,control,-0.12216216216216215,
PatchTST_ILI_h24_san_lite_s2021_det,2,defect,0.12062199185486853,
PatchTST_ILI_h24_san_lite_s2021_det,2,control,-0.008011847463902258,
PatchTST_ILI_h24_san_lite_s2021_det,3,defect,-0.07651980747871157,
PatchTST_ILI_h24_san_lite_s2021_det,3,control,0.034224361347649015,
PatchTST_ILI_h24_san_lite_s2021_det,4,defect,0.05238059977786004,
PatchTST_ILI_h24_san_lite_s2021_det,4,control,0.06985560903369122,
PatchTST_ILI_h24_san_lite_s2021_det,5,defect,-0.17449833395038872,
PatchTST_ILI_h24_san_lite_s2021_det,5,control,0.0022362088115512766,
PatchTST_ILI_h24_san_lite_s2021_det,6,defect,0.15115883006293962,
PatchTST_ILI_h24_san_lite_s2021_det,6,control,0.12820436875231395,
PatchTST_ILI_h24_san_lite_s2021_det,7,defect,0.07613476490188818,
PatchTST_ILI_h24_san_lite_s2021_det,7,control,0.1137800814513143,
PatchTST_ILI_h48_fredf_s2021_det,0,defect,0.322641056422569,
PatchTST_ILI_h48_fredf_s2021_det,0,control,0.0398079231692677,
PatchTST_ILI_h48_fredf_s2021_det,1,defect,0.04441776710684273,
PatchTST_ILI_h48_fredf_s2021_det,1,control,0.04902761104441777,
PatchTST_ILI_h48_fredf_s2021_det,2,defect,0.07361344537815126,
PatchTST_ILI_h48_fredf_s2021_det,2,control,-0.11097238895558223,
PatchTST_ILI_h48_fredf_s2021_det,3,defect,0.18319327731092436,
PatchTST_ILI_h48_fredf_s2021_det,3,control,-0.21210084033613444,
PatchTST_ILI_h48_fredf_s2021_det,4,defect,-0.25791116446578627,
PatchTST_ILI_h48_fredf_s2021_det,4,control,-0.1078031212484994,
PatchTST_ILI_h48_fredf_s2021_det,5,defect,-0.0656422569027611,
PatchTST_ILI_h48_fredf_s2021_det,5,control,0.03577430972388955,
PatchTST_ILI_h48_fredf_s2021_det,6,defect,-0.07543817527010806,
PatchTST_ILI_h48_fredf_s2021_det,6,control,-0.024921968787515004,
PatchTST_ILI_h48_fredf_s2021_det,7,defect,-0.13133253301320527,
PatchTST_ILI_h48_fredf_s2021_det,7,control,0.08292917166866745,
PatchTST_ILI_h48_none_s2021_det,0,defect,0.19779111644657865,
PatchTST_ILI_h48_none_s2021_det,0,control,0.020888355342136854,
PatchTST_ILI_h48_none_s2021_det,1,defect,0.42828331332533015,
PatchTST_ILI_h48_none_s2021_det,1,control,-0.10405762304921969,
PatchTST_ILI_h48_none_s2021_det,2,defect,-0.06775510204081632,
PatchTST_ILI_h48_none_s2021_det,2,control,-0.0575750300120048,
PatchTST_ILI_h48_none_s2021_det,3,defect,-0.2227611044417767,
PatchTST_ILI_h48_none_s2021_det,3,control,-0.010036014405762305,
PatchTST_ILI_h48_none_s2021_det,4,defect,-0.17224489795918366,
PatchTST_ILI_h48_none_s2021_det,4,control,-0.013205282112845136,
PatchTST_ILI_h48_none_s2021_det,5,defect,-0.007635054021608643,
PatchTST_ILI_h48_none_s2021_det,5,control,0.02280912364945978,
PatchTST_ILI_h48_none_s2021_det,6,defect,0.1063625450180072,
PatchTST_ILI_h48_none_s2021_det,6,control,0.188859543817527,
PatchTST_ILI_h48_none_s2021_det,7,defect,0.05286914765906363,
PatchTST_ILI_h48_none_s2021_det,7,control,0.022328931572629048,
PatchTST_ILI_h48_san_lite_s2021_det,0,defect,-0.013397358943577431,
PatchTST_ILI_h48_san_lite_s2021_det,0,control,-0.258391356542617,
PatchTST_ILI_h48_san_lite_s2021_det,1,defect,0.08648259303721488,
PatchTST_ILI_h48_san_lite_s2021_det,1,control,0.12605042016806722,
PatchTST_ILI_h48_san_lite_s2021_det,2,defect,-0.10828331332533012,
PatchTST_ILI_h48_san_lite_s2021_det,2,control,0.06938775510204082,
PatchTST_ILI_h48_san_lite_s2021_det,3,defect,0.11481392557022808,
PatchTST_ILI_h48_san_lite_s2021_det,3,control,-0.1771428571428571,
PatchTST_ILI_h48_san_lite_s2021_det,4,defect,-0.04172869147659064,
PatchTST_ILI_h48_san_lite_s2021_det,4,control,-0.2166146458583433,
PatchTST_ILI_h48_san_lite_s2021_det,5,defect,-0.02348139255702281,
PatchTST_ILI_h48_san_lite_s2021_det,5,control,0.07870348139255702,
PatchTST_ILI_h48_san_lite_s2021_det,6,defect,0.2010564225690276,
PatchTST_ILI_h48_san_lite_s2021_det,6,control,0.21056422569027608,
PatchTST_ILI_h48_san_lite_s2021_det,7,defect,0.19692677070828332,
PatchTST_ILI_h48_san_lite_s2021_det,7,control,-0.06180072028811524,
PatchTST_Weather_h336_fredf_s2021_det,0,defect,0.015135070951416352,-0.05346139042984214
PatchTST_Weather_h336_fredf_s2021_det,0,control,0.005557311125987837,-0.11832568593870625
PatchTST_Weather_h336_fredf_s2021_det,1,defect,-0.007653460591354554,-0.03698389835195173
PatchTST_Weather_h336_fredf_s2021_det,1,control,-0.006184280774888033,-0.00883728709058276
PatchTST_Weather_h336_fredf_s2021_det,2,defect,-0.01050842584181314,0.03079920858199095
PatchTST_Weather_h336_fredf_s2021_det,2,control,0.02582069564076953,-0.08256585908360586
PatchTST_Weather_h336_fredf_s2021_det,3,defect,-0.002629688862635995,0.08112886718451782
PatchTST_Weather_h336_fredf_s2021_det,3,control,-0.015548510900007653,0.06302783791014863
PatchTST_Weather_h336_fredf_s2021_det,4,defect,0.02056783739645887,0.1044944609990911
PatchTST_Weather_h336_fredf_s2021_det,4,control,0.002745211085940809,0.07464375220383328
PatchTST_Weather_h336_fredf_s2021_det,5,defect,-0.0012457617158493513,-0.10071719523809419
PatchTST_Weather_h336_fredf_s2021_det,5,control,-0.01600462925182368,-0.1435991604083038
PatchTST_Weather_h336_fredf_s2021_det,6,defect,0.026830117210816497,-0.07248322977731411
PatchTST_Weather_h336_fredf_s2021_det,6,control,-0.0037022659388269946,-0.1632234028017886
PatchTST_Weather_h336_fredf_s2021_det,7,defect,-0.011897007992058752,0.06012432889408116
PatchTST_Weather_h336_fredf_s2021_det,7,control,-0.0089332624505727,-0.0005778255999714049
PatchTST_Weather_h336_none_s2021_det,0,defect,0.018831035467484068,-0.04054843895829594
PatchTST_Weather_h336_none_s2021_det,0,control,0.004183335979818402,0.21232099757136577
PatchTST_Weather_h336_none_s2021_det,1,defect,0.005932111340893381,-0.005324232501844725
PatchTST_Weather_h336_none_s2021_det,1,control,0.017939528870198063,-0.14715755917912215
PatchTST_Weather_h336_none_s2021_det,2,defect,0.008147996425227321,-0.10912732715085804
PatchTST_Weather_h336_none_s2021_det,2,control,0.013648062680374894,-0.05213059057300781
PatchTST_Weather_h336_none_s2021_det,3,defect,0.0029893007846135485,-0.22686646905693092
PatchTST_Weather_h336_none_s2021_det,3,control,0.008152950360122622,-0.11580032512349885
PatchTST_Weather_h336_none_s2021_det,4,defect,0.010621517075601643,0.1493798019983937
PatchTST_Weather_h336_none_s2021_det,4,control,0.010673504487309313,-0.12248185071929989
PatchTST_Weather_h336_none_s2021_det,5,defect,0.005193622294411158,0.01873101810391277
PatchTST_Weather_h336_none_s2021_det,5,control,-0.008515064859405347,-0.07866261084675925
PatchTST_Weather_h336_none_s2021_det,6,defect,-0.009558248708363092,-0.11527929558627178
PatchTST_Weather_h336_none_s2021_det,6,control,-0.012516996583501234,0.10015020940310758
PatchTST_Weather_h336_none_s2021_det,7,defect,0.004909118543229992,0.011082607250576922
PatchTST_Weather_h336_none_s2021_det,7,control,0.005916870530284859,0.12467346707717585
PatchTST_Weather_h336_san_lite_s2021_det,0,defect,0.000366260750210267,-0.04417952937456553
PatchTST_Weather_h336_san_lite_s2021_det,0,control,0.0014197731096729546,0.05996210443584736
PatchTST_Weather_h336_san_lite_s2021_det,1,defect,-0.004169825557101107,-0.0911525338417599
PatchTST_Weather_h336_san_lite_s2021_det,1,control,0.028726836127426377,-0.17993264223784328
PatchTST_Weather_h336_san_lite_s2021_det,2,defect,-0.007273605899513217,0.12954494293223823
PatchTST_Weather_h336_san_lite_s2021_det,2,control,0.008721955017380646,0.1281912826757474
PatchTST_Weather_h336_san_lite_s2021_det,3,defect,-0.019080703772856828,-0.07966263730231793
PatchTST_Weather_h336_san_lite_s2021_det,3,control,0.005730861742278268,-0.0312383014583369
PatchTST_Weather_h336_san_lite_s2021_det,4,defect,-0.004535958857084754,-0.1829450774646117
PatchTST_Weather_h336_san_lite_s2021_det,4,control,-0.023742036860605505,-0.08036227720276935
PatchTST_Weather_h336_san_lite_s2021_det,5,defect,-0.008608224685348664,0.0946360813378539
PatchTST_Weather_h336_san_lite_s2021_det,5,control,-0.00471493267243914,0.03652158233401003
PatchTST_Weather_h336_san_lite_s2021_det,6,defect,-0.005117228838506199,-0.10606293294366323
PatchTST_Weather_h336_san_lite_s2021_det,6,control,0.003558703268036013,0.09824455486458755
PatchTST_Weather_h336_san_lite_s2021_det,7,defect,-0.00651820635954916,-0.058023096456627975
PatchTST_Weather_h336_san_lite_s2021_det,7,control,-0.01474441269412686,0.14944044337740192
PatchTST_Weather_h96_fredf_s2021_det,0,defect,-0.009747916471143519,0.13876273832037592
PatchTST_Weather_h96_fredf_s2021_det,0,control,-0.028867892123711564,0.04239111899835518
PatchTST_Weather_h96_fredf_s2021_det,1,defect,-0.016302337071021564,0.005425921087202246
PatchTST_Weather_h96_fredf_s2021_det,1,control,-0.00027613327640443934,-0.06113481510232019
PatchTST_Weather_h96_fredf_s2021_det,2,defect,-0.005809454485895625,-0.10344596510678515
PatchTST_Weather_h96_fredf_s2021_det,2,control,-0.012794963308146787,-0.18178858583211557
PatchTST_Weather_h96_fredf_s2021_det,3,defect,-0.018864452734640304,-0.02952716929532077
PatchTST_Weather_h96_fredf_s2021_det,3,control,-0.0216169125467921,-0.05458493940678466
PatchTST_Weather_h96_fredf_s2021_det,4,defect,0.018629322843066783,-0.13572331946342872
PatchTST_Weather_h96_fredf_s2021_det,4,control,0.0023166193761492678,0.06444494966900177
PatchTST_Weather_h96_fredf_s2021_det,5,defect,-0.01482620491331474,-0.07848650647944289
PatchTST_Weather_h96_fredf_s2021_det,5,control,0.0022739963041936585,-0.0652735688253843
PatchTST_Weather_h96_fredf_s2021_det,6,defect,0.006807419694417008,-0.09336712582610132
PatchTST_Weather_h96_fredf_s2021_det,6,control,-0.007275385454754174,-0.01529927035195796
PatchTST_Weather_h96_fredf_s2021_det,7,defect,-0.013778994410503542,-0.11751994797167567
PatchTST_Weather_h96_fredf_s2021_det,7,control,0.02174536293126691,-0.1340760962521792
PatchTST_Weather_h96_none_s2021_det,0,defect,0.011383209427614638,-0.02981136594134395
PatchTST_Weather_h96_none_s2021_det,0,control,-0.0016892088133180357,-0.10239544432128367
PatchTST_Weather_h96_none_s2021_det,1,defect,-0.010226190960765652,-0.060029995527601396
PatchTST_Weather_h96_none_s2021_det,1,control,-0.0015046811997089893,0.0007099018186999904
PatchTST_Weather_h96_none_s2021_det,2,defect,0.004971539319524119,0.12622995856752664
PatchTST_Weather_h96_none_s2021_det,2,control,0.005024811059375385,0.054305141055343766
PatchTST_Weather_h96_none_s2021_det,3,defect,-0.022977472070852413,-0.15125841228811784
PatchTST_Weather_h96_none_s2021_det,3,control,-0.0051531887977741995,0.08621219882556219
PatchTST_Weather_h96_none_s2021_det,4,defect,0.003688455839770844,0.027405883649613876
PatchTST_Weather_h96_none_s2021_det,4,control,0.009777074476021125,0.03760046663259672
PatchTST_Weather_h96_none_s2021_det,5,defect,0.013856849357347613,0.024782418456883996
PatchTST_Weather_h96_none_s2021_det,5,control,-0.00260245484338532,0.006932357339825781
PatchTST_Weather_h96_none_s2021_det,6,defect,0.0176414433169987,-0.03502320058195374
PatchTST_Weather_h96_none_s2021_det,6,control,0.012752469509840126,0.08707356810857991
PatchTST_Weather_h96_none_s2021_det,7,defect,-0.0012152974175809268,-0.019439104779668034
PatchTST_Weather_h96_none_s2021_det,7,control,0.01689477621116529,0.05786797734950465
PatchTST_Weather_h96_san_lite_s2021_det,0,defect,0.02911425990433351,0.12405303154610835
PatchTST_Weather_h96_san_lite_s2021_det,0,control,0.00092067930817488,0.013188970016469381
PatchTST_Weather_h96_san_lite_s2021_det,1,defect,0.007336692075735724,-0.09967547642657912
PatchTST_Weather_h96_san_lite_s2021_det,1,control,-0.011861258272810014,-0.08850368796112928
PatchTST_Weather_h96_san_lite_s2021_det,2,defect,0.01667752054457438,-0.22161157397322473
PatchTST_Weather_h96_san_lite_s2021_det,2,control,-0.04375212341492906,-0.20328087920185708
PatchTST_Weather_h96_san_lite_s2021_det,3,defect,-0.0002822688825919143,-0.006390386014374453
PatchTST_Weather_h96_san_lite_s2021_det,3,control,-0.0068089954821846915,-0.14408364655719313
PatchTST_Weather_h96_san_lite_s2021_det,4,defect,-0.007742409586871461,0.04222205559423632
PatchTST_Weather_h96_san_lite_s2021_det,4,control,-0.010424968634688692,-0.025913845858309956
PatchTST_Weather_h96_san_lite_s2021_det,5,defect,-0.0017145514705284523,0.029521456397306238
PatchTST_Weather_h96_san_lite_s2021_det,5,control,-0.0124984536299967,0.08661642654360403
PatchTST_Weather_h96_san_lite_s2021_det,6,defect,0.0038110231043008624,-0.11158041573567277
PatchTST_Weather_h96_san_lite_s2021_det,6,control,-0.007674437103958204,0.03547955389551077
PatchTST_Weather_h96_san_lite_s2021_det,7,defect,-0.006520302660350388,-0.04019867613335753
PatchTST_Weather_h96_san_lite_s2021_det,7,control,-0.011554418478508719,-0.01936028193217006
iTransformer_ETTh1_h336_fredf_s2021_det,0,defect,0.016750987814501194,-0.035135028379200524
iTransformer_ETTh1_h336_fredf_s2021_det,0,control,0.012599889795855013,-0.21358406804931948
iTransformer_ETTh1_h336_fredf_s2021_det,1,defect,0.0065027936427530806,0.08297561557964232
iTransformer_ETTh1_h336_fredf_s2021_det,1,control,-0.0027544287894016722,-0.035858383020060024
iTransformer_ETTh1_h336_fredf_s2021_det,2,defect,0.010285738883033845,-0.16053648370439655
iTransformer_ETTh1_h336_fredf_s2021_det,2,control,0.014999505266494939,-0.15419095694721874
iTransformer_ETTh1_h336_fredf_s2021_det,3,defect,-0.01695317409980705,0.20076594797385408
iTransformer_ETTh1_h336_fredf_s2021_det,3,control,-0.0007996461505234404,-0.12509798238269648
iTransformer_ETTh1_h336_fredf_s2021_det,4,defect,0.02348063962781597,0.1643984079473975
iTransformer_ETTh1_h336_fredf_s2021_det,4,control,-0.006516982652092478,-0.02371106994791432
iTransformer_ETTh1_h336_fredf_s2021_det,5,defect,-0.0013882035789644902,0.27109331750457866
iTransformer_ETTh1_h336_fredf_s2021_det,5,control,0.022775505339409165,-0.10015691096798475
iTransformer_ETTh1_h336_fredf_s2021_det,6,defect,0.006637775229727128,0.1901565709692761
iTransformer_ETTh1_h336_fredf_s2021_det,6,control,0.025341538649155053,0.003888217011254965
iTransformer_ETTh1_h336_fredf_s2021_det,7,defect,0.010625222451722786,-0.0962112971517852
iTransformer_ETTh1_h336_fredf_s2021_det,7,control,0.01148181172981983,-0.27846366747433793
iTransformer_ETTh1_h336_none_s2021_det,0,defect,-0.002617304764662201,0.10440836837420146
iTransformer_ETTh1_h336_none_s2021_det,0,control,0.025239577393340297,0.1392190717614271
iTransformer_ETTh1_h336_none_s2021_det,1,defect,-0.002477110858829701,0.031804634519067995
iTransformer_ETTh1_h336_none_s2021_det,1,control,0.00755643987673186,0.20566624559652802
iTransformer_ETTh1_h336_none_s2021_det,2,defect,-0.017441198564276957,-0.009132747453498487
iTransformer_ETTh1_h336_none_s2021_det,2,control,0.011615601617635876,0.1246598500517313
iTransformer_ETTh1_h336_none_s2021_det,3,defect,-0.008139475595879424,0.14096580190262273
iTransformer_ETTh1_h336_none_s2021_det,3,control,0.001880188241002831,0.10330894123661716
iTransformer_ETTh1_h336_none_s2021_det,4,defect,-0.011194768747902876,-0.0751979907157113
iTransformer_ETTh1_h336_none_s2021_det,4,control,-0.012415637964096206,0.0007744428564959842
iTransformer_ETTh1_h336_none_s2021_det,5,defect,0.030732003064144624,0.044518869702134346
iTransformer_ETTh1_h336_none_s2021_det,5,control,-0.010933354941646633,0.11864680733637652
iTransformer_ETTh1_h336_none_s2021_det,6,defect,0.026820705927929466,-0.26731219803457423
iTransformer_ETTh1_h336_none_s2021_det,6,control,-0.019854967373359064,-0.16577704612738595
iTransformer_ETTh1_h336_none_s2021_det,7,defect,0.027986473071632018,0.06641271702382501
iTransformer_ETTh1_h336_none_s2021_det,7,control,-0.003943973861997189,0.08783015880770134
iTransformer_ETTh1_h336_san_lite_s2021_det,0,defect,0.0024242320300474005,-0.2246844164179847
iTransformer_ETTh1_h336_san_lite_s2021_det,0,control,0.022967236416123266,-0.13762091024806897
iTransformer_ETTh1_h336_san_lite_s2021_det,1,defect,0.004127257484439856,0.053356866094239896
iTransformer_ETTh1_h336_san_lite_s2021_det,1,control,0.0010293947559131854,-0.00954034624195006
iTransformer_ETTh1_h336_san_lite_s2021_det,2,defect,0.007090306788769101,0.1701556966251367
iTransformer_ETTh1_h336_san_lite_s2021_det,2,control,-0.032632321708744645,0.021340191209568614
iTransformer_ETTh1_h336_san_lite_s2021_det,3,defect,-0.01718323064261675,-0.06810758058668379
iTransformer_ETTh1_h336_san_lite_s2021_det,3,control,-0.0035425466889717296,0.08778261681616215
iTransformer_ETTh1_h336_san_lite_s2021_det,4,defect,0.0066454011591770175,0.11494527491361721
iTransformer_ETTh1_h336_san_lite_s2021_det,4,control,0.029992499507740248,0.17955032080836222
iTransformer_ETTh1_h336_san_lite_s2021_det,5,defect,-0.005314639736116209,0.21096702559317285
iTransformer_ETTh1_h336_san_lite_s2021_det,5,control,-0.035685109526777406,-0.03313829281515228
iTransformer_ETTh1_h336_san_lite_s2021_det,6,defect,-0.018947820061738428,0.003984327518676914
iTransformer_ETTh1_h336_san_lite_s2021_det,6,control,-0.012325942767313181,-0.1730812813242395
iTransformer_ETTh1_h336_san_lite_s2021_det,7,defect,-0.0075113300246934574,-0.08508352412859553
iTransformer_ETTh1_h336_san_lite_s2021_det,7,control,0.005523240595150146,-0.07053596541763996
iTransformer_ETTh1_h96_fredf_s2021_det,0,defect,0.0009995526224484113,-0.07387546905314736
iTransformer_ETTh1_h96_fredf_s2021_det,0,control,-0.0013275556084319147,0.09514835586333716
iTransformer_ETTh1_h96_fredf_s2021_det,1,defect,0.004773074942150681,-0.1397505117214816
iTransformer_ETTh1_h96_fredf_s2021_det,1,control,0.009770336412897325,0.023477997990479685
iTransformer_ETTh1_h96_fredf_s2021_det,2,defect,-0.00782287857644832,0.039704860832491314
iTransformer_ETTh1_h96_fredf_s2021_det,2,control,-0.01909741451195627,0.17203991788364711
iTransformer_ETTh1_h96_fredf_s2021_det,3,defect,0.0005671665408433506,0.11356953957075643
iTransformer_ETTh1_h96_fredf_s2021_det,3,control,0.0054432835347950756,-0.012831247426237622
iTransformer_ETTh1_h96_fredf_s2021_det,4,defect,0.04557734691890349,-0.029709116391368227
iTransformer_ETTh1_h96_fredf_s2021_det,4,control,0.008590142854609649,-0.13297104721866845
iTransformer_ETTh1_h96_fredf_s2021_det,5,defect,-0.038911521950743,-0.013163025552205063
iTransformer_ETTh1_h96_fredf_s2021_det,5,control,0.03714153354260579,0.2478454809708725
iTransformer_ETTh1_h96_fredf_s2021_det,6,defect,-0.009047329913978983,0.1160237644622012
iTransformer_ETTh1_h96_fredf_s2021_det,6,control,0.022731665486651804,-0.06289104501045197
iTransformer_ETTh1_h96_fredf_s2021_det,7,defect,0.001438987794790208,-0.016157144264399667
iTransformer_ETTh1_h96_fredf_s2021_det,7,control,-0.03235784857728694,-0.09135551927791197
iTransformer_ETTh1_h96_none_s2021_det,0,defect,0.004304636225142303,0.09703003320785951
iTransformer_ETTh1_h96_none_s2021_det,0,control,0.00986533331283066,-0.05150035951140936
iTransformer_ETTh1_h96_none_s2021_det,1,defect,-0.02374994105851311,0.10645635695421174
iTransformer_ETTh1_h96_none_s2021_det,1,control,0.007201171438997571,-0.07113171482315055
iTransformer_ETTh1_h96_none_s2021_det,2,defect,0.011416456036494878,0.18647189632542302
iTransformer_ETTh1_h96_none_s2021_det,2,control,-0.02732152851085828,0.06407854625484632
iTransformer_ETTh1_h96_none_s2021_det,3,defect,-0.029434146948804214,0.002024490970934271
iTransformer_ETTh1_h96_none_s2021_det,3,control,-0.04849527994795283,-0.0972262684872664
iTransformer_ETTh1_h96_none_s2021_det,4,defect,0.020632603590690936,-0.08200583135716547
iTransformer_ETTh1_h96_none_s2021_det,4,control,0.012147614904123255,0.019314723080378328
iTransformer_ETTh1_h96_none_s2021_det,5,defect,0.023106739999579573,0.05581754151767695
iTransformer_ETTh1_h96_none_s2021_det,5,control,-0.016962441084622908,-0.027392252762626374
iTransformer_ETTh1_h96_none_s2021_det,6,defect,-0.015309382920297022,-0.1906267968360735
iTransformer_ETTh1_h96_none_s2021_det,6,control,-0.017730284222627228,-0.1947782841169449
iTransformer_ETTh1_h96_none_s2021_det,7,defect,0.013609688762728304,0.21926794238010466
iTransformer_ETTh1_h96_none_s2021_det,7,control,-0.0037623845452377075,-0.09636124097470483
iTransformer_ETTh1_h96_san_lite_s2021_det,0,defect,0.01658515112730566,-0.10573527933113384
iTransformer_ETTh1_h96_san_lite_s2021_det,0,control,-0.006488659413489873,0.10121213978080282
iTransformer_ETTh1_h96_san_lite_s2021_det,1,defect,0.0049050916511789245,0.07933248870718455
iTransformer_ETTh1_h96_san_lite_s2021_det,1,control,-0.01243093902088202,-0.11580179232500247
iTransformer_ETTh1_h96_san_lite_s2021_det,2,defect,0.014370513364018313,-0.0892679114436501
iTransformer_ETTh1_h96_san_lite_s2021_det,2,control,0.022439880683320382,0.01742768985093351
iTransformer_ETTh1_h96_san_lite_s2021_det,3,defect,0.015812726552520986,-0.21649515889750195
iTransformer_ETTh1_h96_san_lite_s2021_det,3,control,0.03009704590822976,-0.06854172474902456
iTransformer_ETTh1_h96_san_lite_s2021_det,4,defect,0.011869142766125202,-0.1332722082330328
iTransformer_ETTh1_h96_san_lite_s2021_det,4,control,0.030106958188631336,0.1339548598407635
iTransformer_ETTh1_h96_san_lite_s2021_det,5,defect,-0.012004655966373954,-0.13346850062585783
iTransformer_ETTh1_h96_san_lite_s2021_det,5,control,0.014405047186743384,0.12024491665847241
iTransformer_ETTh1_h96_san_lite_s2021_det,6,defect,0.027080381722179362,-0.04829595689636409
iTransformer_ETTh1_h96_san_lite_s2021_det,6,control,-0.029452568802214325,-0.004050790953674987
iTransformer_ETTh1_h96_san_lite_s2021_det,7,defect,-0.0019043083349284385,0.004030362806214147
iTransformer_ETTh1_h96_san_lite_s2021_det,7,control,0.00463844225327538,-0.032842203763947315
iTransformer_ETTh2_h336_fredf_s2021_det,0,defect,-0.0006258160445715576,-0.006255603295306295
iTransformer_ETTh2_h336_fredf_s2021_det,0,control,0.009598281344141136,0.03313147301929362
iTransformer_ETTh2_h336_fredf_s2021_det,1,defect,0.01089189807930709,0.02760272522368052
iTransformer_ETTh2_h336_fredf_s2021_det,1,control,-0.0005543985404808337,0.11200398598262198
iTransformer_ETTh2_h336_fredf_s2021_det,2,defect,-0.009195713429737547,-0.102626626313686
iTransformer_ETTh2_h336_fredf_s2021_det,2,control,-0.011465469363052596,0.14898660295729277
iTransformer_ETTh2_h336_fredf_s2021_det,3,defect,-0.020525447749109596,-0.056783840456681625
iTransformer_ETTh2_h336_fredf_s2021_det,3,control,0.013589265808781103,-0.13014518287808752
iTransformer_ETTh2_h336_fredf_s2021_det,4,defect,0.002639399609588581,0.030479546738865725
iTransformer_ETTh2_h336_fredf_s2021_det,4,control,0.006494729836049857,-0.3120657377914263
iTransformer_ETTh2_h336_fredf_s2021_det,5,defect,-0.00608876299472586,0.2354720510235186
iTransformer_ETTh2_h336_fredf_s2021_det,5,control,0.014259418594659243,0.19139397151404983
iTransformer_ETTh2_h336_fredf_s2021_det,6,defect,-0.040408980959340965,-0.04719615906922031
iTransformer_ETTh2_h336_fredf_s2021_det,6,control,-0.015717047203312844,0.08380245465774985
iTransformer_ETTh2_h336_fredf_s2021_det,7,defect,-0.029409754246154402,0.22342931647239553
iTransformer_ETTh2_h336_fredf_s2021_det,7,control,-0.014168555355743526,-0.07320653095991507
iTransformer_ETTh2_h336_none_s2021_det,0,defect,-0.01494456698894036,0.10150199300481891
iTransformer_ETTh2_h336_none_s2021_det,0,control,0.013656940780574155,0.0834298455737065
iTransformer_ETTh2_h336_none_s2021_det,1,defect,-0.03849135501974405,0.20676503869595306
iTransformer_ETTh2_h336_none_s2021_det,1,control,-0.013063532110111777,-0.08655892551846249
iTransformer_ETTh2_h336_none_s2021_det,2,defect,-0.017700974421171255,0.32806229489995503
iTransformer_ETTh2_h336_none_s2021_det,2,control,0.03115299026510639,0.10649443160827582
iTransformer_ETTh2_h336_none_s2021_det,3,defect,-0.028156264358446096,-0.11106405413883047
iTransformer_ETTh2_h336_none_s2021_det,3,control,0.0045484514302588375,0.13185682292553555
iTransformer_ETTh2_h336_none_s2021_det,4,defect,-0.022408290196056273,-0.14748947526830783
iTransformer_ETTh2_h336_none_s2021_det,4,control,0.022034700881764194,0.02486591838132582
iTransformer_ETTh2_h336_none_s2021_det,5,defect,-0.011207641573932765,-0.23814508434465556
iTransformer_ETTh2_h336_none_s2021_det,5,control,0.022283908689375232,0.2592435055900078
iTransformer_ETTh2_h336_none_s2021_det,6,defect,0.007601361183966288,0.12863421222193633
iTransformer_ETTh2_h336_none_s2021_det,6,control,-0.0049925213416066126,0.04277105312575212
iTransformer_ETTh2_h336_none_s2021_det,7,defect,-0.004184420460465565,0.07663549708062803
iTransformer_ETTh2_h336_none_s2021_det,7,control,-0.013898477889328837,-0.05325401387353168
iTransformer_ETTh2_h336_san_lite_s2021_det,0,defect,0.003697777697279643,0.04121027000459419
iTransformer_ETTh2_h336_san_lite_s2021_det,0,control,0.022630224326847213,0.3498455037417869
iTransformer_ETTh2_h336_san_lite_s2021_det,1,defect,0.0214694700361697,-0.05246648990362108
iTransformer_ETTh2_h336_san_lite_s2021_det,1,control,-0.02975611501823102,-0.24577806392446225
iTransformer_ETTh2_h336_san_lite_s2021_det,2,defect,-0.012404260403839398,-0.07727132859959694
iTransformer_ETTh2_h336_san_lite_s2021_det,2,control,0.00022901516787699714,-0.0984256936069166
iTransformer_ETTh2_h336_san_lite_s2021_det,3,defect,-0.02741610634481597,-0.24512587234641858
iTransformer_ETTh2_h336_san_lite_s2021_det,3,control,-0.023716023142812202,0.05898430905725236
iTransformer_ETTh2_h336_san_lite_s2021_det,4,defect,0.035346087489325294,0.03452422858124656
iTransformer_ETTh2_h336_san_lite_s2021_det,4,control,0.00957174874841013,-0.014963824871106274
iTransformer_ETTh2_h336_san_lite_s2021_det,5,defect,0.048748803969375906,0.0993912462380338
iTransformer_ETTh2_h336_san_lite_s2021_det,5,control,0.025976969092492478,-0.0421652676006934
iTransformer_ETTh2_h336_san_lite_s2021_det,6,defect,-0.019945180528372467,0.002593076281410245
iTransformer_ETTh2_h336_san_lite_s2021_det,6,control,-0.013200576057326883,-0.0063458684740669265
iTransformer_ETTh2_h336_san_lite_s2021_det,7,defect,-0.016467883918805347,-0.1736599716232874
iTransformer_ETTh2_h336_san_lite_s2021_det,7,control,-0.002024141422615366,-0.22925997279214985
iTransformer_ETTh2_h96_fredf_s2021_det,0,defect,-0.03591763384406178,-0.3407759747473543
iTransformer_ETTh2_h96_fredf_s2021_det,0,control,0.01035191389729822,0.03340257421256277
iTransformer_ETTh2_h96_fredf_s2021_det,1,defect,0.016731001031103816,-0.2028265223038918
iTransformer_ETTh2_h96_fredf_s2021_det,1,control,0.0009183672517054589,-0.19460572468796078
iTransformer_ETTh2_h96_fredf_s2021_det,2,defect,0.004582872263876181,0.38847404810267333
iTransformer_ETTh2_h96_fredf_s2021_det,2,control,-0.008924422192326439,0.30758977787741143
iTransformer_ETTh2_h96_fredf_s2021_det,3,defect,0.013264605522682885,-0.16191799714836305
iTransformer_ETTh2_h96_fredf_s2021_det,3,control,-0.01177283704297682,0.136074737312464
iTransformer_ETTh2_h96_fredf_s2021_det,4,defect,-0.0009630283440444253,-0.06452511955807698
iTransformer_ETTh2_h96_fredf_s2021_det,4,control,-0.0069106726822463,0.04937259944426308
iTransformer_ETTh2_h96_fredf_s2021_det,5,defect,0.0020409853656676515,-0.014853270840715915
iTransformer_ETTh2_h96_fredf_s2021_det,5,control,0.039277645801684,0.14922461870718554
iTransformer_ETTh2_h96_fredf_s2021_det,6,defect,-0.0086100496335095,-0.13904546651326333
iTransformer_ETTh2_h96_fredf_s2021_det,6,control,-0.004209702655364538,-0.17912393054992926
iTransformer_ETTh2_h96_fredf_s2021_det,7,defect,-0.00031639523510131425,0.13788966701728528
iTransformer_ETTh2_h96_fredf_s2021_det,7,control,0.017557362343907278,0.16815075024624873
iTransformer_ETTh2_h96_none_s2021_det,0,defect,0.0056724887004558746,0.10140302132162307
iTransformer_ETTh2_h96_none_s2021_det,0,control,0.003888785424944677,-0.06662300457009031
iTransformer_ETTh2_h96_none_s2021_det,1,defect,-0.017210016995147223,-0.0726502435602499
iTransformer_ETTh2_h96_none_s2021_det,1,control,-0.019134716529112826,0.013001384281292935
iTransformer_ETTh2_h96_none_s2021_det,2,defect,0.004190590281047676,-0.04047578411594411
iTransformer_ETTh2_h96_none_s2021_det,2,control,0.0016353440531806204,-0.3525563476832805
iTransformer_ETTh2_h96_none_s2021_det,3,defect,-0.0004546971843057297,-0.13048316413709143
iTransformer_ETTh2_h96_none_s2021_det,3,control,-0.012742435057369788,0.0398180540255509
iTransformer_ETTh2_h96_none_s2021_det,4,defect,0.003979459763996731,-0.04585947721410043
iTransformer_ETTh2_h96_none_s2021_det,4,control,-0.014029558805693704,-0.17694790336671612
iTransformer_ETTh2_h96_none_s2021_det,5,defect,-0.04185053614420858,-0.08068841683806842
iTransformer_ETTh2_h96_none_s2021_det,5,control,0.01260936117916572,0.08445638464982651
iTransformer_ETTh2_h96_none_s2021_det,6,defect,0.006614294220525557,-0.099375615895329
iTransformer_ETTh2_h96_none_s2021_det,6,control,-0.021465139593662166,0.12757637581015255
iTransformer_ETTh2_h96_none_s2021_det,7,defect,-0.005852800208380655,0.17723225362006345
iTransformer_ETTh2_h96_none_s2021_det,7,control,-0.012175048527564994,-0.08529262733781508
iTransformer_ETTh2_h96_san_lite_s2021_det,0,defect,-0.02344789732550753,-0.07515980283106832
iTransformer_ETTh2_h96_san_lite_s2021_det,0,control,-0.006722438794071178,-0.12118678957866279
iTransformer_ETTh2_h96_san_lite_s2021_det,1,defect,-0.020323291889042545,-0.1611141214246744
iTransformer_ETTh2_h96_san_lite_s2021_det,1,control,-0.0058382392723494,-0.2736699504610019
iTransformer_ETTh2_h96_san_lite_s2021_det,2,defect,-0.0072492679145122,0.18235535618440868
iTransformer_ETTh2_h96_san_lite_s2021_det,2,control,0.004235516360090198,0.13087408285137064
iTransformer_ETTh2_h96_san_lite_s2021_det,3,defect,-0.020479056850880684,-0.09482757128187899
iTransformer_ETTh2_h96_san_lite_s2021_det,3,control,0.008788758999603975,-0.021072111446950308
iTransformer_ETTh2_h96_san_lite_s2021_det,4,defect,0.03866642758236709,0.1803059874478294
iTransformer_ETTh2_h96_san_lite_s2021_det,4,control,-0.016734766397721645,0.14525900303410538
iTransformer_ETTh2_h96_san_lite_s2021_det,5,defect,-0.008875612974797843,0.09067494954678058
iTransformer_ETTh2_h96_san_lite_s2021_det,5,control,-0.005809641818417199,0.04836350330707802
iTransformer_ETTh2_h96_san_lite_s2021_det,6,defect,-0.019795901130116627,0.06004251085104809
iTransformer_ETTh2_h96_san_lite_s2021_det,6,control,0.02271322418977288,-0.05669665269740204
iTransformer_ETTh2_h96_san_lite_s2021_det,7,defect,0.02606357274339434,0.19932724739941654
iTransformer_ETTh2_h96_san_lite_s2021_det,7,control,-0.022079357662453294,0.11910828561110785
iTransformer_ETTm1_h336_fredf_s2021_det,0,defect,0.0030698385421580915,-0.10015955740450636
iTransformer_ETTm1_h336_fredf_s2021_det,0,control,-0.009658966850285257,-0.07619884059282181
iTransformer_ETTm1_h336_fredf_s2021_det,1,defect,0.0008625085343724234,-0.04221553858811507
iTransformer_ETTm1_h336_fredf_s2021_det,1,control,0.0034129521685211006,0.010546124305688768
iTransformer_ETTm1_h336_fredf_s2021_det,2,defect,-0.0012517279441194764,-0.03683464343219878
iTransformer_ETTm1_h336_fredf_s2021_det,2,control,5.848638695524842e-06,-0.06801920844231861
iTransformer_ETTm1_h336_fredf_s2021_det,3,defect,-0.01105511465186487,0.06252633810271202
iTransformer_ETTm1_h336_fredf_s2021_det,3,control,0.00263525018803159,-0.02542674266086492
iTransformer_ETTm1_h336_fredf_s2021_det,4,defect,0.0017045407380797454,0.033295798626228536
iTransformer_ETTm1_h336_fredf_s2021_det,4,control,0.00970675309072062,-0.08015959346461522
iTransformer_ETTm1_h336_fredf_s2021_det,5,defect,0.0010346688697331174,0.10229504755432521
iTransformer_ETTm1_h336_fredf_s2021_det,5,control,-0.005393646870501898,-0.009239378946682109
iTransformer_ETTm1_h336_fredf_s2021_det,6,defect,0.0029763786729870138,-0.00840493515765586
iTransformer_ETTm1_h336_fredf_s2021_det,6,control,-0.008873900283105187,0.029487077282217108
iTransformer_ETTm1_h336_fredf_s2021_det,7,defect,-0.0031539902500034704,-0.03727195957892617
iTransformer_ETTm1_h336_fredf_s2021_det,7,control,0.0001683406431219912,-0.003915243159587548
iTransformer_ETTm1_h336_none_s2021_det,0,defect,0.006481564782468342,0.014110210853337593
iTransformer_ETTm1_h336_none_s2021_det,0,control,0.00816198105169821,0.062272494865372514
iTransformer_ETTm1_h336_none_s2021_det,1,defect,0.0033486487060033964,0.05151149023464577
iTransformer_ETTm1_h336_none_s2021_det,1,control,0.004301116320296339,-0.023213625180667562
iTransformer_ETTm1_h336_none_s2021_det,2,defect,0.016001803473052505,0.022715888679426484
iTransformer_ETTm1_h336_none_s2021_det,2,control,-0.00044104438481884836,0.06598090843616983
iTransformer_ETTm1_h336_none_s2021_det,3,defect,0.004134880729329966,-0.012107848764203169
iTransformer_ETTm1_h336_none_s2021_det,3,control,0.007287848176885356,-0.09661633856989235
iTransformer_ETTm1_h336_none_s2021_det,4,defect,-0.01013106588914365,0.0431600458886239
iTransformer_ETTm1_h336_none_s2021_det,4,control,-0.007312530341126665,-0.03866730951624551
iTransformer_ETTm1_h336_none_s2021_det,5,defect,-0.013457194456210258,-0.1465590094876706
iTransformer_ETTm1_h336_none_s2021_det,5,control,-0.01418176230553873,-0.057232140719837184
iTransformer_ETTm1_h336_none_s2021_det,6,defect,0.004363005316763267,0.04114890663920249
iTransformer_ETTm1_h336_none_s2021_det,6,control,0.0027404740326693704,0.08407533983265404
iTransformer_ETTm1_h336_none_s2021_det,7,defect,-0.015217686141050572,-0.04899364811135938
iTransformer_ETTm1_h336_none_s2021_det,7,control,0.0006449035820100284,0.04824846647920268
iTransformer_ETTm1_h336_san_lite_s2021_det,0,defect,0.011638474609494982,-0.005411148623748677
iTransformer_ETTm1_h336_san_lite_s2021_det,0,control,0.011904646197648578,-0.03264206343144673
iTransformer_ETTm1_h336_san_lite_s2021_det,1,defect,-0.003837622113584396,-0.05397892277754278
iTransformer_ETTm1_h336_san_lite_s2021_det,1,control,0.007401259376449357,-0.012060804908741351
iTransformer_ETTm1_h336_san_lite_s2021_det,2,defect,0.0006202468363589966,0.03877194885061003
iTransformer_ETTm1_h336_san_lite_s2021_det,2,control,0.005123361616882437,0.08776564880839821
iTransformer_ETTm1_h336_san_lite_s2021_det,3,defect,-0.01690540194969543,0.0038119769409258176
iTransformer_ETTm1_h336_san_lite_s2021_det,3,control,0.0012453456093310014,-0.04821501541431764
iTransformer_ETTm1_h336_san_lite_s2021_det,4,defect,-0.012347714713626676,0.011646509212221365
iTransformer_ETTm1_h336_san_lite_s2021_det,4,control,0.005260747539449078,-0.07707777372227165
iTransformer_ETTm1_h336_san_lite_s2021_det,5,defect,0.003212973487232783,0.037257154090990154
iTransformer_ETTm1_h336_san_lite_s2021_det,5,control,0.01063438014621942,-0.021801209490906553
iTransformer_ETTm1_h336_san_lite_s2021_det,6,defect,-0.008630708452431137,0.06305010343027581
iTransformer_ETTm1_h336_san_lite_s2021_det,6,control,0.0019850477858655777,-0.07151061884939945
iTransformer_ETTm1_h336_san_lite_s2021_det,7,defect,0.0019284835855673606,0.0691508999021029
iTransformer_ETTm1_h336_san_lite_s2021_det,7,control,-0.011391723374179942,0.004090558388114729
iTransformer_ETTm1_h96_fredf_s2021_det,0,defect,0.006619193934039639,0.13109423116707153
iTransformer_ETTm1_h96_fredf_s2021_det,0,control,0.00495199981916629,0.11896855735681011
iTransformer_ETTm1_h96_fredf_s2021_det,1,defect,-0.0074704433514832394,-0.0031895313846491795
iTransformer_ETTm1_h96_fredf_s2021_det,1,control,0.015531395206950453,-0.0032365007337783187
iTransformer_ETTm1_h96_fredf_s2021_det,2,defect,0.0016870138618376516,-0.07021431469451407
iTransformer_ETTm1_h96_fredf_s2021_det,2,control,-0.001021290834346553,0.025664272893661088
iTransformer_ETTm1_h96_fredf_s2021_det,3,defect,-0.0044311276673310055,0.03425183765594858
iTransformer_ETTm1_h96_fredf_s2021_det,3,control,-0.010672177478198012,-0.011079030454568775
iTransformer_ETTm1_h96_fredf_s2021_det,4,defect,-0.013654811914893086,-0.01951950150153623
iTransformer_ETTm1_h96_fredf_s2021_det,4,control,-0.017727159229112804,-0.03722431887117782
iTransformer_ETTm1_h96_fredf_s2021_det,5,defect,0.0004910540127110247,0.0830891036775539
iTransformer_ETTm1_h96_fredf_s2021_det,5,control,-0.0007919387611149299,0.07231108493671781
iTransformer_ETTm1_h96_fredf_s2021_det,6,defect,0.0026409545209945535,-0.06116991557310528
iTransformer_ETTm1_h96_fredf_s2021_det,6,control,0.004116533622145633,0.060265318609703106
iTransformer_ETTm1_h96_fredf_s2021_det,7,defect,0.011309879257704106,0.018015388447736796
iTransformer_ETTm1_h96_fredf_s2021_det,7,control,0.016840632840368887,0.03854050120909052
iTransformer_ETTm1_h96_none_s2021_det,0,defect,0.00633110457324833,-0.04681009066788432
iTransformer_ETTm1_h96_none_s2021_det,0,control,-0.001474472765525956,0.0646580491146769
iTransformer_ETTm1_h96_none_s2021_det,1,defect,0.0063579500675651395,-0.10465337683131597
iTransformer_ETTm1_h96_none_s2021_det,1,control,0.0005772732929840478,-0.03618896162103741
iTransformer_ETTm1_h96_none_s2021_det,2,defect,-0.0038683673176190757,0.0009778059946531415
iTransformer_ETTm1_h96_none_s2021_det,2,control,-0.010708298916372748,-0.02920803956388065
iTransformer_ETTm1_h96_none_s2021_det,3,defect,-0.020857773032769356,-0.10717450099648652
iTransformer_ETTm1_h96_none_s2021_det,3,control,-0.004610768276300218,-0.07508351003565272
iTransformer_ETTm1_h96_none_s2021_det,4,defect,0.0016311193187636263,0.07229339487785788
iTransformer_ETTm1_h96_none_s2021_det,4,control,0.008723820072565825,0.01638311744149154
iTransformer_ETTm1_h96_none_s2021_det,5,defect,-0.003830973807863275,0.10615856196480372
iTransformer_ETTm1_h96_none_s2021_det,5,control,0.007121544276192529,0.0038441992196742397
iTransformer_ETTm1_h96_none_s2021_det,6,defect,-0.0050914825679577325,-0.10316351046810864
iTransformer_ETTm1_h96_none_s2021_det,6,control,0.003364545195247493,0.025752890723682295
iTransformer_ETTm1_h96_none_s2021_det,7,defect,0.013026567888222488,-0.04530408745604403
iTransformer_ETTm1_h96_none_s2021_det,7,control,0.022389024546451534,0.09698100941542233
iTransformer_ETTm1_h96_san_lite_s2021_det,0,defect,-0.014842553220232242,0.03293643978167456
iTransformer_ETTm1_h96_san_lite_s2021_det,0,control,-0.00683138884932215,0.035185471997161585
iTransformer_ETTm1_h96_san_lite_s2021_det,1,defect,-0.0012045045820549582,-0.11701108303241824
iTransformer_ETTm1_h96_san_lite_s2021_det,1,control,-0.0020771304022159953,-0.10214574064966699
iTransformer_ETTm1_h96_san_lite_s2021_det,2,defect,0.0023140640017304116,0.010957552142538627
iTransformer_ETTm1_h96_san_lite_s2021_det,2,control,-0.004584554561097499,0.10242708469988135
iTransformer_ETTm1_h96_san_lite_s2021_det,3,defect,-0.010269071305101149,0.000988995849052923
iTransformer_ETTm1_h96_san_lite_s2021_det,3,control,0.008103388533949252,0.04275331908993147
iTransformer_ETTm1_h96_san_lite_s2021_det,4,defect,0.0008869671535386431,-0.01040511884366853
iTransformer_ETTm1_h96_san_lite_s2021_det,4,control,-0.008461990385221578,-0.010735206861816884
iTransformer_ETTm1_h96_san_lite_s2021_det,5,defect,-0.007518220094270192,-0.042069870607661555
iTransformer_ETTm1_h96_san_lite_s2021_det,5,control,-0.006378924614853637,0.030006078382146494
iTransformer_ETTm1_h96_san_lite_s2021_det,6,defect,0.005967901460646189,-0.008142952082931705
iTransformer_ETTm1_h96_san_lite_s2021_det,6,control,-0.012544544212971288,0.034427652642824234
iTransformer_ETTm1_h96_san_lite_s2021_det,7,defect,0.0008524633401737838,-0.004658582041492099
iTransformer_ETTm1_h96_san_lite_s2021_det,7,control,0.008258382459585937,-0.09372048112881246
iTransformer_ETTm2_h336_fredf_s2021_det,0,defect,-0.0014182183599000774,0.03621633004257864
iTransformer_ETTm2_h336_fredf_s2021_det,0,control,0.01043593983433709,0.0014151915471836505
iTransformer_ETTm2_h336_fredf_s2021_det,1,defect,-0.004029781177668936,0.022229006463885318
iTransformer_ETTm2_h336_fredf_s2021_det,1,control,-0.0016270456954308704,-0.1655445989392139
iTransformer_ETTm2_h336_fredf_s2021_det,2,defect,-0.0018846315025109607,0.1313714325948563
iTransformer_ETTm2_h336_fredf_s2021_det,2,control,-0.008508268241554035,0.10168051531208926
iTransformer_ETTm2_h336_fredf_s2021_det,3,defect,0.003660910405324029,0.24104182068071006
iTransformer_ETTm2_h336_fredf_s2021_det,3,control,-0.0023228425376405903,-0.04913019139747084
iTransformer_ETTm2_h336_fredf_s2021_det,4,defect,0.0018138407634712955,-0.009158643801750195
iTransformer_ETTm2_h336_fredf_s2021_det,4,control,0.0014187080494104526,0.05106938906884182
iTransformer_ETTm2_h336_fredf_s2021_det,5,defect,-0.005223855215150345,-0.07181921535303959
iTransformer_ETTm2_h336_fredf_s2021_det,5,control,0.01484308776421707,0.1199106655464502
iTransformer_ETTm2_h336_fredf_s2021_det,6,defect,-0.0008115628547626003,0.022995544664586032
iTransformer_ETTm2_h336_fredf_s2021_det,6,control,0.012138999214806444,0.06573992604470569
iTransformer_ETTm2_h336_fredf_s2021_det,7,defect,0.0006009146596225156,0.05502292794571505
iTransformer_ETTm2_h336_fredf_s2021_det,7,control,-0.0013973861518008616,-0.030444698333317387
iTransformer_ETTm2_h336_none_s2021_det,0,defect,-0.004590370133574579,0.17877034107345927
iTransformer_ETTm2_h336_none_s2021_det,0,control,0.005399901177570386,0.05245591351652831
iTransformer_ETTm2_h336_none_s2021_det,1,defect,-0.012263018242682246,-0.13756931143754295
iTransformer_ETTm2_h336_none_s2021_det,1,control,0.002256145842681443,-0.10234694669080423
iTransformer_ETTm2_h336_none_s2021_det,2,defect,-0.0018035421260705075,0.0189128304761377
iTransformer_ETTm2_h336_none_s2021_det,2,control,-0.011278101111983681,-0.1713027398371414
iTransformer_ETTm2_h336_none_s2021_det,3,defect,0.002573484288212418,-0.1465699125657201
iTransformer_ETTm2_h336_none_s2021_det,3,control,0.0017582892847958147,-0.11883295542758417
iTransformer_ETTm2_h336_none_s2021_det,4,defect,0.007517023583817611,0.05599221388965521
iTransformer_ETTm2_h336_none_s2021_det,4,control,0.009126777669135331,-0.086567038978448
iTransformer_ETTm2_h336_none_s2021_det,5,defect,0.0030399690814069476,0.14480981172978644
iTransformer_ETTm2_h336_none_s2021_det,5,control,0.00812754612374815,0.07328042229781097
iTransformer_ETTm2_h336_none_s2021_det,6,defect,-0.0008945805838350768,0.1260926470534649
iTransformer_ETTm2_h336_none_s2021_det,6,control,-0.0007416201996552093,0.10239194983383795
iTransformer_ETTm2_h336_none_s2021_det,7,defect,-0.009778879219139437,-0.05871575854698447
iTransformer_ETTm2_h336_none_s2021_det,7,control,-0.01139683055155357,-0.12414838665113878
iTransformer_ETTm2_h336_san_lite_s2021_det,0,defect,-0.005269254157606954,0.00019969651523545382
iTransformer_ETTm2_h336_san_lite_s2021_det,0,control,0.011886420561596429,0.06963698336817796
iTransformer_ETTm2_h336_san_lite_s2021_det,1,defect,0.0031958218766471942,-0.04242467070183696
iTransformer_ETTm2_h336_san_lite_s2021_det,1,control,-0.008185423429331913,0.09167434177594604
iTransformer_ETTm2_h336_san_lite_s2021_det,2,defect,-0.007839014909453611,0.04910163457957813
iTransformer_ETTm2_h336_san_lite_s2021_det,2,control,-0.005112057234294112,-0.0292894332980775
iTransformer_ETTm2_h336_san_lite_s2021_det,3,defect,-0.0015108063688129172,0.05659091341863501
iTransformer_ETTm2_h336_san_lite_s2021_det,3,control,0.0168724800841375,-0.019024815132880745
iTransformer_ETTm2_h336_san_lite_s2021_det,4,defect,0.0035772684328739157,0.06791125309328494
iTransformer_ETTm2_h336_san_lite_s2021_det,4,control,0.008830188632670582,0.12949682354008618
iTransformer_ETTm2_h336_san_lite_s2021_det,5,defect,0.022622878555893695,0.03658665715959335
iTransformer_ETTm2_h336_san_lite_s2021_det,5,control,-0.004329313016492521,0.04651958861302875
iTransformer_ETTm2_h336_san_lite_s2021_det,6,defect,0.016350850989977062,-0.05520427584276744
iTransformer_ETTm2_h336_san_lite_s2021_det,6,control,-0.0046290761696279326,-0.058633506827987514
iTransformer_ETTm2_h336_san_lite_s2021_det,7,defect,0.016055066871233346,0.036779698517731114
iTransformer_ETTm2_h336_san_lite_s2021_det,7,control,0.019376513692214294,0.07434994310411974
iTransformer_ETTm2_h96_fredf_s2021_det,0,defect,-0.01340608266590409,0.012443217867434493
iTransformer_ETTm2_h96_fredf_s2021_det,0,control,0.0037393438181333835,0.015152638438160285
iTransformer_ETTm2_h96_fredf_s2021_det,1,defect,0.012641823852049703,0.20148380930063567
iTransformer_ETTm2_h96_fredf_s2021_det,1,control,-0.01410465877815459,-0.09443061337495152
iTransformer_ETTm2_h96_fredf_s2021_det,2,defect,0.02061348523564314,0.10643836966073078
iTransformer_ETTm2_h96_fredf_s2021_det,2,control,-0.022077765762300996,-0.09953619003382284
iTransformer_ETTm2_h96_fredf_s2021_det,3,defect,-0.003134065837074098,-0.05826350003653924
iTransformer_ETTm2_h96_fredf_s2021_det,3,control,0.0041248129700191295,0.061936899110656106
iTransformer_ETTm2_h96_fredf_s2021_det,4,defect,0.0016890905414341671,0.09424328836040875
iTransformer_ETTm2_h96_fredf_s2021_det,4,control,-0.004399836951396506,-0.06982731397121872
iTransformer_ETTm2_h96_fredf_s2021_det,5,defect,0.0011837715012922546,-0.09856121765280436
iTransformer_ETTm2_h96_fredf_s2021_det,5,control,0.00879561168344543,0.18304281381639018
iTransformer_ETTm2_h96_fredf_s2021_det,6,defect,-0.004648892667143818,-0.00911754627278365
iTransformer_ETTm2_h96_fredf_s2021_det,6,control,-0.0017419957832207852,-0.0659873718629582
iTransformer_ETTm2_h96_fredf_s2021_det,7,defect,-0.004215904030414211,-0.08851979660995474
iTransformer_ETTm2_h96_fredf_s2021_det,7,control,-0.00034352224601059186,0.12063856493158506
iTransformer_ETTm2_h96_none_s2021_det,0,defect,0.008088887189846152,-0.03509981372762981
iTransformer_ETTm2_h96_none_s2021_det,0,control,-0.014849456152299496,-0.019973140570087478
iTransformer_ETTm2_h96_none_s2021_det,1,defect,-0.002333657353475422,-0.04377702091920761
iTransformer_ETTm2_h96_none_s2021_det,1,control,-0.004662586140288048,0.01848959626492414
iTransformer_ETTm2_h96_none_s2021_det,2,defect,0.008947366215350394,0.0537053919358736
iTransformer_ETTm2_h96_none_s2021_det,2,control,0.002194422427983613,0.10554589945415808
iTransformer_ETTm2_h96_none_s2021_det,3,defect,-0.005102253253063553,-0.10790492440645291
iTransformer_ETTm2_h96_none_s2021_det,3,control,-0.0020173709546059434,0.03823867517358318
iTransformer_ETTm2_h96_none_s2021_det,4,defect,0.0004845184966531222,0.019956000034837853
iTransformer_ETTm2_h96_none_s2021_det,4,control,0.003373518381688522,0.17367789561983119
iTransformer_ETTm2_h96_none_s2021_det,5,defect,0.00813172203846128,-0.07670831237826709
iTransformer_ETTm2_h96_none_s2021_det,5,control,0.005235388281493549,-0.012389132343427152
iTransformer_ETTm2_h96_none_s2021_det,6,defect,0.006020206478097225,-0.07539003128483616
iTransformer_ETTm2_h96_none_s2021_det,6,control,0.009260895537930957,0.1486779159702803
iTransformer_ETTm2_h96_none_s2021_det,7,defect,0.002112370041301646,0.14881155401829407
iTransformer_ETTm2_h96_none_s2021_det,7,control,-0.0062108036165428124,-0.03296204765994961
iTransformer_ETTm2_h96_san_lite_s2021_det,0,defect,-0.002684022906173036,0.12186599881880222
iTransformer_ETTm2_h96_san_lite_s2021_det,0,control,-0.007828738087963125,-0.1599506100491494
iTransformer_ETTm2_h96_san_lite_s2021_det,1,defect,-0.0037960229734580295,0.054279025754739044
iTransformer_ETTm2_h96_san_lite_s2021_det,1,control,-0.007218348461548545,-0.21193934476046428
iTransformer_ETTm2_h96_san_lite_s2021_det,2,defect,0.010292224804274264,0.14650157757250168
iTransformer_ETTm2_h96_san_lite_s2021_det,2,control,-0.005932041496776697,-0.11929002201017502
iTransformer_ETTm2_h96_san_lite_s2021_det,3,defect,-0.0006837347548574583,-0.00816114332884445
iTransformer_ETTm2_h96_san_lite_s2021_det,3,control,-0.012311137130100564,-0.050583984863821804
iTransformer_ETTm2_h96_san_lite_s2021_det,4,defect,-0.0024685421440707525,-0.017847425560388003
iTransformer_ETTm2_h96_san_lite_s2021_det,4,control,0.02044245619458968,0.1159953458961568
iTransformer_ETTm2_h96_san_lite_s2021_det,5,defect,-0.0006263159114313585,0.0031940114746786706
iTransformer_ETTm2_h96_san_lite_s2021_det,5,control,0.0014840646231375485,-0.1039963552864935
iTransformer_ETTm2_h96_san_lite_s2021_det,6,defect,-0.006053421527229178,0.19548896651767847
iTransformer_ETTm2_h96_san_lite_s2021_det,6,control,-0.0031700489783194046,-0.08961095708651581
iTransformer_ETTm2_h96_san_lite_s2021_det,7,defect,0.004198322723914514,0.1432987249058374
iTransformer_ETTm2_h96_san_lite_s2021_det,7,control,0.004096927951021707,0.16323755657741626
iTransformer_Exchange_h336_fredf_s2021_det,0,defect,0.04949946069312658,-0.1876329421825851
iTransformer_Exchange_h336_fredf_s2021_det,0,control,-0.05656250488502603,0.010930957612987579
iTransformer_Exchange_h336_fredf_s2021_det,1,defect,-0.04304841256194213,0.1506275840962585
iTransformer_Exchange_h336_fredf_s2021_det,1,control,0.05951462381391569,0.19282978073894988
iTransformer_Exchange_h336_fredf_s2021_det,2,defect,-0.010077222491441435,-0.09098222909431014
iTransformer_Exchange_h336_fredf_s2021_det,2,control,0.04400493973831893,0.11876191651404248
iTransformer_Exchange_h336_fredf_s2021_det,3,defect,0.03527020055962858,0.013596134194872024
iTransformer_Exchange_h336_fredf_s2021_det,3,control,-0.030491160056900786,-0.008264159265537798
iTransformer_Exchange_h336_fredf_s2021_det,4,defect,0.053028090853668074,-0.19173096589417352
iTransformer_Exchange_h336_fredf_s2021_det,4,control,0.0698139782088759,0.11160252359146025
iTransformer_Exchange_h336_fredf_s2021_det,5,defect,0.07159447249534946,0.17648367372373183
iTransformer_Exchange_h336_fredf_s2021_det,5,control,-0.018467430554469998,-0.06217349249632969
iTransformer_Exchange_h336_fredf_s2021_det,6,defect,0.03342983539416298,-0.11347964761052642
iTransformer_Exchange_h336_fredf_s2021_det,6,control,-0.035169217301589784,-0.13826999665803283
iTransformer_Exchange_h336_fredf_s2021_det,7,defect,-0.06690625439652342,0.013139224769794722
iTransformer_Exchange_h336_fredf_s2021_det,7,control,-0.018372543808913417,-0.37906776763558275
iTransformer_Exchange_h336_none_s2021_det,0,defect,-0.00440355786215629,-0.04563232685190532
iTransformer_Exchange_h336_none_s2021_det,0,control,-0.00745431523659158,-0.10978222305013957
iTransformer_Exchange_h336_none_s2021_det,1,defect,-0.013575370089571838,0.05136792825225986
iTransformer_Exchange_h336_none_s2021_det,1,control,-0.12300386112457208,-0.23169661966755523
iTransformer_Exchange_h336_none_s2021_det,2,defect,0.01352909912304013,0.18810280591207731
iTransformer_Exchange_h336_none_s2021_det,2,control,-0.01457113379500086,-0.2489791230467379
iTransformer_Exchange_h336_none_s2021_det,3,defect,-0.04473292585702897,0.07764841285010717
iTransformer_Exchange_h336_none_s2021_det,3,control,0.009721748917478231,-0.07467605813261834
iTransformer_Exchange_h336_none_s2021_det,4,defect,-0.06863531912898031,-0.26967224643734045
iTransformer_Exchange_h336_none_s2021_det,4,control,-0.03372324959747385,-0.20794173672696237
iTransformer_Exchange_h336_none_s2021_det,5,defect,-0.03026261899923403,0.09390841362548631
iTransformer_Exchange_h336_none_s2021_det,5,control,0.009704866267527474,-0.08718716152381298
iTransformer_Exchange_h336_none_s2021_det,6,defect,0.04344015256913288,0.05283867995564261
iTransformer_Exchange_h336_none_s2021_det,6,control,0.022726079004548934,0.13854584152391689
iTransformer_Exchange_h336_none_s2021_det,7,defect,0.055051664035265985,-0.13779116995806834
iTransformer_Exchange_h336_none_s2021_det,7,control,-0.07086758062246955,0.16306784976385186
iTransformer_Exchange_h336_san_lite_s2021_det,0,defect,0.015736661924934735,-0.12757756219133506
iTransformer_Exchange_h336_san_lite_s2021_det,0,control,-0.01398727548420378,-0.12774162831202365
iTransformer_Exchange_h336_san_lite_s2021_det,1,defect,0.020464898156977378,-0.13827835383208867
iTransformer_Exchange_h336_san_lite_s2021_det,1,control,0.022245079801785184,-0.05965854130767755
iTransformer_Exchange_h336_san_lite_s2021_det,2,defect,-0.05750136780728768,-0.21498661150919432
iTransformer_Exchange_h336_san_lite_s2021_det,2,control,0.006621594159853684,0.09911846900778531
iTransformer_Exchange_h336_san_lite_s2021_det,3,defect,0.07184442950712042,0.026835631565918998
iTransformer_Exchange_h336_san_lite_s2021_det,3,control,-0.02713010582920386,-0.2643369225878397
iTransformer_Exchange_h336_san_lite_s2021_det,4,defect,-0.03003407794156727,0.24796247011963932
iTransformer_Exchange_h336_san_lite_s2021_det,4,control,0.010119741757984087,0.03888880736201796
iTransformer_Exchange_h336_san_lite_s2021_det,5,defect,0.05741914304919417,-0.06290273521071636
iTransformer_Exchange_h336_san_lite_s2021_det,5,control,-0.024677275640524615,-0.22717073529233378
iTransformer_Exchange_h336_san_lite_s2021_det,6,defect,-0.00998921386253146,-0.01103096914157136
iTransformer_Exchange_h336_san_lite_s2021_det,6,control,-0.01229291397664567,-0.19625359056328817
iTransformer_Exchange_h336_san_lite_s2021_det,7,defect,0.009682043425927373,-0.0978561645605408
iTransformer_Exchange_h336_san_lite_s2021_det,7,control,-0.02234152975567054,-0.1383557523018358
iTransformer_Exchange_h96_fredf_s2021_det,0,defect,-0.03100440779578383,-0.0543118143788924
iTransformer_Exchange_h96_fredf_s2021_det,0,control,-0.07197507771382218,0.00162653665916827
iTransformer_Exchange_h96_fredf_s2021_det,1,defect,-0.0762988144408563,-0.11283511188968481
iTransformer_Exchange_h96_fredf_s2021_det,1,control,0.05497295012196724,-0.10294822320089989
iTransformer_Exchange_h96_fredf_s2021_det,2,defect,0.007448162901555418,-0.0035144187217862823
iTransformer_Exchange_h96_fredf_s2021_det,2,control,0.06686338934278059,-0.13674993697906399
iTransformer_Exchange_h96_fredf_s2021_det,3,defect,0.042635773739134554,-0.12490243131526013
iTransformer_Exchange_h96_fredf_s2021_det,3,control,0.040160642570281124,0.05766427210074925
iTransformer_Exchange_h96_fredf_s2021_det,4,defect,-0.036336771593588335,-0.003906520663273211
iTransformer_Exchange_h96_fredf_s2021_det,4,control,0.007652434570633683,0.10739789758952611
iTransformer_Exchange_h96_fredf_s2021_det,5,defect,-0.03151243461960013,0.022348304720673527
iTransformer_Exchange_h96_fredf_s2021_det,5,control,0.006192581747432731,0.005329604104792406
iTransformer_Exchange_h96_fredf_s2021_det,6,defect,0.0020597733343453066,-0.02181667076922405
iTransformer_Exchange_h96_fredf_s2021_det,6,control,-0.026345903834806818,0.009672091920116255
iTransformer_Exchange_h96_fredf_s2021_det,7,defect,-0.05047983031496031,0.07141539398772569
iTransformer_Exchange_h96_fredf_s2021_det,7,control,0.020829997494550445,-0.013231293003292241
iTransformer_Exchange_h96_none_s2021_det,0,defect,-0.056922344937563714,0.23870884149458638
iTransformer_Exchange_h96_none_s2021_det,0,control,-0.012418093426336927,0.08804448743336443
iTransformer_Exchange_h96_none_s2021_det,1,defect,-0.026275351354615784,-0.26519501775497717
iTransformer_Exchange_h96_none_s2021_det,1,control,0.023722241128709107,-0.07171723725742858
iTransformer_Exchange_h96_none_s2021_det,2,defect,0.030314348228108533,-0.01882355499673657
iTransformer_Exchange_h96_none_s2021_det,2,control,-0.017320001403704637,-0.20409211652685524
iTransformer_Exchange_h96_none_s2021_det,3,defect,0.0035428036062151473,0.03746255990096803
iTransformer_Exchange_h96_none_s2021_det,3,control,-0.011549632792498994,-0.013839108063180937
iTransformer_Exchange_h96_none_s2021_det,4,defect,0.014515856557708175,0.14520637257627916
iTransformer_Exchange_h96_none_s2021_det,4,control,0.02201845381934158,0.1514676529738291
iTransformer_Exchange_h96_none_s2021_det,5,defect,0.07749318754391678,0.13402772514672345
iTransformer_Exchange_h96_none_s2021_det,5,control,0.06862467141477922,-0.14841281347323002
iTransformer_Exchange_h96_none_s2021_det,6,defect,0.07547426038231365,0.12556038382502044
iTransformer_Exchange_h96_none_s2021_det,6,control,0.07371236622980441,-0.07656605357604036
iTransformer_Exchange_h96_none_s2021_det,7,defect,-0.08181459836501054,-0.16133691017673868
iTransformer_Exchange_h96_none_s2021_det,7,control,-0.011915126468075105,0.11194506114900889
iTransformer_Exchange_h96_san_lite_s2021_det,0,defect,0.034492817847288366,-0.11443590111565345
iTransformer_Exchange_h96_san_lite_s2021_det,0,control,0.07074377575328748,-0.03541109323410675
iTransformer_Exchange_h96_san_lite_s2021_det,1,defect,-0.0735692210010536,0.03846526881676178
iTransformer_Exchange_h96_san_lite_s2021_det,1,control,0.035904887585293414,0.011841690528872609
iTransformer_Exchange_h96_san_lite_s2021_det,2,defect,-0.05574637505518926,0.02427180071867376
iTransformer_Exchange_h96_san_lite_s2021_det,2,control,0.034207384302501614,-0.22180293654026995
iTransformer_Exchange_h96_san_lite_s2021_det,3,defect,0.041949957929666236,0.022155937309509453
iTransformer_Exchange_h96_san_lite_s2021_det,3,control,-0.007917832680039401,0.07746487815775208
iTransformer_Exchange_h96_san_lite_s2021_det,4,defect,0.0183223444478993,-0.12352952604031017
iTransformer_Exchange_h96_san_lite_s2021_det,4,control,0.01753667790446484,0.13252291669798416
iTransformer_Exchange_h96_san_lite_s2021_det,5,defect,0.0009541110999576442,-0.029700421673271984
iTransformer_Exchange_h96_san_lite_s2021_det,5,control,-0.004095349085837355,0.006911432224291677
iTransformer_Exchange_h96_san_lite_s2021_det,6,defect,-0.024167917351176706,0.10014889900262361
iTransformer_Exchange_h96_san_lite_s2021_det,6,control,0.059300236915962985,0.013465894125964238
iTransformer_Exchange_h96_san_lite_s2021_det,7,defect,-0.02897250452735551,-0.0030313983744978098
iTransformer_Exchange_h96_san_lite_s2021_det,7,control,-0.05367146292954791,-0.07110660026037165
iTransformer_ILI_h24_fredf_s2021_det,0,defect,0.24078489448352455,
iTransformer_ILI_h24_fredf_s2021_det,0,control,-0.1449092928544983,
iTransformer_ILI_h24_fredf_s2021_det,1,defect,0.014083672713809697,
iTransformer_ILI_h24_fredf_s2021_det,1,control,0.025812661977045535,
iTransformer_ILI_h24_fredf_s2021_det,2,defect,-0.01663087745279526,
iTransformer_ILI_h24_fredf_s2021_det,2,control,-0.11389855609033689,
iTransformer_ILI_h24_fredf_s2021_det,3,defect,0.03114402073306182,
iTransformer_ILI_h24_fredf_s2021_det,3,control,0.15613476490188816,
iTransformer_ILI_h24_fredf_s2021_det,4,defect,0.01932617549055905,
iTransformer_ILI_h24_fredf_s2021_det,4,control,-0.06082191780821917,
iTransformer_ILI_h24_fredf_s2021_det,5,defect,-0.08090336912254718,
iTransformer_ILI_h24_fredf_s2021_det,5,control,-0.05448352462051091,
iTransformer_ILI_h24_fredf_s2021_det,6,defect,0.029100333209922245,
iTransformer_ILI_h24_fredf_s2021_det,6,control,-0.08253239540910771,
iTransformer_ILI_h24_fredf_s2021_det,7,defect,0.08131803035912623,
iTransformer_ILI_h24_fredf_s2021_det,7,control,0.27686042206590145,
iTransformer_ILI_h24_none_s2021_det,0,defect,0.07429840799703812,
iTransformer_ILI_h24_none_s2021_det,0,control,-0.10853757867456494,
iTransformer_ILI_h24_none_s2021_det,1,defect,0.13836356904850053,
iTransformer_ILI_h24_none_s2021_det,1,control,0.1872935949648278,
iTransformer_ILI_h24_none_s2021_det,2,defect,0.02966308774527952,
iTransformer_ILI_h24_none_s2021_det,2,control,-0.02065901517956312,
iTransformer_ILI_h24_none_s2021_det,3,defect,0.03520177711958533,
iTransformer_ILI_h24_none_s2021_det,3,control,0.28607182524990743,
iTransformer_ILI_h24_none_s2021_det,4,defect,-0.10341355053683818,
iTransformer_ILI_h24_none_s2021_det,4,control,0.2526027397260273,
iTransformer_ILI_h24_none_s2021_det,5,defect,0.09633469085523878,
iTransformer_ILI_h24_none_s2021_det,5,control,-0.10086634579785261,
iTransformer_ILI_h24_none_s2021_det,6,defect,-0.06011106997408366,
iTransformer_ILI_h24_none_s2021_det,6,control,0.003302480562754535,
iTransformer_ILI_h24_none_s2021_det,7,defect,-0.09849685301740095,
iTransformer_ILI_h24_none_s2021_det,7,control,0.014172528693076636,
iTransformer_ILI_h24_san_lite_s2021_det,0,defect,0.017371343946686407,
iTransformer_ILI_h24_san_lite_s2021_det,0,control,0.07918548685671971,
iTransformer_ILI_h24_san_lite_s2021_det,1,defect,-0.0748019252128841,
iTransformer_ILI_h24_san_lite_s2021_det,1,control,0.09455757126990003,
iTransformer_ILI_h24_san_lite_s2021_det,2,defect,-0.16596815994076264,
iTransformer_ILI_h24_san_lite_s2021_det,2,control,-0.07885968159940762,
iTransformer_ILI_h24_san_lite_s2021_det,3,defect,-0.18051092188078488,
iTransformer_ILI_h24_san_lite_s2021_det,3,control,0.13075157349129948,
iTransformer_ILI_h24_san_lite_s2021_det,4,defect,0.05406886338393187,
iTransformer_ILI_h24_san_lite_s2021_det,4,control,0.10012587930396147,
iTransformer_ILI_h24_san_lite_s2021_det,5,defect,0.05842280636801184,
iTransformer_ILI_h24_san_lite_s2021_det,5,control,-0.04829322473158088,
iTransformer_ILI_h24_san_lite_s2021_det,6,defect,-0.07933358015549793,
iTransformer_ILI_h24_san_lite_s2021_det,6,control,-0.01452795261014439,
iTransformer_ILI_h24_san_lite_s2021_det,7,defect,-0.18652350981118102,
iTransformer_ILI_h24_san_lite_s2021_det,7,control,-0.1478711588300629,
iTransformer_ILI_h48_fredf_s2021_det,0,defect,0.0857142857142857,
iTransformer_ILI_h48_fredf_s2021_det,0,control,-0.20278511404561822,
iTransformer_ILI_h48_fredf_s2021_det,1,defect,-0.05987995198079231,
iTransformer_ILI_h48_fredf_s2021_det,1,control,0.16187274909963983,
iTransformer_ILI_h48_fredf_s2021_det,2,defect,0.11049219687875149,
iTransformer_ILI_h48_fredf_s2021_det,2,control,-0.006866746698679471,
iTransformer_ILI_h48_fredf_s2021_det,3,defect,0.07889555822328932,
iTransformer_ILI_h48_fredf_s2021_det,3,control,-0.02588235294117647,
iTransformer_ILI_h48_fredf_s2021_det,4,defect,-0.3802641056422568,
iTransformer_ILI_h48_fredf_s2021_det,4,control,-0.19807923169267705,
iTransformer_ILI_h48_fredf_s2021_det,5,defect,0.17896758703481394,
iTransformer_ILI_h48_fredf_s2021_det,5,control,-0.1291236494597839,
iTransformer_ILI_h48_fredf_s2021_det,6,defect,-0.23860744297719086,
iTransformer_ILI_h48_fredf_s2021_det,6,control,-0.022713085234093634,
iTransformer_ILI_h48_fredf_s2021_det,7,defect,0.04201680672268907,
iTransformer_ILI_h48_fredf_s2021_det,7,control,0.13853541416566625,
iTransformer_ILI_h48_none_s2021_det,0,defect,0.06650660264105641,
iTransformer_ILI_h48_none_s2021_det,0,control,-0.07735894357743096,
iTransformer_ILI_h48_none_s2021_det,1,defect,0.14285714285714285,
iTransformer_ILI_h48_none_s2021_det,1,control,-0.06650660264105641,
iTransformer_ILI_h48_none_s2021_det,2,defect,-0.08523409363745497,
iTransformer_ILI_h48_none_s2021_det,2,control,0.19827130852340935,
iTransformer_ILI_h48_none_s2021_det,3,defect,-0.3149579831932772,
iTransformer_ILI_h48_none_s2021_det,3,control,0.013781512605042016,
iTransformer_ILI_h48_none_s2021_det,4,defect,-0.24216086434573827,
iTransformer_ILI_h48_none_s2021_det,4,control,-0.02799519807923169,
iTransformer_ILI_h48_none_s2021_det,5,defect,-0.21267707082833132,
iTransformer_ILI_h48_none_s2021_det,5,control,-0.08273709483793518,
iTransformer_ILI_h48_none_s2021_det,6,defect,0.2240096038415366,
iTransformer_ILI_h48_none_s2021_det,6,control,-0.15188475390156062,
iTransformer_ILI_h48_none_s2021_det,7,defect,-0.04249699879951981,
iTransformer_ILI_h48_none_s2021_det,7,control,0.07620648259303721,
iTransformer_ILI_h48_san_lite_s2021_det,0,defect,0.01637454981992797,
iTransformer_ILI_h48_san_lite_s2021_det,0,control,0.10962785114045617,
iTransformer_ILI_h48_san_lite_s2021_det,1,defect,0.11577430972388955,
iTransformer_ILI_h48_san_lite_s2021_det,1,control,0.07322929171668667,
iTransformer_ILI_h48_san_lite_s2021_det,2,defect,0.2896038415366146,
iTransformer_ILI_h48_san_lite_s2021_det,2,control,0.01474189675870348,
iTransformer_ILI_h48_san_lite_s2021_det,3,defect,-0.017623049219687877,
iTransformer_ILI_h48_san_lite_s2021_det,3,control,-0.0387515006002401,
iTransformer_ILI_h48_san_lite_s2021_det,4,defect,0.19020408163265307,
iTransformer_ILI_h48_san_lite_s2021_det,4,control,-0.019543817527010805,
iTransformer_ILI_h48_san_lite_s2021_det,5,defect,-0.23150060024009603,
iTransformer_ILI_h48_san_lite_s2021_det,5,control,0.09099639855942376,
iTransformer_ILI_h48_san_lite_s2021_det,6,defect,-0.12921968787515006,
iTransformer_ILI_h48_san_lite_s2021_det,6,control,-0.19116446578631452,
iTransformer_ILI_h48_san_lite_s2021_det,7,defect,-0.10050420168067226,
iTransformer_ILI_h48_san_lite_s2021_det,7,control,-0.025690276110444176,
iTransformer_Weather_h336_fredf_s2021_det,0,defect,0.001113199102708071,-0.05162932690991786
iTransformer_Weather_h336_fredf_s2021_det,0,control,0.01037308588205714,-0.023709036435678312
iTransformer_Weather_h336_fredf_s2021_det,1,defect,0.008887789727338408,0.06645326924864692
iTransformer_Weather_h336_fredf_s2021_det,1,control,0.019886465221451054,-0.15541492544512184
iTransformer_Weather_h336_fredf_s2021_det,2,defect,0.023325476901325297,0.0061476050458933625
iTransformer_Weather_h336_fredf_s2021_det,2,control,-0.009625395658071008,-0.16083484480053034
iTransformer_Weather_h336_fredf_s2021_det,3,defect,0.01436810833617117,0.06294996137768828
iTransformer_Weather_h336_fredf_s2021_det,3,control,-0.0016381826110081841,0.055471299014022264
iTransformer_Weather_h336_fredf_s2021_det,4,defect,-0.000729257217024089,0.04863415138274087
iTransformer_Weather_h336_fredf_s2021_det,4,control,0.0018831379528181998,-0.06705404003119629
iTransformer_Weather_h336_fredf_s2021_det,5,defect,-0.014268495275857912,-0.026313136938302818
iTransformer_Weather_h336_fredf_s2021_det,5,control,0.0052385750327020916,-0.03208305104492206
iTransformer_Weather_h336_fredf_s2021_det,6,defect,0.01021604543698725,0.012534696088368472
iTransformer_Weather_h336_fredf_s2021_det,6,control,0.007935752509499953,0.03133595327864744
iTransformer_Weather_h336_fredf_s2021_det,7,defect,-0.011635063480127312,0.005305850816207752
iTransformer_Weather_h336_fredf_s2021_det,7,control,0.0018433390361077843,-0.03862018090550402
iTransformer_Weather_h336_none_s2021_det,0,defect,-0.03451669344552141,0.17652530158063987
iTransformer_Weather_h336_none_s2021_det,0,control,-0.0021734743615845786,-0.040382687204513025
iTransformer_Weather_h336_none_s2021_det,1,defect,-0.01900057302428123,0.014194840793959815
iTransformer_Weather_h336_none_s2021_det,1,control,0.014155708365408035,-0.021508752087672375
iTransformer_Weather_h336_none_s2021_det,2,defect,-0.03578318347056544,-0.07779769051147603
iTransformer_Weather_h336_none_s2021_det,2,control,0.02267522444790332,-0.017471882530899475
iTransformer_Weather_h336_none_s2021_det,3,defect,0.002958139428928407,-0.17728644614194436
iTransformer_Weather_h336_none_s2021_det,3,control,0.004683967858489696,0.058347114285625785
iTransformer_Weather_h336_none_s2021_det,4,defect,-0.00611432772379027,0.01303292676414142
iTransformer_Weather_h336_none_s2021_det,4,control,-0.011113885906447156,0.07273558915018992
iTransformer_Weather_h336_none_s2021_det,5,defect,-0.004435484596554203,0.1865159682179727
iTransformer_Weather_h336_none_s2021_det,5,control,0.004264657461592553,-0.0010699423369336164
iTransformer_Weather_h336_none_s2021_det,6,defect,0.0046063872631229305,-0.0465972523963274
iTransformer_Weather_h336_none_s2021_det,6,control,0.005829891516729151,0.05277057292983051
iTransformer_Weather_h336_none_s2021_det,7,defect,0.007506005921134496,0.06679095113611073
iTransformer_Weather_h336_none_s2021_det,7,control,-0.023781238213382103,-0.07004273371740194
iTransformer_Weather_h336_san_lite_s2021_det,0,defect,0.019406179750675646,-0.006523328935304645
iTransformer_Weather_h336_san_lite_s2021_det,0,control,-0.020943897636323174,0.06097752615763952
iTransformer_Weather_h336_san_lite_s2021_det,1,defect,-0.004777894232350771,0.06915129293364601
iTransformer_Weather_h336_san_lite_s2021_det,1,control,0.0023305105133297555,0.06889736324148328
iTransformer_Weather_h336_san_lite_s2021_det,2,defect,0.011201753876465288,0.009206819549348464
iTransformer_Weather_h336_san_lite_s2021_det,2,control,-0.014986505522081348,-0.060942681993064025
iTransformer_Weather_h336_san_lite_s2021_det,3,defect,0.015248812765445052,0.14131053816065484
iTransformer_Weather_h336_san_lite_s2021_det,3,control,-0.010237572394299687,-0.020277100858844516
iTransformer_Weather_h336_san_lite_s2021_det,4,defect,-0.003005898168844467,0.13634091829395314
iTransformer_Weather_h336_san_lite_s2021_det,4,control,0.008450430171822015,0.06873039890732811
iTransformer_Weather_h336_san_lite_s2021_det,5,defect,-0.010604851697947833,0.07624745540651341
iTransformer_Weather_h336_san_lite_s2021_det,5,control,0.0025378045877452837,-0.025519524927833343
iTransformer_Weather_h336_san_lite_s2021_det,6,defect,0.018841010831480067,-0.06436419975974501
iTransformer_Weather_h336_san_lite_s2021_det,6,control,-0.010697227003167161,0.016394544089645337
iTransformer_Weather_h336_san_lite_s2021_det,7,defect,0.03328603021251104,-0.022399892983746145
iTransformer_Weather_h336_san_lite_s2021_det,7,control,0.017763471233852843,-0.06924253840039933
iTransformer_Weather_h96_fredf_s2021_det,0,defect,-0.010662692484718411,0.20279749339437667
iTransformer_Weather_h96_fredf_s2021_det,0,control,-0.03245207227087936,-0.02752127791108504
iTransformer_Weather_h96_fredf_s2021_det,1,defect,-0.0025272090076354655,-0.019923651078205696
iTransformer_Weather_h96_fredf_s2021_det,1,control,0.007807485318327614,-0.153560664566924
iTransformer_Weather_h96_fredf_s2021_det,2,defect,0.011141346569569598,-0.062480070294396214
iTransformer_Weather_h96_fredf_s2021_det,2,control,-0.02025544464372905,-0.07062359901071365
iTransformer_Weather_h96_fredf_s2021_det,3,defect,-0.0027940797794704106,0.07892699199358028
iTransformer_Weather_h96_fredf_s2021_det,3,control,0.016162280371928163,-0.15425439266284574
iTransformer_Weather_h96_fredf_s2021_det,4,defect,0.002104524957827827,0.13714687501610703
iTransformer_Weather_h96_fredf_s2021_det,4,control,0.019915164968804914,0.039331304000533425
iTransformer_Weather_h96_fredf_s2021_det,5,defect,-0.014615053508597228,-0.026003952812605816
iTransformer_Weather_h96_fredf_s2021_det,5,control,-0.0021778458890299927,-0.12462703230995269
iTransformer_Weather_h96_fredf_s2021_det,6,defect,0.0025812270365558948,-0.08330229955875092
iTransformer_Weather_h96_fredf_s2021_det,6,control,-0.008202011437367034,-0.03569878941699644
iTransformer_Weather_h96_fredf_s2021_det,7,defect,0.0014622545059421327,0.061764690166082804
iTransformer_Weather_h96_fredf_s2021_det,7,control,0.0037602142309402812,-0.0025696499329063054
iTransformer_Weather_h96_none_s2021_det,0,defect,0.006803768991132506,-0.11457686072158373
iTransformer_Weather_h96_none_s2021_det,0,control,-0.0014945180223678767,0.14434306932638655
iTransformer_Weather_h96_none_s2021_det,1,defect,-0.007697739826618357,0.16701220975582373
iTransformer_Weather_h96_none_s2021_det,1,control,-0.022721987381357594,-0.0007931122375827803
iTransformer_Weather_h96_none_s2021_det,2,defect,0.019617567115203318,6.128270141930801e-05
iTransformer_Weather_h96_none_s2021_det,2,control,-0.0158072471365174,0.0776156077866557
iTransformer_Weather_h96_none_s2021_det,3,defect,0.004238176013498658,-0.010309907340625575
iTransformer_Weather_h96_none_s2021_det,3,control,0.011960143436342614,-0.019565106491266145
iTransformer_Weather_h96_none_s2021_det,4,defect,-0.01358240728881334,0.06863501818562531
iTransformer_Weather_h96_none_s2021_det,4,control,-0.006729420148258637,-0.11843644200027466
iTransformer_Weather_h96_none_s2021_det,5,defect,-0.00853096698327045,-0.003997513604158868
iTransformer_Weather_h96_none_s2021_det,5,control,0.010654796661742552,0.14928589441064244
iTransformer_Weather_h96_none_s2021_det,6,defect,-0.003346325032071994,0.02382620552029869
iTransformer_Weather_h96_none_s2021_det,6,control,-0.028066526419651877,0.1395419672164209
iTransformer_Weather_h96_none_s2021_det,7,defect,-0.0013063489700787946,-0.24261797736951196
iTransformer_Weather_h96_none_s2021_det,7,control,0.021041913227601038,-0.018862488158026523
iTransformer_Weather_h96_san_lite_s2021_det,0,defect,0.008027357066399997,0.15944183912170165
iTransformer_Weather_h96_san_lite_s2021_det,0,control,0.028822193629673868,0.1620683483316251
iTransformer_Weather_h96_san_lite_s2021_det,1,defect,0.006753244424553358,-0.163418419652751
iTransformer_Weather_h96_san_lite_s2021_det,1,control,0.014403220322067053,0.042040837568774046
iTransformer_Weather_h96_san_lite_s2021_det,2,defect,0.01643957403770812,-0.13209600685687148
iTransformer_Weather_h96_san_lite_s2021_det,2,control,0.0179344890158989,-0.24362067529212816
iTransformer_Weather_h96_san_lite_s2021_det,3,defect,-0.02379650830626913,0.012200975951386646
iTransformer_Weather_h96_san_lite_s2021_det,3,control,0.0026045564277487145,-0.0052318095261678025
iTransformer_Weather_h96_san_lite_s2021_det,4,defect,0.004159326014560666,0.10351555261980044
iTransformer_Weather_h96_san_lite_s2021_det,4,control,0.018630678008828176,0.05400419981370922
iTransformer_Weather_h96_san_lite_s2021_det,5,defect,0.020125348986253566,-0.1312669513599859
iTransformer_Weather_h96_san_lite_s2021_det,5,control,-0.00710470436521579,-0.18196378073854771
iTransformer_Weather_h96_san_lite_s2021_det,6,defect,-0.004507923881660372,-0.05564875958245403
iTransformer_Weather_h96_san_lite_s2021_det,6,control,-0.00625018692957191,-0.04448458937119889
iTransformer_Weather_h96_san_lite_s2021_det,7,defect,-0.0027175918603941735,0.0902963295533154
iTransformer_Weather_h96_san_lite_s2021_det,7,control,-0.011214134950727954,-0.12019830953599915
