cell_id,block_id,dataset,backbone,plugin,pred_len,seed,val_order,perm_source,condition,assoc_rho_best,assoc_rho_best_feature,assoc_rho_fstd,assoc_abs_rho_mean,assoc_z_fstd,assoc_p_fstd,decile_ratio_fstd,n,rho_f_std,rho_f_range,rho_f_absdiff,rho_f_slope,rho_f_acf1,rho_f_drift,rho_f_spec_ent,rho_f_cross_corr,rho_f_last_dev,rho_f_kurtosis,spearman_test,r2_test,spearman_holdout,n_val,n_test
DLinear_ETTh1_h192_fredf_s2021_det,ETTh1_h192_DLinear,ETTh1,DLinear,fredf,192,2021,deterministic,simulated,index,0.3011436008644016,f_absdiff,0.2965901221356377,0.1562500118954034,15.376989402161481,2.335578143312843e-53,1.3577554877220026,2689,0.2965901221356377,0.21242807663828783,0.3011436008644016,0.07974966781128916,0.016895404573065417,-0.13165893390629632,-0.24564285724160528,-0.08940686836696463,0.08521216751751347,-0.10377241989897276,0.046408228825026335,-2.3597870147243034,-0.0224900665579532,2689,2689
DLinear_ETTh1_h192_fredf_s2021_det,ETTh1_h192_DLinear,ETTh1,DLinear,fredf,192,2021,deterministic,simulated,defect,0.03381828519625302,f_slope,-0.0246663097004041,0.02011158266742178,-1.2788476572395315,0.20095070788120062,1.0101860591555587,2689,-0.0246663097004041,-0.02320506753216528,-0.009903282131111052,0.03381828519625302,-0.022581493499311826,0.01111245484001124,0.009949755470004564,-0.023824142441610723,-0.01730832913818359,0.024746706725162423,-0.15504268160783705,-3.209076547675715,-0.021946701809756622,2689,2689
DLinear_ETTh1_h192_fredf_s2021_det,ETTh1_h192_DLinear,ETTh1,DLinear,fredf,192,2021,deterministic,simulated,control,0.040371582055647726,f_acf1,0.02598747513275205,0.024406863833225358,1.3473447019335074,0.17786924135486148,1.0761548583788374,2689,0.02598747513275205,0.0375928507319773,0.015794590656412394,0.02131147836418587,0.040371582055647726,0.01591501955607975,0.011586450186406843,0.030866910948145976,0.04022695739531661,-0.004415323305329021,-0.20088786707996875,-3.061097009050747,0.029811803827196115,2689,2689
DLinear_ETTh1_h192_none_s2021_det,ETTh1_h192_DLinear,ETTh1,DLinear,none,192,2021,deterministic,simulated,index,0.31249118739474857,f_absdiff,0.2746246164305732,0.15501825016866969,14.238167427890108,5.310136210924639e-46,1.219802750916236,2689,0.2746246164305732,0.18763413186487782,0.31249118739474857,0.1001570197262717,-0.006623138635793458,-0.15048913376660122,-0.23869615866789987,-0.09929518770292975,0.07083530439809166,-0.10933662309890975,0.06991926521530263,-2.2721532974605485,0.016543058406117313,2689,2689
DLinear_ETTh1_h192_none_s2021_det,ETTh1_h192_DLinear,ETTh1,DLinear,none,192,2021,deterministic,simulated,defect,0.05966670815831669,f_kurtosis,-0.03039691737442696,0.021601613472523633,-1.5759563162767185,0.11503587089581015,0.9498686306675863,2689,-0.03039691737442696,-0.0030171437254558624,-0.011671589591930941,-0.023148977407432048,-0.025457060045951125,-0.00761643959980747,0.030111995381949867,0.009640625683466766,-0.01528867775649862,0.05966670815831669,0.1431638679099487,-2.7773903219635834,-0.052609776418308114,2689,2689
DLinear_ETTh1_h192_none_s2021_det,ETTh1_h192_DLinear,ETTh1,DLinear,none,192,2021,deterministic,simulated,control,-0.032145762502967655,f_drift,-0.016844007408116222,0.016741932199591344,-0.8732931546724985,0.38250331071515864,0.9282740130132152,2689,-0.016844007408116222,-0.02746946510232898,-0.024144794905833412,-0.012518190024736376,0.0024683246242936554,-0.032145762502967655,0.0014374030912752613,0.007524912426381558,-0.024160060132451866,-0.01870640177752844,0.06040616397737794,-2.8929416769472627,-0.00803392843630112,2689,2689
DLinear_ETTh1_h192_revin_s2021_det,ETTh1_h192_DLinear,ETTh1,DLinear,revin,192,2021,deterministic,simulated,index,0.27412250868341687,f_std,0.27412250868341687,0.14357684196983325,14.212135186994255,7.704021089483299e-46,1.3489450190458399,2689,0.27412250868341687,0.19672167280243044,0.2599074752236003,0.09579914529049427,0.023881724945179976,-0.12098799738692696,-0.2338514145768435,-0.07596034902131715,0.06054722733024357,-0.09398890443787923,0.0746001121678402,-2.3265135888087065,-0.013860625194877789,2689,2689
DLinear_ETTh1_h192_revin_s2021_det,ETTh1_h192_DLinear,ETTh1,DLinear,revin,192,2021,deterministic,simulated,defect,-0.054972110318646385,f_slope,-0.004561384133782387,0.019461926563940496,-0.2364891823750032,0.8130531004681669,0.9503860626586028,2689,-0.004561384133782387,-0.013135433769551858,0.011420052797662906,-0.054972110318646385,-0.02111474493259156,-0.03434718326882776,-0.026356210526669203,-0.009273253629438162,-0.011043563206802085,0.008395329055432658,-0.05558108570274818,-3.399331544091713,-0.027336897439859686,2689,2689
DLinear_ETTh1_h192_revin_s2021_det,ETTh1_h192_DLinear,ETTh1,DLinear,revin,192,2021,deterministic,simulated,control,-0.0420728265733984,f_kurtosis,0.0225450677826917,0.018478480080538782,1.1688699066212318,0.24245604971970525,1.0475282004291144,2689,0.0225450677826917,0.00021191387219469094,0.023757636192927773,0.029155492287079775,0.02307143605159945,-0.013750654946975215,-0.02048063998465849,-0.001998433188101166,-0.0077406999257611546,-0.0420728265733984,-0.03772946205540481,-3.004057358530507,-0.040980842281605735,2689,2689
DLinear_ETTh1_h192_san_lite_s2021_det,ETTh1_h192_DLinear,ETTh1,DLinear,san_lite,192,2021,deterministic,simulated,index,0.3079238752390445,f_std,0.3079238752390445,0.14712065528971688,15.964598322185122,2.2548865378652027e-57,1.5521346345838876,2689,0.3079238752390445,0.22927286058804858,0.2574060832452664,0.07578692570309162,0.0679139717890416,-0.08779833167996046,-0.23574530065053295,-0.049198418839997815,0.06636738659320332,-0.09379339856898158,0.0644221674881543,-1.9588341258093136,0.014789648034987632,2689,2689
DLinear_ETTh1_h192_san_lite_s2021_det,ETTh1_h192_DLinear,ETTh1,DLinear,san_lite,192,2021,deterministic,simulated,defect,-0.052579404235741804,f_cross_corr,-0.027053887669459195,0.024263597651495168,-1.4026338469569504,0.16072605328636302,0.945372888252493,2689,-0.027053887669459195,-0.023486740909417308,0.0028116684790240208,-0.014367937533710143,-0.033286451218324804,-0.03828285604576541,0.006104102723137693,-0.052579404235741804,0.02731253432731885,0.017350393373052463,-0.24024979984154807,-3.4303535220763584,-0.008534278004591845,2689,2689
DLinear_ETTh1_h192_san_lite_s2021_det,ETTh1_h192_DLinear,ETTh1,DLinear,san_lite,192,2021,deterministic,simulated,control,0.03906502394049675,f_kurtosis,-0.030072618017346883,0.016464026747652096,-1.5591427159415476,0.1189626054233947,0.9264713244778074,2689,-0.030072618017346883,-0.003974078273523077,-0.022744185364460583,0.0001340845317571025,-0.03565464122631748,0.009529562425309382,0.005198995257522287,0.0026006270605031766,-0.01566645137928426,0.03906502394049675,0.06942787439222467,-2.945827254345871,0.07727129082033468,2689,2689
DLinear_ETTh1_h336_fredf_s2021_det,ETTh1_h336_DLinear,ETTh1,DLinear,fredf,336,2021,deterministic,simulated,index,0.3589074132960073,f_absdiff,0.29066587298629154,0.13823680894680257,14.660628802504968,1.1520113383162395e-48,1.2805285155312403,2545,0.29066587298629154,0.24172520112445622,0.3589074132960073,0.0875264336067211,0.02405126952287337,-0.07601960347226402,-0.19033242942861184,-0.08830311352339897,0.014533841725370622,-0.01030291078203079,0.06540438959274367,-4.909117118139725,0.07284014281284733,2545,2545
DLinear_ETTh1_h336_fredf_s2021_det,ETTh1_h336_DLinear,ETTh1,DLinear,fredf,336,2021,deterministic,simulated,defect,-0.0350714649018084,f_cross_corr,-0.023136604748044038,0.01497118879290409,-1.166965940915069,0.2432241242458809,0.9818086328060512,2545,-0.023136604748044038,-0.02438274052599413,0.007870183982602055,0.016771846556694812,-0.023001838278394998,-0.003853379247478122,0.009301210473934389,-0.0350714649018084,-0.0027510910130914617,-0.003571528200998489,-0.41305323142659134,-6.315836061446197,-0.011871033765936453,2545,2545
DLinear_ETTh1_h336_fredf_s2021_det,ETTh1_h336_DLinear,ETTh1,DLinear,fredf,336,2021,deterministic,simulated,control,-0.04834466472434955,f_kurtosis,0.00675524277138645,0.01799993262093582,0.3407214810758759,0.733313265736625,1.0446673901149308,2545,0.00675524277138645,-0.019686631018515723,0.005283147065722759,-0.01952646644069004,-0.010710451146782663,-0.0035971286215528355,-0.030168459675872176,-0.005150245674414192,-0.030776889070071804,-0.04834466472434955,0.030311188035474695,-6.288169994249674,-0.010337393235354,2545,2545
DLinear_ETTh1_h336_fredf_s2021_shuf,ETTh1_h336_DLinear,ETTh1,DLinear,fredf,336,2021,shuffled,observed,index,0.35867899646031126,f_absdiff,0.2907555877878105,0.1382366518976595,14.665153844917574,1.0777261451918055e-48,1.280779808541191,2545,0.2907555877878105,0.24184443142600337,0.35867899646031126,0.0875320306457559,0.024217450400927775,-0.0758512852340743,-0.19037836586582246,-0.0882672769952327,0.01453353706414422,-0.010307557096512428,0.04362506383992625,-4.923508650260725,0.03688289897937253,2545,2545
DLinear_ETTh1_h336_fredf_s2021_shuf,ETTh1_h336_DLinear,ETTh1,DLinear,fredf,336,2021,shuffled,observed,defect,-0.034375001182963424,f_drift,-0.006314251111643471,0.01637791851366328,-0.31847870808684564,0.7501218430069152,0.9526150525025581,2545,-0.006314251111643471,-0.018143580561078808,-0.0032905398072507774,0.0018683112881850035,-0.03154929320519492,-0.034375001182963424,-0.0012859271088947462,-0.027219285253642353,0.0160177761621207,-0.023715219455658607,0.02244565121106388,-6.07652735050675,-0.004483719532777,2545,2545
DLinear_ETTh1_h336_fredf_s2021_shuf,ETTh1_h336_DLinear,ETTh1,DLinear,fredf,336,2021,shuffled,observed,control,-0.049492412596328514,f_kurtosis,0.0013942159450890648,0.015436133308193706,0.07032157656309528,0.9439377094032892,0.9312600129345112,2545,0.0013942159450890648,-0.01738754105794387,0.027480855575059845,0.017389035336930255,0.00816444012808793,0.0032071994877600914,0.0023471989071252425,0.025458109685300857,0.0020403243623113698,-0.049492412596328514,-0.08854890771397368,-5.91766983911621,-0.02813906594256325,2545,2545
DLinear_ETTh1_h336_fredf_s2022_det,ETTh1_h336_DLinear,ETTh1,DLinear,fredf,336,2022,deterministic,simulated,index,0.35965980831291905,f_absdiff,0.29242985168551605,0.13911821574134833,14.749600502757085,3.0949128389892973e-49,1.2821347371700962,2545,0.29242985168551605,0.242007252146951,0.35965980831291905,0.08763884827133402,0.024878602482123202,-0.07657924382873067,-0.19289683792816353,-0.08738390800485214,0.014470563012287068,-0.01323724174060658,0.04636170374293096,-4.846639207312631,0.05498085616208497,2545,2545
DLinear_ETTh1_h336_fredf_s2022_det,ETTh1_h336_DLinear,ETTh1,DLinear,fredf,336,2022,deterministic,simulated,defect,0.04185941425367828,f_std,0.04185941425367828,0.022233324976965767,2.1113085205307387,0.034745802157115514,1.1077611249688273,2545,0.04185941425367828,0.032826041034578854,0.01883870388253063,0.0005333989378886249,0.013502746052499359,-0.029887799242023935,-0.0404680024773904,0.0014827212654407744,0.02942460681768999,-0.013509815805936827,-0.2410732241831892,-5.829123110828921,0.03421206227410135,2545,2545
DLinear_ETTh1_h336_fredf_s2022_det,ETTh1_h336_DLinear,ETTh1,DLinear,fredf,336,2022,deterministic,simulated,control,0.021855703235524986,f_drift,0.007343991295363441,0.006030864219829718,0.3704168267295311,0.7110719381610207,0.9911690150548177,2545,0.007343991295363441,0.0042231623616556645,-0.00685687753056147,-0.006093514870037204,0.006603965045390402,0.021855703235524986,0.001754554977659155,0.00016128850974056035,0.0017117728322758536,-0.0037038115400884436,0.22413228002435048,-5.70806411769786,-0.017965498977706287,2545,2545
DLinear_ETTh1_h336_fredf_s2022_shuf,ETTh1_h336_DLinear,ETTh1,DLinear,fredf,336,2022,shuffled,observed,index,0.3596213989974467,f_absdiff,0.2924010709888417,0.139114663005657,14.748148859651257,3.1621980944745006e-49,1.28216251496156,2545,0.2924010709888417,0.2419627001073404,0.3596213989974467,0.08764827991584927,0.024855886663338735,-0.07660797416064266,-0.1928945225255309,-0.08736604813719148,0.014534434660394564,-0.013254313899993536,0.048614559190049894,-4.8079683854096995,0.05302906476011492,2545,2545
DLinear_ETTh1_h336_fredf_s2022_shuf,ETTh1_h336_DLinear,ETTh1,DLinear,fredf,336,2022,shuffled,observed,defect,0.04611643662238126,f_last_dev,-0.00044474183457491825,0.013836577262684668,-0.022431924610411536,0.982103414597683,1.0237772931015685,2545,-0.00044474183457491825,0.014263506464938297,0.001651166521328386,-0.027235579573894966,0.014678833364233548,0.008960753597642934,-0.0006234785088376903,0.015449283977352209,0.04611643662238126,0.008941992161662485,0.21265565348189464,-5.703244984920609,0.018803107626194266,2545,2545
DLinear_ETTh1_h336_fredf_s2022_shuf,ETTh1_h336_DLinear,ETTh1,DLinear,fredf,336,2022,shuffled,observed,control,-0.04329237241779466,f_slope,0.01768065729728571,0.016430322093119856,0.8917784222712359,0.37251170952868984,1.068686676301826,2545,0.01768065729728571,0.02529917247363877,-0.0032105962307480158,-0.04329237241779466,0.01334139019998444,0.016411116233807848,-0.009161435881445777,0.02407327154629204,0.003530800043480639,0.008302408606720667,-0.2159451264641642,-6.278772989816748,-0.044778341473069125,2545,2545
DLinear_ETTh1_h336_fredf_s2023_det,ETTh1_h336_DLinear,ETTh1,DLinear,fredf,336,2023,deterministic,simulated,index,0.35998035669208295,f_absdiff,0.2925122353361381,0.13919437367926685,14.753755775988017,2.9100880558886487e-49,1.2827447759043702,2545,0.2925122353361381,0.2423975827137863,0.35998035669208295,0.08809276768627872,0.02506419742330327,-0.07625845032635374,-0.19263057899748234,-0.08720448372403931,0.014554098788467819,-0.013248985104736011,0.03638571282688393,-4.958795632902477,0.06024223719249244,2545,2545
DLinear_ETTh1_h336_fredf_s2023_det,ETTh1_h336_DLinear,ETTh1,DLinear,fredf,336,2023,deterministic,simulated,defect,-0.02855022685089078,f_kurtosis,-0.013031955358323478,0.013602597507555103,-0.6573068180185254,0.5109836534078962,1.002305130074776,2545,-0.013031955358323478,-0.016506855023297417,-0.019895334453389795,0.014159820353790653,0.0005989201880709471,0.0066059225744685285,-0.00654813499300166,0.004995055431263913,0.02513374984905386,-0.02855022685089078,-0.15217089826309801,-6.230732219263107,0.04757008307228125,2545,2545
DLinear_ETTh1_h336_fredf_s2023_det,ETTh1_h336_DLinear,ETTh1,DLinear,fredf,336,2023,deterministic,simulated,control,0.044060121506432355,f_kurtosis,-0.019669898022874274,0.018765039171664014,-0.9921119068219145,0.3211429388550908,0.992300986099943,2545,-0.019669898022874274,-0.009724733884873384,-0.01050241847227167,-0.03702163616086682,-0.00015842027835471609,-0.03087512198354881,0.027712148584516184,-0.004878324968046883,0.003047567854855031,0.044060121506432355,0.18725779666742454,-6.04094836238793,-0.009977376179307005,2545,2545
DLinear_ETTh1_h336_fredf_s2023_shuf,ETTh1_h336_DLinear,ETTh1,DLinear,fredf,336,2023,shuffled,observed,index,0.3596486064283149,f_absdiff,0.2927281308936147,0.13922097445632353,14.76464513357154,2.4762218507799976e-49,1.2841049716576622,2545,0.2927281308936147,0.242584682091847,0.3596486064283149,0.08802395779757222,0.025464060901315918,-0.07608845957370626,-0.19273556645574047,-0.08709276465789234,0.014553825796907494,-0.013289689966324047,0.05202815489300594,-4.798079673411382,0.05200398520257723,2545,2545
DLinear_ETTh1_h336_fredf_s2023_shuf,ETTh1_h336_DLinear,ETTh1,DLinear,fredf,336,2023,shuffled,observed,defect,0.04436826564399611,f_cross_corr,0.030744243277732054,0.02501680171313121,1.5506806281657832,0.12097823914621952,1.0542052003971212,2545,0.030744243277732054,0.02187643267635722,0.0027840836806052897,0.03346574127720622,0.043399494306065774,0.018702639422176884,-0.01454083212661357,0.04436826564399611,0.02129544556022687,-0.018990839160332118,0.09237770453618353,-5.554804380153152,0.055276389548675246,2545,2545
DLinear_ETTh1_h336_fredf_s2023_shuf,ETTh1_h336_DLinear,ETTh1,DLinear,fredf,336,2023,shuffled,observed,control,0.040232630595304165,f_acf1,0.01582664057517676,0.017077153611451,0.7982653769411492,0.42471650560599616,1.0474591421229535,2545,0.01582664057517676,0.016215111146757243,-0.02409179129374442,-0.02694871640241908,0.040232630595304165,0.005158480554891235,-0.007824523412789941,0.02016244977938059,-0.00644168429998019,0.007869508054066363,0.008383261243158292,-5.760822842559755,-0.0009657214092475611,2545,2545
DLinear_ETTh1_h336_none_s2021_det,ETTh1_h336_DLinear,ETTh1,DLinear,none,336,2021,deterministic,simulated,index,0.3807352396520837,f_absdiff,0.26640491823342216,0.13812662466026057,13.436952805140939,3.6725073345225784e-41,1.2030574292708944,2545,0.26640491823342216,0.21271379039343713,0.3807352396520837,0.10461232199166719,-0.006627636687165444,-0.10495689339506309,-0.18602352369003283,-0.09974337482970057,-0.0012482673771649357,-0.01820028035286874,0.0800321362190174,-4.468295094571822,0.04375490336055111,2545,2545
DLinear_ETTh1_h336_none_s2021_det,ETTh1_h336_DLinear,ETTh1,DLinear,none,336,2021,deterministic,simulated,defect,-0.03452879298041003,f_slope,0.02663584259507553,0.02067959987626945,1.343460782362881,0.17912281668115893,1.0272957555469329,2545,0.02663584259507553,0.024040398075122718,0.025181109880893848,-0.03452879298041003,0.024856978629580032,0.011633323501754613,-0.012323181182445688,0.026966477597322507,-0.008002946328752713,-0.012626947991336832,0.10417542445225218,-5.493833867581297,-0.05016695484318689,2545,2545
DLinear_ETTh1_h336_none_s2021_det,ETTh1_h336_DLinear,ETTh1,DLinear,none,336,2021,deterministic,simulated,control,0.031210186728847972,f_acf1,0.014527626614868831,0.014710229258118929,0.7327456057836846,0.46371360268134465,0.9532308149329343,2545,0.014527626614868831,0.01547077359004731,0.003214434128097423,-0.003657176936473276,0.031210186728847972,0.02132293690231773,0.013080235553716131,0.027217973438197807,-0.005357436804055335,-0.012043511884567459,0.2135826944901083,-5.075635053307613,-0.027206220248697725,2545,2545
DLinear_ETTh1_h336_none_s2021_shuf,ETTh1_h336_DLinear,ETTh1,DLinear,none,336,2021,shuffled,observed,index,0.3828612149344524,f_absdiff,0.2657347443361967,0.13820621135724548,13.403150519928,5.794994952118059e-41,1.1987296194544919,2545,0.2657347443361967,0.21267334881019984,0.3828612149344524,0.10410238686057693,-0.008067593642147404,-0.1054680871992408,-0.18472627507514836,-0.10067235710173056,-0.0006291960440771153,-0.017126909568684685,0.10572680431548379,-4.298536543295877,0.04069810959869721,2545,2545
DLinear_ETTh1_h336_none_s2021_shuf,ETTh1_h336_DLinear,ETTh1,DLinear,none,336,2021,shuffled,observed,defect,0.025027034172224502,f_drift,-0.013173038852653886,0.010138539196598764,-0.6644227987123992,0.5064197449780647,0.9895465040558139,2545,-0.013173038852653886,-0.012835131191345654,-0.011871323367864992,0.007365425134051958,-0.004613571929024756,0.025027034172224502,0.012897280249874488,-0.005494702784406174,9.419446392916649e-05,0.008013689820612076,0.08918842281479962,-5.762259635788088,-0.0470460428191778,2545,2545
DLinear_ETTh1_h336_none_s2021_shuf,ETTh1_h336_DLinear,ETTh1,DLinear,none,336,2021,shuffled,observed,control,0.020047094388948392,f_range,0.0010560733109444339,0.009441896191999028,0.053266311042710374,0.9575197219720414,1.0170960047475297,2545,0.0010560733109444339,0.020047094388948392,0.016545120147007188,-0.002580985967476702,0.004347591519947413,0.0009122467974158893,0.011943642108093531,-0.0018274258881784049,0.015163156063145463,0.01999562572883286,-0.008519729652668884,-4.7713212342964315,-0.0020883328328091676,2545,2545
DLinear_ETTh1_h336_none_s2022_det,ETTh1_h336_DLinear,ETTh1,DLinear,none,336,2022,deterministic,simulated,index,0.3826893467278474,f_absdiff,0.26635390302658385,0.13857015392709326,13.434379696013764,3.802411648023953e-41,1.1990221453500856,2545,0.26635390302658385,0.21245829819981707,0.3826893467278474,0.10460220237652036,-0.007670857555449825,-0.10597581291863617,-0.18605579202044062,-0.10009491807355837,-0.00086484672681372,-0.01893556164526524,0.08858116798435252,-4.403188510610115,0.06497320376834728,2545,2545
DLinear_ETTh1_h336_none_s2022_det,ETTh1_h336_DLinear,ETTh1,DLinear,none,336,2022,deterministic,simulated,defect,-0.04211452739948588,f_slope,0.00036961746908374205,0.015053838754744678,0.018642795789836884,0.985126062656406,1.0363747123377318,2545,0.00036961746908374205,0.003622251632185028,-0.03457423843144028,-0.04211452739948588,0.0014837899358625618,0.03418192771992993,0.013039043675184476,0.002893141989010975,-0.01171574656960261,0.006544102725661301,0.057139366547876706,-5.32214604445245,-0.04777930945331576,2545,2545
DLinear_ETTh1_h336_none_s2022_det,ETTh1_h336_DLinear,ETTh1,DLinear,none,336,2022,deterministic,simulated,control,0.02952639808004962,f_kurtosis,-0.013512564644037495,0.009286679301232295,-0.6815478280294343,0.495524914133635,0.9597020189650025,2545,-0.013512564644037495,0.0029890769246522387,0.0010027227523046963,-0.006148077144998061,-0.0070629519411680025,-0.0016549163334009962,0.013406338896061729,-0.002857875119304591,0.014705871176345527,0.02952639808004962,0.11694340725227317,-5.861587797086898,-0.037437836644161476,2545,2545
DLinear_ETTh1_h336_none_s2022_shuf,ETTh1_h336_DLinear,ETTh1,DLinear,none,336,2022,shuffled,observed,index,0.3813433881162623,f_absdiff,0.26672483272364333,0.13840675075474862,13.453088678064336,2.9527598272371414e-41,1.2019316170732899,2545,0.26672483272364333,0.2127169378622645,0.3813433881162623,0.10497201423469937,-0.006712030027323038,-0.10535785723023278,-0.18656509020517728,-0.09962702948470953,-0.0008846619103780248,-0.019163665752795933,0.10503690413811928,-4.257043549458727,0.056661300901962926,2545,2545
DLinear_ETTh1_h336_none_s2022_shuf,ETTh1_h336_DLinear,ETTh1,DLinear,none,336,2022,shuffled,observed,defect,-0.03326894785523214,f_drift,-0.005842573018880331,0.015860928078385066,-0.29468817030809497,0.7682321008241861,1.0297211235093646,2545,-0.005842573018880331,-0.003387456331018586,-0.01082463296081329,-0.009583468459833351,-0.012591025944177167,-0.03326894785523214,-0.014069132196022793,-0.022625627881066594,0.026697167788034187,0.01971924834877219,0.1305917439431379,-5.315581308727086,0.02838523133956271,2545,2545
DLinear_ETTh1_h336_none_s2022_shuf,ETTh1_h336_DLinear,ETTh1,DLinear,none,336,2022,shuffled,observed,control,-0.0450085560732761,f_absdiff,-0.03308070306688341,0.015525913409096509,-1.6685271759176845,0.09521112179128281,0.9267136267683863,2545,-0.03308070306688341,-0.038890387218107315,-0.0450085560732761,0.0011678608071884087,-0.0071664208396774905,-0.0037317039971096126,-0.006720006840717156,-0.00904371464250505,-0.006719466681416365,0.0037303139240841905,0.2150743818145373,-5.104408155074326,0.0006702224406239347,2545,2545
DLinear_ETTh1_h336_none_s2023_det,ETTh1_h336_DLinear,ETTh1,DLinear,none,336,2023,deterministic,simulated,index,0.3866579509803832,f_absdiff,0.2648639900720176,0.1390268369733386,13.359231345949395,1.0463907358721082e-40,1.1892507989182222,2545,0.2648639900720176,0.21165636962424775,0.3866579509803832,0.10471843781504134,-0.010946812333604361,-0.1070542198511251,-0.18419909488519803,-0.10144491520969491,-0.000503752418232039,-0.01822282654384152,0.12566767491769384,-4.257438757625751,0.04442633722464341,2545,2545
DLinear_ETTh1_h336_none_s2023_det,ETTh1_h336_DLinear,ETTh1,DLinear,none,336,2023,deterministic,simulated,defect,0.02960429094395123,f_spec_ent,-0.028913087232873384,0.014573202469394132,-1.45832063152317,0.1447521860129484,0.9777128592386181,2545,-0.028913087232873384,-0.02027335883383492,-0.012859576111517529,0.0072499147611152035,-0.00045757243791014424,-0.014465827877408936,0.02960429094395123,0.015837914762629395,0.002444106543175282,0.013626375189525296,0.01807828630656624,-5.826200218705501,0.02315180824976212,2545,2545
DLinear_ETTh1_h336_none_s2023_det,ETTh1_h336_DLinear,ETTh1,DLinear,none,336,2023,deterministic,simulated,control,0.03026564175394704,f_kurtosis,-0.017578198832842416,0.011493907509747391,-0.8866106139577068,0.375288577444735,0.9272252867757087,2545,-0.017578198832842416,-0.006721100232440228,-0.0003690962371978969,-0.0030028445574990254,-0.01807494810758028,-0.023731052966157396,0.005837005809930141,-0.007945177674700692,0.0014140089251787932,0.03026564175394704,-0.04098930483113099,-5.253065295558385,0.004831700949490897,2545,2545
DLinear_ETTh1_h336_none_s2023_shuf,ETTh1_h336_DLinear,ETTh1,DLinear,none,336,2023,shuffled,observed,index,0.38140802960584874,f_absdiff,0.2669238311955383,0.138413247060226,13.463125779079135,2.5777633375573894e-41,1.203190605919242,2545,0.2669238311955383,0.21292037424808857,0.38140802960584874,0.10495383481672224,-0.006305244211244037,-0.1050124024260848,-0.1865659666900805,-0.09936320097705702,-0.0013578199825362966,-0.019321766449059467,0.0838334924781342,-4.411720489658723,0.03833970429669184,2545,2545
DLinear_ETTh1_h336_none_s2023_shuf,ETTh1_h336_DLinear,ETTh1,DLinear,none,336,2023,shuffled,observed,defect,-0.034903651529815526,f_spec_ent,0.023021490758831923,0.01828806795201266,1.1611598122200295,0.24557691454936303,1.0490528177059089,2545,0.023021490758831923,0.006413043008755401,-0.021618995161457363,-0.010667444784338896,0.010698396931442805,0.016578097166522702,-0.034903651529815526,0.027387073879354185,0.010104633007855196,-0.02148785329175259,0.08261394469279894,-4.995661622162471,-0.01893309116877223,2545,2545
DLinear_ETTh1_h336_none_s2023_shuf,ETTh1_h336_DLinear,ETTh1,DLinear,none,336,2023,shuffled,observed,control,-0.040168234805444125,f_std,-0.040168234805444125,0.025562508999350652,-2.026008674786015,0.04276389569673113,0.9061244765466097,2545,-0.040168234805444125,-0.03711394428343297,-0.026077362289530667,-0.020235842290095885,-0.028258862235722482,-0.012992800363185205,0.025954183037658875,-0.031066833406344654,0.01267129419865695,0.021085733083434748,0.01589118144231595,-5.056585847037243,-0.019604643489289055,2545,2545
DLinear_ETTh1_h336_revin_s2021_det,ETTh1_h336_DLinear,ETTh1,DLinear,revin,336,2021,deterministic,simulated,index,0.28123687147187515,f_std,0.28123687147187515,0.12950501712534696,14.185048061770278,1.1338802602266742e-45,1.4069363273842848,2545,0.28123687147187515,0.2261401980171254,0.26831240490247993,0.09720683989599703,0.07561885803568201,-0.04635765997283595,-0.19307646594065567,-0.07662514496579828,-0.00396153340713472,-0.026514194643885197,0.07932851612289621,-5.097869641375348,0.022210463143044906,2545,2545
DLinear_ETTh1_h336_revin_s2021_det,ETTh1_h336_DLinear,ETTh1,DLinear,revin,336,2021,deterministic,simulated,defect,-0.046540913747450216,f_kurtosis,0.016417088561170242,0.017358601699877775,0.8280464401973965,0.40764420005550717,0.9746362613614618,2545,0.016417088561170242,0.0016060520168247505,-0.011352327828881958,0.02169037553476134,0.014660459212280008,-0.006428859520464916,-0.02894152785761668,0.006766070343416975,0.019182342375910627,-0.046540913747450216,-0.12403134249179355,-6.40712481597685,-0.04464496971017721,2545,2545
DLinear_ETTh1_h336_revin_s2021_det,ETTh1_h336_DLinear,ETTh1,DLinear,revin,336,2021,deterministic,simulated,control,0.038433767426489227,f_range,0.020441910875695482,0.020655998334909827,1.031050753511042,0.30251701986586943,1.0535063658195154,2545,0.020441910875695482,0.038433767426489227,-0.010366960788016416,-0.01216089825550676,0.029530443450984874,0.03363578444423329,0.02007104055734422,0.020284102826413384,-0.005414898251604803,0.01622017647280985,0.1585463277134377,-6.335491100321921,0.016829740123198215,2545,2545
DLinear_ETTh1_h336_revin_s2021_shuf,ETTh1_h336_DLinear,ETTh1,DLinear,revin,336,2021,shuffled,observed,index,0.2812425591600374,f_std,0.2812425591600374,0.12952214769818104,14.185334937845663,1.129252816401755e-45,1.4064463201460011,2545,0.2812425591600374,0.22618045105302848,0.2683785460256927,0.09734507117450518,0.07558725871659139,-0.04632994878154184,-0.1930543667278643,-0.07669097233071108,-0.003926958116047824,-0.026485344895790162,0.08265290741508757,-5.058494772975787,0.024689950384408493,2545,2545
DLinear_ETTh1_h336_revin_s2021_shuf,ETTh1_h336_DLinear,ETTh1,DLinear,revin,336,2021,shuffled,observed,defect,-0.03589315165655209,f_drift,-0.008494527691259269,0.017122884074379896,-0.4284476744885184,0.6683252214942642,0.9712290050255743,2545,-0.008494527691259269,-0.017350202133928513,-0.004803679611746888,0.003405578450771293,-0.029583692092775424,-0.03589315165655209,0.0034335648175582104,-0.030240552737587023,0.02267006362319465,-0.015353827928425596,0.056874110984192185,-6.229683030113971,-0.000264060758831768,2545,2545
DLinear_ETTh1_h336_revin_s2021_shuf,ETTh1_h336_DLinear,ETTh1,DLinear,revin,336,2021,shuffled,observed,control,0.038263858412919946,f_absdiff,0.013230200373475748,0.015246643497476186,0.6673059161212169,0.5045767482088434,1.0021317985216078,2545,0.013230200373475748,-0.0003387365696644899,0.038263858412919946,-0.003913890920026983,-0.017618537521750872,-0.02992648213524301,-0.01838056325132919,0.014799101798072376,-0.0036060780122230906,-0.012388985980056152,-0.05571663398511762,-6.441615711387567,0.018078828842961837,2545,2545
DLinear_ETTh1_h336_revin_s2022_det,ETTh1_h336_DLinear,ETTh1,DLinear,revin,336,2022,deterministic,simulated,index,0.2817675044590805,f_std,0.2817675044590805,0.12968930306411663,14.211812171281506,7.739643379283915e-46,1.4077404283671422,2545,0.2817675044590805,0.22649624053853884,0.2684363969412016,0.09735295225885736,0.07600215711379169,-0.046271505292352695,-0.1935609589863012,-0.07621977361006455,-0.003695360811998908,-0.027090180628978958,0.055528119612314554,-4.989575114341926,0.019965465197724297,2545,2545
DLinear_ETTh1_h336_revin_s2022_det,ETTh1_h336_DLinear,ETTh1,DLinear,revin,336,2022,deterministic,simulated,defect,0.04945894528698779,f_absdiff,0.015536497865089517,0.018954082866046093,0.7836311354712451,0.43325658089118735,1.0284197342215795,2545,0.015536497865089517,0.020618674904683842,0.04945894528698779,0.010444741543383916,-0.019296282501392398,-0.00909808291203577,-0.020501508937190417,0.013954090274043048,0.001030648696959596,-0.02960135573869463,-0.20353670541294103,-6.339119223569854,-0.002308653234389969,2545,2545
DLinear_ETTh1_h336_revin_s2022_det,ETTh1_h336_DLinear,ETTh1,DLinear,revin,336,2022,deterministic,simulated,control,0.025604279558383222,f_drift,0.016148141643804046,0.014316021404434451,0.8144812738344718,0.4153692956716696,1.0122966175588297,2545,0.016148141643804046,0.014768584370339562,0.013119970749281897,-0.024498104652355652,0.014198754774112803,0.025604279558383222,0.0024036135230380558,0.010735140501549119,-0.015572086500848337,-0.006111537770631819,-0.18478261272326682,-6.174263697916891,-0.021367029261125922,2545,2545
DLinear_ETTh1_h336_revin_s2022_shuf,ETTh1_h336_DLinear,ETTh1,DLinear,revin,336,2022,shuffled,observed,index,0.281608739847371,f_std,0.281608739847371,0.12967511712369523,14.20380438895972,8.677095173118636e-46,1.4073259259777666,2545,0.281608739847371,0.22633774320869518,0.2685442227837096,0.09759944616637005,0.07579351730799978,-0.04644938222519482,-0.1935140772356749,-0.07636784641631673,-0.003519902220392507,-0.027016293825227918,0.08371724546744701,-5.0427301654391155,0.04738459115278972,2545,2545
DLinear_ETTh1_h336_revin_s2022_shuf,ETTh1_h336_DLinear,ETTh1,DLinear,revin,336,2022,shuffled,observed,defect,0.04263891069990347,f_last_dev,0.0026721200140202637,0.015045195800051545,0.13477660531253025,0.892788503302379,1.0307491541705447,2545,0.0026721200140202637,0.017242024374882682,0.002172982973101435,-0.02695379841330607,0.01797951535393348,0.012051895273390633,-0.004346051119569691,0.019686872274106468,0.04263891069990347,0.004707787504301253,0.19927309415459277,-5.842817691432535,0.00797533465123453,2545,2545
DLinear_ETTh1_h336_revin_s2022_shuf,ETTh1_h336_DLinear,ETTh1,DLinear,revin,336,2022,shuffled,observed,control,-0.0292040110628119,f_absdiff,-0.015136774886733251,0.015481693803279453,-0.7634698755706398,0.44518322131786436,0.9898896588348538,2545,-0.015136774886733251,-0.022027704057013337,-0.0292040110628119,0.02329386972190473,-0.0180615343942722,-0.02913660981055666,0.0010991666666909324,-0.008890208938567753,-5.1579389396355515e-05,0.007915479104847422,-0.2934016042492643,-6.571107004145279,0.015207229780680788,2545,2545
DLinear_ETTh1_h336_revin_s2023_det,ETTh1_h336_DLinear,ETTh1,DLinear,revin,336,2023,deterministic,simulated,index,0.2813818074231049,f_std,0.2813818074231049,0.1296300021779647,14.19235835299672,1.0216427113616223e-45,1.4068398796001034,2545,0.2813818074231049,0.22628444582758597,0.2685419216468504,0.09761145051524933,0.0755968425403025,-0.04640141578810217,-0.19329189268062594,-0.07648091952060293,-0.0037731677745562013,-0.026936158062666683,0.06647059576280609,-4.9746335694091055,0.04077955163191706,2545,2545
DLinear_ETTh1_h336_revin_s2023_det,ETTh1_h336_DLinear,ETTh1,DLinear,revin,336,2023,deterministic,simulated,defect,-0.047136905282062005,f_spec_ent,0.01796219240148156,0.020757686955972215,0.9059785126192508,0.3649472257141063,1.124288106737641,2545,0.01796219240148156,-0.003612949114384044,-0.03004157028123313,-0.004847827806882479,0.006735691114606631,-0.019584000318446468,-0.047136905282062005,0.016712998308966515,-0.0281458258891568,-0.032796909042502556,-0.022892874898689942,-6.455208468971781,-0.027495150793449514,2545,2545
DLinear_ETTh1_h336_revin_s2023_det,ETTh1_h336_DLinear,ETTh1,DLinear,revin,336,2023,deterministic,simulated,control,0.04509560688586339,f_slope,0.025958780574799955,0.01959077846266969,1.3093110734426237,0.19042900016236008,1.0558228158061644,2545,0.025958780574799955,0.015723733862322016,0.020125544960312262,0.04509560688586339,0.008476779599950742,0.0016678219184181242,-0.021866551912177023,0.015389225834080936,0.004382126772272128,-0.0372216123065003,0.005274613414822078,-5.920164975581606,0.004486822532321554,2545,2545
DLinear_ETTh1_h336_revin_s2023_shuf,ETTh1_h336_DLinear,ETTh1,DLinear,revin,336,2023,shuffled,observed,index,0.28168212361867356,f_std,0.28168212361867356,0.12963057111015633,14.207505725549877,8.230517324861035e-46,1.4091018750980995,2545,0.28168212361867356,0.2264312623224822,0.26868923954044116,0.09705719247442489,0.07597330299783168,-0.04625032187524905,-0.19334109595148125,-0.07631462398171598,-0.003587494202751224,-0.026979054136512255,0.05576164773243863,-5.086725951263035,0.02791098190916771,2545,2545
DLinear_ETTh1_h336_revin_s2023_shuf,ETTh1_h336_DLinear,ETTh1,DLinear,revin,336,2023,shuffled,observed,defect,0.04505900490543266,f_cross_corr,0.029934596172393333,0.02487375769437491,1.509843582005385,0.13108334143008704,1.0676401330836884,2545,0.029934596172393333,0.021273096494443772,-0.006811022953683654,0.024690680178783116,0.04343574976920928,0.012461648325661953,-0.01709806418845462,0.04505900490543266,0.03026830833550828,-0.01770540562017844,0.08433322545325465,-5.812602260947707,0.053296177972340084,2545,2545
DLinear_ETTh1_h336_revin_s2023_shuf,ETTh1_h336_DLinear,ETTh1,DLinear,revin,336,2023,shuffled,observed,control,0.03523008281966998,f_last_dev,0.010189400525384267,0.015292323740698463,0.5139338075294209,0.6072982699482928,1.0161296946349303,2545,0.010189400525384267,0.018836827614068363,-0.015419612342666228,7.779677087237414e-05,0.006055027789667267,0.004843703086400358,0.018105916270183427,0.027554598239267036,0.03523008281966998,0.016610271948805357,0.0843019773785395,-6.564334995573952,-0.02610256506981953,2545,2545
DLinear_ETTh1_h336_san_lite_s2021_det,ETTh1_h336_DLinear,ETTh1,DLinear,san_lite,336,2021,deterministic,simulated,index,0.31652124685306243,f_std,0.31652124685306243,0.13245197139912793,15.964724240047417,2.250340624198501e-57,1.5704310117397693,2545,0.31652124685306243,0.25718384721861537,0.26907565145031603,0.0636101281878098,0.1117625264033797,-0.018572007500730667,-0.20454180936360175,-0.05546938736704545,-0.0001386564173647558,-0.027644453229353293,0.10541749741831297,-4.639785017201787,0.06589303241794044,2545,2545
DLinear_ETTh1_h336_san_lite_s2021_det,ETTh1_h336_DLinear,ETTh1,DLinear,san_lite,336,2021,deterministic,simulated,defect,-0.03388258566550045,f_range,-0.02019266812516472,0.02189297568599784,-1.018479427508078,0.30845017265096564,0.9523287384725782,2545,-0.02019266812516472,-0.03388258566550045,0.0029401540476087376,0.026926884357368105,-0.03009977353784919,-0.028124716725757563,-0.015444921936206979,-0.03313677698330843,-0.01249773780993678,-0.015683537671277448,-0.274685601545409,-6.288423071131833,0.003346134388028696,2545,2545
DLinear_ETTh1_h336_san_lite_s2021_det,ETTh1_h336_DLinear,ETTh1,DLinear,san_lite,336,2021,deterministic,simulated,control,0.027067351982738425,f_absdiff,0.018595395961664235,0.013807858460411673,0.9379160849833122,0.3482875363016473,1.0814307607059315,2545,0.018595395961664235,0.02284921462000909,0.027067351982738425,-0.010941802392489297,0.007191150233851121,0.012495262686456508,0.011747896967656336,-0.0018039296865756957,0.01803776592908666,0.0073488141435893665,-0.024710051076108665,-5.832659131961334,0.03992424460024731,2545,2545
DLinear_ETTh1_h336_san_lite_s2021_shuf,ETTh1_h336_DLinear,ETTh1,DLinear,san_lite,336,2021,shuffled,observed,index,0.3165275177088037,f_std,0.3165275177088037,0.13246284896474764,15.965040529976305,2.2389620829712537e-57,1.570336248432974,2545,0.3165275177088037,0.25723084687438313,0.26909566178066174,0.0636639006209939,0.11169967211888195,-0.01855159974702338,-0.20455279603717166,-0.055541853896813626,-0.00016058127957546545,-0.027604059583167813,0.12227937419592301,-4.521576434326108,0.05955141619563019,2545,2545
DLinear_ETTh1_h336_san_lite_s2021_shuf,ETTh1_h336_DLinear,ETTh1,DLinear,san_lite,336,2021,shuffled,observed,defect,-0.038044519164830974,f_drift,-0.010719410729794127,0.016856584565643474,-0.5406665050716576,0.5887374692781855,0.9749796375593719,2545,-0.010719410729794127,-0.017920750920456575,-0.005050252141748052,0.0005416840496545157,-0.030709823415429185,-0.038044519164830974,0.004606493440698287,-0.030225014427462917,0.022134397403622837,-0.00861349996273729,0.10583295605701572,-5.8964331683699776,0.00345439780704611,2545,2545
DLinear_ETTh1_h336_san_lite_s2021_shuf,ETTh1_h336_DLinear,ETTh1,DLinear,san_lite,336,2021,shuffled,observed,control,0.036939387814340204,f_drift,-0.0015126560637265122,0.01621097574098085,-0.0762954688430127,0.9391840306780587,1.0308062889915899,2545,-0.0015126560637265122,0.01986757913082784,-0.006065477907700352,0.027022292728686753,0.021887892212414144,0.036939387814340204,0.017805794447846284,0.00849000404065546,-0.003300424286267646,0.01921824877734328,-0.08901069955253446,-5.67758347492379,-0.01701218664412571,2545,2545
DLinear_ETTh1_h336_san_lite_s2022_det,ETTh1_h336_DLinear,ETTh1,DLinear,san_lite,336,2022,deterministic,simulated,index,0.3170766289488441,f_std,0.3170766289488441,0.13266024184353362,15.992736647098024,1.4358245116839446e-57,1.5718291841084937,2545,0.3170766289488441,0.25752203675668534,0.26917808666846843,0.06357935659070117,0.11219263627472845,-0.01853237422538688,-0.20510654995368213,-0.05509112262732318,9.054802467721187e-05,-0.028233078364839567,0.1112650107863853,-4.441205141322524,0.05097954019320437,2545,2545
DLinear_ETTh1_h336_san_lite_s2022_det,ETTh1_h336_DLinear,ETTh1,DLinear,san_lite,336,2022,deterministic,simulated,defect,0.07156492391418824,f_spec_ent,-0.011280278078390472,0.02246958103416059,-0.568955577747224,0.569386286820015,1.0718414751958716,2545,-0.011280278078390472,0.022105438159437513,-0.01837582848905123,0.0009556691991636915,0.009573868984604373,0.028748176312412416,0.07156492391418824,0.0023310800298729714,0.016313677177156045,0.04344686999732898,0.01902465790188121,-5.63191736334364,0.00762044651428531,2545,2545
DLinear_ETTh1_h336_san_lite_s2022_det,ETTh1_h336_DLinear,ETTh1,DLinear,san_lite,336,2022,deterministic,simulated,control,-0.030673065283819256,f_spec_ent,0.003981129106048064,0.008975804875510229,0.20080051173180477,0.8408545627751699,1.0763052490841734,2545,0.003981129106048064,0.0004061045686577817,-0.008196682616786424,0.0029603477798477887,-0.002469231230881897,0.008803934871377721,-0.030673065283819256,0.016152313321774175,-0.0003462985300638942,0.0157689414458453,-0.07165906963442387,-5.932431582631243,-0.03277165336536382,2545,2545
DLinear_ETTh1_h336_san_lite_s2022_shuf,ETTh1_h336_DLinear,ETTh1,DLinear,san_lite,336,2022,shuffled,observed,index,0.31698320723300805,f_std,0.31698320723300805,0.1326743396258168,15.988024635041384,1.5486421890878376e-57,1.5715714656193591,2545,0.31698320723300805,0.2574149329530441,0.2692212317106249,0.06365732807618633,0.1120624993779546,-0.018633696316980166,-0.20514989628161576,-0.0551805193555931,0.00020151945795784368,-0.028238565495203077,0.10837248215059553,-4.473666728559086,0.03683791282513676,2545,2545
DLinear_ETTh1_h336_san_lite_s2022_shuf,ETTh1_h336_DLinear,ETTh1,DLinear,san_lite,336,2022,shuffled,observed,defect,0.04636403706412312,f_last_dev,0.002923271158084082,0.015602906821112589,0.14744418702281153,0.8827814304208348,1.0274986097365275,2545,0.002923271158084082,0.016914529488111247,0.002070709779307273,-0.029089986861223768,0.02002786931165081,0.010952699853582012,-0.003215324809146745,0.018720351118017706,0.04636403706412312,0.005750288767879143,0.1894274043970717,-5.453707276533036,0.014884926941007572,2545,2545
DLinear_ETTh1_h336_san_lite_s2022_shuf,ETTh1_h336_DLinear,ETTh1,DLinear,san_lite,336,2022,shuffled,observed,control,0.029230544391840203,f_last_dev,0.0031524934355998953,0.012276193987832801,0.15900571878915895,0.8736643682144924,0.96846399245867,2545,0.0031524934355998953,-0.009559912941253064,-0.008511065885521408,0.0037160765042388373,0.0010621471913605735,-0.026505300219684915,-0.013176482188599487,0.004751071955004648,0.029230544391840203,-0.023096845165224984,0.17917301688504594,-5.863556406674104,0.00807401055651364,2545,2545
DLinear_ETTh1_h336_san_lite_s2023_det,ETTh1_h336_DLinear,ETTh1,DLinear,san_lite,336,2023,deterministic,simulated,index,0.31671632079824996,f_std,0.31671632079824996,0.13263326251967472,15.974563395466841,1.9219540622638378e-57,1.5712619870878533,2545,0.31671632079824996,0.25714049953129214,0.26925526970532426,0.06396962895365668,0.11173847548292641,-0.018733057961771916,-0.20496238744121176,-0.05541306374831942,0.00010147059898366768,-0.02830245097501083,0.11123749999898526,-4.604012206739095,0.05016794159136703,2545,2545
DLinear_ETTh1_h336_san_lite_s2023_det,ETTh1_h336_DLinear,ETTh1,DLinear,san_lite,336,2023,deterministic,simulated,defect,0.03866400289024535,f_drift,0.009881381599949517,0.020714725566612014,0.4983979240644972,0.618203599679017,0.99573966998076,2545,0.009881381599949517,0.03603635749651478,0.0024488704278973084,-0.0378013437358017,0.01733637562893251,0.03866400289024535,0.018243198266039137,-0.006535890411549263,0.01456615846363669,0.025633676745553894,-0.1292709628289679,-5.856160591956366,-0.017466591349285444,2545,2545
DLinear_ETTh1_h336_san_lite_s2023_det,ETTh1_h336_DLinear,ETTh1,DLinear,san_lite,336,2023,deterministic,simulated,control,-0.019379239176743644,f_kurtosis,0.01514668557233925,0.010963467977738062,0.7639697515325307,0.444885268645108,1.0622628991591005,2545,0.01514668557233925,0.018454005547338424,0.007031032311979936,0.00365702842906446,0.011141963444406293,0.010065253427456356,0.0054817760880417135,0.012343236234433326,0.006934459545577228,-0.019379239176743644,0.09938971042920143,-5.936901328328696,0.00995635095847784,2545,2545
DLinear_ETTh1_h336_san_lite_s2023_shuf,ETTh1_h336_DLinear,ETTh1,DLinear,san_lite,336,2023,shuffled,observed,index,0.31692049051591653,f_std,0.31692049051591653,0.13268019168505696,15.98486132419397,1.6292910539569493e-57,1.5715826971379323,2545,0.31692049051591653,0.2573458179793426,0.2693011148650101,0.06387027095698522,0.11187412610157813,-0.018662061960046727,-0.204965345615062,-0.05528256542080451,0.0002581397275230724,-0.02832198370830083,0.1247345368741717,-4.508892675201369,0.05397707963388104,2545,2545
DLinear_ETTh1_h336_san_lite_s2023_shuf,ETTh1_h336_DLinear,ETTh1,DLinear,san_lite,336,2023,shuffled,observed,defect,0.04556749136960249,f_cross_corr,0.026514585936613835,0.024070081633069087,1.3373448292195862,0.18111010424322926,1.0642140310328116,2545,0.026514585936613835,0.02066082397342817,-0.009286407415575942,0.02277905641777152,0.04376766383587904,0.012461050294418312,-0.015307731304312712,0.04556749136960249,0.029914966628695413,-0.01444103915439347,0.16229910546306536,-5.358528301515679,0.0473537638684597,2545,2545
DLinear_ETTh1_h336_san_lite_s2023_shuf,ETTh1_h336_DLinear,ETTh1,DLinear,san_lite,336,2023,shuffled,observed,control,-0.028276679848884954,f_last_dev,-0.01337900953139823,0.014481541361222006,-0.6748115644599806,0.49979549213196994,0.9630849842807742,2545,-0.01337900953139823,-0.0006424493801397511,0.014130280121614004,0.025812871686347064,-0.01355806105595983,0.01565704657311311,0.012010647342777798,-0.012737445149577944,-0.028276679848884954,0.00861092292240736,-0.01369615056084317,-6.095320055804918,0.012293693173960892,2545,2545
DLinear_ETTh1_h720_fredf_s2021_det,ETTh1_h720_DLinear,ETTh1,DLinear,fredf,720,2021,deterministic,simulated,index,0.15574892283330832,f_drift,0.07901668535212637,0.07466089461013618,3.6723636772955635,0.00024031735380417035,1.027390826816338,2161,0.07901668535212637,0.09034391146465054,0.05607508125451945,-0.03815199757005787,0.11890162315929671,0.15574892283330832,0.10970613791072636,-0.018621677777820585,0.04806287051944341,0.03198003825941221,0.4000822462039623,-18.965649212005424,-0.6493602534813617,2161,2161
DLinear_ETTh1_h720_fredf_s2021_det,ETTh1_h720_DLinear,ETTh1,DLinear,fredf,720,2021,deterministic,simulated,defect,0.04344992470404225,f_absdiff,0.02929361518531186,0.022787291839333913,1.3614442051550584,0.17337335446226798,1.0409730436946543,2161,0.02929361518531186,0.021174083579319287,0.04344992470404225,0.028184409482158536,-0.006638861551564282,-0.03164710080002876,-0.022645811629352586,-0.0058067818824907415,-0.01952126839098001,-0.019511061188090827,0.20766219527465113,-20.96163706258693,0.04230560955344177,2161,2161
DLinear_ETTh1_h720_fredf_s2021_det,ETTh1_h720_DLinear,ETTh1,DLinear,fredf,720,2021,deterministic,simulated,control,0.038189626523392924,f_last_dev,0.0074807001342109235,0.015037089027142733,0.34767152445324595,0.7280868842732259,0.949376297066282,2161,0.0074807001342109235,-0.0026654121664720794,-0.014238550988141425,-0.011600735793782917,-0.013898465870723633,-0.023248436136180828,-0.02215751992366572,-0.0038404220359716857,0.038189626523392924,-0.013051020698885184,-0.07174298914553129,-20.335906536498005,0.007653851100490074,2161,2161
DLinear_ETTh1_h720_none_s2021_det,ETTh1_h720_DLinear,ETTh1,DLinear,none,720,2021,deterministic,simulated,index,0.13834541839827197,f_drift,0.05642403645277773,0.0644310260928583,2.6223522420889003,0.008732512456920997,0.9775321185214557,2161,0.05642403645277773,0.06241319644893779,0.073111599708745,-0.008462709394650176,0.08938529382540128,0.13834541839827197,0.11246254944454652,-0.032639405263672656,0.03553651480442068,0.035529537187159316,0.3637409130515121,-16.009638856466253,-0.6672267892961511,2161,2161
DLinear_ETTh1_h720_none_s2021_det,ETTh1_h720_DLinear,ETTh1,DLinear,none,720,2021,deterministic,simulated,defect,-0.03515565438466775,f_slope,0.014415016454957286,0.01700851411575385,0.6699494239842654,0.5028900316459307,1.0375239122739472,2161,0.014415016454957286,0.006339553191335559,-0.007773763034152702,-0.03515565438466775,0.030267051067700015,0.03343458727388994,-0.00021561110829759357,0.0227136067742133,-0.017173269271830844,0.002597028596493499,0.010289271831414494,-15.983862191271673,0.010780193181853102,2161,2161
DLinear_ETTh1_h720_none_s2021_det,ETTh1_h720_DLinear,ETTh1,DLinear,none,720,2021,deterministic,simulated,control,0.013919170719624736,f_range,0.013492434069451869,0.00854161113862795,0.6270716694094638,0.5306122568630746,0.9634214623499587,2161,0.013492434069451869,0.013919170719624736,-0.006304842016395606,-0.0020823651122663794,0.0057004106775155805,-0.010967367799173712,0.007990852189187833,0.005978239467608468,0.007379902224229626,0.011600527110825695,0.10973903306748832,-16.996153284006105,0.05150105196799323,2161,2161
DLinear_ETTh1_h720_revin_s2021_det,ETTh1_h720_DLinear,ETTh1,DLinear,revin,720,2021,deterministic,simulated,index,0.13974747534032636,f_acf1,0.13647535632831456,0.06535829490193565,6.342801386727423,2.2562423196488316e-10,1.2178620135732865,2161,0.13647535632831456,0.07053158711431814,0.03779309917630379,-0.028887021540601,0.13974747534032636,0.10530054496085606,-0.02170821215303424,0.006217461867172287,0.030293243292549364,-0.07662894724588076,0.3067631280540892,-24.045432097098733,-0.666757690816102,2161,2161
DLinear_ETTh1_h720_revin_s2021_det,ETTh1_h720_DLinear,ETTh1,DLinear,revin,720,2021,deterministic,simulated,defect,-0.037785975300193904,f_drift,0.011640063374684415,0.009406789550962061,0.5409812591874197,0.5885205001324626,1.000559379134859,2161,0.011640063374684415,0.008295569808141659,0.0070013962152090615,-0.009837252431284993,-0.0006498143893907751,-0.037785975300193904,-0.001075540602751128,-0.0023899807654126208,-0.006509727475801333,0.00888257514675071,0.06469257687193516,-26.213957344411668,-0.0030698677429629013,2161,2161
DLinear_ETTh1_h720_revin_s2021_det,ETTh1_h720_DLinear,ETTh1,DLinear,revin,720,2021,deterministic,simulated,control,-0.06690339165206746,f_range,-0.04502984312068707,0.02763079979833576,-2.0927979898650437,0.03636719134304482,0.8953266949397904,2161,-0.04502984312068707,-0.06690339165206746,-0.023194706825444653,0.012825435454455683,-0.027796893104079873,-0.03509398725447301,0.011027078865906476,0.01477349986543398,0.022908691107123326,-0.01675447073368601,-0.029481532172748022,-26.706528421500906,0.04694779840928832,2161,2161
DLinear_ETTh1_h720_san_lite_s2021_det,ETTh1_h720_DLinear,ETTh1,DLinear,san_lite,720,2021,deterministic,simulated,index,0.19097821556499506,f_acf1,0.16743910958754576,0.08368208706821291,7.781866595236361,7.14622044264074e-15,1.320306782566311,2161,0.16743910958754576,0.0917057164532436,0.030865218832489095,-0.046163537654804285,0.19097821556499506,0.14215070497478427,-0.027145009679006297,0.034177610752551,0.02891114116195354,-0.0772846060207562,0.3885849467565053,-23.650667778711632,-0.6128653073510598,2161,2161
DLinear_ETTh1_h720_san_lite_s2021_det,ETTh1_h720_DLinear,ETTh1,DLinear,san_lite,720,2021,deterministic,simulated,defect,-0.030434800445140586,f_absdiff,-0.010172866543580926,0.015235537373007018,-0.4727921124777544,0.6363615019045779,1.0712251338091603,2161,-0.010172866543580926,-0.015278296648708108,-0.030434800445140586,-0.023904284594700557,0.019622808893812696,0.003413877724463454,0.012973319199258726,0.006806005687970944,0.024149725967994567,0.005599388024439638,0.11803283840430766,-27.060436404192895,0.024404300815958017,2161,2161
DLinear_ETTh1_h720_san_lite_s2021_det,ETTh1_h720_DLinear,ETTh1,DLinear,san_lite,720,2021,deterministic,simulated,control,0.029768397567603574,f_slope,-0.00036052449421906545,0.009899916840390922,-0.01675566434412351,0.9866315396543929,1.0065991115543687,2161,-0.00036052449421906545,-0.006998804445304812,-0.008761517408679422,0.029768397567603574,0.0012442299695177533,0.006190901615168569,0.018024964268844406,0.0004917721906422018,-0.005572031674291865,-0.021586024769637557,-0.10790858681771386,-27.599483650091617,-0.04411547503882377,2161,2161
DLinear_ETTh1_h96_fredf_s2021_det,ETTh1_h96_DLinear,ETTh1,DLinear,fredf,96,2021,deterministic,simulated,index,0.34232614505698805,f_std,0.34232614505698805,0.14808035398671765,18.062367946019293,6.305863218913431e-73,1.9134997032154495,2785,0.34232614505698805,0.2521566078621205,0.28487851931785285,0.04782446027485999,0.07210418086132478,-0.015544384461775229,-0.12618376560127273,0.04478628994571783,0.14480250579870904,-0.15019668068655578,0.2318645004798683,-0.7033740082169637,0.1644754311629714,2785,2785
DLinear_ETTh1_h96_fredf_s2021_det,ETTh1_h96_DLinear,ETTh1,DLinear,fredf,96,2021,deterministic,simulated,defect,-0.027804536048442744,f_range,-0.0197567803153344,0.014543626021659446,-1.0424393247113346,0.2972080424483675,0.9839484736761396,2785,-0.0197567803153344,-0.027804536048442744,-0.015033925075492878,0.0049859725927530124,-0.01724425305503559,-0.021566886154912493,0.007383408961390337,-0.015176395704411098,0.011901162270568736,0.004582940038253192,0.021072362071623343,-0.9323185186837564,-0.012615293761663749,2785,2785
DLinear_ETTh1_h96_fredf_s2021_det,ETTh1_h96_DLinear,ETTh1,DLinear,fredf,96,2021,deterministic,simulated,control,0.05569151941220371,f_last_dev,0.002527944264485573,0.01740871367489521,0.1333835002423384,0.8938900937057912,1.0731379838667505,2785,0.002527944264485573,0.009686928763832772,0.012487288415616834,0.023527486665224667,-0.013544052056232377,-0.01640618510742283,-0.0094849523994996,-0.005534316189200995,0.05569151941220371,0.02519646347523273,-0.00655475865595168,-0.9398417091194093,0.007999306969871705,2785,2785
DLinear_ETTh1_h96_fredf_s2021_shuf,ETTh1_h96_DLinear,ETTh1,DLinear,fredf,96,2021,shuffled,observed,index,0.3425424470287889,f_std,0.3425424470287889,0.1481450844776287,18.07378082189375,5.127628810096719e-73,1.9150438787405346,2785,0.3425424470287889,0.2523762493375042,0.28491821875428425,0.047682578234141404,0.07221328650778663,-0.015296759944703323,-0.12634649134249365,0.044888237336458796,0.1450095093207614,-0.15017706696936423,0.24667412342304607,-0.6453608429903164,0.1293613343847124,2785,2785
DLinear_ETTh1_h96_fredf_s2021_shuf,ETTh1_h96_DLinear,ETTh1,DLinear,fredf,96,2021,shuffled,observed,defect,0.03709542586133892,f_slope,0.019990964400607266,0.020471833198943055,1.0547957256943687,0.2915187598964947,1.0761469826931531,2785,0.019990964400607266,0.01727676069824092,0.012931603622663167,0.03709542586133892,0.015469565440398231,0.027448976564054987,-0.026079636663186936,0.02183317335180064,0.0029800501903399002,-0.023612175196799593,0.005280578163419538,-0.8829511307719569,-0.03018157237861147,2785,2785
DLinear_ETTh1_h96_fredf_s2021_shuf,ETTh1_h96_DLinear,ETTh1,DLinear,fredf,96,2021,shuffled,observed,control,-0.013832187322388383,f_kurtosis,0.001438146448317958,0.00828448375050846,0.07588181821594556,0.939513122110069,0.9501352316123689,2785,0.001438146448317958,-0.007842213737433504,0.007777462800835662,0.013017162385082038,0.00825169539385275,0.000834401187274092,0.00595714025143432,0.011223147960045575,0.012671280018420307,-0.013832187322388383,0.05007564358044485,-0.9273816915821012,-0.030363091555375615,2785,2785
DLinear_ETTh1_h96_fredf_s2022_det,ETTh1_h96_DLinear,ETTh1,DLinear,fredf,96,2022,deterministic,simulated,index,0.3421021527328282,f_std,0.3421021527328282,0.1480217005845926,18.050549299285823,7.811002834802696e-73,1.9103477615240632,2785,0.3421021527328282,0.25230715001881554,0.28508824633381286,0.04834789429459682,0.07175836739010939,-0.015925344237161018,-0.12568633613418997,0.04437149604309459,0.14474617447872648,-0.14988384418259132,0.20097842118193088,-0.7013027615348586,0.1459968209513846,2785,2785
DLinear_ETTh1_h96_fredf_s2022_det,ETTh1_h96_DLinear,ETTh1,DLinear,fredf,96,2022,deterministic,simulated,defect,0.04916685375670022,f_slope,0.01674284710568618,0.020386764280415734,0.8834132865793933,0.3770130146605125,1.1207270583323323,2785,0.01674284710568618,-0.0020171192423937413,0.009138662276837678,0.04916685375670022,0.017481379770083058,-0.006547102037433752,-0.0303954087190463,-0.008397501133220568,-0.02547021363148464,-0.03851055513127121,0.07250328649970421,-0.9039455870073032,-0.0012443799563763471,2785,2785
DLinear_ETTh1_h96_fredf_s2022_det,ETTh1_h96_DLinear,ETTh1,DLinear,fredf,96,2022,deterministic,simulated,control,0.06593983796128905,f_last_dev,0.004297614633622608,0.023888389023307526,0.2267577219080534,0.8206121403750929,1.0029848364541236,2785,0.004297614633622608,0.004233831363438916,0.02267429170202336,0.0014857957240564735,-0.04825269851574069,-0.023356879118065152,-0.018533200047780547,-0.012866018024704728,0.06593983796128905,0.037243723142353725,-0.17562634936816132,-1.1263936781936157,0.011062311691201393,2785,2785
DLinear_ETTh1_h96_fredf_s2022_shuf,ETTh1_h96_DLinear,ETTh1,DLinear,fredf,96,2022,shuffled,observed,index,0.3418994131361142,f_std,0.3418994131361142,0.1479280019831893,18.039852023468733,9.479741674728297e-73,1.9078485059838974,2785,0.3418994131361142,0.25214144102991376,0.28531296362951386,0.04816890743571134,0.0711941604130175,-0.016006160179784755,-0.12574675808489433,0.044182123039248386,0.14478420282822252,-0.14984389005547233,0.23472496041745225,-0.6853689116094164,0.07764785413585884,2785,2785
DLinear_ETTh1_h96_fredf_s2022_shuf,ETTh1_h96_DLinear,ETTh1,DLinear,fredf,96,2022,shuffled,observed,defect,-0.02546909812836503,f_acf1,-0.021728433048848347,0.016445377466834138,-1.1464708678719515,0.25160037446980954,0.9857256585245172,2785,-0.021728433048848347,-0.011374002537796257,0.015334804978007995,-0.005367207907656545,-0.02546909812836503,-0.01775411080484006,0.01695879571198405,-0.02061510169111959,0.02495872929309458,0.0048934905666289,0.13142092810877518,-0.893937471752845,-0.0003339386233701205,2785,2785
DLinear_ETTh1_h96_fredf_s2022_shuf,ETTh1_h96_DLinear,ETTh1,DLinear,fredf,96,2022,shuffled,observed,control,-0.022352711168404038,f_slope,-0.021760242563828688,0.012186122551728547,-1.1481492531546873,0.2509069544075636,0.9492251583237149,2785,-0.021760242563828688,-0.014859279081619962,-0.02038346942502307,-0.022352711168404038,-0.01665620533974095,-0.011616492665768014,0.00558386759171062,0.0012827834105568659,0.006750765150495337,-0.0006154091201379273,0.004571945939444569,-0.9573577439655265,0.005761857202027764,2785,2785
DLinear_ETTh1_h96_fredf_s2023_det,ETTh1_h96_DLinear,ETTh1,DLinear,fredf,96,2023,deterministic,simulated,index,0.3422284338488082,f_std,0.3422284338488082,0.14827529211623552,18.057212348586614,6.923162178873052e-73,1.908836175743493,2785,0.3422284338488082,0.2521475207622241,0.28440706353001216,0.04713902077980176,0.07420963965852558,-0.015199716756434754,-0.12437112266677817,0.04664179572944984,0.145141723221977,-0.1512668842083435,0.20961048977665842,-0.7149649254873782,0.120872369482892,2785,2785
DLinear_ETTh1_h96_fredf_s2023_det,ETTh1_h96_DLinear,ETTh1,DLinear,fredf,96,2023,deterministic,simulated,defect,-0.024045075138229732,f_cross_corr,-0.004538933357521749,0.006900095387576841,-0.2394905722797494,0.8107252060277651,0.9668557517475816,2785,-0.004538933357521749,-0.004531108829326526,0.003455338840997711,0.0011064611469051174,-0.003480430915266518,0.007221949840827986,0.005542954644631387,-0.024045075138229732,0.008832241817732789,0.0062464593443289,0.16816414499078894,-0.9110380723448599,-0.026280504131024427,2785,2785
DLinear_ETTh1_h96_fredf_s2023_det,ETTh1_h96_DLinear,ETTh1,DLinear,fredf,96,2023,deterministic,simulated,control,-0.03706509404483659,f_acf1,0.02076750904365732,0.02096128454509909,1.0957690351298643,0.2731798626163773,0.974834471847318,2785,0.02076750904365732,0.0100796242512902,0.03589452778125044,0.0195294128352404,-0.03706509404483659,-0.021692310972484977,-0.024663600768654762,-0.005543495728592107,-0.006564875033603869,-0.027812394991380204,-0.08105045968873946,-0.9731756230754718,-0.026355032796974407,2785,2785
DLinear_ETTh1_h96_fredf_s2023_shuf,ETTh1_h96_DLinear,ETTh1,DLinear,fredf,96,2023,shuffled,observed,index,0.34191107977293045,f_std,0.34191107977293045,0.14818478199479618,18.040467597505103,9.374733047531781e-73,1.9078728015627855,2785,0.34191107977293045,0.2518823324384241,0.2845552416503189,0.04705507388095948,0.07381985143945442,-0.015475441254525496,-0.12412355008941994,0.04658231482518054,0.1452915340381365,-0.15115140055861195,0.23332700538173898,-0.6756347656925856,0.16589957232840052,2785,2785
DLinear_ETTh1_h96_fredf_s2023_shuf,ETTh1_h96_DLinear,ETTh1,DLinear,fredf,96,2023,shuffled,observed,defect,0.029587985896174365,f_drift,0.012570860333274833,0.011271195445750393,0.6632841458832468,0.5071485884658646,0.9307076905518848,2785,0.012570860333274833,0.015422271237608611,0.003173521870835903,-0.011083253866950409,0.012821639971932076,0.029587985896174365,0.009987274971846967,0.0038397201091554117,-0.01409988249922926,-0.0001255437004960951,-0.025211360549875793,-0.8602769724462074,0.0019913521974769177,2785,2785
DLinear_ETTh1_h96_fredf_s2023_shuf,ETTh1_h96_DLinear,ETTh1,DLinear,fredf,96,2023,shuffled,observed,control,0.028194273607337655,f_kurtosis,-0.0064850834818110685,0.010407012764361536,-0.34217650536047567,0.7322180652351534,0.9670442703339411,2785,-0.0064850834818110685,0.002880139021266674,-0.011561868184480876,-0.007269044699934834,0.004403994572894542,0.006992434690721519,0.008086920327420014,0.0068055690672232496,0.02139079999052492,0.028194273607337655,-0.01387576804636444,-0.9406334740906701,0.0044592700624483325,2785,2785
DLinear_ETTh1_h96_none_s2021_det,ETTh1_h96_DLinear,ETTh1,DLinear,none,96,2021,deterministic,simulated,index,0.32489127434450066,f_std,0.32489127434450066,0.1430562164889382,17.14244098616702,7.15814964247679e-66,1.6801229307420515,2785,0.32489127434450066,0.2346022943868841,0.28463880023531263,0.054228817251792114,0.05831179737692273,-0.023628692142514267,-0.12477157257309178,0.03830172699334331,0.1315522678884246,-0.15563492169659573,0.22465549267569826,-0.5554183313000038,0.08410473177203423,2785,2785
DLinear_ETTh1_h96_none_s2021_det,ETTh1_h96_DLinear,ETTh1,DLinear,none,96,2021,deterministic,simulated,defect,0.036278442406156595,f_cross_corr,0.012454672274444538,0.0113497155807566,0.657153642853228,0.5110821296179444,0.9361535179996118,2785,0.012454672274444538,0.011387447779137737,-2.7473621434728894e-05,0.0234597778404808,-0.0038251902826742603,0.0014175405376325783,-0.00915038863161044,0.036278442406156595,0.007923543525304886,-0.007572678908689426,-0.020890508213823347,-0.7810137713236422,-0.004100963366907453,2785,2785
DLinear_ETTh1_h96_none_s2021_det,ETTh1_h96_DLinear,ETTh1,DLinear,none,96,2021,deterministic,simulated,control,0.015783066374136158,f_kurtosis,0.014754788526389053,0.009175355965262347,0.7785161115432091,0.4362648121879975,1.0696874142430717,2785,0.014754788526389053,0.006737241693644608,-0.004160447349108571,0.015262937473048573,0.00994950631143886,-0.01328300959920722,0.009557330434397313,-0.0017064799281849366,-0.0005587519630681642,0.015783066374136158,-0.0728969236756691,-0.9644782567171413,-0.03886747385429703,2785,2785
DLinear_ETTh1_h96_none_s2021_shuf,ETTh1_h96_DLinear,ETTh1,DLinear,none,96,2021,shuffled,observed,index,0.3251960893725038,f_std,0.3251960893725038,0.14312459956430099,17.158524131643254,5.427541754892486e-66,1.6811242573648506,2785,0.3251960893725038,0.2349422741724807,0.28552407946473546,0.05366238651481422,0.05683226773543678,-0.023705744668371102,-0.12546289429041854,0.0379327002377765,0.1327291682970565,-0.15525839088941637,0.23067341675396086,-0.5442469427697063,0.11119772242927874,2785,2785
DLinear_ETTh1_h96_none_s2021_shuf,ETTh1_h96_DLinear,ETTh1,DLinear,none,96,2021,shuffled,observed,defect,-0.02178334168556933,f_acf1,-0.00857586662770564,0.01074257628682733,-0.4524938007870249,0.6509132861749081,0.9884044762600306,2785,-0.00857586662770564,0.0020179255957791294,0.00775214073810365,-0.006703010047671248,-0.02178334168556933,-0.018036180542601355,0.002446631400479759,-0.019014566727270463,-0.0010764107104742958,0.020019688792618427,0.05807122408377897,-0.7583793883838332,-0.031120867442101612,2785,2785
DLinear_ETTh1_h96_none_s2021_shuf,ETTh1_h96_DLinear,ETTh1,DLinear,none,96,2021,shuffled,observed,control,0.03456752826082742,f_drift,-0.0009394909141197275,0.011789041769520012,-0.04957094518722074,0.9604643005381587,1.0711989496678445,2785,-0.0009394909141197275,0.0067940072507652475,-0.0011797041385650726,-0.015048869327713633,0.011016641377613852,0.03456752826082742,0.034502647349731685,-0.0016522057073297585,-0.004870066187133053,0.007319257181400662,0.020681424638020557,-0.8438792462694202,-0.03447936955431393,2785,2785
DLinear_ETTh1_h96_none_s2022_det,ETTh1_h96_DLinear,ETTh1,DLinear,none,96,2022,deterministic,simulated,index,0.32522090534951886,f_std,0.32522090534951886,0.1431402052345002,17.159833512519526,5.30655377088731e-66,1.6826068737696653,2785,0.32522090534951886,0.23520510746112008,0.2849339821299819,0.05426951243955768,0.05851167068918404,-0.02351227548730892,-0.12443470671577674,0.038127890165828994,0.13186316119569255,-0.15532284071103206,0.19582887253648437,-0.6580955973349751,0.07802531118394818,2785,2785
DLinear_ETTh1_h96_none_s2022_det,ETTh1_h96_DLinear,ETTh1,DLinear,none,96,2022,deterministic,simulated,defect,0.022772665099211893,f_last_dev,-0.005114929178264085,0.008823569688741217,-0.2698821990948309,0.7872508822643539,1.0420913544373596,2785,-0.005114929178264085,0.009675644123148664,-0.0011987851255706415,0.009445506324572299,0.0015033856747676119,-0.0036810241837866536,0.0034948551919737635,-0.009452100160375855,0.022772665099211893,0.021896801825740723,-0.02048892832670687,-0.7441413557412406,-0.014684670121523788,2785,2785
DLinear_ETTh1_h96_none_s2022_det,ETTh1_h96_DLinear,ETTh1,DLinear,none,96,2022,deterministic,simulated,control,0.010739190021690022,f_std,0.010739190021690022,0.0042479077620784225,0.566638582576544,0.5709597560698632,1.0571401722580793,2785,0.010739190021690022,0.005143287709234712,-0.0009492865337097761,0.0013689893629016611,0.00824409577518367,0.004366616171288368,-6.314405380269252e-06,0.002510988726736638,0.0013325459137701137,0.007817763000889,0.029074299193723906,-0.6740434344210808,0.024441725926302334,2785,2785
DLinear_ETTh1_h96_none_s2022_shuf,ETTh1_h96_DLinear,ETTh1,DLinear,none,96,2022,shuffled,observed,index,0.32508435021193827,f_std,0.32508435021193827,0.14309964484825594,17.152628368607747,6.00728498045881e-66,1.6803183462074573,2785,0.32508435021193827,0.23493593969653376,0.2851228731678308,0.0539627967112228,0.05796362984719567,-0.023597484819539497,-0.1247615408542389,0.03803587866635492,0.13193517311953548,-0.15559678138816946,0.2246622950257255,-0.5799480042037131,0.0905506390751049,2785,2785
DLinear_ETTh1_h96_none_s2022_shuf,ETTh1_h96_DLinear,ETTh1,DLinear,none,96,2022,shuffled,observed,defect,-0.026027540106987518,f_acf1,-0.02073028924459746,0.016359915622343898,-1.0938051836531266,0.2740404301849556,0.9882742715891806,2785,-0.02073028924459746,-0.010073659791682192,0.01792721822980527,-0.006968632551726625,-0.026027540106987518,-0.018575366262732863,0.017120784805953512,-0.018027908177407452,0.0245022555312669,0.003645501521279221,0.12091189993383743,-0.750770171401417,-0.0035011946254160722,2785,2785
DLinear_ETTh1_h96_none_s2022_shuf,ETTh1_h96_DLinear,ETTh1,DLinear,none,96,2022,shuffled,observed,control,-0.04639176765556789,f_range,-0.043757274912738814,0.01980045350638166,-2.30879239345693,0.02095510432862567,0.8702351871513131,2785,-0.043757274912738814,-0.04639176765556789,-0.022410346054191323,0.0018388549525670465,-0.042333802450534815,-0.02825506111271128,0.0036897531897177246,-0.0074927279204523465,-0.0017229641010457742,-0.00011198271428958074,0.04507645832395678,-0.9074396987648901,-0.02068180447506012,2785,2785
DLinear_ETTh1_h96_none_s2023_det,ETTh1_h96_DLinear,ETTh1,DLinear,none,96,2023,deterministic,simulated,index,0.3255397418058445,f_std,0.3255397418058445,0.143428959811094,17.176656479365366,3.97151824522808e-66,1.6840261042819067,2785,0.3255397418058445,0.23527646581433365,0.2845455238046055,0.05373903182813626,0.06011358252290362,-0.02316635589707521,-0.12409415323115564,0.03952520337979485,0.13205909023498333,-0.1562304495921071,0.20473718001428795,-0.6049241443698701,0.09006994733220854,2785,2785
DLinear_ETTh1_h96_none_s2023_det,ETTh1_h96_DLinear,ETTh1,DLinear,none,96,2023,deterministic,simulated,defect,-0.0371444345081529,f_last_dev,0.023806794316854056,0.023265675344769775,1.2561327400062723,0.2090678475940696,1.010743008837994,2785,0.023806794316854056,0.028985685431510668,0.025719791104704123,-0.03697563408929391,0.026105443975722283,0.015090912216004806,-0.0021955692756572345,0.013597458820844054,-0.0371444345081529,0.023035029708953714,0.07661849055752204,-0.6821629793897805,0.019305999594256527,2785,2785
DLinear_ETTh1_h96_none_s2023_det,ETTh1_h96_DLinear,ETTh1,DLinear,none,96,2023,deterministic,simulated,control,0.0234937750234666,f_std,0.0234937750234666,0.013847483477498122,1.2396167077574765,0.21511719789173622,1.066108282624787,2785,0.0234937750234666,0.010088485250030711,0.012101534438560838,-0.023264765959076984,0.017827019368672568,-0.008308650868140883,0.004602424060588248,-0.012150795300093607,0.019261449058845,-0.007375935447505767,0.0333100192991652,-0.7984912782953693,-0.0016089239552998253,2785,2785
DLinear_ETTh1_h96_none_s2023_shuf,ETTh1_h96_DLinear,ETTh1,DLinear,none,96,2023,shuffled,observed,index,0.32593272930882705,f_std,0.32593272930882705,0.14353190635436178,17.197391924143847,2.777550527356585e-66,1.6858056306881926,2785,0.32593272930882705,0.2356614313643612,0.2849638889230847,0.05349804336484627,0.05997329733988015,-0.022996998283952776,-0.12436822503439715,0.039458365066926196,0.13223106827217426,-0.15623501658516778,0.2210886911890095,-0.5871350427920801,0.10099829921866499,2785,2785
DLinear_ETTh1_h96_none_s2023_shuf,ETTh1_h96_DLinear,ETTh1,DLinear,none,96,2023,shuffled,observed,defect,0.04222820663798692,f_std,0.04222820663798692,0.025493493632550945,2.2281132101928067,0.025872966592962756,1.065468893658428,2785,0.04222820663798692,0.031230841855405353,0.03773926410537,0.030573064244909666,-0.0012830333980130507,-0.005907209700455475,-0.0339171320025764,0.022775211079408504,0.011590001217272253,-0.037690972084111866,0.06827692835120981,-0.6763655500118142,0.021994950403316817,2785,2785
DLinear_ETTh1_h96_none_s2023_shuf,ETTh1_h96_DLinear,ETTh1,DLinear,none,96,2023,shuffled,observed,control,0.03618531954386781,f_range,0.022821595418612103,0.016240434059832245,1.2041500759386574,0.2285315780399817,1.1335096352638176,2785,0.022821595418612103,0.03618531954386781,-0.009565994444101004,-0.0003727407411423667,0.008829901935142898,0.014981459374771815,-0.008872781450210787,-0.02185586332134712,-0.005213363405009589,0.03370532096411696,0.10201849256260609,-0.690779677198486,-0.03814232642485613,2785,2785
DLinear_ETTh1_h96_revin_s2021_det,ETTh1_h96_DLinear,ETTh1,DLinear,revin,96,2021,deterministic,simulated,index,0.31056037065962333,f_std,0.31056037065962333,0.1375211563380055,16.386290574949886,2.396284911488746e-60,1.716856751555561,2785,0.31056037065962333,0.22407634756488404,0.26107774469894374,0.06574451719733708,0.06808718853618412,-0.031623202106880945,-0.11063092378609089,0.038357814179012975,0.11977007409272662,-0.1452833805583711,0.2391526036509094,-0.5914999508321606,0.08669329570578116,2785,2785
DLinear_ETTh1_h96_revin_s2021_det,ETTh1_h96_DLinear,ETTh1,DLinear,revin,96,2021,deterministic,simulated,defect,-0.04470363575978787,f_std,-0.04470363575978787,0.028223663245270585,-2.3587258212009927,0.01833779879663756,0.8531416657529601,2785,-0.04470363575978787,-0.03759414751339461,-0.03847424889213336,-0.028327680246622293,-0.02852867849431022,-0.04014434175725138,0.008963544118164026,-0.034990738686934336,-0.0008908697425804722,0.0196187472415273,-0.09081172450611161,-1.0315737079718037,-0.021760298323820815,2785,2785
DLinear_ETTh1_h96_revin_s2021_det,ETTh1_h96_DLinear,ETTh1,DLinear,revin,96,2021,deterministic,simulated,control,0.021077772364222255,f_last_dev,-0.0010149379615573956,0.011298471423467061,-0.05355180481753928,0.9572922555562404,0.930355363407398,2785,-0.0010149379615573956,-0.0064070104003430125,-0.017069352942245698,-0.01580541025296997,0.011301120712654019,0.008014513405082918,0.019453722744312073,0.012441645705866582,0.021077772364222255,0.0003992277454166855,0.09232121809505643,-0.7674093954052481,-0.008796673304124003,2785,2785
DLinear_ETTh1_h96_revin_s2021_shuf,ETTh1_h96_DLinear,ETTh1,DLinear,revin,96,2021,shuffled,observed,index,0.31117166720834316,f_std,0.31117166720834316,0.13774830070156024,16.418544796097006,1.409056454677998e-60,1.7189966974675914,2785,0.31117166720834316,0.22450113108395495,0.2610917334414642,0.06557420907635346,0.06849012720650595,-0.03128082873086057,-0.11109124513263313,0.038614311864084684,0.11995005895037532,-0.14571769432102719,0.26354218834048204,-0.5453019672709289,0.11536769641092091,2785,2785
DLinear_ETTh1_h96_revin_s2021_shuf,ETTh1_h96_DLinear,ETTh1,DLinear,revin,96,2021,shuffled,observed,defect,0.04217098506479386,f_slope,0.019572866210402152,0.02024775761481786,1.0327353500610899,0.30172776570622584,1.071297492997724,2785,0.019572866210402152,0.018962227873876476,0.012668560986428726,0.04217098506479386,0.01765903613103147,0.02387330986814039,-0.023000370336972872,0.01952410143508799,0.0034228871360188185,-0.021623231105425866,0.007049586424076466,-0.8012210946732969,-0.016378396108407387,2785,2785
DLinear_ETTh1_h96_revin_s2021_shuf,ETTh1_h96_DLinear,ETTh1,DLinear,revin,96,2021,shuffled,observed,control,0.04014451411004466,f_range,0.023236976242392102,0.02231845934545078,1.2260670734720651,0.22017343533127476,1.1385704769263656,2785,0.023236976242392102,0.04014451411004466,0.018139653681377498,0.019464351655421378,0.03433898583488856,0.03188784216116444,0.015184367526624998,0.03238827093964929,-0.0026435323534210217,0.005756098949523822,0.042072646472609235,-0.7043077749283879,-0.05515962319599173,2785,2785
DLinear_ETTh1_h96_revin_s2022_det,ETTh1_h96_DLinear,ETTh1,DLinear,revin,96,2022,deterministic,simulated,index,0.3119011039401623,f_std,0.3119011039401623,0.1379532662611324,16.45703252142475,7.467258255086154e-61,1.7210812985280655,2785,0.3119011039401623,0.22546777824485523,0.26186708564712463,0.06621306090907704,0.06900213651501665,-0.031026492048465654,-0.11040369852108307,0.03816840146110002,0.12009698213365205,-0.14538592319078744,0.23130245740459313,-0.6085152970599577,0.11283586847502958,2785,2785
DLinear_ETTh1_h96_revin_s2022_det,ETTh1_h96_DLinear,ETTh1,DLinear,revin,96,2022,deterministic,simulated,defect,-0.030362802573150886,f_acf1,-0.011583680423324536,0.012234961705102312,-0.6111969564590439,0.5410691980482708,0.9589510697261062,2785,-0.011583680423324536,0.00043458614301847254,0.02018724704880364,0.013788094810709275,-0.030362802573150886,-0.0030431889662069847,0.00793157756661899,-0.012612659347004321,-0.0035011420982476037,0.01890463807393842,-0.07897769100095765,-0.8614691292642465,-0.028045904392644785,2785,2785
DLinear_ETTh1_h96_revin_s2022_det,ETTh1_h96_DLinear,ETTh1,DLinear,revin,96,2022,deterministic,simulated,control,0.019196840078557834,f_kurtosis,0.004426982863837632,0.006875760946326831,0.23358365854307173,0.8153082154252668,1.0621926599876539,2785,0.004426982863837632,0.00625514125378424,0.0016922111997135787,-0.0042132141458324154,9.900614320285883e-06,-0.002054806338828598,0.011944127336899405,-0.004163101660365575,-0.014801283971128738,0.019196840078557834,-0.1317410985464322,-0.9578662405589051,-0.047905859990827394,2785,2785
DLinear_ETTh1_h96_revin_s2022_shuf,ETTh1_h96_DLinear,ETTh1,DLinear,revin,96,2022,shuffled,observed,index,0.31204097803270225,f_std,0.31204097803270225,0.13800659740121896,16.464412785427527,6.610096895967346e-61,1.721296456997605,2785,0.31204097803270225,0.22543978725507183,0.26184452733460617,0.06600941557199197,0.06901216434517574,-0.031010734505810798,-0.11067874471987606,0.038247653039987464,0.12009191960990047,-0.14569004959706688,0.2693740631519729,-0.5893799585704615,0.10688570542353844,2785,2785
DLinear_ETTh1_h96_revin_s2022_shuf,ETTh1_h96_DLinear,ETTh1,DLinear,revin,96,2022,shuffled,observed,defect,-0.029967810726297336,f_acf1,-0.022480782519846,0.01777654337203426,-1.1861675523506972,0.2355561374677554,0.986495272093612,2785,-0.022480782519846,-0.012422470818347743,0.01865428730265046,-0.0060131382740839364,-0.029967810726297336,-0.021080151689277456,0.01737897462833976,-0.01980362518698506,0.027940775216212483,0.0020234173583023323,0.16848680992972978,-0.8045512756154893,-0.004212444522272334,2785,2785
DLinear_ETTh1_h96_revin_s2022_shuf,ETTh1_h96_DLinear,ETTh1,DLinear,revin,96,2022,shuffled,observed,control,0.02876825869493037,f_drift,-0.02390939250203845,0.01913714519659734,-1.2615461920552995,0.20711212852373384,1.0268179244395859,2785,-0.02390939250203845,-0.010546294814970027,-0.00041756182545329165,0.019356934823137096,-0.024167147346250934,0.02876825869493037,0.027253063612941376,-0.014152875951246712,0.020436813415006864,0.022363108979998294,-0.017880190832904805,-0.929526002776706,-0.0017871569142647776,2785,2785
DLinear_ETTh1_h96_revin_s2023_det,ETTh1_h96_DLinear,ETTh1,DLinear,revin,96,2023,deterministic,simulated,index,0.310873315598651,f_std,0.310873315598651,0.1376639361875005,16.40280268399321,1.8261523831347102e-60,1.7215919085208486,2785,0.310873315598651,0.22466926124361833,0.26047046302111954,0.06494496566842962,0.06980891771858673,-0.03036848840739516,-0.10998221692286592,0.03969634785872754,0.11996855444452602,-0.14585683099108518,0.25818758494384275,-0.6218682782313301,0.12733316883815696,2785,2785
DLinear_ETTh1_h96_revin_s2023_det,ETTh1_h96_DLinear,ETTh1,DLinear,revin,96,2023,deterministic,simulated,defect,-0.015532869210566297,f_spec_ent,0.0015384941910966152,0.006767217099957826,0.08117652876841847,0.9353015652316603,0.9099931384334308,2785,0.0015384941910966152,-0.0007379070936054065,0.012408466263072973,-0.005338799612382449,-0.008251200142071539,-0.009756815982921573,-0.015532869210566297,-0.0003029559095409601,0.009604389186872685,0.004200273407447765,0.06331353705327107,-0.8315642954676694,0.04838444492835394,2785,2785
DLinear_ETTh1_h96_revin_s2023_det,ETTh1_h96_DLinear,ETTh1,DLinear,revin,96,2023,deterministic,simulated,control,0.023651721826839143,f_drift,-0.005305048528149701,0.008120248421583234,-0.2799135849555875,0.7795438043999651,1.0313091387714877,2785,-0.005305048528149701,0.0036377406651963086,0.005019054823043283,0.002986135718730529,-0.0027702584953543494,0.023651721826839143,0.01778958375205017,0.008944715343212532,0.0006859875233054939,0.010412237539950839,-0.06761810541499473,-0.8328254181629153,0.05496618350796076,2785,2785
DLinear_ETTh1_h96_revin_s2023_shuf,ETTh1_h96_DLinear,ETTh1,DLinear,revin,96,2023,shuffled,observed,index,0.31121304402103556,f_std,0.31121304402103556,0.1377660269470174,16.42072798667732,1.3592609190755146e-60,1.7231503110706665,2785,0.31121304402103556,0.22499168170731063,0.26067178673567887,0.06501065679859885,0.06987155677832876,-0.03035160924591828,-0.11016535659166259,0.03965803449240258,0.11989426508332093,-0.14583227801591644,0.25958946790508125,-0.5954318646444507,0.1179582561008868,2785,2785
DLinear_ETTh1_h96_revin_s2023_shuf,ETTh1_h96_DLinear,ETTh1,DLinear,revin,96,2023,shuffled,observed,defect,0.027907672988319827,f_drift,0.011483272683784001,0.011552862442712811,0.6058990802599962,0.5445817702451998,0.931675242061023,2785,0.011483272683784001,0.014775889419920276,0.003076362857170411,-0.01697745866440746,0.009382539205032778,0.027907672988319827,0.011217573793741636,0.0004500351960117201,-0.014462327645870566,0.00579549197286945,-0.005955186833458678,-0.8038662073630372,0.0071890362665841985,2785,2785
DLinear_ETTh1_h96_revin_s2023_shuf,ETTh1_h96_DLinear,ETTh1,DLinear,revin,96,2023,shuffled,observed,control,-0.03114746708931805,f_absdiff,-0.014290375162952933,0.012189373107843791,-0.7540119795318048,0.45084202847617494,0.9917581950032588,2785,-0.014290375162952933,-0.010110257346964274,-0.03114746708931805,0.002377692359347835,-0.009557843741974013,0.01916970588453584,0.006841006733484351,-0.014035587947609205,-0.010940124382203221,0.0034236704300481986,-0.001772531624935898,-0.8767445642107188,-0.039007585238076625,2785,2785
DLinear_ETTh1_h96_san_lite_s2021_det,ETTh1_h96_DLinear,ETTh1,DLinear,san_lite,96,2021,deterministic,simulated,index,0.34461892612144035,f_std,0.34461892612144035,0.14960268393976417,18.18334338363569,6.9936968351011455e-74,2.1205816147312384,2785,0.34461892612144035,0.2585836298813551,0.25334311724980557,0.04836806855336015,0.12055957725499018,0.009139798607438764,-0.11359676496677124,0.07749781966495992,0.12923359867853743,-0.14108553841898333,0.18513272675432332,-0.6188546087022238,0.15859874583138292,2785,2785
DLinear_ETTh1_h96_san_lite_s2021_det,ETTh1_h96_DLinear,ETTh1,DLinear,san_lite,96,2021,deterministic,simulated,defect,-0.04954358012435731,f_absdiff,-0.012983695729223189,0.022070618464028847,-0.6850668374200513,0.49330174560447104,0.9625193421656769,2785,-0.012983695729223189,-0.012202390230683514,-0.04954358012435731,0.005548031612102664,0.04272435674227724,0.016533615379921603,6.0064208333724044e-05,0.026007919980370765,-0.021452201909513073,-0.03365032872350538,0.03642706916108138,-0.8939345279191593,0.05603786196263968,2785,2785
DLinear_ETTh1_h96_san_lite_s2021_det,ETTh1_h96_DLinear,ETTh1,DLinear,san_lite,96,2021,deterministic,simulated,control,0.029907654855896342,f_acf1,0.028730457813916803,0.019540732817386865,1.5159230686460157,0.12953880640191232,0.9517115161612109,2785,0.028730457813916803,0.017838223196958377,0.020809438050864024,0.0087717654078602,0.029907654855896342,0.019574521127362098,-0.01119911527550462,0.023651043798735612,0.011354605251140954,-0.023570503395629612,0.010332864475555205,-1.001367263463786,-0.014046292042681194,2785,2785
DLinear_ETTh1_h96_san_lite_s2021_shuf,ETTh1_h96_DLinear,ETTh1,DLinear,san_lite,96,2021,shuffled,observed,index,0.34464686138637757,f_std,0.34464686138637757,0.14963270711707125,18.184817349446515,6.808187986698869e-74,2.1211292272941153,2785,0.34464686138637757,0.2585663214767748,0.25332059949080776,0.048384401067164226,0.12058887856249347,0.009121067880638344,-0.11365711249422197,0.07750385491767992,0.12935802687945125,-0.1411799470151031,0.1695463828926438,-0.5576544850594762,0.159429731659059,2785,2785
DLinear_ETTh1_h96_san_lite_s2021_shuf,ETTh1_h96_DLinear,ETTh1,DLinear,san_lite,96,2021,shuffled,observed,defect,0.04311472104355297,f_slope,0.019531551616809983,0.02032141365508235,1.0305554423859755,0.30274934021518585,1.0733287596838712,2785,0.019531551616809983,0.016273962904425572,0.009916892392377289,0.04311472104355297,0.01627338954858665,0.02737809511691613,-0.02615530536267758,0.02046022057382098,0.003972124576504583,-0.020137873415151743,0.01267765964238711,-0.8685170871282111,-0.025128247636859363,2785,2785
DLinear_ETTh1_h96_san_lite_s2021_shuf,ETTh1_h96_DLinear,ETTh1,DLinear,san_lite,96,2021,shuffled,observed,control,-0.024948257040791153,f_slope,-0.02463757762999359,0.012679800649867535,-1.299967878227576,0.19361197872691605,0.9756924891169652,2785,-0.02463757762999359,-0.018578373941571212,0.004723166335342551,-0.024948257040791153,-0.006109079015546286,-0.005818961350783776,0.019099762171933682,-0.007753590386509051,0.006462966813798544,0.008666271812405502,-0.10906637852360401,-1.049083705813719,-0.004356213150330221,2785,2785
DLinear_ETTh1_h96_san_lite_s2022_det,ETTh1_h96_DLinear,ETTh1,DLinear,san_lite,96,2022,deterministic,simulated,index,0.3451928106585229,f_std,0.3451928106585229,0.14984732473767448,18.213623611473942,4.024099167687013e-74,2.121392420896292,2785,0.3451928106585229,0.25929045737096335,0.25425328991269724,0.04923815544988876,0.1205684023677212,0.008916060945208571,-0.11338533168713445,0.07710394276216094,0.12955390038428738,-0.14097089583815994,0.1911663170015157,-0.593787147208142,0.13459854266910873,2785,2785
DLinear_ETTh1_h96_san_lite_s2022_det,ETTh1_h96_DLinear,ETTh1,DLinear,san_lite,96,2022,deterministic,simulated,defect,0.017396118768084924,f_std,0.017396118768084924,0.009432020000089136,0.9178822668350192,0.3586805065021996,0.9406463363829589,2785,0.017396118768084924,0.012922320476712821,0.016579405304507164,-0.00477497984656681,0.011541370879656749,-0.010315406284724646,0.00359241529613914,-0.005025432279420291,0.0047958138011652655,0.007376937063913548,0.26019351823681713,-0.7811993961980115,-0.014915957921253475,2785,2785
DLinear_ETTh1_h96_san_lite_s2022_det,ETTh1_h96_DLinear,ETTh1,DLinear,san_lite,96,2022,deterministic,simulated,control,0.0307617202885317,f_range,0.02090607209087153,0.014137897364946306,1.1030801236302419,0.2699923716458599,0.9686310333650495,2785,0.02090607209087153,0.0307617202885317,0.01344620585482622,-0.0009625550344607152,-0.012115691505968433,-0.004196430543551837,0.007278666994887234,-0.022366254377724777,-0.0014578796246179468,0.02788749733402266,0.11791338750593065,-0.9692434739111715,0.024980015090013675,2785,2785
DLinear_ETTh1_h96_san_lite_s2022_shuf,ETTh1_h96_DLinear,ETTh1,DLinear,san_lite,96,2022,shuffled,observed,index,0.3450565613840976,f_std,0.3450565613840976,0.14977802530371834,18.206434606010635,4.588740163170926e-74,2.1210098976547878,2785,0.3450565613840976,0.2591185424403506,0.2541990326352069,0.049142044161428526,0.12044097209522242,0.008775324673708595,-0.11343348427094478,0.07703955599294596,0.12959403892578011,-0.14098069645749775,0.19003136163456485,-0.5740251266388317,0.13590760336379296,2785,2785
DLinear_ETTh1_h96_san_lite_s2022_shuf,ETTh1_h96_DLinear,ETTh1,DLinear,san_lite,96,2022,shuffled,observed,defect,0.029447519611127067,f_last_dev,-0.023477579724999576,0.01888775920597428,-1.2387621851212975,0.21543358181220107,0.9832846596606534,2785,-0.023477579724999576,-0.011894837661063517,0.014736477778515023,-0.0034830946704940895,-0.029140766669974644,-0.0197704579623538,0.020019804895123262,-0.02851274651596371,0.029447519611127067,0.008394306570128103,0.0949606332380882,-0.8258915295424647,0.007540286088020421,2785,2785
DLinear_ETTh1_h96_san_lite_s2022_shuf,ETTh1_h96_DLinear,ETTh1,DLinear,san_lite,96,2022,shuffled,observed,control,-0.02933465360782563,f_absdiff,-0.00658937880405912,0.011979236075130408,-0.34767950451112295,0.7280808905356915,1.080133094009166,2785,-0.00658937880405912,-0.013283444576475689,-0.02933465360782563,0.011238651624991795,0.013586191608429958,-0.003384631277834992,0.0027178764007797116,-0.006722605452375301,0.02021978986032212,-0.01271513753820975,0.07363037739209705,-0.8543750432469632,-0.012917668968831005,2785,2785
DLinear_ETTh1_h96_san_lite_s2023_det,ETTh1_h96_DLinear,ETTh1,DLinear,san_lite,96,2023,deterministic,simulated,index,0.3441888094182114,f_std,0.3441888094182114,0.14964749071547861,18.16064886770219,1.057672009311705e-73,2.1210217989462,2785,0.3441888094182114,0.25852111753078066,0.25301005983036035,0.0486470865040604,0.12125219918426818,0.009516876910031502,-0.11250305541786691,0.07819510524313512,0.1294365560125667,-0.14120404110350473,0.18527343319160092,-0.5954542204318813,0.186148642370359,2785,2785
DLinear_ETTh1_h96_san_lite_s2023_det,ETTh1_h96_DLinear,ETTh1,DLinear,san_lite,96,2023,deterministic,simulated,defect,-0.03827696907429025,f_last_dev,-0.02392922595460783,0.01810266476713999,-1.2625926768859816,0.20673560102130673,0.9158997785100579,2785,-0.02392922595460783,-0.03215533601565045,-0.01886609223292558,0.0004451107209505341,-0.0043166664554249515,-0.030492779388771558,-0.014899068233267742,0.0024969280433796413,-0.03827696907429025,-0.015148471552131405,-0.11479924486893198,-0.9544516538348886,0.0209529706199832,2785,2785
DLinear_ETTh1_h96_san_lite_s2023_det,ETTh1_h96_DLinear,ETTh1,DLinear,san_lite,96,2023,deterministic,simulated,control,0.027250652904356857,f_cross_corr,0.02078812773416671,0.01282780332693001,1.0968569519598328,0.2727039293970517,1.0945411021596227,2785,0.02078812773416671,0.012802367565554227,0.012772326337043508,0.016825835441527433,0.020215268978866472,-0.001655394713979601,-0.0007570442355299489,0.027250652904356857,0.0004569301278806013,-0.014754085230394728,0.17245182643484303,-0.7798289199057586,-0.00586565262257598,2785,2785
DLinear_ETTh1_h96_san_lite_s2023_shuf,ETTh1_h96_DLinear,ETTh1,DLinear,san_lite,96,2023,shuffled,observed,index,0.3441287929374566,f_std,0.3441287929374566,0.14961509705326448,18.157482180687854,1.1204693906201859e-73,2.1208381631011783,2785,0.3441287929374566,0.25847108344786796,0.25303660485213875,0.048644399132150205,0.1211729164789909,0.009448058695188138,-0.11248221978106075,0.07825173239085025,0.129351456653575,-0.1411637061633663,0.20648400547343446,-0.5676739401963506,0.17788404265255972,2785,2785
DLinear_ETTh1_h96_san_lite_s2023_shuf,ETTh1_h96_DLinear,ETTh1,DLinear,san_lite,96,2023,shuffled,observed,defect,0.02523758752283052,f_drift,0.014184709353917305,0.01221791587639522,0.7484366685318296,0.4541968118196378,0.9327959838557782,2785,0.014184709353917305,0.020557644572375418,0.007003768566457265,-0.013626216822275895,0.012225474330643585,0.02523758752283052,0.011244497998300441,0.0017427836620997994,-0.012914543088037937,0.003441932847014032,0.02354992997394351,-0.7649138327357679,0.014570570769646603,2785,2785
DLinear_ETTh1_h96_san_lite_s2023_shuf,ETTh1_h96_DLinear,ETTh1,DLinear,san_lite,96,2023,shuffled,observed,control,0.02815572609712162,f_cross_corr,0.012740041288594897,0.012721219337335221,0.6722107461694777,0.501449540729222,0.9450555606446652,2785,0.012740041288594897,0.006359618042576602,0.011858777175136411,-0.026847191756466972,0.0066068784815197495,0.008696259196594091,-0.0009783047997280493,0.02815572609712162,0.011294902691327177,-0.013674493844286656,-0.024209211558503956,-0.8754162406499559,0.006416755164763642,2785,2785
DLinear_ETTh2_h192_fredf_s2021_det,ETTh2_h192_DLinear,ETTh2,DLinear,fredf,192,2021,deterministic,simulated,index,0.22603171367801825,f_drift,0.165600253718509,0.10094601450322682,8.58569843152167,9.028621957405907e-18,1.7666305198410184,2689,0.165600253718509,0.05975162544350284,0.0701780534946272,-0.11855376277776121,0.09842350522979973,0.22603171367801825,-0.09121276183313659,0.06283708044634945,0.10517894321528257,0.01169244519528134,0.3558892835489342,-0.11473020386904542,-0.26072165910852746,2689,2689
DLinear_ETTh2_h192_fredf_s2021_det,ETTh2_h192_DLinear,ETTh2,DLinear,fredf,192,2021,deterministic,simulated,defect,-0.041421844952795425,f_spec_ent,0.013059305707819687,0.017787287502111337,0.677071791948937,0.4983604052064784,1.0351101202755824,2689,0.013059305707819687,0.005753485124587595,0.008103643124651541,0.018196021753818147,0.02121778737236557,0.0024688137357464475,-0.041421844952795425,0.011906141704159686,0.023800429929610355,-0.03194540161555891,0.17474215614670247,-0.12450957932638151,0.006028357510570337,2689,2689
DLinear_ETTh2_h192_fredf_s2021_det,ETTh2_h192_DLinear,ETTh2,DLinear,fredf,192,2021,deterministic,simulated,control,-0.04299232225879633,f_cross_corr,-0.01901236267344368,0.019291805572423288,-0.9857135404054155,0.32427370306927905,0.9622370982883716,2689,-0.01901236267344368,-0.0277115669648313,-0.020187467894514085,-0.0272182489951884,-0.014867441990904506,0.007034664988080114,0.005112833193473064,-0.04299232225879633,-0.010097188280295382,0.018683958484705988,0.03367859004706879,-0.12948914040010306,0.009013750974091085,2689,2689
DLinear_ETTh2_h192_none_s2021_det,ETTh2_h192_DLinear,ETTh2,DLinear,none,192,2021,deterministic,simulated,index,-0.24440233759357904,f_cross_corr,-0.13417122276152726,0.15451361103555078,-6.956231231246215,3.4949605446624113e-12,1.300512157765852,2689,-0.13417122276152726,-0.2263086629190715,-0.09230480260981692,-0.1541062892033328,-0.19334191628322075,0.14985203181281065,0.09338008612327148,-0.24440233759357904,0.03335814267476712,0.22391061837411008,0.13702882354310766,-0.41753604749545503,-0.19050511265779072,2689,2689
DLinear_ETTh2_h192_none_s2021_det,ETTh2_h192_DLinear,ETTh2,DLinear,none,192,2021,deterministic,simulated,defect,0.0416383925117772,f_drift,0.0126021422907918,0.01722495662612239,0.6533697314484903,0.5135179475472582,1.029498559583859,2689,0.0126021422907918,-0.0015333280231883415,0.005604555681676822,-0.027812212523796485,0.015537457624637152,0.0416383925117772,0.011590217120783947,-0.0007864949144938851,0.03360027864525272,-0.021544486924825544,-0.016298418759624993,-0.40469676881117644,-0.026857297076635152,2689,2689
DLinear_ETTh2_h192_none_s2021_det,ETTh2_h192_DLinear,ETTh2,DLinear,none,192,2021,deterministic,simulated,control,0.03147774065800066,f_drift,0.00417604856260494,0.00856350671011215,0.21651110302561183,0.8285893714422565,0.9569693136335086,2689,0.00417604856260494,-0.0021006108660438084,-0.002794632266837061,-0.018781321675525278,0.003061145447679887,0.03147774065800066,-0.0017742777095422794,0.0029117916776408436,0.017937757439143776,-0.0006197407981029641,0.03194147709198813,-0.35823382465482845,0.03445947397562405,2689,2689
DLinear_ETTh2_h192_revin_s2021_det,ETTh2_h192_DLinear,ETTh2,DLinear,revin,192,2021,deterministic,simulated,index,0.2766439699849133,f_std,0.2766439699849133,0.18072676033881693,14.342862682002801,1.1808236431343215e-46,2.0510425024271846,2689,0.2766439699849133,0.17832793501500346,0.1404977821663641,-0.0857561166566964,0.23823358813478013,0.23919814814668522,-0.16856047579910444,0.25220078723984557,0.11230935192194473,-0.11553944832283213,0.4360815921362734,-0.02120432140088857,0.1515481198890157,2689,2689
DLinear_ETTh2_h192_revin_s2021_det,ETTh2_h192_DLinear,ETTh2,DLinear,revin,192,2021,deterministic,simulated,defect,-0.03095780675069869,f_kurtosis,0.00888944124752858,0.012580705370509027,0.4608813094317121,0.6448837619944414,1.0565194293857791,2689,0.00888944124752858,-0.0034296880208160912,0.008122781746684581,0.0263493894995583,0.014029424622293339,0.006313593178834642,-0.00808098351459211,0.011575479886289552,0.008058465237794384,-0.03095780675069869,-0.19974074902296074,-0.15041469849141675,0.014011872933193982,2689,2689
DLinear_ETTh2_h192_revin_s2021_det,ETTh2_h192_DLinear,ETTh2,DLinear,revin,192,2021,deterministic,simulated,control,-0.0327752654744739,f_last_dev,0.004520894931594207,0.015073889492917884,0.2343899822112672,0.8146822351001786,0.9572171144430329,2689,0.004520894931594207,-0.0118405405519606,0.011179272145305109,0.0072846464974926865,0.020868145546646934,0.00799124553386893,-0.02798305264835573,0.010319827049561883,-0.0327752654744739,-0.01597600454991886,-0.013079771731930204,-0.11133396924097272,0.006326625760636813,2689,2689
DLinear_ETTh2_h192_san_lite_s2021_det,ETTh2_h192_DLinear,ETTh2,DLinear,san_lite,192,2021,deterministic,simulated,index,0.28183894249047126,f_std,0.28183894249047126,0.18581232207731477,14.612200839953836,2.3480840418133754e-48,2.146152214297093,2689,0.28183894249047126,0.18533604541009552,0.13287751237462195,-0.08790506051087937,0.24846565895516182,0.2277159266119694,-0.18372884345992116,0.2550792433997243,0.12431092567089974,-0.13086506188940328,0.3679666572090871,-0.15388242482614944,0.12068698540840807,2689,2689
DLinear_ETTh2_h192_san_lite_s2021_det,ETTh2_h192_DLinear,ETTh2,DLinear,san_lite,192,2021,deterministic,simulated,defect,0.04237698007282477,f_spec_ent,-0.037571996644736025,0.02329702453563003,-1.9479549422078746,0.05142035477484197,0.8907832806995313,2689,-0.037571996644736025,-0.03473003393754047,-0.02113327440209488,0.0046944521769716595,-0.0226487020940726,0.017360179312780163,0.04237698007282477,-0.03484487816653161,-6.574588807847395e-05,0.017544002660669626,-0.33081732789204266,-0.21532103022522953,0.014457758329316353,2689,2689
DLinear_ETTh2_h192_san_lite_s2021_det,ETTh2_h192_DLinear,ETTh2,DLinear,san_lite,192,2021,deterministic,simulated,control,0.03377454532904556,f_absdiff,-0.005864233022283305,0.01151590216654113,-0.30403658889966995,0.7611000158846822,0.9890222535259562,2689,-0.005864233022283305,-0.006933444966454646,0.03377454532904556,0.02160421966561118,0.004152956311654629,-0.005284313025056153,0.0029321109565593148,0.01992855955410874,0.008190799458939243,-0.006493839375698519,-0.07631438065088592,-0.16851074826142698,0.029929767554938647,2689,2689
DLinear_ETTh2_h336_fredf_s2021_det,ETTh2_h336_DLinear,ETTh2,DLinear,fredf,336,2021,deterministic,simulated,index,0.23109588811650847,f_drift,0.030484527848517788,0.08088949389148023,1.5375810803486467,0.12415107636548468,1.4704962077028099,2545,0.030484527848517788,-0.06949985757565738,-0.05021411748158568,-0.07489374696649845,-0.0008455225643841355,0.23109588811650847,-0.0638955954740692,-0.05768273415477683,0.06800409225050269,0.16227885648230161,0.3493936176712306,-0.22175999998913531,-0.10458851722060859,2545,2545
DLinear_ETTh2_h336_fredf_s2021_det,ETTh2_h336_DLinear,ETTh2,DLinear,fredf,336,2021,deterministic,simulated,defect,-0.03363914333851366,f_cross_corr,-0.023992337560774898,0.01786484773880006,-1.2101274617110185,0.22622998701233576,0.9562208183686558,2545,-0.023992337560774898,-0.02332541492497584,-0.00965552804008707,-0.01556383779069412,-0.027916413978626098,-0.016945901243735337,0.008291095837969779,-0.03363914333851366,0.0023401269701837537,0.016978677702440034,-0.030232844436159482,-0.2518039211590548,-0.015381868476015784,2545,2545
DLinear_ETTh2_h336_fredf_s2021_det,ETTh2_h336_DLinear,ETTh2,DLinear,fredf,336,2021,deterministic,simulated,control,-0.027500436718703693,f_drift,-0.0027585021879724847,0.009661224255677775,-0.13913355638647573,0.8893446119404235,1.0453198294260928,2545,-0.0027585021879724847,0.009764492540324046,0.004511672188129358,-0.004377539058900386,-0.00010383506990371767,-0.027500436718703693,0.016038657107494456,0.005520412402584675,0.01351117493746003,0.012525520345304898,-0.15327395438185876,-0.35484945378381605,0.0037469144376414735,2545,2545
DLinear_ETTh2_h336_fredf_s2021_shuf,ETTh2_h336_DLinear,ETTh2,DLinear,fredf,336,2021,shuffled,observed,index,0.23103253983689398,f_drift,0.03021407328421309,0.08092935880931076,1.5239398711675423,0.12752373229255598,1.4696905649681788,2545,0.03021407328421309,-0.06974151453802895,-0.05035278080559793,-0.07481615729159291,-0.0010011889037244228,0.23103253983689398,-0.06393785273603497,-0.05773600353342803,0.06809854695400964,0.16236293020958378,0.34019034333560905,-0.23636631279147613,-0.06982244869809251,2545,2545
DLinear_ETTh2_h336_fredf_s2021_shuf,ETTh2_h336_DLinear,ETTh2,DLinear,fredf,336,2021,shuffled,observed,defect,-0.03088564198631745,f_kurtosis,0.014845075032785919,0.014946398479161077,0.7487570947528227,0.45400362415926676,1.1084585165043521,2545,0.014845075032785919,0.005615229366686106,0.0216815990380913,-0.02171901052949559,-0.007134330862451533,-0.0030482237625773026,0.011019344371238702,0.008440347238276146,0.025075182603690706,-0.03088564198631745,0.05554033816640742,-0.19256322551502114,-0.052163223675390925,2545,2545
DLinear_ETTh2_h336_fredf_s2021_shuf,ETTh2_h336_DLinear,ETTh2,DLinear,fredf,336,2021,shuffled,observed,control,0.04410877224236955,f_slope,-0.006280510810742419,0.013118172770420622,-0.31677691206203856,0.7514128841810248,0.9582453559531757,2545,-0.006280510810742419,-0.003891138510962268,0.0035654306608570953,0.04410877224236955,-0.008381383973156149,-0.008712909291878526,0.028221536276530807,-0.010248226202757862,-0.011154314310572842,-0.006617505424378701,-0.11069587562628004,-0.25694691828243577,-0.011747504178927733,2545,2545
DLinear_ETTh2_h336_fredf_s2022_det,ETTh2_h336_DLinear,ETTh2,DLinear,fredf,336,2022,deterministic,simulated,index,0.22303230959217207,f_drift,0.023027820154965437,0.08382730399953588,1.161479054813954,0.24544713612973657,1.4616494647437375,2545,0.023027820154965437,-0.07524109337276537,-0.05592121679050387,-0.08094569867363373,-0.017025297742067146,0.22303230959217207,-0.0566476254932011,-0.06996688008151948,0.06305794561082129,0.1734071524837092,0.33953759799813105,-0.23630847099093133,-0.0755170244617608,2545,2545
DLinear_ETTh2_h336_fredf_s2022_det,ETTh2_h336_DLinear,ETTh2,DLinear,fredf,336,2022,deterministic,simulated,defect,0.04641977028466336,f_drift,0.011907174803499218,0.014447118750732641,0.6005750454539086,0.548123063041495,1.0560276861791997,2545,0.011907174803499218,0.010035446066179673,-0.0029813371904104623,-0.019219325088570834,0.012855465222607798,0.04641977028466336,-0.01574813693815752,0.02100677846052036,0.002886821688406355,-0.0014109317643108215,0.10879794368075799,-0.19278852453620066,-0.019173927323707624,2545,2545
DLinear_ETTh2_h336_fredf_s2022_det,ETTh2_h336_DLinear,ETTh2,DLinear,fredf,336,2022,deterministic,simulated,control,0.05429713758375707,f_kurtosis,-0.04067657820643292,0.02427457125767209,-2.0516485403455027,0.04020383118856413,0.978600418422515,2545,-0.04067657820643292,-0.043860260679886784,-0.019742826080265456,0.0004506333564354564,-0.046763970419537206,0.01971750775099477,0.0047054281292425604,-0.011183892036162076,0.001347478334006615,0.05429713758375707,-0.031070026026617473,-0.23997038229379397,0.022277727530953625,2545,2545
DLinear_ETTh2_h336_fredf_s2022_shuf,ETTh2_h336_DLinear,ETTh2,DLinear,fredf,336,2022,shuffled,observed,index,0.2231843979222823,f_drift,0.023492255964690872,0.08381935804860723,1.1849043057352981,0.23605528480624338,1.4629729325790344,2545,0.023492255964690872,-0.07489910115581411,-0.05582423708468191,-0.08112855206062618,-0.01665176157013214,0.2231843979222823,-0.05678180266504407,-0.06983182205690855,0.06322967040585996,0.17316997960003225,0.33862016630729924,-0.2597249909717536,-0.06668604093286855,2545,2545
DLinear_ETTh2_h336_fredf_s2022_shuf,ETTh2_h336_DLinear,ETTh2,DLinear,fredf,336,2022,shuffled,observed,defect,0.011772558661227254,f_absdiff,0.010329231170447165,0.006759483218718755,0.520986596910645,0.6023761082932919,1.0299951253426791,2545,0.010329231170447165,0.0089892770084008,0.011772558661227254,-0.006323861870521863,-0.0035444634530692265,-0.0023632340673899245,-0.0047442606327155225,-0.00820648446826529,-0.0038941081316221735,-0.007427352723528327,0.15513332076362468,-0.1391952820615725,0.02233652232837767,2545,2545
DLinear_ETTh2_h336_fredf_s2022_shuf,ETTh2_h336_DLinear,ETTh2,DLinear,fredf,336,2022,shuffled,observed,control,0.057154120930631276,f_spec_ent,0.0011115510198222154,0.019485908129075004,0.05606450020855355,0.9552904241669439,0.9788972011414279,2545,0.0011115510198222154,0.02142083252039869,0.032978967478071344,0.0047222371295835746,-0.03465487285858503,-0.01685510461167627,0.057154120930631276,0.0019744089121217887,0.01489324530357695,-0.009093740526282881,0.02920984452253836,-0.2469599875037285,0.0029348871962032765,2545,2545
DLinear_ETTh2_h336_fredf_s2023_det,ETTh2_h336_DLinear,ETTh2,DLinear,fredf,336,2023,deterministic,simulated,index,0.2222789868335369,f_drift,0.022511320122832513,0.08368834369105263,1.1354277844333414,0.25619612370551237,1.4600305602619614,2545,0.022511320122832513,-0.07664655696499319,-0.055784722466296885,-0.07949614988718823,-0.01735449862865055,0.2222789868335369,-0.05688444603577087,-0.07014720229076461,0.06433321731313348,0.17144633636735906,0.3268554415271982,-0.2631110245956809,-0.0747589468104087,2545,2545
DLinear_ETTh2_h336_fredf_s2023_det,ETTh2_h336_DLinear,ETTh2,DLinear,fredf,336,2023,deterministic,simulated,defect,-0.06046665075404927,f_kurtosis,0.01395216841345837,0.023057116983287634,0.7037205984941849,0.4816067898825308,1.1040037214249419,2545,0.01395216841345837,0.0021741043509221985,0.01351361875544909,0.024823622700795914,0.030251878611441744,0.0035466313700469464,-0.024870197244919668,0.048508973239867616,-0.008463324391925493,-0.06046665075404927,0.021666944212641998,-0.31696360195191997,-0.018540707960172677,2545,2545
DLinear_ETTh2_h336_fredf_s2023_det,ETTh2_h336_DLinear,ETTh2,DLinear,fredf,336,2023,deterministic,simulated,control,-0.04210621389650215,f_cross_corr,-0.010101242450836984,0.01955072385472232,-0.5094872834376771,0.6104107096418954,1.0975063578498696,2545,-0.010101242450836984,0.0038196612123540486,0.008950310760488675,0.0190501809737491,-0.019375326297712332,0.03537711753001545,0.02449066181045498,-0.04210621389650215,0.0023637640350057,0.029872759580103738,0.04839765503126669,-0.16902647480983757,-0.010681134889979012,2545,2545
DLinear_ETTh2_h336_fredf_s2023_shuf,ETTh2_h336_DLinear,ETTh2,DLinear,fredf,336,2023,shuffled,observed,index,0.22270136305608804,f_drift,0.02395575559971859,0.08335643027703325,1.2082823378015475,0.22693867983758365,1.462507991826547,2545,0.02395575559971859,-0.07534640930078693,-0.054862536966126155,-0.07950860268467409,-0.01597862225949207,0.22270136305608804,-0.05733545321908434,-0.06894105679592707,0.0645574063659618,0.17037709652247351,0.367441868481339,-0.18576149409757647,-0.0956021557430042,2545,2545
DLinear_ETTh2_h336_fredf_s2023_shuf,ETTh2_h336_DLinear,ETTh2,DLinear,fredf,336,2023,shuffled,observed,defect,0.05606997754569252,f_spec_ent,-0.02160866152092535,0.0262545861391776,-1.089899416888889,0.2757574535075731,0.926030396663735,2545,-0.02160866152092535,-0.018634991606757273,0.0422517122180357,-0.013422198616193075,-0.04600264901655676,-0.028400869897507623,0.05606997754569252,-0.024163793368160658,0.004006324771115562,-0.007984682830831463,-0.007128419803255893,-0.2522723079985363,0.0048287434477598,2545,2545
DLinear_ETTh2_h336_fredf_s2023_shuf,ETTh2_h336_DLinear,ETTh2,DLinear,fredf,336,2023,shuffled,observed,control,0.03997680147567022,f_acf1,0.0219831659029958,0.017635447508190114,1.1087886991910645,0.2675213467116454,0.9391893315158062,2545,0.0219831659029958,0.028033355315451248,-0.002487144209096121,0.010958312924052043,0.03997680147567022,-0.0028550611228203774,-0.00756527679691076,0.03799720135567704,-0.005709888928853823,-0.018788267050373703,-0.053745433350217295,-0.23676802246951612,-0.06844275437073653,2545,2545
DLinear_ETTh2_h336_none_s2021_det,ETTh2_h336_DLinear,ETTh2,DLinear,none,336,2021,deterministic,simulated,index,-0.3365811478987904,f_cross_corr,-0.23919439200499001,0.2037646468147371,-12.064506083214683,1.6263516397315814e-33,1.133229924593805,2545,-0.23919439200499001,-0.3247669971389149,-0.17820586219310322,-0.08179022099678696,-0.2820945294209337,0.1482011996428484,0.11481128886930272,-0.3365811478987904,-0.007437131645207879,0.3245636983364927,0.07517100163938881,-0.8386768890440892,0.013424631081213514,2545,2545
DLinear_ETTh2_h336_none_s2021_det,ETTh2_h336_DLinear,ETTh2,DLinear,none,336,2021,deterministic,simulated,defect,0.0410019681308342,f_spec_ent,-0.021879136459119212,0.01999518899667229,-1.1035416536898626,0.2697920131227671,0.9843239245234507,2545,-0.021879136459119212,-0.008207772075834468,0.006442231739055826,-0.01253294498548864,-0.024553089520469862,-0.0037999420588152805,0.0410019681308342,-0.0288240759687029,-0.01923389555811719,0.03347683347028531,0.13316289106142795,-0.4855531945898508,0.05016621697114146,2545,2545
DLinear_ETTh2_h336_none_s2021_det,ETTh2_h336_DLinear,ETTh2,DLinear,none,336,2021,deterministic,simulated,control,-0.040856060329649745,f_kurtosis,0.01913255745103747,0.021759462513684553,0.965009479614725,0.3345400637268997,1.0467336092273747,2545,0.01913255745103747,0.013144507450547916,0.027191400803704614,0.02104662430866525,0.00425775472929851,-0.03221885632930277,-0.008389434676264476,0.035218064639218276,-0.016139364419156508,-0.040856060329649745,0.20598340286768857,-0.4714605824450988,0.016130517467420592,2545,2545
DLinear_ETTh2_h336_none_s2021_shuf,ETTh2_h336_DLinear,ETTh2,DLinear,none,336,2021,shuffled,observed,index,-0.3319006682862515,f_cross_corr,-0.23879055231390406,0.20251155243975177,-12.044137184224574,2.082438935005608e-33,1.1265666127880791,2545,-0.23879055231390406,-0.3228659538241625,-0.1803615993793671,-0.08163086817926217,-0.27861664970139377,0.14855973802244796,0.1114609617264085,-0.3319006682862515,-0.005612555060941761,0.32531597790337874,0.07413809728513472,-0.7766017611602236,-0.012666900029371916,2545,2545
DLinear_ETTh2_h336_none_s2021_shuf,ETTh2_h336_DLinear,ETTh2,DLinear,none,336,2021,shuffled,observed,defect,-0.0460292161828465,f_drift,-0.029041903578449078,0.024113666098272615,-1.4648178807763341,0.14297061209698134,0.8909931250176479,2545,-0.029041903578449078,-0.02811214701034844,-0.03798000834029254,-0.012781262476624276,0.010958288170822887,-0.0460292161828465,0.00865497465895783,-0.007248704862519846,-0.03070819820008437,-0.029621957501780406,-0.15003046715995197,-0.7202633514104002,0.018044464355489575,2545,2545
DLinear_ETTh2_h336_none_s2021_shuf,ETTh2_h336_DLinear,ETTh2,DLinear,none,336,2021,shuffled,observed,control,0.034584311456027486,f_absdiff,0.012662748468546462,0.020752977186980947,0.6386847310609571,0.523028047733312,1.0223072990848145,2545,0.012662748468546462,0.010812365802711112,0.034584311456027486,0.024644816868671194,-0.00018420232928920475,-0.018829786515358386,0.02369789140736423,0.019448126231064535,-0.03233475398626644,-0.030330768804510404,-0.10550403492408036,-0.6474878893579712,-0.04209243750971411,2545,2545
DLinear_ETTh2_h336_none_s2022_det,ETTh2_h336_DLinear,ETTh2,DLinear,none,336,2022,deterministic,simulated,index,-0.33431145311558486,f_cross_corr,-0.23835409049534814,0.20417850162688414,-12.022122887731582,2.7189497908392343e-33,1.1220717063463017,2545,-0.23835409049534814,-0.32079987693933637,-0.1791716764864521,-0.0817264239611055,-0.27925098235466994,0.15034506133224945,0.11592363047268363,-0.33431145311558486,-0.011148427884554765,0.33075339322685654,0.07827663694805281,-0.7767215031038432,-0.06273486093470156,2545,2545
DLinear_ETTh2_h336_none_s2022_det,ETTh2_h336_DLinear,ETTh2,DLinear,none,336,2022,deterministic,simulated,defect,-0.02025530549269793,f_last_dev,-0.00021369124162414572,0.008707239395153634,-0.010778176122333259,0.9914004261794624,1.0357296360810142,2545,-0.00021369124162414572,0.0018932513570228398,-0.006272627542457757,0.014709634819990526,-0.002412720521490463,-0.01897195178424517,-0.01632736169512296,-0.0005424342303637023,-0.02025530549269793,-0.005473415266520859,-0.09504114214938884,-0.7751068413357813,-0.009670247326307713,2545,2545
DLinear_ETTh2_h336_none_s2022_det,ETTh2_h336_DLinear,ETTh2,DLinear,none,336,2022,deterministic,simulated,control,0.045349822450657024,f_drift,0.024106334100146,0.021810129652382906,1.2158772283806292,0.22403169384347998,1.0028576555282753,2545,0.024106334100146,0.02784598578969322,0.026291979513781493,0.007200766816549466,0.016815213628926746,0.045349822450657024,-0.02151059275683941,0.037185188680555634,-0.009507502550614744,0.002287910236065338,0.019986906097831682,-0.5872302395190956,0.06257204204603055,2545,2545
DLinear_ETTh2_h336_none_s2022_shuf,ETTh2_h336_DLinear,ETTh2,DLinear,none,336,2022,shuffled,observed,index,0.3222742498839822,f_kurtosis,-0.22023252416499445,0.1947302928158014,-11.108105860002231,1.1456382001839965e-28,1.1469844893936627,2545,-0.22023252416499445,-0.3043974226360287,-0.17276854733051958,-0.08105368903905541,-0.2608993998873847,0.16025760546479306,0.10086840144091785,-0.3173148930130787,-0.007236195297259562,0.3222742498839822,0.05897600011506862,-0.7633984301813654,-0.021731785006942426,2545,2545
DLinear_ETTh2_h336_none_s2022_shuf,ETTh2_h336_DLinear,ETTh2,DLinear,none,336,2022,shuffled,observed,defect,0.026014697254106742,f_spec_ent,-0.0057017512313957686,0.01437442502882672,-0.28758538960527136,0.7736641300296655,0.9557384709971464,2545,-0.0057017512313957686,-0.013340404190979321,0.012471531348123174,-0.01447255293350033,-0.020471182122759654,-0.013943239041514543,0.026014697254106742,-0.011665421485428757,-0.00043763240636658825,0.025225838274092312,0.0902121097027414,-0.47553709003493516,0.003694111185538198,2545,2545
DLinear_ETTh2_h336_none_s2022_shuf,ETTh2_h336_DLinear,ETTh2,DLinear,none,336,2022,shuffled,observed,control,-0.03564070871695684,f_cross_corr,-0.014936821308402102,0.016121058305922878,-0.7533846008201918,0.4512188337157358,0.945733027821152,2545,-0.014936821308402102,-0.02052062972229499,-0.008262473945321492,0.019025760968706253,-0.024846898325217883,-0.02651793863213785,-0.0016597573837374075,-0.03564070871695684,0.0068005590051820625,0.0029990350512718905,-0.2683928235629119,-0.5630192951907802,-0.0698953086816286,2545,2545
DLinear_ETTh2_h336_none_s2023_det,ETTh2_h336_DLinear,ETTh2,DLinear,none,336,2023,deterministic,simulated,index,-0.3560150014031037,f_cross_corr,-0.26193542688207144,0.21614658232779355,-13.211520238995654,7.528834770832591e-40,1.088508742441558,2545,-0.26193542688207144,-0.34268847079755194,-0.1841873606159691,-0.0800728609378662,-0.30472720266407144,0.13738351231727725,0.13717673031005054,-0.3560150014031037,-0.016471682505370067,0.34080757484460367,0.07277934911147148,-0.7981399980351009,-0.021519540599942107,2545,2545
DLinear_ETTh2_h336_none_s2023_det,ETTh2_h336_DLinear,ETTh2,DLinear,none,336,2023,deterministic,simulated,defect,-0.025298106783873755,f_slope,0.022772806726838176,0.013202019559124093,1.1486166669078086,0.25071408143765184,0.9801078559530597,2545,0.022772806726838176,0.013999774453931009,0.014911321712735362,-0.025298106783873755,-0.002136468349969997,0.013573126547734748,-0.008278146572794064,-0.005983188058629908,-0.011308341972727573,-0.013758914412006315,0.05569989019207135,-0.6571302070851244,0.03658928448273374,2545,2545
DLinear_ETTh2_h336_none_s2023_det,ETTh2_h336_DLinear,ETTh2,DLinear,none,336,2023,deterministic,simulated,control,-0.01735438579213895,f_absdiff,0.009603392474127897,0.011080366166164871,0.48437668606042017,0.6281185611146196,0.9510395318858748,2545,0.009603392474127897,-0.008110967547687482,-0.01735438579213895,0.011696986589577147,0.013504124472969769,-0.008653108852640201,-0.004491383818533729,-0.009327767091229934,-0.011690867938738421,-0.016370677084005192,-0.09617563225634486,-0.4788264972161156,-0.027514963568675256,2545,2545
DLinear_ETTh2_h336_none_s2023_shuf,ETTh2_h336_DLinear,ETTh2,DLinear,none,336,2023,shuffled,observed,index,-0.355891828339063,f_cross_corr,-0.26078171577365034,0.21576644617496235,-13.153329264829635,1.6284330279736612e-39,1.0919627487747183,2545,-0.26078171577365034,-0.34197343318993145,-0.18378715353257918,-0.08023279395345385,-0.30376259244549797,0.13791191186953033,0.13666186749930206,-0.355891828339063,-0.016569181259145395,0.3400919838874702,0.02879401705584343,-0.8720746677428584,0.037813415217619765,2545,2545
DLinear_ETTh2_h336_none_s2023_shuf,ETTh2_h336_DLinear,ETTh2,DLinear,none,336,2023,shuffled,observed,defect,0.04164214935529875,f_absdiff,-0.01368395529740632,0.01947816872058938,-0.6901924436612722,0.4900731746253525,0.930098654144568,2545,-0.01368395529740632,-0.018637026313680565,0.04164214935529875,-0.012206496581810793,-0.03536938422509459,-0.015353496698665738,0.03427379629576513,-0.006441931084350721,-0.0023585837471569926,-0.014814867606664204,0.09025505207287647,-0.6931969910809166,0.0523963425626419,2545,2545
DLinear_ETTh2_h336_none_s2023_shuf,ETTh2_h336_DLinear,ETTh2,DLinear,none,336,2023,shuffled,observed,control,-0.04317308893750548,f_slope,0.02808477260065096,0.016261470478569597,1.4165420311325108,0.1566168671876989,1.1246776401199146,2545,0.02808477260065096,0.01942955471706667,0.01260576530221068,-0.04317308893750548,0.016059642147811984,0.008048864237176698,0.00486544631819704,-0.011067138277665232,0.01774554775516346,0.0015348844922477816,0.22896365272024907,-0.45089279337959165,-0.025391686074013972,2545,2545
DLinear_ETTh2_h336_revin_s2021_det,ETTh2_h336_DLinear,ETTh2,DLinear,revin,336,2021,deterministic,simulated,index,0.32676900393379543,f_cross_corr,0.3197661854802949,0.21162751305454525,16.128392716886488,1.6116023686886424e-58,2.013404687090332,2545,0.3197661854802949,0.23119245299758706,0.1896832125473712,-0.047412285345173194,0.29700483238321923,0.2842205906563733,-0.16357818529311222,0.32676900393379543,0.13163230377483706,-0.12501607813368906,0.4086446356630433,-0.18973921744553812,0.11797886403333444,2545,2545
DLinear_ETTh2_h336_revin_s2021_det,ETTh2_h336_DLinear,ETTh2,DLinear,revin,336,2021,deterministic,simulated,defect,0.013541139219104137,f_std,0.013541139219104137,0.006916714144827774,0.6829890747569477,0.49461374614346587,0.9868670346675273,2545,0.013541139219104137,0.00682898721338622,0.0021277380802580733,0.002571704982871218,0.010827331209396022,0.002131650231312601,0.008840561239061184,0.013195515160188739,-0.00665893644472909,-0.0024435776679704656,-0.1361098572638727,-0.093823109671612,0.04313052765525669,2545,2545
DLinear_ETTh2_h336_revin_s2021_det,ETTh2_h336_DLinear,ETTh2,DLinear,revin,336,2021,deterministic,simulated,control,-0.024572086097652924,f_absdiff,-0.009385915751242108,0.014398892287571588,-0.47340757752814966,0.6359224247866166,0.9313401259662419,2545,-0.009385915751242108,-0.005532650886162664,-0.024572086097652924,-0.013866944818713901,0.024570647614124128,0.005140873328163445,-0.01818896358204299,0.02310468548283891,0.004423107538135448,-0.015203047776639354,0.1561325521345483,0.013735954471580936,-0.019233566808771467,2545,2545
DLinear_ETTh2_h336_revin_s2021_shuf,ETTh2_h336_DLinear,ETTh2,DLinear,revin,336,2021,shuffled,observed,index,0.3268693428322942,f_cross_corr,0.3189976748690026,0.21138775517992947,16.089630516538758,3.01632054632845e-58,2.0111075966306973,2545,0.3189976748690026,0.23049927119419675,0.18889305300104203,-0.04751271929557636,0.2965637984479577,0.28379677739505244,-0.1641391851037401,0.3268693428322942,0.13167220783722514,-0.12493352182320738,0.422762785610337,-0.1695709372519516,0.11508637517160616,2545,2545
DLinear_ETTh2_h336_revin_s2021_shuf,ETTh2_h336_DLinear,ETTh2,DLinear,revin,336,2021,shuffled,observed,defect,-0.027506135321523337,f_slope,0.011236146988673047,0.014865396787233323,0.5667296902759841,0.570897845835137,1.1473061771443185,2545,0.011236146988673047,0.005895160735090478,0.0039431701748435955,-0.027506135321523337,0.00693767211025912,0.014867354056018328,-0.021338857770115828,0.010911594966367582,0.023557441981431268,-0.022460433768010633,0.0818024273110994,-0.026741552458775297,-0.040752355992067425,2545,2545
DLinear_ETTh2_h336_revin_s2021_shuf,ETTh2_h336_DLinear,ETTh2,DLinear,revin,336,2021,shuffled,observed,control,-0.023798618013348833,f_spec_ent,0.01567378568476518,0.011470939716674382,0.7905556696199962,0.4292033243028224,1.0919933328594367,2545,0.01567378568476518,0.008072938848303712,0.0008820670344389553,0.0025554885557424445,0.011569648038314676,0.02062629519935823,-0.023798618013348833,0.008093657420372146,-0.0011064267862405611,-0.02233047158585907,0.03826411107817995,-0.042018379466796096,-0.03739314359372063,2545,2545
DLinear_ETTh2_h336_revin_s2022_det,ETTh2_h336_DLinear,ETTh2,DLinear,revin,336,2022,deterministic,simulated,index,0.3276542401587852,f_cross_corr,0.32158981709157786,0.21242779533240125,16.220373195540045,3.619885528627347e-59,2.0163899872852205,2545,0.32158981709157786,0.2327401864776744,0.18932902561872184,-0.048751541892731565,0.2983861678044614,0.2843399927452674,-0.16471633148495962,0.3276542401587852,0.13109171785537477,-0.1256789321944581,0.40154973425756424,-0.13327041807840123,0.0934315756413334,2545,2545
DLinear_ETTh2_h336_revin_s2022_det,ETTh2_h336_DLinear,ETTh2,DLinear,revin,336,2022,deterministic,simulated,defect,-0.027507645146846303,f_spec_ent,-0.012807396868665957,0.015527596934376622,-0.6459805187612495,0.5182919719532655,1.1830970940984726,2545,-0.012807396868665957,-0.002374300554365761,-0.006781073231594886,0.01655798278135216,0.01670976608889228,0.016406709058057977,-0.027507645146846303,0.02668802838972455,0.011379474837618066,-0.018063592386648297,-0.0038374616925908674,-0.08706703338683863,0.013818689474813189,2545,2545
DLinear_ETTh2_h336_revin_s2022_det,ETTh2_h336_DLinear,ETTh2,DLinear,revin,336,2022,deterministic,simulated,control,0.03440180895418723,f_last_dev,-0.009352857563544936,0.010953319485556683,-0.47174018598426987,0.6371122494755731,0.8980726304702228,2545,-0.009352857563544936,0.0008649389752048878,-0.0034922747465102274,-0.010150911627288565,0.007330422520175967,0.0027043177306111123,0.023778089048012468,0.011301781439549867,0.03440180895418723,0.006155792250481563,0.11939555740601619,0.005208826199010641,0.030045855375042858,2545,2545
DLinear_ETTh2_h336_revin_s2022_shuf,ETTh2_h336_DLinear,ETTh2,DLinear,revin,336,2022,shuffled,observed,index,0.32770943759632776,f_cross_corr,0.3222576709245293,0.21263084932107623,16.254058461163552,2.090552426859e-59,2.019552678975027,2545,0.3222576709245293,0.23328599442568454,0.18981342766718062,-0.04856489283108437,0.29863825694699453,0.28453615647276376,-0.1644789846146615,0.32770943759632776,0.1311269177511517,-0.12589675398038438,0.4091899233025718,-0.12170387389709392,0.0901007008297329,2545,2545
DLinear_ETTh2_h336_revin_s2022_shuf,ETTh2_h336_DLinear,ETTh2,DLinear,revin,336,2022,shuffled,observed,defect,0.020778998670451018,f_spec_ent,0.011407893623036538,0.010142599160487884,0.5753922609060127,0.5650260369767057,1.0359418960882496,2545,0.011407893623036538,0.004732584771831679,0.014710576094890522,-0.009913160729481202,0.00011780714193094746,-0.008623055757747258,0.020778998670451018,-0.019131738476356495,0.00305984228338469,-0.00895033405576849,0.12290192977254343,0.002170371340244781,0.022652915921115045,2545,2545
DLinear_ETTh2_h336_revin_s2022_shuf,ETTh2_h336_DLinear,ETTh2,DLinear,revin,336,2022,shuffled,observed,control,0.06086968821393662,f_drift,0.0023495218833092255,0.019360075876391138,0.118505374713128,0.9056672367013123,1.0476536739280344,2545,0.0023495218833092255,-0.008204180211543581,-0.02505894870557011,-0.03151053495542636,-0.006828676407917936,0.06086968821393662,-0.031104209949175222,-0.008008029795594692,0.01840449696740591,-0.0012624716740317118,-0.13410702140481937,-0.10572095462178521,0.09935107204740651,2545,2545
DLinear_ETTh2_h336_revin_s2023_det,ETTh2_h336_DLinear,ETTh2,DLinear,revin,336,2023,deterministic,simulated,index,0.32666832713479904,f_cross_corr,0.3196768087132266,0.2115082459770103,16.12388472428284,1.733604720464931e-58,2.013184337188891,2545,0.3196768087132266,0.23111945817795815,0.18908560596016719,-0.04802356731044433,0.29631372580308357,0.2837098728977502,-0.1641536893273345,0.32666832713479904,0.13140939121833756,-0.12492201322700161,0.41761152367417687,-0.1020522903633474,0.08653628829167395,2545,2545
DLinear_ETTh2_h336_revin_s2023_det,ETTh2_h336_DLinear,ETTh2,DLinear,revin,336,2023,deterministic,simulated,defect,-0.051820917769380276,f_absdiff,-0.02860010131699572,0.021384981921499673,-1.4425342225926971,0.14915172439878227,0.9735172986197099,2545,-0.02860010131699572,-0.02326250560890234,-0.051820917769380276,-0.03563427412388563,-0.015898909812935694,-0.015834050658090196,0.008922594473352105,-0.017642894920729218,0.003970008521122164,0.012263562009603417,-0.1395665246114112,-0.11246585674440834,-0.019086881319254834,2545,2545
DLinear_ETTh2_h336_revin_s2023_det,ETTh2_h336_DLinear,ETTh2,DLinear,revin,336,2023,deterministic,simulated,control,0.05089561687953844,f_drift,-0.015417448793553468,0.020817154723506846,-0.7776265287757931,0.4367892168787636,0.854129629944492,2545,-0.015417448793553468,-0.013145564844727588,-0.04339398642834469,0.011534646880393674,0.006016127584287344,0.05089561687953844,-0.008227761794465686,0.01166305119070765,0.02379537487361218,0.024081967965437722,-0.23022959929780776,-0.1403988249397159,0.01400181405333137,2545,2545
DLinear_ETTh2_h336_revin_s2023_shuf,ETTh2_h336_DLinear,ETTh2,DLinear,revin,336,2023,shuffled,observed,index,0.32662462810177734,f_cross_corr,0.32071502036837346,0.211852823614633,16.176250127686284,7.417671260992359e-59,2.017949378695337,2545,0.32071502036837346,0.2319753082951023,0.18982674091959453,-0.048004324681340214,0.29690084838788355,0.2838440005671235,-0.16377081466010393,0.32662462810177734,0.1314340405362911,-0.1254325096287399,0.4038589605733537,-0.13565359875576544,0.0988663203040757,2545,2545
DLinear_ETTh2_h336_revin_s2023_shuf,ETTh2_h336_DLinear,ETTh2,DLinear,revin,336,2023,shuffled,observed,defect,0.037384572252508824,f_absdiff,-0.006405765162439004,0.01644292021976177,-0.3230945011799349,0.7466236745536257,0.9246276842044925,2545,-0.006405765162439004,0.00492433710946454,0.037384572252508824,0.005144636606884086,-0.03109060768969615,-0.025950907498200216,0.03377170876206232,-0.013927223536642205,-0.0010940671843440808,-0.00473537639537634,-0.06403254446760087,-0.06825996399615453,0.002013168709033806,2545,2545
DLinear_ETTh2_h336_revin_s2023_shuf,ETTh2_h336_DLinear,ETTh2,DLinear,revin,336,2023,shuffled,observed,control,-0.04726341830684606,f_drift,-0.020773491520707416,0.020326622905403734,-1.0477750448930043,0.2947422626382783,0.9386798833207336,2545,-0.020773491520707416,-0.015416336499147637,-0.0016273936882778817,-0.0019945862643284532,-0.03425021710472809,-0.04726341830684606,0.02995432509046357,-0.02906776643488542,0.018342431062205646,0.004576263082447148,0.011473895848076208,-0.045625348432471124,-0.03230471126685504,2545,2545
DLinear_ETTh2_h336_san_lite_s2021_det,ETTh2_h336_DLinear,ETTh2,DLinear,san_lite,336,2021,deterministic,simulated,index,0.3303149200665996,f_cross_corr,0.3179009306052798,0.2142496367591546,16.0343128406915,7.359312306386745e-58,2.0637197450698737,2545,0.3179009306052798,0.2338560387644321,0.17585178975448182,-0.057579176080309706,0.30159109714929383,0.27491062443312586,-0.1774325266374668,0.3303149200665996,0.14125784423800022,-0.13180141986255606,0.369193155518667,-0.19721855360652207,0.03725778075011744,2545,2545
DLinear_ETTh2_h336_san_lite_s2021_det,ETTh2_h336_DLinear,ETTh2,DLinear,san_lite,336,2021,deterministic,simulated,defect,0.02989683816914287,f_last_dev,0.008213978634074203,0.013935072282118937,0.41429731845935713,0.6786563774550805,1.0541022640105515,2545,0.008213978634074203,0.009971517035066423,-0.025871524105087716,-0.003749456820275085,0.025546266672531178,0.014865207617082076,-0.008344380514655988,-0.00544247076417677,0.02989683816914287,0.007449082489097059,0.11339501618538061,-0.002594325402346831,-0.02646531323712354,2545,2545
DLinear_ETTh2_h336_san_lite_s2021_det,ETTh2_h336_DLinear,ETTh2,DLinear,san_lite,336,2021,deterministic,simulated,control,0.023586080620345524,f_drift,0.012516754040318179,0.012521005478371094,0.6313210522860851,0.5278306245191129,1.082915106878033,2545,0.012516754040318179,0.010581518091667234,-0.000691792644996554,-0.015805587104932364,0.006664753712886279,0.023586080620345524,-0.014788558502715354,0.006731216238174846,0.0187373755997001,0.01510641822797451,0.12464742675256844,-0.025325771342398662,-0.05221676658560439,2545,2545
DLinear_ETTh2_h336_san_lite_s2021_shuf,ETTh2_h336_DLinear,ETTh2,DLinear,san_lite,336,2021,shuffled,observed,index,0.33037637877845427,f_cross_corr,0.31777921089045,0.21418446157149548,16.02817353187367,8.123550233972748e-58,2.0630994585744036,2545,0.31777921089045,0.2336645713892792,0.17563540423614757,-0.057493908065935295,0.3015357609771507,0.2749338020945426,-0.17763287984315052,0.33037637877845427,0.14107187799353443,-0.13172082144631014,0.3748559076838115,-0.18631895907914942,0.03215829224601649,2545,2545
DLinear_ETTh2_h336_san_lite_s2021_shuf,ETTh2_h336_DLinear,ETTh2,DLinear,san_lite,336,2021,shuffled,observed,defect,-0.026085109421277976,f_slope,0.010629960857232517,0.015125889756560712,0.5361548251672231,0.5918515518564148,1.1518191991844704,2545,0.010629960857232517,0.004466438474812037,0.0045680827993448535,-0.026085109421277976,0.006776350841590029,0.014804405842095096,-0.021287892065747077,0.013286622269163502,0.02375977895807842,-0.02559425603626562,0.04472066104926969,-0.05236400388049467,-0.045490010105816006,2545,2545
DLinear_ETTh2_h336_san_lite_s2021_shuf,ETTh2_h336_DLinear,ETTh2,DLinear,san_lite,336,2021,shuffled,observed,control,-0.03547115839069334,f_acf1,-0.021897953949366715,0.018768591892735408,-1.1044907717843917,0.2693803044524016,0.8751889623729878,2545,-0.021897953949366715,-0.02734608694863648,-0.006209559212247981,0.02662135511496351,-0.03547115839069334,-0.018685245127930537,0.017323877711312136,-0.012913947294604133,0.017900776580183613,0.0033159585974156616,0.1767261136831755,0.026690879458005634,0.026052636653690602,2545,2545
DLinear_ETTh2_h336_san_lite_s2022_det,ETTh2_h336_DLinear,ETTh2,DLinear,san_lite,336,2022,deterministic,simulated,index,0.33057348159691813,f_cross_corr,0.3189431857535619,0.21456595318463528,16.086882190128623,3.153216488048735e-58,2.06572006120381,2545,0.3189431857535619,0.23499994521701686,0.1763247341331554,-0.058980700180983926,0.30165706313903135,0.2742287944742198,-0.17759834531880328,0.33057348159691813,0.1407210656390808,-0.13163221639358144,0.36479710006163246,-0.18885620224854627,0.03167543035126443,2545,2545
DLinear_ETTh2_h336_san_lite_s2022_det,ETTh2_h336_DLinear,ETTh2,DLinear,san_lite,336,2022,deterministic,simulated,defect,-0.056773441115545706,f_kurtosis,0.010922663136189358,0.024347599670322462,0.5509181663787176,0.5816897736149296,1.0337359592893365,2545,0.010922663136189358,-0.004309618728166284,0.020403895890948504,-0.0065883033351764745,0.023714027028523113,-0.034554529168762387,-0.027134975268129392,0.024159381092170654,-0.03491516193961274,-0.056773441115545706,-0.15856542613898075,-0.11232646493320231,0.05275633220905809,2545,2545
DLinear_ETTh2_h336_san_lite_s2022_det,ETTh2_h336_DLinear,ETTh2,DLinear,san_lite,336,2022,deterministic,simulated,control,-0.030852401805954912,f_std,-0.030852401805954912,0.014623896735138569,-1.5561359367570857,0.11967577112613847,0.807419226816934,2545,-0.030852401805954912,-0.02522900544528324,2.719723918320808e-05,-0.0035431982281843117,-0.029441611269277964,-0.001044313562503172,0.018109594740461605,-0.006801828597931943,0.014795868850020646,0.0163939476125847,-0.16888169273733022,-0.15533961715382882,0.029790732796269547,2545,2545
DLinear_ETTh2_h336_san_lite_s2022_shuf,ETTh2_h336_DLinear,ETTh2,DLinear,san_lite,336,2022,shuffled,observed,index,0.33075551164136463,f_cross_corr,0.319020388494799,0.21462916667942822,16.09077614823311,2.961019452484125e-58,2.066056648276888,2545,0.319020388494799,0.23495295360049703,0.17622979276431716,-0.05890530063999995,0.30174017705752126,0.2742137952259293,-0.17789892213031486,0.33075551164136463,0.14085137943436202,-0.13172344580517673,0.36185386063952524,-0.20382037972336153,0.04753651421100404,2545,2545
DLinear_ETTh2_h336_san_lite_s2022_shuf,ETTh2_h336_DLinear,ETTh2,DLinear,san_lite,336,2022,shuffled,observed,defect,0.02147409487719034,f_spec_ent,0.010446865053734492,0.009434099757812588,0.5269198242267876,0.5982492665630448,1.029883456328295,2545,0.010446865053734492,0.0030488008358601445,0.012358904494040932,-0.004659271444200481,-0.00042769696952578456,-0.01030789851795721,0.02147409487719034,-0.02049521848366306,0.004765368340159772,-0.006356878561793684,0.16008574871820805,0.017088606256290384,0.027720891858207416,2545,2545
DLinear_ETTh2_h336_san_lite_s2022_shuf,ETTh2_h336_DLinear,ETTh2,DLinear,san_lite,336,2022,shuffled,observed,control,0.027935928138254917,f_slope,-0.010866453081952413,0.012080199266938263,-0.5480830391184376,0.5836348860497748,1.0600041581195097,2545,-0.010866453081952413,0.0019206391402453026,-0.010584213295542174,0.027935928138254917,-0.0035168345232319594,-0.004613426333525916,-0.0018449716017435466,0.01772729299151897,-0.022483729047824943,0.019308504515542474,-0.023140242803531445,-0.05302081957651428,-0.01804304300749198,2545,2545
DLinear_ETTh2_h336_san_lite_s2023_det,ETTh2_h336_DLinear,ETTh2,DLinear,san_lite,336,2023,deterministic,simulated,index,0.3302677092100305,f_cross_corr,0.3182625821227771,0.21421378938842217,16.052553849171154,5.4859472608825785e-58,2.064697284297636,2545,0.3182625821227771,0.23417808094997813,0.17636620628302227,-0.05748330507373231,0.3009521676272426,0.27422349770997195,-0.1773924754673768,0.3302677092100305,0.14101088148727312,-0.1320009879528169,0.36308443930663425,-0.17395565937449642,0.03743312864037621,2545,2545
DLinear_ETTh2_h336_san_lite_s2023_det,ETTh2_h336_DLinear,ETTh2,DLinear,san_lite,336,2023,deterministic,simulated,defect,-0.0183010368059306,f_spec_ent,0.014886037598406902,0.00925287224764771,0.7508231679495059,0.4527590844523973,1.0843203061320885,2545,0.014886037598406902,0.012760037470853795,-0.0008980177493143106,0.015492406452198473,0.004244061472632661,0.01001172597028553,-0.0183010368059306,0.0030304865909311874,-0.005149270911612145,0.007755641454311505,-0.02494900472478681,-0.051518709478129976,0.009522127605022098,2545,2545
DLinear_ETTh2_h336_san_lite_s2023_det,ETTh2_h336_DLinear,ETTh2,DLinear,san_lite,336,2023,deterministic,simulated,control,0.031440328805885986,f_last_dev,0.016793083841080646,0.01435293176998941,0.8470109205253652,0.39698903452015555,0.9987941694824131,2545,0.016793083841080646,0.017296089609781816,-0.006452587218910781,0.00540619600863917,0.025067859878076578,-0.005897241579709997,-0.006265607655481213,0.008841420614884151,0.031440328805885986,-0.02006890248744377,-0.0913618150608555,-0.06627309718506114,0.032312331547090185,2545,2545
DLinear_ETTh2_h336_san_lite_s2023_shuf,ETTh2_h336_DLinear,ETTh2,DLinear,san_lite,336,2023,shuffled,observed,index,0.3302595398465906,f_cross_corr,0.31825413176002443,0.21419492882153657,16.052127629091412,5.523755420200144e-58,2.065023710490265,2545,0.31825413176002443,0.2342082965801479,0.17636209393815755,-0.05744887246623427,0.3009475136671222,0.2742348090242768,-0.1773522277756551,0.3302595398465906,0.14095094491624338,-0.1319308582409134,0.3797981508499396,-0.214227750379949,0.03171208035464723,2545,2545
DLinear_ETTh2_h336_san_lite_s2023_shuf,ETTh2_h336_DLinear,ETTh2,DLinear,san_lite,336,2023,shuffled,observed,defect,0.036671469522450546,f_absdiff,-0.007661533619704148,0.016884081167569197,-0.38643305215845614,0.6991759755042652,0.9255691033585389,2545,-0.007661533619704148,0.0042491128496488575,0.036671469522450546,0.003602949164953031,-0.028815458171126594,-0.028361847386739872,0.0357405988768006,-0.016743006997232312,-0.0021376178264333337,-0.004857217260602635,-0.09366939681734196,-0.08506095294309635,-0.00028698009721290574,2545,2545
DLinear_ETTh2_h336_san_lite_s2023_shuf,ETTh2_h336_DLinear,ETTh2,DLinear,san_lite,336,2023,shuffled,observed,control,-0.02643939641231142,f_last_dev,-0.01378842661962107,0.010783132882504636,-0.695461776657821,0.4867659573552273,1.0124838781238439,2545,-0.01378842661962107,-0.013377675060868401,-0.014419899777300033,-0.014350339343797007,-0.005078959205335107,0.004215240843637392,0.005910820543909257,0.00019517513405923945,-0.02643939641231142,0.010055395884207433,-0.22176747922250556,-0.12930907131005376,-7.916625153964704e-07,2545,2545
DLinear_ETTh2_h720_fredf_s2021_det,ETTh2_h720_DLinear,ETTh2,DLinear,fredf,720,2021,deterministic,simulated,index,-0.3517333968501028,f_absdiff,0.017204018108700432,0.13805245248984527,0.7995705074741711,0.42395968062754186,1.0894686094087307,2161,0.017204018108700432,-0.08172759905492329,-0.3517333968501028,-0.21221598731453012,0.04559933641765895,0.21993169093445802,-0.08808626432498402,-0.08567561052605192,0.07431791175278553,0.2040327096142576,-0.11330320036870291,-1.4715863413613177,-0.12309373930087743,2161,2161
DLinear_ETTh2_h720_fredf_s2021_det,ETTh2_h720_DLinear,ETTh2,DLinear,fredf,720,2021,deterministic,simulated,defect,0.036246416004209206,f_last_dev,0.0012893074222584278,0.014481839242427125,0.05992159409458205,0.9522180811953502,1.0227963452812745,2161,0.0012893074222584278,0.0020415331044980893,-0.013615743949319001,-0.02947702259221192,0.013556651807243301,-0.0012866854648527143,-0.022877310848187643,-0.018758684267765658,0.036246416004209206,0.005669036963725284,-0.1601651287971694,-0.7224054565630844,0.033994025478514565,2161,2161
DLinear_ETTh2_h720_fredf_s2021_det,ETTh2_h720_DLinear,ETTh2,DLinear,fredf,720,2021,deterministic,simulated,control,0.04646499378887423,f_absdiff,0.03361802796554798,0.02084332642605907,1.5624247493148302,0.11818796046820643,1.0324654016794352,2161,0.03361802796554798,0.026983089703627793,0.04646499378887423,0.019303302277466686,0.0018328469215889427,0.01496856219561215,-0.003913908189111406,0.03172469765917826,-0.00459525800750548,-0.02502857755207778,0.10216897043308808,-0.6023068243046394,-0.006319902689354179,2161,2161
DLinear_ETTh2_h720_none_s2021_det,ETTh2_h720_DLinear,ETTh2,DLinear,none,720,2021,deterministic,simulated,index,-0.38832746656986467,f_absdiff,-0.05307260945619818,0.1495656513362276,-2.46659199076351,0.013640568609952792,1.0003871403773763,2161,-0.05307260945619818,-0.1452386399411997,-0.38832746656986467,-0.17643937018989728,0.029140601080584153,0.22835080686607048,-0.04575894287243531,-0.134246881559204,0.0613360584091727,0.23374513641764946,-0.20887116931932584,-2.2747796901833564,0.03344480425637537,2161,2161
DLinear_ETTh2_h720_none_s2021_det,ETTh2_h720_DLinear,ETTh2,DLinear,none,720,2021,deterministic,simulated,defect,0.0393285108818248,f_drift,-0.0015112403611257012,0.015002184194767199,-0.07023610500907587,0.9440057376293636,0.983833587123158,2161,-0.0015112403611257012,0.00560316165339064,-0.010159357220185777,-0.016029485831417816,0.019393970872562213,0.0393285108818248,0.008411015807418524,0.009490146886215705,-0.028828727273574776,0.011266225159956048,0.09676216846610843,-1.1655919516214261,0.008229022461748744,2161,2161
DLinear_ETTh2_h720_none_s2021_det,ETTh2_h720_DLinear,ETTh2,DLinear,none,720,2021,deterministic,simulated,control,0.04198415895383114,f_last_dev,0.01218252733292495,0.016637270598871608,0.5661927057016198,0.5712627879907678,1.0166808576461184,2161,0.01218252733292495,-0.005064894562841671,-0.018661228310823497,-0.005122893343433992,0.008457485691960599,0.0398184661332761,-0.02989664755218099,0.003019409286433281,0.04198415895383114,-0.0021649948210098477,-0.1336974910465109,-1.236728821644093,0.033343214775723516,2161,2161
DLinear_ETTh2_h720_revin_s2021_det,ETTh2_h720_DLinear,ETTh2,DLinear,revin,720,2021,deterministic,simulated,index,0.26435410023482747,f_drift,0.2125456690281644,0.16321745629179304,9.87823003745513,5.17386613995716e-23,1.3349017017241873,2161,0.2125456690281644,0.1747646377972287,-0.025024240917765474,-0.12567975761840938,0.09699619760288643,0.26435410023482747,-0.2458889265594606,0.2628453522196076,0.10574551488322907,0.11833016605635108,0.3911471512275434,-0.5035980127795934,-0.07647553160364699,2161,2161
DLinear_ETTh2_h720_revin_s2021_det,ETTh2_h720_DLinear,ETTh2,DLinear,revin,720,2021,deterministic,simulated,defect,-0.03753048426804152,f_kurtosis,-0.006208562073848685,0.011907599987951979,-0.28854789019093124,0.7729273774727932,0.921224558432237,2161,-0.006208562073848685,-0.0011893072991146334,-0.014572815479028167,-0.0014753831613210364,0.00657439469408095,-0.000704879656554734,-0.01236942592664731,0.021471153307859085,0.01697959401302365,-0.03753048426804152,-0.06802537291345774,-0.4574256357709372,-0.03361578287031528,2161,2161
DLinear_ETTh2_h720_revin_s2021_det,ETTh2_h720_DLinear,ETTh2,DLinear,revin,720,2021,deterministic,simulated,control,0.035425221322932444,f_slope,0.007505215733228427,0.019024789607018266,0.348810906533851,0.727231274852668,1.1188999976115797,2161,0.007505215733228427,0.010097698696839396,-0.01629903256549578,0.035425221322932444,0.03370255487810359,0.03466823784342826,-0.02113206940955041,-0.011617441408110748,0.0021021629709790574,0.017698261241514548,0.3502450386267286,-0.27283262235176386,-0.0007430802494422987,2161,2161
DLinear_ETTh2_h720_san_lite_s2021_det,ETTh2_h720_DLinear,ETTh2,DLinear,san_lite,720,2021,deterministic,simulated,index,0.26583970843548266,f_cross_corr,0.2063111941671115,0.15959788940981057,9.588477829744651,8.939406708283644e-22,1.3554777108419256,2161,0.2063111941671115,0.1673786576296535,-0.023362949679964235,-0.11877717352658716,0.10131299778842352,0.24953927273631846,-0.24994340733840809,0.26583970843548266,0.11336075888888746,0.10015277390726923,0.3905837416706776,-0.5640310485670408,-0.13521728402227765,2161,2161
DLinear_ETTh2_h720_san_lite_s2021_det,ETTh2_h720_DLinear,ETTh2,DLinear,san_lite,720,2021,deterministic,simulated,defect,-0.03605436029970744,f_spec_ent,0.03584309950039404,0.017791220787184824,1.665836729297778,0.09574593836809346,1.0406006759923618,2161,0.03584309950039404,0.003775211180056973,0.0081357828146947,-0.0003852576978647967,0.027721339698708675,0.0019327666861250388,-0.03605436029970744,0.01458709890413358,-0.027431950514186655,-0.02204534057597638,-0.1816943212147364,-0.4705274190772941,0.015327543979214766,2161,2161
DLinear_ETTh2_h720_san_lite_s2021_det,ETTh2_h720_DLinear,ETTh2,DLinear,san_lite,720,2021,deterministic,simulated,control,0.05007105445114666,f_cross_corr,0.004633797808628644,0.016024671679170023,0.21535946091013394,0.8294870739237278,0.9932905976108412,2161,0.004633797808628644,0.012225088889336133,0.0037911280476479454,0.0339625079829982,-0.006959257611964477,0.01053662894710419,-0.015037736685462473,0.05007105445114666,-0.005686553541749575,-0.017342962825661973,-0.1301179599531655,-0.4105551081074543,0.008643636311834707,2161,2161
DLinear_ETTh2_h96_fredf_s2021_det,ETTh2_h96_DLinear,ETTh2,DLinear,fredf,96,2021,deterministic,simulated,index,0.20890303249030942,f_drift,0.15165646109125694,0.10125450122295795,8.001944464876985,1.2246962292385045e-15,1.306361294433393,2785,0.15165646109125694,0.11528312292136385,0.019639340380331397,0.00012952266754301603,0.14410552664493678,0.20890303249030942,-0.08875488594615487,0.11131125273517144,0.08714522227060952,0.08561664508190252,0.26436051194954435,-0.05688229121568744,-0.2594775994088798,2785,2785
DLinear_ETTh2_h96_fredf_s2021_det,ETTh2_h96_DLinear,ETTh2,DLinear,fredf,96,2021,deterministic,simulated,defect,0.0435361032292223,f_range,0.03346801010336749,0.016440635659541736,1.7658934955361938,0.07741371865781578,0.9860844081071254,2785,0.03346801010336749,0.0435361032292223,0.018119735519193207,-0.0019171688012624745,0.01941381141903308,0.006637568332303894,-0.01683863202398606,0.022186797833062846,-0.0009640352382329448,0.001324494095753066,0.2506645138887289,0.01593323799290891,0.017288106585696475,2785,2785
DLinear_ETTh2_h96_fredf_s2021_det,ETTh2_h96_DLinear,ETTh2,DLinear,fredf,96,2021,deterministic,simulated,control,0.04107845573023204,f_kurtosis,-0.007818557406557956,0.015428844021567394,-0.41253542191705683,0.6799470233699687,1.0128922713169033,2785,-0.007818557406557956,-0.007553794660017994,-0.020886618628360446,-0.00308761951541621,-0.020169400727672766,0.0028890775333120723,-0.01880487530725816,-0.024650408381911192,0.007349632324935126,0.04107845573023204,0.2900931586048387,0.04184753109257888,0.02821875421046413,2785,2785
DLinear_ETTh2_h96_fredf_s2021_shuf,ETTh2_h96_DLinear,ETTh2,DLinear,fredf,96,2021,shuffled,observed,index,0.20922745809776924,f_drift,0.15282215227955895,0.10190152672394256,8.063450556242103,7.41705363602114e-16,1.3089638703451931,2785,0.15282215227955895,0.11649115333829657,0.020281681199196714,0.0001793915540860194,0.14555473416467235,0.20922745809776924,-0.08934514630354769,0.11269618571139253,0.08783297273661246,0.08458439185429317,0.25997686057800157,-0.06221111988945571,-0.21907278521888046,2785,2785
DLinear_ETTh2_h96_fredf_s2021_shuf,ETTh2_h96_DLinear,ETTh2,DLinear,fredf,96,2021,shuffled,observed,defect,0.021033399035221743,f_kurtosis,-0.008286624751140264,0.011543485929135514,-0.4372323512151518,0.6619428501101472,1.059440563839214,2785,-0.008286624751140264,0.020399462956353445,0.01153545117669429,-0.00266451796707623,-0.00769145072676131,-0.014072912185872984,0.018341907421623154,-0.003513806462777934,0.007895326607833767,0.021033399035221743,0.07706966220007115,0.0009505748831002414,-0.016752145392497742,2785,2785
DLinear_ETTh2_h96_fredf_s2021_shuf,ETTh2_h96_DLinear,ETTh2,DLinear,fredf,96,2021,shuffled,observed,control,-0.022077031112527734,f_absdiff,-0.00621871406985845,0.008038342164898859,-0.32812188990756586,0.7428195036650256,0.9916198331629728,2785,-0.00621871406985845,-0.0027190853394638446,-0.022077031112527734,0.0012341741829932178,0.0040058478843439365,0.009186532373553345,-0.00722227815768711,-0.008030632596257727,0.014359954449396738,0.005329171482906479,0.014721494997198275,-0.03066102281793004,-0.02873034658441616,2785,2785
DLinear_ETTh2_h96_fredf_s2022_det,ETTh2_h96_DLinear,ETTh2,DLinear,fredf,96,2022,deterministic,simulated,index,0.20888211653735242,f_drift,0.15211964086335403,0.10194637159914828,8.026383508139013,1.0038806751586637e-15,1.3047655152063786,2785,0.15211964086335403,0.11625389371989817,0.020478069122664914,-0.0017922145151027752,0.14705473167590835,0.20888211653735242,-0.08868623269970143,0.11334918516755316,0.08723258452942516,0.08361504716052248,0.24784418779903647,-0.06672958214662894,-0.277575621834375,2785,2785
DLinear_ETTh2_h96_fredf_s2022_det,ETTh2_h96_DLinear,ETTh2,DLinear,fredf,96,2022,deterministic,simulated,defect,-0.03489687173030295,f_cross_corr,0.0009406783544061277,0.014065304883426038,0.04963359883981662,0.9604143716160739,0.9896385686286175,2785,0.0009406783544061277,0.007849209858002805,-0.027954669519027246,0.00639897113607055,0.016532873194940574,-0.020007588285903342,-0.00808099506918075,-0.03489687173030295,0.009123478870771327,0.008867712815654715,0.1714480000573194,0.019866271805280555,0.045602671771965544,2785,2785
DLinear_ETTh2_h96_fredf_s2022_det,ETTh2_h96_DLinear,ETTh2,DLinear,fredf,96,2022,deterministic,simulated,control,-0.02617219360448213,f_range,-0.0015875947824662488,0.010727146477883077,-0.08376725390142817,0.9332414840845483,1.0319601606900985,2785,-0.0015875947824662488,-0.02617219360448213,0.016071423571679445,0.010354627094489347,0.0016034823185983244,0.010977563614696845,0.0035538133442104174,-0.0024916188649911743,-0.015929040160607054,-0.01853010742260977,0.05599425720127411,-0.03368423995886993,-0.01179804301745351,2785,2785
DLinear_ETTh2_h96_fredf_s2022_shuf,ETTh2_h96_DLinear,ETTh2,DLinear,fredf,96,2022,shuffled,observed,index,0.20866381752009308,f_drift,0.1511912363585166,0.10130192646338079,7.977397522080824,1.4945089456236368e-15,1.3032944955383172,2785,0.1511912363585166,0.11506252892707458,0.019788348734049683,-0.0021672134765669997,0.14552881326331568,0.20866381752009308,-0.0877277502508496,0.11120564107461085,0.08692221122645143,0.08476170380227945,0.2722765065790043,-0.05416026582494693,-0.26214608256583044,2785,2785
DLinear_ETTh2_h96_fredf_s2022_shuf,ETTh2_h96_DLinear,ETTh2,DLinear,fredf,96,2022,shuffled,observed,defect,-0.024869015742619655,f_spec_ent,0.002289893431887614,0.009728417450653446,0.1208230756579854,0.9038311722686231,0.958426391564026,2785,0.002289893431887614,-0.014156194283418785,-0.016257269248614325,0.011631933559260505,0.004036744390142149,0.001865580278475357,-0.024869015742619655,-0.005299708795348073,-0.011019646226837612,-0.0058581885499303975,-0.057289364976563895,-0.046461499777855186,-0.023123718343919124,2785,2785
DLinear_ETTh2_h96_fredf_s2022_shuf,ETTh2_h96_DLinear,ETTh2,DLinear,fredf,96,2022,shuffled,observed,control,0.038135873654125296,f_slope,-0.022589758721466506,0.01982525363023973,-1.1919175316597608,0.23329358318097304,0.9489947367540292,2785,-0.022589758721466506,-0.0274263351800522,-0.018681612323025214,0.038135873654125296,-0.015555557236644042,0.0160845354159902,0.017186628726661147,-0.027765589843814838,-0.00020207041613918439,0.014624574784478673,-0.1913140827461461,-0.09878321982593019,0.05205480304984565,2785,2785
DLinear_ETTh2_h96_fredf_s2023_det,ETTh2_h96_DLinear,ETTh2,DLinear,fredf,96,2023,deterministic,simulated,index,0.2051320508184278,f_drift,0.15237471473098083,0.09931866063298667,8.039842129740126,8.995428860738453e-16,1.3189205944263656,2785,0.15237471473098083,0.11353050940690795,0.019091007611218087,0.002451644759691836,0.13458435463393859,0.2051320508184278,-0.08884148157632445,0.10269760297361079,0.08440551582989457,0.09007772398887184,0.22534815012805195,-0.08564824891805833,-0.2723738962617508,2785,2785
DLinear_ETTh2_h96_fredf_s2023_det,ETTh2_h96_DLinear,ETTh2,DLinear,fredf,96,2023,deterministic,simulated,defect,-0.039944188467165354,f_slope,0.0016790518600200016,0.01395492348745713,0.08859286073834827,0.9294054820809157,0.9678732263080555,2785,0.0016790518600200016,0.008714287103728333,-0.01763463013344797,-0.039944188467165354,0.014887052445235081,0.02828669619199996,-0.012604175883796764,0.013827106742066142,-0.0016514488006357372,0.0003205972464759435,0.14330194167519497,0.002736124355140701,0.017328217852677706,2785,2785
DLinear_ETTh2_h96_fredf_s2023_det,ETTh2_h96_DLinear,ETTh2,DLinear,fredf,96,2023,deterministic,simulated,control,-0.03726782831652581,f_kurtosis,0.008334334579389329,0.014984362503185139,0.43974969464602687,0.6601184059025691,1.0300237383657302,2785,0.008334334579389329,-0.00554777492139693,-0.0034687620563394837,0.005145869013950367,0.021330748003800165,-0.01188593859001475,-0.007293866787750961,0.026596617663051485,0.022971885099632113,-0.03726782831652581,0.2379728868763146,0.007810470728248808,-0.003475677577907032,2785,2785
DLinear_ETTh2_h96_fredf_s2023_shuf,ETTh2_h96_DLinear,ETTh2,DLinear,fredf,96,2023,shuffled,observed,index,0.20457496099417943,f_drift,0.14968705014757258,0.09829698839164011,7.89803120667165,2.8334321874282807e-15,1.312552858941511,2785,0.14968705014757258,0.11103152306792989,0.017624913954317582,0.0034256031108483485,0.13208004807225449,0.20457496099417943,-0.08795320281484542,0.10090422240590682,0.08368417591401746,0.09200418343452899,0.2544787125499744,-0.06215254490844391,-0.2567540024479625,2785,2785
DLinear_ETTh2_h96_fredf_s2023_shuf,ETTh2_h96_DLinear,ETTh2,DLinear,fredf,96,2023,shuffled,observed,defect,-0.03095245020816511,f_kurtosis,-0.004433630863589111,0.011854464719288995,-0.23393443110120124,0.8150358825762244,1.0141732511280155,2785,-0.004433630863589111,-0.00020100319173784747,0.016355280439483727,-0.004234044211737108,0.011021982496967151,0.0072525144182765235,-0.01565054469044642,0.026298289299172502,-0.002144907373314468,-0.03095245020816511,0.09979107922940783,-0.015558916767370645,0.029964904869593027,2785,2785
DLinear_ETTh2_h96_fredf_s2023_shuf,ETTh2_h96_DLinear,ETTh2,DLinear,fredf,96,2023,shuffled,observed,control,0.026691584008962394,f_absdiff,0.01233829866936899,0.015208429483078031,0.651013349730921,0.5150378693433679,1.0433198685112017,2785,0.01233829866936899,0.020891246695284537,0.026691584008962394,-0.012886711706777024,0.006053609021129561,-0.012622316640200588,0.015282233727027653,0.015012452819589631,0.014476463603226308,-0.015829377939213626,0.0882319145486154,-0.03574175948624925,-0.010656048515953736,2785,2785
DLinear_ETTh2_h96_none_s2021_det,ETTh2_h96_DLinear,ETTh2,DLinear,none,96,2021,deterministic,simulated,index,0.17747544189893757,f_kurtosis,0.03336076380878489,0.06831172883464377,1.7602347923913446,0.07836800511036672,1.116561715461982,2785,0.03336076380878489,-0.025306329171900375,-0.06205919934061976,-0.039907131437715855,-0.02018343501786066,0.16683874451366415,0.01535780437950469,-0.1057571488968398,0.03687128988060999,0.17747544189893757,-0.0841994153278073,-0.35148923578417035,-0.2135597547877776,2785,2785
DLinear_ETTh2_h96_none_s2021_det,ETTh2_h96_DLinear,ETTh2,DLinear,none,96,2021,deterministic,simulated,defect,-0.05471235110106355,f_range,-0.04560960918894337,0.02272691125862317,-2.4065282624197297,0.016104957840098123,0.9003683100555928,2785,-0.04560960918894337,-0.05471235110106355,-0.02840577799451752,0.00011459036122143026,-0.033883518689217774,-0.0069694452887230675,0.025069983155067463,-0.02406595853479174,0.0010975077072799325,-0.007340370565405852,-0.1403964322955364,-0.232029624055188,0.001251966937490124,2785,2785
DLinear_ETTh2_h96_none_s2021_det,ETTh2_h96_DLinear,ETTh2,DLinear,none,96,2021,deterministic,simulated,control,0.034231430120684164,f_spec_ent,-0.020229565480914313,0.019456080659976283,-1.0673851833418593,0.285797936350514,0.9319472984123698,2785,-0.020229565480914313,-0.01440140382046229,0.005562670877536855,-0.009422931622675466,-0.0266867486960321,-0.017666680747441606,0.034231430120684164,-0.03301090747490937,-0.006358044300799307,0.026990423458307357,0.31179282661680374,0.00308089258688915,0.037141471945807185,2785,2785
DLinear_ETTh2_h96_none_s2021_shuf,ETTh2_h96_DLinear,ETTh2,DLinear,none,96,2021,shuffled,observed,index,0.18026893730813864,f_drift,0.07524718760712618,0.06511512036040971,3.9703143014004834,7.17778817448607e-05,1.1946692158595227,2785,0.07524718760712618,0.018944671512945436,-0.0343836208222018,-0.03740870514172432,0.029122448704285354,0.18026893730813864,-0.009591571217603066,-0.055557848071695344,0.060673120288302136,0.14995309293007492,0.07872958117669913,-0.21808207200262864,-0.31856758149861286,2785,2785
DLinear_ETTh2_h96_none_s2021_shuf,ETTh2_h96_DLinear,ETTh2,DLinear,none,96,2021,shuffled,observed,defect,0.04017020796492175,f_acf1,0.01698065239540045,0.02279639945018606,0.8959607554313965,0.3702737235538792,1.0082761281941588,2785,0.01698065239540045,0.00648106660334788,-0.015490050245852392,-0.015446026899284423,0.04017020796492175,0.03512288150562397,-0.020332075340021283,0.034645795444676046,0.007867731604693553,-0.03542750649803887,0.058439462231731444,-0.10064294646894978,-0.018746201962941755,2785,2785
DLinear_ETTh2_h96_none_s2021_shuf,ETTh2_h96_DLinear,ETTh2,DLinear,none,96,2021,shuffled,observed,control,0.03165523300403827,f_absdiff,0.0026777745244857733,0.010043076386466922,0.14128908771980328,0.8876415698757664,1.0434987045594568,2785,0.0026777745244857733,0.0018609012565293922,0.03165523300403827,-0.00429328179547864,-0.010495370033779108,0.005229971739033346,-0.025945867264308416,0.005332473262415587,-0.008742504099564084,-0.004197386885036606,0.24096800497255721,-0.0657054021556085,0.017325082048379417,2785,2785
DLinear_ETTh2_h96_none_s2022_det,ETTh2_h96_DLinear,ETTh2,DLinear,none,96,2022,deterministic,simulated,index,0.17179145157724524,f_drift,0.04820033780974395,0.06147954603054667,2.5432244928212757,0.010983463635454507,1.1387296224292534,2785,0.04820033780974395,-0.009598929027358948,-0.05096863973622288,-0.03856889442616536,-9.063656318237362e-05,0.17179145157724524,0.0036296075970829074,-0.0824738399907725,0.04449866410654587,0.16497445947114675,0.009420130775059413,-0.2765891546557431,-0.26792584434121525,2785,2785
DLinear_ETTh2_h96_none_s2022_det,ETTh2_h96_DLinear,ETTh2,DLinear,none,96,2022,deterministic,simulated,defect,0.02863024951278976,f_absdiff,0.006094637518812756,0.013878054492193722,0.32157516144168347,0.7477745633924733,1.008816868980607,2785,0.006094637518812756,0.017853000002840118,0.02863024951278976,-0.02073874160113515,-0.003136112081744892,-0.007063486126499402,0.012218546068874276,0.02744118473280846,0.007412735824196412,-0.008191851452235999,0.021833045702290457,-0.21620185924686086,-0.021923868765195247,2785,2785
DLinear_ETTh2_h96_none_s2022_det,ETTh2_h96_DLinear,ETTh2,DLinear,none,96,2022,deterministic,simulated,control,0.03809411769378524,f_slope,0.014894315416197327,0.01217937651282964,0.785878055871654,0.4319389316822636,1.1393826846973842,2785,0.014894315416197327,0.0013345661531500865,0.014906798678705577,0.03809411769378524,-0.003089444701181639,-0.005344248782658895,-0.015187300714886809,-0.013235598091160726,-0.006445022437324843,0.009262352459245261,-0.17396147434621798,-0.22793075389496442,-0.00704656018618439,2785,2785
DLinear_ETTh2_h96_none_s2022_shuf,ETTh2_h96_DLinear,ETTh2,DLinear,none,96,2022,shuffled,observed,index,0.17743321901758793,f_kurtosis,0.03246250221488886,0.06845321662041186,1.7128392555473013,0.08674211602011214,1.112970786202967,2785,0.03246250221488886,-0.02672789336074275,-0.06155576126869011,-0.0403068936007611,-0.02056896622831681,0.1660868266876742,0.015624744873912768,-0.10610180271398827,0.0376635562375559,0.17743321901758793,-0.0501080510032601,-0.3400371971800473,-0.24344250400262904,2785,2785
DLinear_ETTh2_h96_none_s2022_shuf,ETTh2_h96_DLinear,ETTh2,DLinear,none,96,2022,shuffled,observed,defect,0.03761324931740092,f_spec_ent,-0.015243626219822124,0.01244349582956627,-0.8043089597149479,0.42121856446454053,0.9872340542642043,2785,-0.015243626219822124,-4.2071165421380665e-05,-0.007976920291421821,0.008932517341685388,-0.016462057859407856,-0.006291461530663639,0.03761324931740092,-0.007918412116120929,0.011686582482150118,0.012268059971568539,-0.08879366768758783,-0.23856645638238305,0.00019038188026991208,2785,2785
DLinear_ETTh2_h96_none_s2022_shuf,ETTh2_h96_DLinear,ETTh2,DLinear,none,96,2022,shuffled,observed,control,0.03433809143532309,f_slope,-0.002186247521179937,0.009992007952760692,-0.11535434181356732,0.9081642672543911,1.0514845198438605,2785,-0.002186247521179937,0.004277864752517187,0.0004979039051773802,0.03433809143532309,0.01605016741604388,0.007359336280415085,0.017836642219152647,-0.0037105882553715415,0.0028237144233962657,0.010839523319029902,0.14857730144668319,-0.1663504241208409,-0.004073138644248219,2785,2785
DLinear_ETTh2_h96_none_s2023_det,ETTh2_h96_DLinear,ETTh2,DLinear,none,96,2023,deterministic,simulated,index,0.17929556945787029,f_kurtosis,0.033640119791322476,0.06835157420317893,1.7749746263694817,0.07590207688737943,1.1189634643438466,2785,0.033640119791322476,-0.0259011663364986,-0.062214216006672374,-0.03665333581706056,-0.02400655707098075,0.16584560879145221,0.013143921578335022,-0.10680083708244151,0.03601441009915547,0.17929556945787029,-0.07206566057117492,-0.3307530511494672,-0.20185211015287008,2785,2785
DLinear_ETTh2_h96_none_s2023_det,ETTh2_h96_DLinear,ETTh2,DLinear,none,96,2023,deterministic,simulated,defect,-0.023469786682372533,f_range,-0.012358493767134974,0.011688205446235816,-0.6520789162727179,0.5143502644849514,0.9577746823992036,2785,-0.012358493767134974,-0.023469786682372533,0.01885807485482173,0.003965719897877124,-0.017905354326887328,0.008358217825425559,0.01854571330620788,-0.005306484843493853,-0.0020617521014167773,-0.006052456856720389,-0.15304528820727697,-0.2698512283077126,-0.010721249882992468,2785,2785
DLinear_ETTh2_h96_none_s2023_det,ETTh2_h96_DLinear,ETTh2,DLinear,none,96,2023,deterministic,simulated,control,0.01809328628833522,f_range,0.008865344045625443,0.010134331176483463,0.46776767837432004,0.6399507368385295,1.0354379475457534,2785,0.008865344045625443,0.01809328628833522,0.016884232231191596,-0.00031533473275940953,0.017273298264278206,0.003928746753107366,-0.014956552291220586,0.013671881197605684,0.0015239729748671722,-0.005830662985843955,-0.010139817482374809,-0.20502330691093018,-0.00408099064383858,2785,2785
DLinear_ETTh2_h96_none_s2023_shuf,ETTh2_h96_DLinear,ETTh2,DLinear,none,96,2023,shuffled,observed,index,0.17581307783709058,f_drift,0.05930241156722936,0.06030849965690053,3.129010136328475,0.0017539625763773666,1.1598424906997356,2785,0.05930241156722936,0.003233460980522734,-0.04373894417194285,-0.03068283068577954,0.009643536943418974,0.17581307783709058,-0.0069389851514421496,-0.06506406996081508,0.04818708125270446,0.16048059801805956,-0.02971226241999123,-0.2840162734587588,-0.2756503787015038,2785,2785
DLinear_ETTh2_h96_none_s2023_shuf,ETTh2_h96_DLinear,ETTh2,DLinear,none,96,2023,shuffled,observed,defect,-0.024443467928937514,f_slope,-0.0018404532059591947,0.0070360224380830744,-0.09710898064163856,0.9226398490508956,0.9317325040905917,2785,-0.0018404532059591947,-0.00037596741449359385,-0.00456046783315857,-0.024443467928937514,-0.001132336793124405,0.0023982377176493897,0.01495306885697728,-0.00041035829807839285,-0.014888693753834625,-0.005357172578617774,0.23371944548904217,-0.043041588570317924,0.008458459537759467,2785,2785
DLinear_ETTh2_h96_none_s2023_shuf,ETTh2_h96_DLinear,ETTh2,DLinear,none,96,2023,shuffled,observed,control,0.03951104215141702,f_absdiff,0.01958337068603082,0.01083251994217229,1.0332896042617248,0.30146839075922527,0.9911918813406864,2785,0.01958337068603082,0.009402332859821335,0.03951104215141702,0.001195310577693028,-0.005506209822502991,0.012225631824438902,0.0035273105078870866,-0.008950709763406582,-0.0031259689795906974,-0.005297312248934447,0.15676133719442134,-0.07692037854324352,0.07098605987315636,2785,2785
DLinear_ETTh2_h96_revin_s2021_det,ETTh2_h96_DLinear,ETTh2,DLinear,revin,96,2021,deterministic,simulated,index,0.228566250807427,f_drift,0.17113991426984895,0.12143405398143758,9.02996205936187,1.7173132739214664e-19,1.2777837041330062,2785,0.17113991426984895,0.15906318225166252,0.03187784211181662,-0.023007573312072416,0.21245791019703636,0.228566250807427,-0.09657809338375005,0.17743341069928,0.07074036485996163,0.043475997921520404,0.3380994173845001,-0.026200126060019313,-0.025057027808877384,2785,2785
DLinear_ETTh2_h96_revin_s2021_det,ETTh2_h96_DLinear,ETTh2,DLinear,revin,96,2021,deterministic,simulated,defect,0.029449045927518937,f_drift,0.006753179752496138,0.01153272406863333,0.3563222361379574,0.7215992586839433,1.051319982011592,2785,0.006753179752496138,0.008074354882906934,0.011620749120469237,0.023881640842316407,-0.006030634063688348,0.029449045927518937,-0.01593437545066272,-0.0004754014232568344,0.0008598235227524338,-0.012248035700265312,0.16894567107196892,-0.0017738527727806375,-0.01918848692410066,2785,2785
DLinear_ETTh2_h96_revin_s2021_det,ETTh2_h96_DLinear,ETTh2,DLinear,revin,96,2021,deterministic,simulated,control,-0.059544150270685325,f_cross_corr,-0.027291980552855255,0.027346257297163102,-1.440023795550908,0.14986066694838757,1.0249308219947464,2785,-0.027291980552855255,-0.016497262439745388,-0.034319420988042346,-0.023410254495370302,-0.021754551463528025,-0.015272108959409338,0.03605105715418367,-0.059544150270685325,0.014275417304376623,0.025046369343434717,-0.013576563993893167,-0.028983011173034923,0.04491372056608966,2785,2785
DLinear_ETTh2_h96_revin_s2021_shuf,ETTh2_h96_DLinear,ETTh2,DLinear,revin,96,2021,shuffled,observed,index,0.2282410318166702,f_drift,0.17017964354144186,0.1211371888729081,8.979294695870268,2.725079745689456e-19,1.2766336664048217,2785,0.17017964354144186,0.15837242756870976,0.03142658530600842,-0.022001134920829973,0.2118379221104861,0.2282410318166702,-0.09658481192210398,0.17755044535765294,0.07094665172134253,0.044231234463835124,0.35067658359622805,-0.004979990550538771,-0.05743349476510901,2785,2785
DLinear_ETTh2_h96_revin_s2021_shuf,ETTh2_h96_DLinear,ETTh2,DLinear,revin,96,2021,shuffled,observed,defect,0.019935429359578673,f_range,-0.0051047149678578345,0.010421089004868454,-0.26934326033920347,0.7876655448167261,1.0694207352242162,2785,-0.0051047149678578345,0.019935429359578673,0.015121411796714735,0.007512235830477661,-0.005652862463034633,-0.01243275281875856,0.017276003128554127,-0.00204201031423801,0.005678816160735757,0.01345465320873455,0.08430597402002356,0.00568215991771992,-0.01993377363695589,2785,2785
DLinear_ETTh2_h96_revin_s2021_shuf,ETTh2_h96_DLinear,ETTh2,DLinear,revin,96,2021,shuffled,observed,control,0.027210884618278485,f_drift,0.013665177089558483,0.01381527958597043,0.7210242635660463,0.47089458649141525,0.8849707450355309,2785,0.013665177089558483,0.0014821270234872464,0.005898285703797351,-0.015115875963379438,-0.02256758260885487,0.027210884618278485,-0.017351649888323384,-0.009081906512335449,-0.011239197153173957,0.014540109298515642,-0.2008284943053327,-0.10335367865326361,0.018646818596989138,2785,2785
DLinear_ETTh2_h96_revin_s2022_det,ETTh2_h96_DLinear,ETTh2,DLinear,revin,96,2022,deterministic,simulated,index,0.22670943089122325,f_drift,0.16918043812379369,0.1209061265854137,8.926572997081493,4.394096010643315e-19,1.2706757156818735,2785,0.16918043812379369,0.15685196004552657,0.032912730179005686,-0.021273408103211176,0.212465280075502,0.22670943089122325,-0.0957632048151895,0.17849625178807693,0.07243372099239997,0.04297484084020851,0.3340087645575067,-0.02589246896720887,-0.0447978568870375,2785,2785
DLinear_ETTh2_h96_revin_s2022_det,ETTh2_h96_DLinear,ETTh2,DLinear,revin,96,2022,deterministic,simulated,defect,0.043347754350459476,f_absdiff,0.001453479289861411,0.016482126600327232,0.07669083449943671,0.9388694960771384,1.060102795548132,2785,0.001453479289861411,-0.00941276572313082,0.043347754350459476,0.006468614863725282,-0.027379739478850147,-0.018008825246057653,0.021590294424781973,-0.01657319394951249,0.004125201339897211,-0.016461397336995844,-0.10212077623057406,-0.047982035886014573,-0.010085897301344942,2785,2785
DLinear_ETTh2_h96_revin_s2022_det,ETTh2_h96_DLinear,ETTh2,DLinear,revin,96,2022,deterministic,simulated,control,0.036040326576502,f_spec_ent,-0.012881754733284716,0.011788298894227011,-0.679688061057183,0.496701997167612,1.010142216137689,2785,-0.012881754733284716,0.005691046817943804,0.004349681742636114,0.0103165334503882,-0.009845220988689056,-0.0005244770162421628,0.036040326576502,0.007299397065809453,-0.016913286884404778,-0.014021263666369807,0.01752486158608588,-0.021298488807360183,0.0031178229409691907,2785,2785
DLinear_ETTh2_h96_revin_s2022_shuf,ETTh2_h96_DLinear,ETTh2,DLinear,revin,96,2022,shuffled,observed,index,0.22717437700570486,f_drift,0.1685072913452476,0.12059218306421679,8.89105533367383,6.053122339442959e-19,1.268479842824455,2785,0.1685072913452476,0.15617106424729058,0.03222508079483478,-0.021555240072620357,0.2120487337546485,0.22717437700570486,-0.09529142571023881,0.17779065497113497,0.07142898529669334,0.043728977443754036,0.3498260788199133,-0.012694507664829935,-0.033206568138340914,2785,2785
DLinear_ETTh2_h96_revin_s2022_shuf,ETTh2_h96_DLinear,ETTh2,DLinear,revin,96,2022,shuffled,observed,defect,-0.02331034533867167,f_spec_ent,0.0023194597257764266,0.010210663670080522,0.12238310046687335,0.9025956217730026,0.9680299189696444,2785,0.0023194597257764266,-0.012943531818379117,-0.01700538781854013,0.014303514503650016,0.006585529552761552,0.003050465823292689,-0.02331034533867167,0.0006675637253579586,-0.011868549462562522,-0.010052288931813154,-0.0744731800592349,-0.03866815969928483,-0.027911674418528633,2785,2785
DLinear_ETTh2_h96_revin_s2022_shuf,ETTh2_h96_DLinear,ETTh2,DLinear,revin,96,2022,shuffled,observed,control,0.039122948008519925,f_drift,0.020896164810219078,0.015965166428034184,1.102557379600687,0.2702194274833529,1.018166344006801,2785,0.020896164810219078,0.025810585128269066,0.006288277245999522,0.013892561235482893,0.0219729791114037,0.039122948008519925,-0.016947709046066087,0.005589398425296793,-0.0033270813877828084,0.005803959881301956,-0.053370966530842556,-0.04556071089251912,-0.027820237446393156,2785,2785
DLinear_ETTh2_h96_revin_s2023_det,ETTh2_h96_DLinear,ETTh2,DLinear,revin,96,2023,deterministic,simulated,index,0.22781645423214092,f_drift,0.17219745229228273,0.12162978360481731,9.085761597766757,1.0297519106064145e-19,1.2837396575775162,2785,0.17219745229228273,0.15875183968950168,0.03414794430981664,-0.01883162840406808,0.21136965394047563,0.22781645423214092,-0.0994100995998912,0.17999187562988503,0.07119374654489559,0.0425871414052157,0.3560449827379255,0.007591072821870548,-0.04081919446029062,2785,2785
DLinear_ETTh2_h96_revin_s2023_det,ETTh2_h96_DLinear,ETTh2,DLinear,revin,96,2023,deterministic,simulated,defect,-0.028816521828749123,f_drift,-0.003326963060386881,0.012653651193814897,-0.17554262742484486,0.8606532789135746,0.9379969120483302,2785,-0.003326963060386881,-0.007117180245948098,0.020103562359026515,0.0064004621723647735,-0.01656196729061906,-0.028816521828749123,0.021824987648397555,0.013321683769734399,0.002324372812581982,-0.006738810750340571,-0.21605703717793384,-0.12074067104361341,0.006535898101973662,2785,2785
DLinear_ETTh2_h96_revin_s2023_det,ETTh2_h96_DLinear,ETTh2,DLinear,revin,96,2023,deterministic,simulated,control,-0.026987908584498135,f_absdiff,-0.013983927206497057,0.013767775175913755,-0.7378426748329473,0.46061005741595984,0.9086032138358024,2785,-0.013983927206497057,-0.013725236976434895,-0.026987908584498135,-0.0143259811541012,-0.0006116687522657197,0.0019371411318960927,-0.009321559487081738,-0.014686159747806432,-0.016359160244803717,0.025739008473752583,-0.3127108991635177,-0.13507083782025697,-0.00919591834156532,2785,2785
DLinear_ETTh2_h96_revin_s2023_shuf,ETTh2_h96_DLinear,ETTh2,DLinear,revin,96,2023,shuffled,observed,index,0.22787834668207094,f_drift,0.17235924361839797,0.12170609880209331,9.094298294437358,9.519920646290942e-20,1.284426253439877,2785,0.17235924361839797,0.15880250519102695,0.03414819318621745,-0.0190690287140703,0.21171475162424072,0.22787834668207094,-0.09946362135873271,0.1799534964445562,0.07122232622194202,0.04244947497967768,0.3399128258517033,-0.0033054996806660686,-0.07534163894990978,2785,2785
DLinear_ETTh2_h96_revin_s2023_shuf,ETTh2_h96_DLinear,ETTh2,DLinear,revin,96,2023,shuffled,observed,defect,0.039161828279816534,f_cross_corr,-0.005605716495381188,0.015135554044893997,-0.29577791647725,0.7673996889137209,0.9862435601459874,2785,-0.005605716495381188,0.004998320995640557,0.015560758640155346,0.010458580211686266,0.015280819909081006,0.006581905290174549,-0.023823084610554428,0.039161828279816534,-0.002337226612051333,-0.027547299404398772,-0.012212312449065255,-0.03351063267010557,0.03413428403183852,2785,2785
DLinear_ETTh2_h96_revin_s2023_shuf,ETTh2_h96_DLinear,ETTh2,DLinear,revin,96,2023,shuffled,observed,control,0.03938784360553641,f_slope,-0.0009222281690843158,0.01403621437709543,-0.048660100201845705,0.9611901736116314,0.9676364118175768,2785,-0.0009222281690843158,-0.003258453884993465,-0.005285524228584263,0.03938784360553641,0.020454535303539655,-0.017785946985149056,0.009191978766932094,0.010732517021701445,-0.00726722701336453,-0.026075888792069058,0.36100753507501293,0.08493954683812321,0.013944206530131183,2785,2785
DLinear_ETTh2_h96_san_lite_s2021_det,ETTh2_h96_DLinear,ETTh2,DLinear,san_lite,96,2021,deterministic,simulated,index,0.24031759473046888,f_acf1,0.21893283165924696,0.1373949952539014,11.551689574382092,7.238328845340797e-31,1.4702322074321732,2785,0.21893283165924696,0.1920090119311003,0.06005174173704795,-0.015024418885825683,0.24031759473046888,0.2349466331222758,-0.11355242663601456,0.19935112755897716,0.09760860777252554,0.002155558505530989,0.36128481000347107,0.001233802589647004,-0.1205772417872472,2785,2785
DLinear_ETTh2_h96_san_lite_s2021_det,ETTh2_h96_DLinear,ETTh2,DLinear,san_lite,96,2021,deterministic,simulated,defect,-0.03380661810347383,f_absdiff,-0.003932358238557719,0.01490215526362298,-0.2074854708762185,0.835630738353431,0.9572777971397787,2785,-0.003932358238557719,0.00818639276491845,-0.03380661810347383,-0.00626063529967763,0.02630334404553656,0.007885835972941624,0.008292003925669686,-0.003881183584165932,0.018304447634605356,0.032168733066683004,-0.04367951872116357,-0.04213300816988985,0.05541656895899361,2785,2785
DLinear_ETTh2_h96_san_lite_s2021_det,ETTh2_h96_DLinear,ETTh2,DLinear,san_lite,96,2021,deterministic,simulated,control,0.03006191489324825,f_absdiff,0.015011422315742467,0.010349930326261846,0.7920570402675134,0.42832741769477944,1.0140378466450686,2785,0.015011422315742467,0.0063409206765713145,0.03006191489324825,0.0065734240490777154,-0.01172698045506961,0.0014371339989206764,-0.014067179695738823,-0.008808013033479343,0.006613669807412775,0.0028586443373574723,-0.14455601664365034,-0.0929641579229823,0.0006069844385155246,2785,2785
DLinear_ETTh2_h96_san_lite_s2021_shuf,ETTh2_h96_DLinear,ETTh2,DLinear,san_lite,96,2021,shuffled,observed,index,0.2402281831058344,f_acf1,0.21869637074655232,0.13741826362456447,11.539213039733442,8.368733746586577e-31,1.47008575209963,2785,0.21869637074655232,0.19181728415597846,0.0597792731866921,-0.014638141601694741,0.2402281831058344,0.23506112126640397,-0.11378478219915097,0.19948154379275812,0.09821867716059937,0.002477259029980229,0.36642171152624364,-0.0035813373144821803,-0.11128212134191152,2785,2785
DLinear_ETTh2_h96_san_lite_s2021_shuf,ETTh2_h96_DLinear,ETTh2,DLinear,san_lite,96,2021,shuffled,observed,defect,0.020421042264636136,f_range,-0.0049107497006039115,0.010760012447868858,-0.25910894994113237,0.7955511795067917,1.055996567368629,2785,-0.0049107497006039115,0.020421042264636136,0.012539035819047124,0.0034842029482165093,-0.004710775845958663,-0.012453302343184647,0.016039866266266016,-0.004775064842301913,0.010110158250281573,0.018155926198192097,0.07802230071687516,0.0027670775873778197,-0.008123775433233369,2785,2785
DLinear_ETTh2_h96_san_lite_s2021_shuf,ETTh2_h96_DLinear,ETTh2,DLinear,san_lite,96,2021,shuffled,observed,control,0.03792234269667091,f_last_dev,0.017463029299552037,0.015005165713262617,0.9214127089478221,0.35683499601919266,1.0056135250665512,2785,0.017463029299552037,0.024282904040281335,-0.004418554953398116,-0.03195054401492476,0.011321861894129846,0.014529380947951543,-0.004880955084520426,0.0030549139334297404,0.03792234269667091,0.00022717026776745289,-0.014383100757897598,-0.036318337185570426,-0.013940422055742063,2785,2785
DLinear_ETTh2_h96_san_lite_s2022_det,ETTh2_h96_DLinear,ETTh2,DLinear,san_lite,96,2022,deterministic,simulated,index,0.24020743914672016,f_acf1,0.2172189371031116,0.13695024839158212,11.461258286732582,2.0649277772853062e-30,1.4627057338194893,2785,0.2172189371031116,0.19008153519364837,0.059795150167798246,-0.013614656291246538,0.24020743914672016,0.2343787099527317,-0.11321042268590167,0.19980222103522005,0.09898945792897769,0.0022039544104653593,0.3417404696335333,-0.03285063255745335,-0.17919140336289419,2785,2785
DLinear_ETTh2_h96_san_lite_s2022_det,ETTh2_h96_DLinear,ETTh2,DLinear,san_lite,96,2022,deterministic,simulated,defect,0.053985312375894046,f_range,0.042791758915741517,0.022458976182374173,2.2578482705865324,0.023955120610943452,1.1342601659364302,2785,0.042791758915741517,0.053985312375894046,0.0023559940036786595,-0.006047787091038854,0.02709046566063418,0.04217133782487092,-0.021396723026653464,0.011830700806168437,-0.01085093941286235,0.00606874270619932,0.1486551310937775,0.012390980449388134,-0.04260144099607136,2785,2785
DLinear_ETTh2_h96_san_lite_s2022_det,ETTh2_h96_DLinear,ETTh2,DLinear,san_lite,96,2022,deterministic,simulated,control,-0.04461308141471479,f_acf1,-0.03168745943814641,0.019703253534448996,-1.6719451900207076,0.09453513059353985,0.8367634271622164,2785,-0.03168745943814641,-0.029107044250243047,0.00748357004664077,0.023638576091004143,-0.04461308141471479,0.0020656257959322842,0.03403210290025892,0.0020979541737661256,-0.009527610814550684,0.012779510419232743,-0.2467784634523302,-0.11842050868880549,0.010646313216445786,2785,2785
DLinear_ETTh2_h96_san_lite_s2022_shuf,ETTh2_h96_DLinear,ETTh2,DLinear,san_lite,96,2022,shuffled,observed,index,0.240314528217673,f_acf1,0.21704030495536464,0.1368981077183511,11.451833007284364,2.302250240098692e-30,1.461946810266409,2785,0.21704030495536464,0.18995333928644814,0.059687387797296744,-0.013717797782502381,0.240314528217673,0.23466553389387704,-0.11298779719008765,0.19980644804534028,0.09848381107899075,0.0023241289359302816,0.3360803475192022,-0.02611059236014235,-0.15117696524191046,2785,2785
DLinear_ETTh2_h96_san_lite_s2022_shuf,ETTh2_h96_DLinear,ETTh2,DLinear,san_lite,96,2022,shuffled,observed,defect,-0.024156586765046326,f_spec_ent,-3.4122732241568855e-05,0.009908612030980583,-0.0018004390081514483,0.9985634582888397,0.9760635249926664,2785,-3.4122732241568855e-05,-0.010846794629747731,-0.01829592361787713,0.01215086696316438,0.0060918332142356054,0.00019425525270309768,-0.024156586765046326,-0.0063168291466619295,-0.013345779782872227,-0.007653128205255834,-0.11964753925346454,-0.0609616557319872,-0.022066962184398412,2785,2785
DLinear_ETTh2_h96_san_lite_s2022_shuf,ETTh2_h96_DLinear,ETTh2,DLinear,san_lite,96,2022,shuffled,observed,control,0.027791477707629693,f_last_dev,0.011790111176199202,0.011305404851005762,0.6220889910513048,0.5338833534990375,1.1281110980007412,2785,0.011790111176199202,0.014427658474250964,0.005375014738149361,-0.0132873038281768,0.010304960142222196,-0.007181807966169164,-0.01436095606580452,0.005634638933006427,0.027791477707629693,0.002900119478449281,-0.022289384392699525,-0.05238469307558935,-0.042283425699100236,2785,2785
DLinear_ETTh2_h96_san_lite_s2023_det,ETTh2_h96_DLinear,ETTh2,DLinear,san_lite,96,2023,deterministic,simulated,index,0.23972513723644712,f_acf1,0.2199436014966182,0.1375800674316966,11.605021453862983,3.8859015128466004e-31,1.4746423437666167,2785,0.2199436014966182,0.19194103220745226,0.06160571265112963,-0.010586679339512253,0.23972513723644712,0.23461383648793802,-0.1157873867129067,0.20166753466014972,0.09851420677602443,0.001415546748787583,0.374302240979641,0.0011817638445044132,-0.15703361745011782,2785,2785
DLinear_ETTh2_h96_san_lite_s2023_det,ETTh2_h96_DLinear,ETTh2,DLinear,san_lite,96,2023,deterministic,simulated,defect,-0.020978051256894708,f_absdiff,-0.000816637911813225,0.011928740080648093,-0.0430887755867545,0.9656307667746832,0.976720302411906,2785,-0.000816637911813225,0.0019034158739915374,-0.020978051256894708,-0.007388566480375273,0.02084575511744322,0.006665221109571879,-0.015497768467528896,0.016531713808671557,-0.016697195505167763,-0.011963075275022867,0.0842468561455421,-0.011835285139893292,-0.01983105538036326,2785,2785
DLinear_ETTh2_h96_san_lite_s2023_det,ETTh2_h96_DLinear,ETTh2,DLinear,san_lite,96,2023,deterministic,simulated,control,-0.027497529616574493,f_range,-0.014938625968501403,0.013341603819452184,-0.7882160411852629,0.4305703477026299,0.9225291745378738,2785,-0.014938625968501403,-0.027497529616574493,-0.00810544273134028,0.0014100798008846577,0.014642943027436534,-0.0038461920066322004,0.004954586389865148,0.02484277733352846,0.01782686270986669,-0.015350998609891971,-0.05387018048397648,-0.04965267082739011,-0.0412971426257155,2785,2785
DLinear_ETTh2_h96_san_lite_s2023_shuf,ETTh2_h96_DLinear,ETTh2,DLinear,san_lite,96,2023,shuffled,observed,index,0.23956186435127902,f_acf1,0.2195009445719786,0.13744322057515262,11.581665270404185,5.104471709905951e-31,1.473832537302252,2785,0.2195009445719786,0.19161181938574334,0.06135254730736963,-0.010233259852515797,0.23956186435127902,0.23459606796766122,-0.11565299736121755,0.2016003827799041,0.09858403245268604,0.0017382897211705313,0.34323882639905823,-0.030157959726995198,-0.15575691468840697,2785,2785
DLinear_ETTh2_h96_san_lite_s2023_shuf,ETTh2_h96_DLinear,ETTh2,DLinear,san_lite,96,2023,shuffled,observed,defect,0.032567663053786056,f_cross_corr,-0.004960292770887225,0.011735735039632092,-0.26172302186509755,0.793534990157994,0.9871526532254713,2785,-0.004960292770887225,0.004750674066795609,0.01628538033806623,0.003522079659247609,0.010251142844078394,0.00543769687143222,-0.016966002019410616,0.032567663053786056,0.00020096158288892993,-0.022415457189728046,0.044343917375771105,-0.012867838709050838,0.017680675985414732,2785,2785
DLinear_ETTh2_h96_san_lite_s2023_shuf,ETTh2_h96_DLinear,ETTh2,DLinear,san_lite,96,2023,shuffled,observed,control,-0.04137738433610618,f_std,-0.04137738433610618,0.021604521423519447,-2.1832207423075665,0.029019557961698972,0.7820617028810714,2785,-0.04137738433610618,-0.020899094817816245,-0.03228918424941716,0.00530221950270004,-0.02775557645737404,-0.016996694645993748,0.035069223642493284,-0.00455982980961753,0.00041582080176063343,0.031380185971915595,-0.09104537438810567,-0.06139157853276411,0.010204808584182433,2785,2785
DLinear_ETTm1_h192_fredf_s2021_det,ETTm1_h192_DLinear,ETTm1,DLinear,fredf,192,2021,deterministic,simulated,index,0.27418845259333974,f_range,0.23705053937210432,0.11444981576186197,25.23001844386381,1.8768728184655951e-140,1.6512769001297667,11329,0.23705053937210432,0.27418845259333974,0.19093369379132694,0.0009757978949835461,-0.007254836090801791,0.027860696625493064,0.06198738401006281,0.09111373814012652,0.03145246631538304,0.2216805527849979,0.26304152864971353,-0.2443688332209164,0.26042923832539905,11329,11329
DLinear_ETTm1_h192_fredf_s2021_det,ETTm1_h192_DLinear,ETTm1,DLinear,fredf,192,2021,deterministic,simulated,defect,-0.01105282893361559,f_range,-0.007362975131707805,0.005097404968224745,-0.7836641033036996,0.4332372309541883,0.9693897683346465,11329,-0.007362975131707805,-0.01105282893361559,-0.009678459554967373,-0.0015776068136408555,0.00036757922218311553,0.0009289645306459242,-0.005032706214088495,0.00025498830770444514,0.003765241438657746,-0.01095269953503611,-0.07688800784588053,-0.1461558548785904,-0.0030883638053906203,11329,11329
DLinear_ETTm1_h192_fredf_s2021_det,ETTm1_h192_DLinear,ETTm1,DLinear,fredf,192,2021,deterministic,simulated,control,0.022838193234591988,f_slope,0.00636859213367756,0.008604108467614578,0.6778288605448298,0.49788020984367076,1.0637265673530447,11329,0.00636859213367756,0.005253303436472651,-0.0074047321959086615,0.022838193234591988,0.006585912622629723,-0.0008528142618800708,-0.012114829006350806,0.005038473698679704,-0.01957744656774881,-6.787518205802191e-06,0.1266397425955059,-0.07267553365084356,-0.0008411852711239075,11329,11329
DLinear_ETTm1_h192_none_s2021_det,ETTm1_h192_DLinear,ETTm1,DLinear,none,192,2021,deterministic,simulated,index,0.2835239582035473,f_range,0.25032061271742667,0.11297247784930049,26.642393189522405,2.1924467550869465e-156,1.6715813269010307,11329,0.25032061271742667,0.2835239582035473,0.19485280065044128,0.004052534200160239,-0.010486594054577246,0.015271298106007292,0.04804900912838498,0.08125710166184523,0.026433106169528847,0.2154777636010856,0.24866809926609418,-0.20836989762220348,0.30559920843686605,11329,11329
DLinear_ETTm1_h192_none_s2021_det,ETTm1_h192_DLinear,ETTm1,DLinear,none,192,2021,deterministic,simulated,defect,0.020648368459548944,f_slope,0.006201382552962127,0.005908580243433316,0.6600322302708995,0.5092331465080242,1.0121350555079487,11329,0.006201382552962127,0.004341885264351576,-0.002408288736316368,0.020648368459548944,0.001234628971073229,-0.0028302234398418524,-0.010753594976579664,0.00042809018172356567,-0.0025754404146935716,-0.007663899437242258,-0.03373595787299133,-0.13742032093300516,-0.014006823704370048,11329,11329
DLinear_ETTm1_h192_none_s2021_det,ETTm1_h192_DLinear,ETTm1,DLinear,none,192,2021,deterministic,simulated,control,0.020430268451293292,f_kurtosis,-0.01082789694246042,0.012958387523087039,-1.152446395144888,0.24913768534521963,0.9884598355998071,11329,-0.01082789694246042,-0.006360620367407471,-0.011920692209996787,0.01107384006071519,-0.010774592430649928,-0.01973223327085353,0.01350314034328713,-0.01105600586829687,0.013904585285909763,0.020430268451293292,0.10920119441360115,-0.08374517436336659,0.001127137828046363,11329,11329
DLinear_ETTm1_h192_revin_s2021_det,ETTm1_h192_DLinear,ETTm1,DLinear,revin,192,2021,deterministic,simulated,index,0.25009506909201995,f_range,0.21031528629262727,0.11002910686634357,22.38450317913056,5.572300027595547e-111,1.47935178224429,11329,0.21031528629262727,0.25009506909201995,0.17160956049822093,0.005522532588882528,-0.006457954975678757,0.022947490722947664,0.07423188802574783,0.08776216162919954,0.036546648979125095,0.2348024758589861,0.29338510900059706,-0.208917496761569,0.2683819187735638,11329,11329
DLinear_ETTm1_h192_revin_s2021_det,ETTm1_h192_DLinear,ETTm1,DLinear,revin,192,2021,deterministic,simulated,defect,-0.011136086134591156,f_drift,0.009128462487439983,0.006545986174141659,0.9715703559767234,0.3312643360403923,1.0424609138725518,11329,0.009128462487439983,0.003255523333294716,-0.002447456696851515,0.002186382602504943,0.005719699940524442,-0.011136086134591156,-0.006957059053155534,-0.005564188294984782,-0.010790540233188997,-0.008274462964880516,-0.016491976301581456,-0.12202360099036724,8.125539942699072e-05,11329,11329
DLinear_ETTm1_h192_revin_s2021_det,ETTm1_h192_DLinear,ETTm1,DLinear,revin,192,2021,deterministic,simulated,control,-0.009057158486051133,f_absdiff,-0.004553908509662813,0.004762631179560686,-0.48468649763376914,0.6278987458478041,0.9474918071011106,11329,-0.004553908509662813,-0.004974594860260645,-0.009057158486051133,-0.0038574112648423133,0.002823794179914037,-0.005058565335482524,0.0035014881357338817,0.0070588234187501,-0.00641674863991552,-0.0003238189649938876,0.022340195196259457,-0.12136399969826916,-0.021348424607026333,11329,11329
DLinear_ETTm1_h192_san_lite_s2021_det,ETTm1_h192_DLinear,ETTm1,DLinear,san_lite,192,2021,deterministic,simulated,index,0.3197473023561701,f_range,0.30056586200921553,0.11810070948365947,31.990149704678206,1.4948525783479e-224,1.6033606300247243,11329,0.30056586200921553,0.3197473023561701,0.20452057880329036,0.03599630044546252,0.017496590324088276,0.013726071771723006,0.005160103542871011,0.07548621486158401,0.0216299737748562,0.18667809694733384,0.3479380263862231,-0.01284199369581196,0.361467008918948,11329,11329
DLinear_ETTm1_h192_san_lite_s2021_det,ETTm1_h192_DLinear,ETTm1,DLinear,san_lite,192,2021,deterministic,simulated,defect,0.008633669414885293,f_range,0.005453298529889593,0.0039055360192913613,0.5804113454179333,0.5616372560429771,1.0573794703466408,11329,0.005453298529889593,0.008633669414885293,0.008372748395502764,-0.0012603312749924294,0.002254279130681169,-0.005952228586724905,0.0003711184530758568,0.0005426967924525107,-0.0020962808702311535,0.00411870874447794,-0.038568263370236444,-0.05247014299192543,0.004457936715302299,11329,11329
DLinear_ETTm1_h192_san_lite_s2021_det,ETTm1_h192_DLinear,ETTm1,DLinear,san_lite,192,2021,deterministic,simulated,control,0.014610161590231737,f_drift,-0.006680098235841143,0.005344630106652341,-0.7109834136784399,0.4770945140788294,0.969756889941987,11329,-0.006680098235841143,-0.006541762034618498,0.004874433202255859,-0.007041312715191128,-0.00553193212065825,0.014610161590231737,0.0008439224566791557,0.003121020720449339,-0.001548318385856483,-0.002653339604741823,-0.0008628073484126261,-0.046769782914005686,-0.000405639717832314,11329,11329
DLinear_ETTm1_h336_fredf_s2021_det,ETTm1_h336_DLinear,ETTm1,DLinear,fredf,336,2021,deterministic,simulated,index,0.2715473533431075,f_range,0.2705404683955313,0.09494802369451227,28.61085371189941,4.923630970933702e-180,1.624052755222628,11185,0.2705404683955313,0.2715473533431075,0.1359516279927166,0.03832365602891729,0.021931537042178387,0.0006608628428661383,-0.01129961999534468,0.053384202953098134,0.011250559879356784,0.134590348472006,0.10242444292492207,-0.7151049020852185,0.17955603136964918,11185,11185
DLinear_ETTm1_h336_fredf_s2021_det,ETTm1_h336_DLinear,ETTm1,DLinear,fredf,336,2021,deterministic,simulated,defect,-0.021752368323439818,f_kurtosis,-0.001137563525813178,0.009648765786103653,-0.12030238514058453,0.9042436147673337,0.9870909848782627,11185,-0.001137563525813178,-0.007445148615193916,-0.011884825922485354,-0.005411940877030642,0.014664952717750873,0.015463207606540446,-0.008503345482082545,0.0057525689656243795,0.0044717358250753875,-0.021752368323439818,0.04025251745057375,-0.3645258581698021,-0.0022448633310153693,11185,11185
DLinear_ETTm1_h336_fredf_s2021_det,ETTm1_h336_DLinear,ETTm1,DLinear,fredf,336,2021,deterministic,simulated,control,0.024317745955163547,f_spec_ent,-0.015698954576716682,0.009945816720976853,-1.660234032594045,0.09686738070057481,0.9724849655494469,11185,-0.015698954576716682,-0.010841970040945312,-0.00880847484379969,0.005817996090258431,0.006714639237584912,-0.0012712469912705983,0.024317745955163547,0.02204462245671265,-0.0027480661089059914,0.0011944509084107048,0.029347251151314476,-0.38245817513242386,-0.008391630830213314,11185,11185
DLinear_ETTm1_h336_fredf_s2021_shuf,ETTm1_h336_DLinear,ETTm1,DLinear,fredf,336,2021,shuffled,observed,index,0.2719703630808546,f_range,0.270889769352176,0.09502894322627983,28.64779383635198,1.7077698136421402e-180,1.6255685182658255,11185,0.270889769352176,0.2719703630808546,0.13625980590457534,0.038419156786309715,0.021868907291866153,0.000589514339827477,-0.011449957590795699,0.05308815977311192,0.011195798919741567,0.13455799922353986,0.09075977624450197,-0.7045685485453377,0.20570244337480922,11185,11185
DLinear_ETTm1_h336_fredf_s2021_shuf,ETTm1_h336_DLinear,ETTm1,DLinear,fredf,336,2021,shuffled,observed,defect,0.01138080133389098,f_acf1,0.002236719302432108,0.005607948298585383,0.23654298056033,0.8130113596937236,0.9949403416762288,11185,0.002236719302432108,0.0020164048071949206,-0.0029526529647881323,-0.00847629967167617,0.01138080133389098,0.01119573541204555,-0.0034963430681508975,0.0068935354868590445,0.0021302245968196163,-0.005300766341996407,-0.03724645223484235,-0.38103785872953444,-0.006876574575660158,11185,11185
DLinear_ETTm1_h336_fredf_s2021_shuf,ETTm1_h336_DLinear,ETTm1,DLinear,fredf,336,2021,shuffled,observed,control,-0.011044559152958022,f_slope,-0.0034369228651974105,0.004611819154737797,-0.363469827262521,0.7162539483047061,1.0214236946410713,11185,-0.0034369228651974105,-0.003669188849009411,-0.0031013204412823256,-0.011044559152958022,0.007004841201207228,0.002761374701224779,0.003329730456178189,-0.006540207685887348,0.0045471579875854175,-0.0006828882068478351,0.0015338337103736888,-0.3878731313459558,-0.008413542464647742,11185,11185
DLinear_ETTm1_h336_fredf_s2022_det,ETTm1_h336_DLinear,ETTm1,DLinear,fredf,336,2022,deterministic,simulated,index,0.2711753851462123,f_range,0.27023289021692987,0.09491233746795988,28.578325956162427,1.2494629073620848e-179,1.6226405684685723,11185,0.27023289021692987,0.2711753851462123,0.13590325571366713,0.03831153901022735,0.021939623417344664,0.0008148909536832738,-0.011304248190012144,0.053690250548453125,0.011291185627902687,0.13446010585516627,0.1093274018695822,-0.6717697814650352,0.2128243753393759,11185,11185
DLinear_ETTm1_h336_fredf_s2022_det,ETTm1_h336_DLinear,ETTm1,DLinear,fredf,336,2022,deterministic,simulated,defect,-0.015312550254779015,f_drift,-0.0023046937489896034,0.006352733337188801,-0.24373157958264155,0.8074387138186725,0.973378260775628,11185,-0.0023046937489896034,0.0003922259157634692,0.004855734664387315,0.0037931598256857667,-0.008648442418108334,-0.015312550254779015,0.011831087173563586,0.0044812320831118455,0.0017039382428530433,0.010204269044646034,0.030603496713360163,-0.36164721768856967,0.0004976865031831549,11185,11185
DLinear_ETTm1_h336_fredf_s2022_det,ETTm1_h336_DLinear,ETTm1,DLinear,fredf,336,2022,deterministic,simulated,control,-0.027538917413690144,f_slope,-0.015324962455523772,0.010557778180316137,-1.6206827080461421,0.10508570400533028,0.9555188559883249,11185,-0.015324962455523772,-0.01105402869267276,-8.521745776702596e-07,-0.027538917413690144,-0.011451726515301876,-0.006420534216729465,0.007923487947333404,-0.007432983240978259,0.00921239933741199,0.009217889808942026,-0.09472591058100155,-0.4501911151821447,-0.004060194237387829,11185,11185
DLinear_ETTm1_h336_fredf_s2022_shuf,ETTm1_h336_DLinear,ETTm1,DLinear,fredf,336,2022,shuffled,observed,index,0.27112227082043017,f_range,0.2701774977631075,0.0949034856320621,28.572467958641933,1.4774430013161774e-179,1.6226596247669383,11185,0.2701774977631075,0.27112227082043017,0.13588473426050582,0.03830290848076842,0.02193615416549985,0.0008065393855489108,-0.0112659088883507,0.05375036556048693,0.011324539065101207,0.1344639379308214,0.10613868851218555,-0.665968154871021,0.220451074260214,11185,11185
DLinear_ETTm1_h336_fredf_s2022_shuf,ETTm1_h336_DLinear,ETTm1,DLinear,fredf,336,2022,shuffled,observed,defect,-0.013780658113438189,f_acf1,-0.006175701188801422,0.007775124624979528,-0.6531077747040646,0.5136868003936109,0.9621330093039019,11185,-0.006175701188801422,-0.002569542042499078,0.012383655860622558,0.00895282310624805,-0.013780658113438189,-0.0077906607428293575,0.0027151944801230045,-0.0009571976763079292,-0.010381895346265366,0.012043917692660316,-0.12746990308417452,-0.41439261801412397,0.016277089567363307,11185,11185
DLinear_ETTm1_h336_fredf_s2022_shuf,ETTm1_h336_DLinear,ETTm1,DLinear,fredf,336,2022,shuffled,observed,control,-0.02144185590171056,f_slope,0.005046262238985464,0.009527857449735654,0.5336645994876228,0.5935736055793006,0.9703938797641591,11185,0.005046262238985464,0.007765624126354803,0.01287396429313019,-0.02144185590171056,0.002374733872045111,0.01893757213009083,0.009023571086637573,0.004109333668360347,0.006041946647358246,-0.007663710532683416,-0.01909373065951334,-0.3998882324432316,0.03770014477305999,11185,11185
DLinear_ETTm1_h336_fredf_s2023_det,ETTm1_h336_DLinear,ETTm1,DLinear,fredf,336,2023,deterministic,simulated,index,0.2711493771920036,f_range,0.27021343316719926,0.09490169173431309,28.576268286909436,1.3252329281998494e-179,1.622741918181922,11185,0.27021343316719926,0.2711493771920036,0.13579344324237066,0.03819353814245272,0.021962626427958046,0.0008609244047059024,-0.011235578505471439,0.05371062842472435,0.011345343080297552,0.13455202475594738,0.11250067654765826,-0.6867515714731096,0.21287954752488908,11185,11185
DLinear_ETTm1_h336_fredf_s2023_det,ETTm1_h336_DLinear,ETTm1,DLinear,fredf,336,2023,deterministic,simulated,defect,-0.008958089728621096,f_kurtosis,0.004977844759385262,0.004685703842885693,0.5264291477572872,0.5985900682081162,0.952044336821739,11185,0.004977844759385262,0.003172960484497306,-0.003868049192611292,0.0030375328500374115,-0.006162603491916841,-0.0022464948519942338,0.0034222335263191855,-0.0065253355157348526,-0.004485894027739445,-0.008958089728621096,0.04043113992153776,-0.3899676909468506,0.004962782551024775,11185,11185
DLinear_ETTm1_h336_fredf_s2023_det,ETTm1_h336_DLinear,ETTm1,DLinear,fredf,336,2023,deterministic,simulated,control,0.017791803085449358,f_cross_corr,0.014328050150738767,0.012294563168875557,1.515254812970215,0.12970788684584117,1.0964835582439445,11185,0.014328050150738767,0.012734996413294956,0.015445264872179067,0.007684723543774946,0.017780229552176962,0.01370779804051439,0.013485951214885807,0.017791803085449358,0.008255602822872837,0.001731211992868464,0.08892549393211288,-0.3596496893754815,0.004803404556037381,11185,11185
DLinear_ETTm1_h336_fredf_s2023_shuf,ETTm1_h336_DLinear,ETTm1,DLinear,fredf,336,2023,shuffled,observed,index,0.2712334342233517,f_range,0.27028536462359753,0.09490702823571082,28.583875357261977,1.0659986961732582e-179,1.6230506412911616,11185,0.27028536462359753,0.2712334342233517,0.13585706169044692,0.0382446582750574,0.02190176637009284,0.0007127329736740811,-0.011326107282676402,0.053631167849629804,0.01134478454886553,0.13453320451971584,0.09661796831443359,-0.7149610721525066,0.19089936973479613,11185,11185
DLinear_ETTm1_h336_fredf_s2023_shuf,ETTm1_h336_DLinear,ETTm1,DLinear,fredf,336,2023,shuffled,observed,defect,-0.008559684988568208,f_drift,0.00022730621426697039,0.004162421969353802,0.024038639700622966,0.9808217875794439,0.9977838651321052,11185,0.00022730621426697039,-0.004536605224317228,-0.006744887233093054,0.007849218775981525,-0.00030042717953810306,-0.008559684988568208,-0.003380458041023289,-0.004788770508157334,-0.003094859590958885,0.002142001937633412,0.03618938849555134,-0.3814350217757372,-0.012512144223298792,11185,11185
DLinear_ETTm1_h336_fredf_s2023_shuf,ETTm1_h336_DLinear,ETTm1,DLinear,fredf,336,2023,shuffled,observed,control,0.020856378538944547,f_absdiff,0.009624960346584112,0.008160421446036483,1.017882219588481,0.3087339323869287,1.04115128054018,11185,0.009624960346584112,0.009527847633175381,0.020856378538944547,-0.001006947502949495,-0.009945280279712653,-0.005322350979958544,0.0034549613351693327,0.0029903895053254473,-0.0058100730149298445,0.013065025323615465,0.02113876679623648,-0.39155109002705246,0.029505688002158557,11185,11185
DLinear_ETTm1_h336_none_s2021_det,ETTm1_h336_DLinear,ETTm1,DLinear,none,336,2021,deterministic,simulated,index,0.27803757319100847,f_range,0.27671374069753935,0.09698982836368768,29.263704621058956,3.005637585162933e-188,1.641190536795187,11185,0.27671374069753935,0.27803757319100847,0.1426241547297647,0.041291820569034764,0.01817804803123623,-0.009102022833967995,-0.017829678142300798,0.043773330329142095,0.009852281165350509,0.132495633947532,0.0781471642402451,-0.6881886081542674,0.20255845816695428,11185,11185
DLinear_ETTm1_h336_none_s2021_det,ETTm1_h336_DLinear,ETTm1,DLinear,none,336,2021,deterministic,simulated,defect,-0.021088961811890773,f_cross_corr,0.0010366904281635956,0.008740994209752887,0.10963460794098676,0.9126991629188346,0.9438573001816042,11185,0.0010366904281635956,-0.004097651989153272,-0.008263237002033085,0.009059184252769317,-0.0068440928444011544,-0.005917452182982245,-0.019683762462179948,-0.021088961811890773,0.0053730315051261635,-0.006045877618829318,0.054623318235765335,-0.35873108149592525,-0.001764035513657156,11185,11185
DLinear_ETTm1_h336_none_s2021_det,ETTm1_h336_DLinear,ETTm1,DLinear,none,336,2021,deterministic,simulated,control,-0.013052762126834363,f_drift,0.006878386533655439,0.0064267261587153,0.7274198645971045,0.46696878923587803,0.9758199552461284,11185,0.006878386533655439,0.00233131721677954,-0.0015461480561568314,0.002909314716266162,-0.011423254909861577,-0.013052762126834363,-0.011285126235487724,-0.005907226598207385,-0.003979010015040813,-0.004954715178863165,-0.007191667424559358,-0.3747707527531081,0.022722176069404493,11185,11185
DLinear_ETTm1_h336_none_s2021_shuf,ETTm1_h336_DLinear,ETTm1,DLinear,none,336,2021,shuffled,observed,index,0.2791893299305547,f_range,0.27781741028947315,0.0970427183863711,29.380422572455878,9.769617970250667e-190,1.6444746811297095,11185,0.27781741028947315,0.2791893299305547,0.14363524751276924,0.04199047549775229,0.017780606903423236,-0.008495336228778795,-0.018860844653436768,0.04167564476694074,0.008700194837851526,0.1322820932427307,0.0680653093416272,-0.7283011988183217,0.2111701533410169,11185,11185
DLinear_ETTm1_h336_none_s2021_shuf,ETTm1_h336_DLinear,ETTm1,DLinear,none,336,2021,shuffled,observed,defect,0.02356204593102745,f_spec_ent,-0.008435211929036974,0.008818057754524624,-0.8920610508358683,0.3723602101109632,0.9716032454711877,11185,-0.008435211929036974,-0.0032746937829147586,0.005338270740766854,0.009767880747220015,-0.002541342624916689,0.0028178657673248856,0.02356204593102745,-0.00959588745934409,-0.0015246154646381502,0.021322763098056384,-0.008001340567296051,-0.37258553209256196,0.006686759789773937,11185,11185
DLinear_ETTm1_h336_none_s2021_shuf,ETTm1_h336_DLinear,ETTm1,DLinear,none,336,2021,shuffled,observed,control,0.009187046946483951,f_cross_corr,0.004001964375387307,0.0036967584934385024,0.4232254715292361,0.6721307643849239,1.0269114625197233,11185,0.004001964375387307,0.0015234766585689055,-0.0007427323702495897,0.0008336303944079233,0.0041931599084634175,0.0038802705055009934,0.0033416769283784458,0.009187046946483951,-0.0006219553319032843,-0.008641671515041208,0.08934507289053197,-0.3097311852842344,-0.020243776381505853,11185,11185
DLinear_ETTm1_h336_none_s2022_det,ETTm1_h336_DLinear,ETTm1,DLinear,none,336,2022,deterministic,simulated,index,0.27782259236562895,f_range,0.2764853560632413,0.09706826564516406,29.239551933659918,6.09713459418589e-188,1.6382597514617527,11185,0.2764853560632413,0.27782259236562895,0.1425899858611937,0.04135634250803798,0.01861833208376081,-0.008767592195080587,-0.01739406705436129,0.04452591501504576,0.010198249152070495,0.13292422415321983,0.06244416032215637,-0.7281020816814634,0.20120582202434448,11185,11185
DLinear_ETTm1_h336_none_s2022_det,ETTm1_h336_DLinear,ETTm1,DLinear,none,336,2022,deterministic,simulated,defect,0.022911307199656658,f_acf1,0.01876588222276908,0.011028610676417604,1.9845752254166211,0.04719175097816174,1.0355786437986607,11185,0.01876588222276908,0.01842616475489852,0.004631285606163821,-0.007782317214365527,0.022911307199656658,0.012877149678335717,-0.0068090270912854545,0.00293179860541619,0.007907505810497614,-0.0072436685807874554,-0.04365282416896703,-0.376350261979679,-0.016219762838671728,11185,11185
DLinear_ETTm1_h336_none_s2022_det,ETTm1_h336_DLinear,ETTm1,DLinear,none,336,2022,deterministic,simulated,control,0.022139482046805423,f_drift,0.0070788531378535805,0.005865749718401848,0.7486200965655393,0.45408621584633224,1.045608129968647,11185,0.0070788531378535805,0.0077808942881432705,-0.004298638153494785,0.0024343614414263134,-0.0020671211894049044,0.022139482046805423,-0.003074679776272141,0.007488884546892141,-0.0003056201446333645,-0.001988962459092558,-0.02820083026547601,-0.3732662466268082,-0.004635812792372796,11185,11185
DLinear_ETTm1_h336_none_s2022_shuf,ETTm1_h336_DLinear,ETTm1,DLinear,none,336,2022,shuffled,observed,index,0.27794488195007633,f_range,0.27660507419393604,0.09692389786748909,29.252212656635237,4.208528276169934e-188,1.6460065064214882,11185,0.27660507419393604,0.27794488195007633,0.1418476603593155,0.04207407774714632,0.018487983140406707,-0.008764921827921452,-0.017785459016106533,0.043926177131400665,0.009362574036029102,0.13244016927255217,0.07560155216221534,-0.7408734413169575,0.19410968595366973,11185,11185
DLinear_ETTm1_h336_none_s2022_shuf,ETTm1_h336_DLinear,ETTm1,DLinear,none,336,2022,shuffled,observed,defect,0.030540297124356183,f_drift,-0.001455415677302348,0.01116020195089108,-0.1539166590501485,0.8776754486055582,0.971491418557433,11185,-0.001455415677302348,-0.006373056415768832,-0.01677563854338409,-0.0028717573321553613,0.014230277949783368,0.030540297124356183,-0.0034386506434091976,0.007539352778877385,-0.017003185998148394,-0.011374387045725626,0.09244655838749352,-0.3506290108798591,0.027462035113186997,11185,11185
DLinear_ETTm1_h336_none_s2022_shuf,ETTm1_h336_DLinear,ETTm1,DLinear,none,336,2022,shuffled,observed,control,0.019087681489874053,f_absdiff,0.010519293373513839,0.006888305571421062,1.112461901345361,0.2659396022888495,1.0343527297614348,11185,0.010519293373513839,0.015289008878964743,0.019087681489874053,0.0024717754857601667,-0.006877618294442718,-0.001943208548281325,0.00373281256033173,-0.002830923852632474,-0.004328720902207716,0.001802012328201841,-0.0636400541075917,-0.3760350764145104,0.0007325686167551234,11185,11185
DLinear_ETTm1_h336_none_s2023_det,ETTm1_h336_DLinear,ETTm1,DLinear,none,336,2023,deterministic,simulated,index,0.27847840136127117,f_range,0.2773650686552805,0.09686775808438254,29.33258543962159,3.9854451654453785e-189,1.6474713896116293,11185,0.2773650686552805,0.27847840136127117,0.14252715981878653,0.04110181307185149,0.018127906428861924,-0.008834291955799323,-0.01856868502077232,0.04288253466679578,0.009450031498563714,0.1313416883658426,0.07180127080776841,-0.7102286834660492,0.21161651264959433,11185,11185
DLinear_ETTm1_h336_none_s2023_det,ETTm1_h336_DLinear,ETTm1,DLinear,none,336,2023,deterministic,simulated,defect,0.013724526505064219,f_last_dev,0.006706524592277904,0.007299947481911352,0.7092447025130099,0.47817263725158465,1.0541442261256626,11185,0.006706524592277904,0.003383135702880501,-0.002240134183894388,0.013497112231770142,0.012980521798824916,0.005473535184252112,0.00644649213438265,-0.004856499001493988,0.013724526505064219,-0.003690993484272712,0.06650947249518499,-0.3239580132812958,-0.0031791855964099663,11185,11185
DLinear_ETTm1_h336_none_s2023_det,ETTm1_h336_DLinear,ETTm1,DLinear,none,336,2023,deterministic,simulated,control,-0.0190371946351563,f_acf1,-0.005296754822530616,0.008781362572287166,-0.5601553005137192,0.5753735131322335,0.9567267867176257,11185,-0.005296754822530616,0.0002826944820273582,0.008455103743670804,-0.01475103871254294,-0.0190371946351563,-0.0040039192014797425,0.009758353500722308,-0.006885960467787911,0.014275545974403208,0.005067060182550479,0.003890815792168994,-0.4116195271554559,-0.00019167016063729428,11185,11185
DLinear_ETTm1_h336_none_s2023_shuf,ETTm1_h336_DLinear,ETTm1,DLinear,none,336,2023,shuffled,observed,index,0.2787967274331727,f_range,0.27702864738826155,0.09704540095115498,29.297007399436566,1.1322850679420392e-188,1.645805861760799,11185,0.27702864738826155,0.2787967274331727,0.14346084982250934,0.041559250609020014,0.017687650307787,-0.008869806436433772,-0.01774485345065604,0.04264701350531338,0.009493161244316959,0.13316604931407905,0.07266969600008658,-0.6769154960446597,0.19773907263165258,11185,11185
DLinear_ETTm1_h336_none_s2023_shuf,ETTm1_h336_DLinear,ETTm1,DLinear,none,336,2023,shuffled,observed,defect,0.02355062945446423,f_absdiff,0.015208282857281728,0.010348037302039216,1.6083433233460842,0.1077600071940236,1.0432150234266344,11185,0.015208282857281728,0.018522126971955977,0.02355062945446423,0.003972565583081634,0.006430373608500563,-0.010869979514972879,-0.012114274553529028,0.0018860868240777318,-0.007252005570091796,0.0036740480824365984,-0.10965483663473102,-0.40495339629162697,-0.02096598794695969,11185,11185
DLinear_ETTm1_h336_none_s2023_shuf,ETTm1_h336_DLinear,ETTm1,DLinear,none,336,2023,shuffled,observed,control,-0.00974184852045149,f_cross_corr,-0.005283722168657965,0.004852287879316455,-0.5587770395990411,0.5763138941883132,0.9855931839573128,11185,-0.005283722168657965,-0.007631308650738429,0.0010156992381113081,-0.0055628313782892895,0.0017224301524755437,0.0019925966059333644,-0.005079889925208477,-0.00974184852045149,0.006783216089317545,0.0037093360639811365,0.01861034889745258,-0.3738353833181649,-0.012044754697856723,11185,11185
DLinear_ETTm1_h336_revin_s2021_det,ETTm1_h336_DLinear,ETTm1,DLinear,revin,336,2021,deterministic,simulated,index,0.23634118842079577,f_range,0.2340877645961334,0.08434587858911995,24.7558187073655,2.6837916490113537e-135,1.4256712015577138,11185,0.2340877645961334,0.23634118842079577,0.10362094219370133,0.039093440392297264,0.010287438526270044,-0.002507216081801186,-0.003828311229516406,0.052043050023581366,0.013725903272578376,0.14792353115452425,0.1325756556640858,-0.6606391897390964,0.1873885525298724,11185,11185
DLinear_ETTm1_h336_revin_s2021_det,ETTm1_h336_DLinear,ETTm1,DLinear,revin,336,2021,deterministic,simulated,defect,0.020911092339846296,f_last_dev,-0.018144085495384234,0.011025764898474746,-1.9188174653622683,0.05500743871358813,0.9274196258402655,11185,-0.018144085495384234,-0.008522452202112547,0.0031465791612302427,-0.009711492152986652,-0.011843974939529272,0.003649892217728127,0.015816053791996507,-0.0021600541973634054,0.020911092339846296,0.016351972486570186,0.03945352078385315,-0.4238366172829362,-0.02089166426480664,11185,11185
DLinear_ETTm1_h336_revin_s2021_det,ETTm1_h336_DLinear,ETTm1,DLinear,revin,336,2021,deterministic,simulated,control,-0.014194746677812167,f_std,-0.014194746677812167,0.007836590480818587,-1.5011573798364217,0.13331486058534356,0.9671183199722418,11185,-0.014194746677812167,-0.01272383820532325,-0.008346729803178167,0.005473259888988278,-0.007449562568777825,-0.005524329801632181,-0.0007534633166557107,0.009406364725113546,-0.007914990003445381,-0.00657861981725936,-0.021024332680154308,-0.45863762203541136,-0.019101574407939494,11185,11185
DLinear_ETTm1_h336_revin_s2021_shuf,ETTm1_h336_DLinear,ETTm1,DLinear,revin,336,2021,shuffled,observed,index,0.2361155836978028,f_range,0.23361546561033983,0.08422140640767795,24.70587099613783,9.248790518862689e-135,1.4239735814479624,11185,0.23361546561033983,0.2361155836978028,0.10370695409031998,0.03900691545525736,0.00968442049540832,-0.0026072827266232666,-0.0036686504823126498,0.05158518135287963,0.013702146044150171,0.14852146412168543,0.13116588771253967,-0.7053159883513835,0.15671686210982755,11185,11185
DLinear_ETTm1_h336_revin_s2021_shuf,ETTm1_h336_DLinear,ETTm1,DLinear,revin,336,2021,shuffled,observed,defect,-0.01575364297242741,f_cross_corr,0.0005819329747331562,0.007386941507139722,0.061541991514108725,0.9509275733714075,0.9713808151968681,11185,0.0005819329747331562,-0.0027059543296505495,-0.0025122932182332896,-0.014828754873056968,-0.011167834815692413,-0.0006052865544816392,-0.0022123418911910893,-0.01575364297242741,0.014470045560040948,-0.00903132788188975,0.038757268390451474,-0.46469248274145714,-0.0037574443660921197,11185,11185
DLinear_ETTm1_h336_revin_s2021_shuf,ETTm1_h336_DLinear,ETTm1,DLinear,revin,336,2021,shuffled,observed,control,0.018103403163979598,f_last_dev,0.004355290233954966,0.0067318021501414,0.46059124720066436,0.6450918924712312,1.0349131437476702,11185,0.004355290233954966,0.006054637637258899,0.008848370579681315,-0.010500103799063543,-0.0007097453629627826,0.0006626506857488471,-0.004976999694240924,-0.004403113062926667,0.018103403163979598,-0.008703707281596461,-0.008043512535713022,-0.4365008713113492,0.021562443031824943,11185,11185
DLinear_ETTm1_h336_revin_s2022_det,ETTm1_h336_DLinear,ETTm1,DLinear,revin,336,2022,deterministic,simulated,index,0.23600699722944907,f_range,0.23356569496879878,0.08420920991968815,24.70060753018494,1.0535282078307932e-134,1.4241155845348132,11185,0.23356569496879878,0.23600699722944907,0.10351503966666295,0.03901303996774836,0.00985852314041495,-0.002570986392791163,-0.0035932696335653526,0.051825218001898044,0.013761365157938531,0.14838196503761436,0.12889823392709954,-0.666188810067528,0.1695394538557866,11185,11185
DLinear_ETTm1_h336_revin_s2022_det,ETTm1_h336_DLinear,ETTm1,DLinear,revin,336,2022,deterministic,simulated,defect,-0.020139856900006206,f_absdiff,-0.0010014722405445235,0.009088489109466769,-0.10591012849455382,0.9156536578924723,0.9662946449168875,11185,-0.0010014722405445235,-0.007713541974504201,-0.020139856900006206,0.0024874221982565323,0.011129955282597819,-0.0025767634194931066,-0.012929349684748865,0.0067665017916513385,-0.008531668975144154,-0.017608358627720932,0.003200279762302433,-0.3927947183181719,0.0013151679482341753,11185,11185
DLinear_ETTm1_h336_revin_s2022_det,ETTm1_h336_DLinear,ETTm1,DLinear,revin,336,2022,deterministic,simulated,control,0.0155959810191399,f_acf1,8.626037468919424e-05,0.005150327877582825,0.009122416975186001,0.9927214652898796,1.0007648119435337,11185,8.626037468919424e-05,-0.002441749668694195,-0.002394299807239502,-0.0010885104507218418,0.0155959810191399,0.004198536896841403,0.006170774703071801,0.009160492150651527,-0.008028968263160715,-0.002337705441618174,-0.011307408858623937,-0.4142676236550402,-0.012426923351641467,11185,11185
DLinear_ETTm1_h336_revin_s2022_shuf,ETTm1_h336_DLinear,ETTm1,DLinear,revin,336,2022,shuffled,observed,index,0.23568539514267234,f_range,0.2336320222585375,0.08396539758110977,24.70762193507259,8.856592928788826e-135,1.42182312561952,11185,0.2336320222585375,0.23568539514267234,0.10348469642039415,0.03833734562547372,0.010252642511125783,-0.0016821323715111248,-0.003669516999855177,0.052021851630080385,0.013223123839313683,0.14766524901213385,0.12991900404169085,-0.643439328928118,0.18013357138452174,11185,11185
DLinear_ETTm1_h336_revin_s2022_shuf,ETTm1_h336_DLinear,ETTm1,DLinear,revin,336,2022,shuffled,observed,defect,-0.009412904635624662,f_spec_ent,0.008228129750460373,0.004262103007867731,0.8701611925531715,0.38421232044933773,1.0140737539315205,11185,0.008228129750460373,0.008551762122647969,0.0026268028499958182,0.0016407674127064647,-0.0007784987727241793,0.00373423444495902,-0.009412904635624662,3.63987328340554e-05,-0.003090982093701377,0.0045205492630233934,0.06422579866965346,-0.45300639357006367,-0.018659454786871598,11185,11185
DLinear_ETTm1_h336_revin_s2022_shuf,ETTm1_h336_DLinear,ETTm1,DLinear,revin,336,2022,shuffled,observed,control,-0.016528499404121908,f_slope,0.00850753628214612,0.007128862534337034,0.8997096717571135,0.36827477500483863,1.0244351043819093,11185,0.00850753628214612,0.007697600033625776,-0.0005943949924144352,-0.016528499404121908,0.011796450015790765,0.005490453023600793,-0.0023850106455441866,0.0069370556746095975,-0.0024389358359946382,-0.008912689435522115,-0.05094166828460246,-0.45238841675187746,0.020939167234470743,11185,11185
DLinear_ETTm1_h336_revin_s2023_det,ETTm1_h336_DLinear,ETTm1,DLinear,revin,336,2023,deterministic,simulated,index,0.23692313490504582,f_range,0.23595405864020588,0.08428430780208852,24.953187574932777,1.971865657553207e-137,1.429213801362846,11185,0.23595405864020588,0.23692313490504582,0.10369671833906735,0.0367826442734585,0.012101503644900593,0.0010973640532177245,-0.00431633912384813,0.053468412586003586,0.012735244241628805,0.1457676582135088,0.13660949290870586,-0.6577829708357052,0.1855670999852117,11185,11185
DLinear_ETTm1_h336_revin_s2023_det,ETTm1_h336_DLinear,ETTm1,DLinear,revin,336,2023,deterministic,simulated,defect,0.018358888939374714,f_range,0.015368015581004002,0.01055066267570674,1.625235766899999,0.10411233205857286,1.0143802327876277,11185,0.015368015581004002,0.018358888939374714,0.013646317328118086,-0.0016505646032150822,0.016686183311359237,0.0143098512970617,-0.0037198461414246703,0.0032117285551292994,0.008127722634633808,0.010427508365746815,0.023872075813594806,-0.3916661464031388,-0.0035490622513433432,11185,11185
DLinear_ETTm1_h336_revin_s2023_det,ETTm1_h336_DLinear,ETTm1,DLinear,revin,336,2023,deterministic,simulated,control,-0.007463373894486508,f_spec_ent,0.0065708061516744475,0.004542617810692736,0.6948918758429694,0.4871230643946446,1.0070440525013336,11185,0.0065708061516744475,0.006938327027715419,0.005257962201348892,-0.0020722052464697245,-0.005661409946373143,-0.0006704825363031669,-0.007463373894486508,0.0037185596424642742,-0.005758458017650886,-0.0013145934424409,0.012987804820893347,-0.4451579686684197,0.00964967371742129,11185,11185
DLinear_ETTm1_h336_revin_s2023_shuf,ETTm1_h336_DLinear,ETTm1,DLinear,revin,336,2023,shuffled,observed,index,0.23594289411229374,f_range,0.23388961218577453,0.08411704327477806,24.734863211653302,4.511481437369718e-135,1.4248430303681785,11185,0.23388961218577453,0.23594289411229374,0.10354387323833664,0.03851412211505795,0.010033512340336071,-0.0018007789948379046,-0.0038173616780737968,0.05203714587819416,0.013639505436821402,0.14795162676805443,0.13794775733970457,-0.665457590077065,0.16614828194736955,11185,11185
DLinear_ETTm1_h336_revin_s2023_shuf,ETTm1_h336_DLinear,ETTm1,DLinear,revin,336,2023,shuffled,observed,defect,0.028402524697924855,f_absdiff,0.015506270023473068,0.011103095551941413,1.6398567870082352,0.1010349476042281,1.056868113137108,11185,0.015506270023473068,0.019609652176305205,0.028402524697924855,0.005693456585783478,0.004416451799012297,-0.013350905543626805,-0.01043403350870683,0.00024419523470424427,-0.0070381845146603485,0.00633528143521702,-0.09651470899906216,-0.4607604756458976,-0.01734945888359401,11185,11185
DLinear_ETTm1_h336_revin_s2023_shuf,ETTm1_h336_DLinear,ETTm1,DLinear,revin,336,2023,shuffled,observed,control,0.013019962555888177,f_absdiff,0.0020997607878089717,0.007090772219803633,0.22205901056604166,0.824267946068717,1.002278300119033,11185,0.0020997607878089717,0.005144718554171677,0.013019962555888177,-0.01083932290521099,-0.012954248824404765,-0.00017637181179828117,0.012009726805641125,0.003149361004772904,0.0010877407107635687,0.010426508237575868,0.0021334971700286104,-0.42749458996924905,-0.014597623451523788,11185,11185
DLinear_ETTm1_h336_san_lite_s2021_det,ETTm1_h336_DLinear,ETTm1,DLinear,san_lite,336,2021,deterministic,simulated,index,0.2984615898654681,f_std,0.2984615898654681,0.10245454631181691,31.56363606858779,1.1655476236599538e-218,1.5082822926005752,11185,0.2984615898654681,0.28629574986660394,0.1361139214517221,0.05441178385234581,0.025068555425660794,-0.007628792162869911,-0.05276516484318944,0.03789920219357103,0.005132364545068389,0.12076833891166962,0.2541923231795508,-0.26694467970699054,0.23589482841159753,11185,11185
DLinear_ETTm1_h336_san_lite_s2021_det,ETTm1_h336_DLinear,ETTm1,DLinear,san_lite,336,2021,deterministic,simulated,defect,0.019539958474033184,f_absdiff,0.00988928054970858,0.009603919664314401,1.0458352526764452,0.2956371020680194,1.0403214317615672,11185,0.00988928054970858,0.016573685914172378,0.019539958474033184,-0.004194215508991871,-0.003468952850515224,0.002231593897329686,-0.0018718533004174547,-0.006012961014414947,-0.013236745863371821,0.019019949270188848,0.03789157717488132,-0.19020656336553343,0.008863455750429952,11185,11185
DLinear_ETTm1_h336_san_lite_s2021_det,ETTm1_h336_DLinear,ETTm1,DLinear,san_lite,336,2021,deterministic,simulated,control,0.019328935749147,f_drift,0.0027406103145977204,0.008607115335943997,0.28983168860948555,0.7719450038627326,0.991755816775675,11185,0.0027406103145977204,0.008353596628986304,0.012728799445499437,0.0020547127660387717,-0.003829743615161491,0.019328935749147,-0.01100994510738162,-0.0017784751197403867,-0.018234195925071507,0.006012138687815725,0.008720848980161268,-0.24059508384796158,0.001418756404036248,11185,11185
DLinear_ETTm1_h336_san_lite_s2021_shuf,ETTm1_h336_DLinear,ETTm1,DLinear,san_lite,336,2021,shuffled,observed,index,0.29847648717225816,f_std,0.29847648717225816,0.10245849418907549,31.565211524813616,1.1089491543354404e-218,1.5081068365712003,11185,0.29847648717225816,0.2863271366033036,0.136117156656395,0.05440414142717355,0.025036718875235817,-0.007646603499053923,-0.05277629030890102,0.03781017868292786,0.005157759999186216,0.12083246866631975,0.25546329190284867,-0.2705054243193761,0.24964409638965396,11185,11185
DLinear_ETTm1_h336_san_lite_s2021_shuf,ETTm1_h336_DLinear,ETTm1,DLinear,san_lite,336,2021,shuffled,observed,defect,-0.01641999545060397,f_cross_corr,0.004427623484428161,0.005322671107957026,0.4682408090575956,0.6396123917690477,1.005752045815099,11185,0.004427623484428161,0.00025540207284026323,0.0005637911367535189,-0.007540450657931484,0.002288475053853467,-0.01005665049684661,-0.0028857985527762048,-0.01641999545060397,0.0035405040590650544,0.005248020114471527,-0.007550442163118046,-0.2354989115775621,0.025450606247507876,11185,11185
DLinear_ETTm1_h336_san_lite_s2021_shuf,ETTm1_h336_DLinear,ETTm1,DLinear,san_lite,336,2021,shuffled,observed,control,0.02123822265036852,f_slope,-0.0038302983647337937,0.006793785594175775,-0.4050710299876757,0.6854253004302905,0.909586005746887,11185,-0.0038302983647337937,-0.00511913017955215,-0.010681481602799197,0.02123822265036852,0.0031299220339375527,0.002798658728261182,0.012927662937395635,0.006514158800651496,-0.0003045318661559934,-0.0013937887779022354,-0.04919968645066881,-0.2848089048437088,-0.011789309378846884,11185,11185
DLinear_ETTm1_h336_san_lite_s2022_det,ETTm1_h336_DLinear,ETTm1,DLinear,san_lite,336,2022,deterministic,simulated,index,0.29843899888315784,f_std,0.29843899888315784,0.10246343671237282,31.561246972073246,1.2569300779198858e-218,1.5082074184792365,11185,0.29843899888315784,0.286305671133739,0.1361305283620691,0.054514244676625724,0.02507267619158654,-0.007592854450654204,-0.052737119388790214,0.037902144918265636,0.005146222552767201,0.12079390656607267,0.24623754252216953,-0.28660687624251047,0.2671346975308198,11185,11185
DLinear_ETTm1_h336_san_lite_s2022_det,ETTm1_h336_DLinear,ETTm1,DLinear,san_lite,336,2022,deterministic,simulated,defect,0.023647643749604597,f_last_dev,0.010017347719763968,0.005872399081752388,1.0593789235715318,0.2894272443916849,0.9972191114563225,11185,0.010017347719763968,0.00518295974660552,0.0038319697143797543,-0.006385125672554325,0.0001202856979866023,0.003138532839172057,-0.0017405426227533726,0.0024194548009852474,0.023647643749604597,0.00224012825371844,-0.07522001273160074,-0.3023839351052777,-0.01688890608177987,11185,11185
DLinear_ETTm1_h336_san_lite_s2022_det,ETTm1_h336_DLinear,ETTm1,DLinear,san_lite,336,2022,deterministic,simulated,control,-0.010346696998679582,f_slope,0.0011979636051171565,0.0046625727105075706,0.12668996125221735,0.899185791572871,1.0099472310612436,11185,0.0011979636051171565,0.003788339612723357,0.008958769568922331,-0.010346696998679582,0.0027188370825938233,0.002810634585355243,0.0033052601735493324,0.006003631396440377,0.0028268019244207386,-0.004668792157273761,-0.08081710026214464,-0.2502980186954089,0.0049764838288516,11185,11185
DLinear_ETTm1_h336_san_lite_s2022_shuf,ETTm1_h336_DLinear,ETTm1,DLinear,san_lite,336,2022,shuffled,observed,index,0.298529577687037,f_std,0.298529577687037,0.10247047468930433,31.570826082076838,9.286669661283552e-219,1.5085682831491865,11185,0.298529577687037,0.28637254574873505,0.13615874704223235,0.054380951130156265,0.025102627019273308,-0.007556195271589034,-0.052741950091788996,0.037923405237536095,0.005162163011226515,0.12077658465346858,0.22765361024378045,-0.31148946803659916,0.26379149379420436,11185,11185
DLinear_ETTm1_h336_san_lite_s2022_shuf,ETTm1_h336_DLinear,ETTm1,DLinear,san_lite,336,2022,shuffled,observed,defect,-0.013858968227556142,f_last_dev,-0.004098660072425315,0.007344152599658325,-0.43345147009770124,0.6646868151174683,0.9601026984903793,11185,-0.004098660072425315,-0.0006685955764855989,0.012575529514360854,0.010847626899266898,-0.01104872079981573,-0.004752161758977493,0.004273647724493058,0.00017812036048574342,-0.013858968227556142,0.011139495062716432,-0.08267689425426258,-0.24758982809694663,0.013175803416812952,11185,11185
DLinear_ETTm1_h336_san_lite_s2022_shuf,ETTm1_h336_DLinear,ETTm1,DLinear,san_lite,336,2022,shuffled,observed,control,-0.017126534314832364,f_kurtosis,-0.0028513326233567207,0.007437654239131041,-0.3015410635408399,0.7630019420554089,0.9773714133509598,11185,-0.0028513326233567207,-0.005870399132916975,0.0006144984613270936,-0.007017000987165625,0.004105351285120456,0.01543578685054759,0.002062179648852662,0.00925766763649803,0.010035791450692886,-0.017126534314832364,-0.11848024760147134,-0.28238624048653427,0.00269468288293546,11185,11185
DLinear_ETTm1_h336_san_lite_s2023_det,ETTm1_h336_DLinear,ETTm1,DLinear,san_lite,336,2023,deterministic,simulated,index,0.2985687864863371,f_std,0.2985687864863371,0.102461430278175,31.574972586397056,8.146038779027401e-219,1.5085261209418581,11185,0.2985687864863371,0.286396569921123,0.1361458641642035,0.05432296410189562,0.02511945620654332,-0.0075207866846583055,-0.05277629126509972,0.037907341716732115,0.005101178947493643,0.12075506328766351,0.25107411347717173,-0.27815074297721787,0.24953267217736258,11185,11185
DLinear_ETTm1_h336_san_lite_s2023_det,ETTm1_h336_DLinear,ETTm1,DLinear,san_lite,336,2023,deterministic,simulated,defect,0.015891336804046325,f_drift,0.010865949806127942,0.009380564723237398,1.1491223556597618,0.2505055313086737,1.0767174657269394,11185,0.010865949806127942,0.007011964634685015,0.007221704160619194,-0.00939706574417317,0.014557341339215003,0.015891336804046325,-0.00027943255058626807,0.010120639172574795,0.0027126720407480262,-0.015747540979598244,-0.049210144423073386,-0.24802549238710747,0.005726707711729004,11185,11185
DLinear_ETTm1_h336_san_lite_s2023_det,ETTm1_h336_DLinear,ETTm1,DLinear,san_lite,336,2023,deterministic,simulated,control,-0.007935687752150453,f_drift,0.0071356995325127515,0.004310226981124641,0.7546318547741656,0.4504699048606401,0.9933574143872158,11185,0.0071356995325127515,0.003092816103960273,0.0013588185759429413,-0.0030216932941314607,0.00715717623140338,-0.007935687752150453,-0.0005172913737745148,0.007852951591299876,-0.0045542055879536315,-0.0004759297681171343,-0.07117601916879747,-0.22825215284237999,0.002699100784070325,11185,11185
DLinear_ETTm1_h336_san_lite_s2023_shuf,ETTm1_h336_DLinear,ETTm1,DLinear,san_lite,336,2023,shuffled,observed,index,0.2984797243619534,f_std,0.2984797243619534,0.102467750660806,31.56555387197283,1.0970181387463655e-218,1.5083107464121086,11185,0.2984797243619534,0.28632709956698266,0.13612774024646174,0.05441344384748576,0.02506174567857541,-0.0076126459630202455,-0.05275699494840814,0.03789839108400182,0.005215919447698611,0.12078380146347209,0.25884361682424617,-0.27656463662750186,0.25855925628553467,11185,11185
DLinear_ETTm1_h336_san_lite_s2023_shuf,ETTm1_h336_DLinear,ETTm1,DLinear,san_lite,336,2023,shuffled,observed,defect,-0.009545945501310372,f_absdiff,0.0012691909882331257,0.004817016887132019,0.13422257273433036,0.893226576956138,0.9943394417365099,11185,0.0012691909882331257,-0.005059046953141046,-0.009545945501310372,0.004667698506115852,0.00013591108254164933,-0.008954830802150203,-0.006872784542933476,-0.005533833053185759,-0.004149847571723676,-0.0019810798699850408,0.04842986486554903,-0.20920070715148875,-0.008115971891338888,11185,11185
DLinear_ETTm1_h336_san_lite_s2023_shuf,ETTm1_h336_DLinear,ETTm1,DLinear,san_lite,336,2023,shuffled,observed,control,-0.014774535525287407,f_absdiff,-0.010350998486518243,0.006365751207968434,-1.094663971073236,0.27366387846208395,0.9314360620879484,11185,-0.010350998486518243,-0.011356209091539211,-0.014774535525287407,-0.0005913546578584685,0.0007980150884711424,0.0013990872078922796,-0.0050627770085161184,-0.00877738859221041,0.002881901549917797,-0.0076652448714732676,0.057604363277746644,-0.23917612614357364,0.0003655418081465235,11185,11185
DLinear_ETTm1_h720_fredf_s2021_det,ETTm1_h720_DLinear,ETTm1,DLinear,fredf,720,2021,deterministic,simulated,index,0.2885975004483003,f_std,0.2885975004483003,0.09158956384883307,29.991932022830277,1.2503727253846418e-197,1.8890787504911104,10801,0.2885975004483003,0.24642920527734868,0.04477289916132755,0.021759059844131946,0.006264984065898522,-0.040699699413947986,-0.1554187490967756,-0.09109319947455152,-0.01091765701678643,0.009942684689262304,-0.08306062843514057,-1.513100883096849,0.11908422780004127,10801,10801
DLinear_ETTm1_h720_fredf_s2021_det,ETTm1_h720_DLinear,ETTm1,DLinear,fredf,720,2021,deterministic,simulated,defect,-0.009975253831021135,f_cross_corr,0.005107998329006841,0.005598346937916218,0.5308387578490065,0.5955305195537299,0.9699432601773547,10801,0.005107998329006841,0.008013750121523082,0.004771910208325402,-0.007042387996357006,0.005181473121749509,0.00644066177256605,-0.009306385293713743,-0.009975253831021135,-0.00011022897638397824,-3.341972851543375e-05,-0.050610709762981036,-1.8120789234542998,-0.01715509457873203,10801,10801
DLinear_ETTm1_h720_fredf_s2021_det,ETTm1_h720_DLinear,ETTm1,DLinear,fredf,720,2021,deterministic,simulated,control,-0.03102312573772776,f_absdiff,-0.010855231185638954,0.014093749486385674,-1.1281087164859687,0.2592740084144346,0.9797571128469101,10801,-0.010855231185638954,-0.016884209948441954,-0.03102312573772776,0.012815891390101506,0.022663003739602745,0.0036759167873176173,0.008056875567180372,0.004841881197033632,-0.014198832609502702,-0.01592252670130951,-0.0426017126899895,-1.6867266235926155,-0.00021551025322362168,10801,10801
DLinear_ETTm1_h720_none_s2021_det,ETTm1_h720_DLinear,ETTm1,DLinear,none,720,2021,deterministic,simulated,index,0.29849489822768993,f_std,0.29849489822768993,0.09795862154872895,31.020499771827613,2.8527271500872626e-211,1.9249370259769638,10801,0.29849489822768993,0.2611455688967507,0.06591601719920617,0.022627385952261672,0.007163746782674399,-0.046421189216727325,-0.1567172904399956,-0.09519664597211253,-0.00983049631863229,0.01607297648123895,-0.10082918990598738,-1.420129570963867,0.1029938810036801,10801,10801
DLinear_ETTm1_h720_none_s2021_det,ETTm1_h720_DLinear,ETTm1,DLinear,none,720,2021,deterministic,simulated,defect,0.016661590540216917,f_last_dev,-0.003753383269437443,0.008517420253934108,-0.3900630313766782,0.6964899386110857,0.9507456882724652,10801,-0.003753383269437443,-0.0033659168429435193,-0.0025425391612344836,-0.015411066192169455,-0.012397120214860679,-0.011644028156126732,0.00010985204253413205,-0.014039646315916149,0.016661590540216917,0.005249059803901577,0.1082480466905326,-1.5728702838330793,-0.0023634996678025427,10801,10801
DLinear_ETTm1_h720_none_s2021_det,ETTm1_h720_DLinear,ETTm1,DLinear,none,720,2021,deterministic,simulated,control,-0.018074968906516588,f_spec_ent,-0.0010933818350762896,0.009221067778309297,-0.11362757342550171,0.9095330284759278,0.9698533208627387,10801,-0.0010933818350762896,-0.004639760263046137,-0.008347939734588654,0.013647921244544567,-0.008553472363781376,-0.0023315708800477042,-0.018074968906516588,-0.010970834835794838,0.014464389364124386,-0.01008643835557242,0.053224282654015465,-1.6409186841630738,0.016602571202017788,10801,10801
DLinear_ETTm1_h720_revin_s2021_det,ETTm1_h720_DLinear,ETTm1,DLinear,revin,720,2021,deterministic,simulated,index,0.24579924740240008,f_std,0.24579924740240008,0.08212102934600865,25.54420709778896,6.367880128914353e-144,1.6674046094511874,10801,0.24579924740240008,0.19235858932171998,-0.022475917041756766,0.01773489874306511,-0.014459475710441446,-0.044505351661147025,-0.16743826256876615,-0.09405752877110057,-0.019277371134188342,0.0031036511055009823,-0.013144184098147408,-1.4298651504989834,0.12273667989441732,10801,10801
DLinear_ETTm1_h720_revin_s2021_det,ETTm1_h720_DLinear,ETTm1,DLinear,revin,720,2021,deterministic,simulated,defect,0.013695026781217898,f_slope,-0.00825100663775477,0.007222256609129693,-0.8574697626107591,0.3911853188033544,0.9736905902434725,10801,-0.00825100663775477,-0.0070750008063586245,-0.010050840001016647,0.013695026781217898,-0.01190339666249511,0.0017008784467729646,0.008036511187263545,-0.00021229649207840531,0.007253776875843708,0.004043832200495259,0.04196888059696894,-2.0261687102260595,-0.0038214468803920323,10801,10801
DLinear_ETTm1_h720_revin_s2021_det,ETTm1_h720_DLinear,ETTm1,DLinear,revin,720,2021,deterministic,simulated,control,-0.013077345808311934,f_cross_corr,0.007590559352954476,0.007023841646837593,0.7888340674310577,0.4302089952929774,0.9787536397757816,10801,0.007590559352954476,0.007769583149450525,0.004468951530290619,-0.0043764661767843735,0.011312365155692188,-0.005442771876360168,-0.0065427150031900985,-0.013077345808311934,0.004743444378997464,-0.004914214036344095,-0.009461767314922572,-1.8933061269627336,-0.005385701878230602,10801,10801
DLinear_ETTm1_h720_san_lite_s2021_det,ETTm1_h720_DLinear,ETTm1,DLinear,san_lite,720,2021,deterministic,simulated,index,0.2745242867858751,f_std,0.2745242867858751,0.0894721860580424,28.5294007574847,5.0603035966374585e-179,1.714247874597119,10801,0.2745242867858751,0.2175244175813661,0.00648344135044524,0.026137420413419526,-0.015333992600226956,-0.04428075559296984,-0.18786754180978274,-0.09675297678241679,-0.024609562951438325,0.0012074647124834302,0.04454165050150226,-1.1974063489987117,0.1845028834312611,10801,10801
DLinear_ETTm1_h720_san_lite_s2021_det,ETTm1_h720_DLinear,ETTm1,DLinear,san_lite,720,2021,deterministic,simulated,defect,-0.013677556836051881,f_range,-0.011016519070963224,0.006403005742743455,-1.1448702452075874,0.25226291131149825,0.9781894153288914,10801,-0.011016519070963224,-0.013677556836051881,-0.013396726512641188,0.00503183799207103,-0.00029773538238118345,0.003396036489062723,0.0055146402719097555,0.001714839031875107,-0.006761818679582599,-0.0032223471608958474,-0.08578532368550698,-1.6554268048508418,0.00026961831600735283,10801,10801
DLinear_ETTm1_h720_san_lite_s2021_det,ETTm1_h720_DLinear,ETTm1,DLinear,san_lite,720,2021,deterministic,simulated,control,0.01917928203729089,f_std,0.01917928203729089,0.010472875085736794,1.9931694564768572,0.04624289445554738,1.0387142421535733,10801,0.01917928203729089,0.01606613158107477,0.0027146698945439847,0.008068610085357919,-0.002326877225040113,-0.015028334050491945,-0.014159013876716834,-0.01861755279950991,0.005754996322571937,0.0028132829847696424,-0.024361848928845086,-1.5085385382882306,-0.009109646510976727,10801,10801
DLinear_ETTm1_h96_fredf_s2021_det,ETTm1_h96_DLinear,ETTm1,DLinear,fredf,96,2021,deterministic,simulated,index,0.2945657652032613,f_range,0.2408428852688039,0.14468311422001445,25.74203749654825,3.9580686696131945e-146,1.55696649123061,11425,0.2408428852688039,0.2945657652032613,0.24105014084054008,0.003185685452833385,0.052013189127009564,0.0555031801375961,0.10856769539262343,0.14853311610881584,0.048904815850759197,0.2536646688179016,0.29512330230088907,0.04847714365110778,0.24515057744019367,11425,11425
DLinear_ETTm1_h96_fredf_s2021_det,ETTm1_h96_DLinear,ETTm1,DLinear,fredf,96,2021,deterministic,simulated,defect,0.01772944707161185,f_cross_corr,-0.0053373060554556,0.007230652216353198,-0.5704678901215956,0.5683603945858302,1.0026327551592389,11425,-0.0053373060554556,-0.004024867850418476,-0.008121511731039172,0.009315170834692504,0.01374155991731214,0.005582651952962293,0.0020048686041767355,0.01772944707161185,0.0043932605465130704,-0.002055877599350138,-0.051372181966315066,-0.04855228926436839,-0.012450157136655949,11425,11425
DLinear_ETTm1_h96_fredf_s2021_det,ETTm1_h96_DLinear,ETTm1,DLinear,fredf,96,2021,deterministic,simulated,control,0.011659726790105959,f_cross_corr,-0.006345279446531117,0.0068882734955164155,-0.6782032247138099,0.49764284822280536,1.0027519785721177,11425,-0.006345279446531117,-0.005547242959817398,-0.004449146729227068,0.0051393129413896095,0.002874067226842417,-0.00990586278128464,-0.003691142415847757,0.011659726790105959,0.010412117098153423,0.008858836565964773,-0.0676187536037485,-0.04629473633952719,0.02474818409450479,11425,11425
DLinear_ETTm1_h96_fredf_s2021_shuf,ETTm1_h96_DLinear,ETTm1,DLinear,fredf,96,2021,shuffled,observed,index,0.2947083953756965,f_range,0.24107381942457418,0.14465034289802445,25.766720458182913,2.094063251320675e-146,1.5570229608331405,11425,0.24107381942457418,0.2947083953756965,0.24109738038757342,0.0029802532333433494,0.052041527817436685,0.055541046759386724,0.10839559194473979,0.14841915258861887,0.04871209671816326,0.2535341647307117,0.3107458789107054,0.053200042022919614,0.24533286561555726,11425,11425
DLinear_ETTm1_h96_fredf_s2021_shuf,ETTm1_h96_DLinear,ETTm1,DLinear,fredf,96,2021,shuffled,observed,defect,-0.014646251196710557,f_spec_ent,0.005970481012735931,0.0066932501337959045,0.6381436010897403,0.523380206391995,1.0070433380463133,11425,0.005970481012735931,0.00509496859594417,0.009836026116958083,-0.004463946360872243,-0.0013684320203331021,-0.0009355886248206108,-0.014646251196710557,-0.010772352446203896,-0.00560673281512802,0.008237722148252422,-0.010992217404694297,-0.03226393448178566,-0.011719846006838482,11425,11425
DLinear_ETTm1_h96_fredf_s2021_shuf,ETTm1_h96_DLinear,ETTm1,DLinear,fredf,96,2021,shuffled,observed,control,0.01806505667384213,f_drift,0.0002627354895379741,0.0064119348671010405,0.028081987208432344,0.9775967605334147,0.9972461517252653,11425,0.0002627354895379741,0.0048678231007989094,0.0003347901921661005,-0.010106046160634775,0.007334674468373794,0.01806505667384213,0.007880005829890372,0.008091961032718493,0.006016476744386297,0.0011597789786615602,0.032813223218506486,-0.017577248271395396,0.02041336963633104,11425,11425
DLinear_ETTm1_h96_fredf_s2022_det,ETTm1_h96_DLinear,ETTm1,DLinear,fredf,96,2022,deterministic,simulated,index,0.29442480316878666,f_range,0.24062427310690646,0.14466940095266695,25.718671547986037,7.227373718508264e-146,1.5571872455533813,11425,0.24062427310690646,0.29442480316878666,0.24103260426963627,0.0034192169884601376,0.05192361312555692,0.05564409511765223,0.10869579164998405,0.14862240157596837,0.04863170711811615,0.25367550340560213,0.30648653518910896,0.04915440237708257,0.23675396639972707,11425,11425
DLinear_ETTm1_h96_fredf_s2022_det,ETTm1_h96_DLinear,ETTm1,DLinear,fredf,96,2022,deterministic,simulated,defect,-0.00951984276680331,f_acf1,-0.002859086518371646,0.0052425307870665365,-0.3055880694987324,0.7599183053688112,0.9466376856259275,11425,-0.002859086518371646,-0.0003532252551301417,0.0052210714259584845,-0.004667788245557414,-0.00951984276680331,-0.007805209468301997,0.0009527774380859353,-0.006521130117175239,0.007548179105288734,0.006976997529992465,-0.0004989650484993103,-0.017042890762250407,-0.025473180791608374,11425,11425
DLinear_ETTm1_h96_fredf_s2022_det,ETTm1_h96_DLinear,ETTm1,DLinear,fredf,96,2022,deterministic,simulated,control,0.010575058561942869,f_acf1,0.0046937379154858745,0.005793728619888126,0.5016813234260737,0.6158917041248492,1.0168423106864672,11425,0.0046937379154858745,0.007645902372546313,-0.00027723845103024946,-0.005570185200605934,0.010575058561942869,0.006270835952746563,0.010398614579163913,0.0041595406358810654,-0.0010629868189450176,0.00728318571053346,-0.02939655437285866,-0.0366677982051824,-0.02040756704414946,11425,11425
DLinear_ETTm1_h96_fredf_s2022_shuf,ETTm1_h96_DLinear,ETTm1,DLinear,fredf,96,2022,shuffled,observed,index,0.294464440703675,f_range,0.24068682576956013,0.14465458149282323,25.725357371342383,6.083886575116957e-146,1.5566492322167669,11425,0.24068682576956013,0.294464440703675,0.24102716010787367,0.003295656018577079,0.051969032575843295,0.05546451367968949,0.10866881433283425,0.14855081649013838,0.04867102583447402,0.253747529415567,0.2941081680066425,0.04587043331105356,0.2201510607370689,11425,11425
DLinear_ETTm1_h96_fredf_s2022_shuf,ETTm1_h96_DLinear,ETTm1,DLinear,fredf,96,2022,shuffled,observed,defect,-0.012144391485601034,f_acf1,-0.003352791026097939,0.003825130855891917,-0.3583567445456233,0.7200763578458097,0.9810675185104951,11425,-0.003352791026097939,-0.007184707554890145,-0.0006560298108423678,0.004844251576592019,-0.012144391485601034,0.00304969550148527,-0.00199612962624149,-0.0014479624766458822,-0.0004274927459219084,0.0031478567546011234,0.16802054733735497,0.014647630850103233,0.008196200564677136,11425,11425
DLinear_ETTm1_h96_fredf_s2022_shuf,ETTm1_h96_DLinear,ETTm1,DLinear,fredf,96,2022,shuffled,observed,control,-0.01924592167733254,f_acf1,0.00502739257898312,0.011729627169675474,0.5373433727702268,0.5910304508365052,1.040687924671947,11425,0.00502739257898312,0.008031747419633103,0.01851683501196297,0.009391955439789984,-0.01924592167733254,0.003240326141970013,-0.01658804169661384,-0.015320540787484169,-0.014753612252720143,0.007179898690264864,-0.10533612657332637,-0.0791344872918347,0.028136417218098262,11425,11425
DLinear_ETTm1_h96_fredf_s2023_det,ETTm1_h96_DLinear,ETTm1,DLinear,fredf,96,2023,deterministic,simulated,index,0.2943488058856923,f_range,0.24053982205978977,0.14463523478827586,25.709645157112693,9.118740950618303e-146,1.5567011549078293,11425,0.24053982205978977,0.2943488058856923,0.24105219985028623,0.002557064623906414,0.05200101183531839,0.055759626920652,0.10884975651959082,0.14873664854553584,0.04882608110310178,0.2536813305388851,0.30002466807120465,0.0367110206066068,0.23408768099005967,11425,11425
DLinear_ETTm1_h96_fredf_s2023_det,ETTm1_h96_DLinear,ETTm1,DLinear,fredf,96,2023,deterministic,simulated,defect,0.012332096083305918,f_drift,-0.0033854347583229254,0.0042414286243013695,-0.36184580828950347,0.7174672582659477,1.0297835663744215,11425,-0.0033854347583229254,-0.002524485613137825,-0.00179603382593274,-0.006630097126547974,0.0005767957873935299,0.012332096083305918,0.0040306718485055605,-0.0013435909511453647,-0.0071390682425902996,-0.002656012006131551,0.06515365506933345,-0.004105945225777896,0.006962984178444594,11425,11425
DLinear_ETTm1_h96_fredf_s2023_det,ETTm1_h96_DLinear,ETTm1,DLinear,fredf,96,2023,deterministic,simulated,control,-0.02302428531263614,f_spec_ent,0.020462071501570967,0.010045186984028735,2.187049915394443,0.028738880298318406,1.0234466965885665,11425,0.020462071501570967,0.014018245002108647,-0.005503360315854034,0.0038122276830548424,-0.001438678892464394,-0.0026664043439679035,-0.02302428531263614,-0.009655590648217024,0.0017053408953763055,-0.01816566524503707,-0.04641377172207577,-0.04723773269811149,0.018193907053013464,11425,11425
DLinear_ETTm1_h96_fredf_s2023_shuf,ETTm1_h96_DLinear,ETTm1,DLinear,fredf,96,2023,shuffled,observed,index,0.2942475883541387,f_range,0.24039017162131843,0.14465731720466896,25.693650052278247,1.37639486387807e-145,1.5573114792614262,11425,0.24039017162131843,0.2942475883541387,0.24092229545590646,0.0027791742949633998,0.051964714482015735,0.05588041693767474,0.1089679805025807,0.14880749776571403,0.04879920469755972,0.25381412793481745,0.3051531008458702,0.041866972244463896,0.240137207762024,11425,11425
DLinear_ETTm1_h96_fredf_s2023_shuf,ETTm1_h96_DLinear,ETTm1,DLinear,fredf,96,2023,shuffled,observed,defect,-0.021148941334263257,f_absdiff,-0.012533140465297358,0.011146931551007513,-1.3395810777100852,0.18038157903119423,1.083463284606058,11425,-0.012533140465297358,-0.01535142074066702,-0.021148941334263257,-3.3410706365308583e-06,0.013583932293937073,0.003911244004606064,0.021098621840474795,0.013280005772354256,-0.0019461033104145734,-0.008612564677424193,0.025974026972144494,-0.02453426510736567,0.01676234059380747,11425,11425
DLinear_ETTm1_h96_fredf_s2023_shuf,ETTm1_h96_DLinear,ETTm1,DLinear,fredf,96,2023,shuffled,observed,control,-0.022993238360074844,f_slope,-0.0014167358157050835,0.007444284716887362,-0.15142513531126095,0.8796403629621727,1.0028011486110657,11425,-0.0014167358157050835,-0.0010701469491480595,-0.00015400606419477926,-0.022993238360074844,-0.01631287967531394,-0.0010824793226117742,-0.004046721841994672,0.0062386484507463025,0.013047679300157568,0.008080311388926587,-0.033937041668777077,-0.04536190871705448,0.035358825179502285,11425,11425
DLinear_ETTm1_h96_none_s2021_det,ETTm1_h96_DLinear,ETTm1,DLinear,none,96,2021,deterministic,simulated,index,0.31316553999572544,f_range,0.27121120266288595,0.13597573012364725,28.987897818280562,9.349061180030893e-185,1.6128907706475974,11425,0.27121120266288595,0.31316553999572544,0.24106860982068679,0.0068603884798514175,0.037834868993006636,0.031869653014504076,0.06947884256181203,0.11807990495230072,0.03734723402252588,0.2328410567331735,0.3292664610304642,0.06552352549962215,0.22398474289667716,11425,11425
DLinear_ETTm1_h96_none_s2021_det,ETTm1_h96_DLinear,ETTm1,DLinear,none,96,2021,deterministic,simulated,defect,-0.01871710437337066,f_absdiff,-0.005922484207396302,0.010168883480138278,-0.6330135530860873,0.5267247924836643,0.9984674020054726,11425,-0.005922484207396302,-0.009677260168019019,-0.01871710437337066,-0.005759499267826954,0.015598984615657768,0.00867499950835542,0.004436481841407042,-0.01119372350087811,-0.013876431382773688,-0.007831865935697837,-0.020105018082813318,-0.039689409905894646,0.015413975644341243,11425,11425
DLinear_ETTm1_h96_none_s2021_det,ETTm1_h96_DLinear,ETTm1,DLinear,none,96,2021,deterministic,simulated,control,-0.017799137633766372,f_slope,-0.004820335886934054,0.008239180807982612,-0.5152125088059897,0.606404528930565,0.9647621956937232,11425,-0.004820335886934054,-0.007740156629191986,-0.016885789886769288,-0.017799137633766372,0.002361620955585312,-0.00934624164514046,0.0033752084703017925,-0.0025778025688411726,0.007815912167505386,-0.009669602235790288,0.0250526514348323,-0.027438745715548274,0.0013998874683944311,11425,11425
DLinear_ETTm1_h96_none_s2021_shuf,ETTm1_h96_DLinear,ETTm1,DLinear,none,96,2021,shuffled,observed,index,0.31361094036032133,f_range,0.2720688397233959,0.13585364073559514,29.07956473775562,6.509603212768315e-186,1.6121625776810875,11425,0.2720688397233959,0.31361094036032133,0.24077885305023317,0.0024970047724240433,0.03956577154696866,0.033179395105562996,0.069804007647657,0.11886817821151432,0.03667734585955227,0.23148607107832173,0.32544632034748433,0.06467190361873099,0.2674077267747183,11425,11425
DLinear_ETTm1_h96_none_s2021_shuf,ETTm1_h96_DLinear,ETTm1,DLinear,none,96,2021,shuffled,observed,defect,-0.008797543286786098,f_kurtosis,-0.005232306806347528,0.004613242770128144,-0.5592452434379175,0.5759943595547662,0.9312969912725787,11425,-0.005232306806347528,-0.006763518370303896,-0.0030553295162502585,-0.0032001266485886092,-0.004477488026786952,-0.0006487701326158897,-0.008740033412270665,-0.0026893544813138505,-0.0025279570200176875,-0.008797543286786098,0.021447772457363186,-0.034942158806405166,-0.002536673227057507,11425,11425
DLinear_ETTm1_h96_none_s2021_shuf,ETTm1_h96_DLinear,ETTm1,DLinear,none,96,2021,shuffled,observed,control,0.014961737083248043,f_spec_ent,-0.002270146470486733,0.005414227380295543,-0.24264032338220612,0.8082840409467559,1.072205280882414,11425,-0.002270146470486733,-0.004056489549308387,-0.00894185437627911,0.00014426921482243673,0.007292614789359881,-0.003304246717761615,0.014961737083248043,0.008804933718297183,-0.001366082749955685,-0.0029998991334363612,0.013356951873682918,-0.044736330818097914,0.01218504344422639,11425,11425
DLinear_ETTm1_h96_none_s2022_det,ETTm1_h96_DLinear,ETTm1,DLinear,none,96,2022,deterministic,simulated,index,0.31211395495155503,f_range,0.26745648747070966,0.13936899514478968,28.586582167382318,9.865343381022275e-180,1.6003450849930456,11425,0.26745648747070966,0.31211395495155503,0.2444107295141346,0.005422318743486855,0.04443054609967817,0.03649837233896672,0.0779425851357147,0.12608093953051655,0.04230231165576263,0.23703170600737192,0.31397274161750177,0.05070669449835041,0.24574668743917835,11425,11425
DLinear_ETTm1_h96_none_s2022_det,ETTm1_h96_DLinear,ETTm1,DLinear,none,96,2022,deterministic,simulated,defect,0.018307644674367206,f_drift,0.004692544439191645,0.009105787447670205,0.5015537609635871,0.6159814520325005,1.0363534108235557,11425,0.004692544439191645,0.002747850838733465,-0.0012797901047969993,-0.009976946383440474,0.013682334715999774,0.018307644674367206,-0.006567712458451811,0.016403676016903065,0.0028760042013262358,-0.014523370643491377,-0.10210965141610732,-0.060759989715601925,0.004149308571029731,11425,11425
DLinear_ETTm1_h96_none_s2022_det,ETTm1_h96_DLinear,ETTm1,DLinear,none,96,2022,deterministic,simulated,control,-0.013178924330299891,f_slope,0.004203466169484663,0.007239547681520327,0.44927955264104286,0.6532300061441427,0.9945531950318308,11425,0.004203466169484663,0.0017430902434951725,0.010061749505849583,-0.013178924330299891,-0.0019249976839769804,0.011286399839026929,-0.00850410751717322,0.005194992873512306,-0.009969714900519398,-0.00632803375186512,0.01596572816308074,-0.03333170955007758,-0.0016252897753170196,11425,11425
DLinear_ETTm1_h96_none_s2022_shuf,ETTm1_h96_DLinear,ETTm1,DLinear,none,96,2022,shuffled,observed,index,0.312833054922421,f_range,0.2682849722273829,0.13872485555421687,28.67513319785099,7.7930766769363e-181,1.5994519672723422,11425,0.2682849722273829,0.312833054922421,0.24483458710066916,0.0075764110455347885,0.04235209214350984,0.03293013213745894,0.07551696894741713,0.12338647171329724,0.04237959865426677,0.23715426665021097,0.3145976974389458,0.05586058403255911,0.24554103649158426,11425,11425
DLinear_ETTm1_h96_none_s2022_shuf,ETTm1_h96_DLinear,ETTm1,DLinear,none,96,2022,shuffled,observed,defect,-0.011023826814194634,f_slope,-0.0007691802012847784,0.005708478478551195,-0.08221237493055394,0.9344778329873638,0.9789919704454898,11425,-0.0007691802012847784,-0.004837334979673197,-0.005005701723068767,-0.011023826814194634,0.009657415163328017,-0.0026282586577904684,-0.004626579209301341,0.004936918552250997,-0.007601254371800375,-0.005998315112819372,0.06689674681888498,-0.018756932577883134,0.0038738240541714535,11425,11425
DLinear_ETTm1_h96_none_s2022_shuf,ETTm1_h96_DLinear,ETTm1,DLinear,none,96,2022,shuffled,observed,control,0.020544305019607408,f_absdiff,0.008000147598533394,0.009713892614079612,0.8550806856076235,0.39250648133446375,1.0490043557628272,11425,0.008000147598533394,0.008869372022509847,0.020544305019607408,0.00647898578584882,-0.007683764113365884,-0.0019515780527734731,-0.008362439457530747,-0.012187540930179125,0.01380185348843447,-0.009258939672012939,0.05012374187479544,-0.026946135797319082,0.013962458303290725,11425,11425
DLinear_ETTm1_h96_none_s2023_det,ETTm1_h96_DLinear,ETTm1,DLinear,none,96,2023,deterministic,simulated,index,0.3133941458949983,f_range,0.27140155767042734,0.13589834785969773,29.00824355420013,5.178880309674235e-185,1.610768031137698,11425,0.27140155767042734,0.3133941458949983,0.24114067368790768,0.0074313980710443706,0.038437871700177845,0.03342045336205132,0.06896922142084355,0.11792152640756998,0.03492987556535127,0.23193675481660553,0.32538421588716493,0.059164216400954706,0.24990115815167183,11425,11425
DLinear_ETTm1_h96_none_s2023_det,ETTm1_h96_DLinear,ETTm1,DLinear,none,96,2023,deterministic,simulated,defect,0.015671057797527314,f_absdiff,0.008387778814547251,0.008015429846605627,0.8965119169530064,0.3699794185173825,1.0129866007931012,11425,0.008387778814547251,0.015252687215846255,0.015671057797527314,0.014940575226886112,-0.005754749888611615,0.003191949005799875,0.0015809252313230288,0.0007541463047565053,0.0010938238794017566,0.013526605101356552,0.06916195240897456,-0.014972689318829335,0.010316427328429089,11425,11425
DLinear_ETTm1_h96_none_s2023_det,ETTm1_h96_DLinear,ETTm1,DLinear,none,96,2023,deterministic,simulated,control,-0.01777037678243464,f_spec_ent,0.009243540264537659,0.007449258395873794,0.9879783653355984,0.3231632438544201,1.0325382083937573,11425,0.009243540264537659,0.003707502435764404,0.009606974853960677,-0.001127139289837196,-0.004075147604770266,0.007199426297286098,-0.01777037678243464,-0.00011138577424723008,-0.012795608171930027,-0.008855482483969735,0.044131654466775624,-0.02724074768431972,-0.003976000931053135,11425,11425
DLinear_ETTm1_h96_none_s2023_shuf,ETTm1_h96_DLinear,ETTm1,DLinear,none,96,2023,shuffled,observed,index,0.31261773631209344,f_range,0.26793984690368045,0.1387348921331793,28.6382451286276,2.245716670387685e-180,1.5998316720784558,11425,0.26793984690368045,0.31261773631209344,0.24461018817382865,0.007382874901080581,0.04239271170557553,0.03333182240582312,0.07585853522867568,0.12361544061882251,0.04223162151994298,0.23736814356227015,0.3163166234407322,0.05634986618324589,0.24057488139014205,11425,11425
DLinear_ETTm1_h96_none_s2023_shuf,ETTm1_h96_DLinear,ETTm1,DLinear,none,96,2023,shuffled,observed,defect,-0.01129287675994684,f_range,-0.011069388556242747,0.006630895461138225,-1.183130715946343,0.23675734620869837,0.9425436517104498,11425,-0.011069388556242747,-0.01129287675994684,0.005656431565807699,-0.006135736140649359,-0.0066199896626322995,-0.001336360272898149,0.008899602640872176,0.0019562455678015646,0.007019751928619394,-0.006322571515912019,0.11144577755198609,0.0018691294764938693,0.009292250432374048,11425,11425
DLinear_ETTm1_h96_none_s2023_shuf,ETTm1_h96_DLinear,ETTm1,DLinear,none,96,2023,shuffled,observed,control,-0.007928963520442863,f_spec_ent,-0.0046916626399866376,0.004572753711381772,-0.5014595115188738,0.616047765905998,0.967104630117487,11425,-0.0046916626399866376,-0.0036168248936624316,-0.006155327629699814,0.003803134626346182,-0.003372040353294714,-0.005386578215415216,-0.007928963520442863,-0.0036993130701380916,-0.0011003225379850737,0.005973369626846694,-0.02658291195674498,-0.03667833836136292,-0.03010013240534561,11425,11425
DLinear_ETTm1_h96_revin_s2021_det,ETTm1_h96_DLinear,ETTm1,DLinear,revin,96,2021,deterministic,simulated,index,0.28377470900127016,f_range,0.23287364861618962,0.14173916399178318,24.890260669088708,9.485307604143712e-137,1.4480282326266414,11425,0.23287364861618962,0.28377470900127016,0.22884941047784912,0.02011547779435303,0.05920003997423426,0.038926697367417225,0.10624440378267383,0.13684832015216078,0.05826846788418266,0.2522904648675014,0.3041384465417785,0.06054460108558335,0.2102683794247153,11425,11425
DLinear_ETTm1_h96_revin_s2021_det,ETTm1_h96_DLinear,ETTm1,DLinear,revin,96,2021,deterministic,simulated,defect,-0.014619935614321997,f_range,-0.010441214470759148,0.006414039535107071,-1.115989513727183,0.2644266232632573,0.9849132326382829,11425,-0.010441214470759148,-0.014619935614321997,-0.014558753709381209,0.01001219151424861,-0.0021985739807143844,-0.003939368249121162,0.002097575535283609,0.002691569244657886,-0.000786196559729754,-0.00279501647285296,-0.09241683834103046,-0.04896515996884143,-0.0039665180697755365,11425,11425
DLinear_ETTm1_h96_revin_s2021_det,ETTm1_h96_DLinear,ETTm1,DLinear,revin,96,2021,deterministic,simulated,control,-0.02482829203949642,f_spec_ent,0.006405475253414878,0.006525973948807083,0.6846371399868614,0.4935729245279673,1.052602819291026,11425,0.006405475253414878,0.0026030635394714684,-0.009242914963079081,0.00118399633144694,0.008232348702613645,0.004147026420760293,-0.02482829203949642,-0.0005819846922162421,0.003505344223620232,-0.004529293321951627,0.0060416783732864,-0.032650011064010886,0.0004127336329542541,11425,11425
DLinear_ETTm1_h96_revin_s2021_shuf,ETTm1_h96_DLinear,ETTm1,DLinear,revin,96,2021,shuffled,observed,index,0.28373081598154254,f_range,0.23268906442676043,0.1417235371912354,24.870531736177725,1.5508652755214073e-136,1.4448216059811767,11425,0.23268906442676043,0.28373081598154254,0.22890033463322682,0.015483196081645821,0.06034734610921757,0.03914163550671053,0.10765087759123489,0.1383068262464838,0.058677885032692084,0.2523073903028396,0.3091084844291433,0.065768808757381,0.2608569544046578,11425,11425
DLinear_ETTm1_h96_revin_s2021_shuf,ETTm1_h96_DLinear,ETTm1,DLinear,revin,96,2021,shuffled,observed,defect,-0.009147930565292213,f_kurtosis,-0.006166342090574323,0.005057016391018784,-0.6590778429470534,0.5098457830183859,0.9303845390801828,11425,-0.006166342090574323,-0.007872295188077076,-0.003550036353186567,-0.0017949616642035278,-0.004896860538341109,-0.004141703543995282,-0.007141297308850008,-0.004621891796901137,-0.0012368448607666003,-0.009147930565292213,-0.005070781229482071,-0.04064721609600652,-0.010877394297062271,11425,11425
DLinear_ETTm1_h96_revin_s2021_shuf,ETTm1_h96_DLinear,ETTm1,DLinear,revin,96,2021,shuffled,observed,control,0.011706532150258657,f_range,0.008674301968188254,0.006270979866490896,0.9271364037690647,0.3538557171968366,1.03246310692439,11425,0.008674301968188254,0.011706532150258657,0.008464985303113579,-2.1188381750804885e-05,-0.0018854511524442185,-0.006717946974728425,-0.004642466552760177,-0.011033135741101947,-0.008201934752687674,-0.0013618556878752265,-0.012703816036047836,-0.03513008914777993,0.006730344854426256,11425,11425
DLinear_ETTm1_h96_revin_s2022_det,ETTm1_h96_DLinear,ETTm1,DLinear,revin,96,2022,deterministic,simulated,index,0.2832998506535381,f_range,0.23187287511707022,0.14208468127412296,24.783294881367265,1.3573744080976823e-135,1.4520517299861881,11425,0.23187287511707022,0.2832998506535381,0.2286670924981966,0.018186977407622557,0.06006978422104742,0.04107197852560989,0.10847460541076226,0.13892217351055908,0.057619441994296985,0.2526620334025267,0.3024712407057082,0.04057794718544527,0.28043462095654226,11425,11425
DLinear_ETTm1_h96_revin_s2022_det,ETTm1_h96_DLinear,ETTm1,DLinear,revin,96,2022,deterministic,simulated,defect,-0.020644287063963866,f_slope,0.008971766781205877,0.00877300298100483,0.9589303692086376,0.3375938243894563,0.990500069834389,11425,0.008971766781205877,0.007827847999149488,0.009825318376431613,-0.020644287063963866,-0.007318444701667787,0.010834441257074253,-0.00949141699201533,0.004913725443618958,0.0030627044298303994,-0.00484007676509072,0.02780293711888606,-0.010385988917434474,-0.003590073187345383,11425,11425
DLinear_ETTm1_h96_revin_s2022_det,ETTm1_h96_DLinear,ETTm1,DLinear,revin,96,2022,deterministic,simulated,control,0.021098385756800255,f_std,0.021098385756800255,0.011434045439473538,2.2550611643022895,0.024129489862873697,1.029623890844275,11425,0.021098385756800255,0.017205320626640548,0.002223137430038999,0.00682047073835612,0.01796384867038162,0.009213791121148427,-0.006984145891579568,0.005791563833663575,-0.012500760078281265,-0.014539030247844986,-0.01952582933722986,-0.03102660175392269,-0.012597501356907067,11425,11425
DLinear_ETTm1_h96_revin_s2022_shuf,ETTm1_h96_DLinear,ETTm1,DLinear,revin,96,2022,shuffled,observed,index,0.2850970933506128,f_range,0.2347749478013761,0.1413755004309638,25.093477446128237,5.859367185004301e-139,1.4473099545417527,11425,0.2347749478013761,0.2850970933506128,0.2300275026186554,0.019343895444509963,0.058825479084482116,0.03618259608256303,0.10421191464778588,0.1352848653014354,0.059265285552366306,0.25074142442585134,0.3091974924936676,0.05642775014000001,0.2494358837436818,11425,11425
DLinear_ETTm1_h96_revin_s2022_shuf,ETTm1_h96_DLinear,ETTm1,DLinear,revin,96,2022,shuffled,observed,defect,-0.010876018099680501,f_drift,0.0033715194041089524,0.004473651680223331,0.3603584919024985,0.7185790630197639,0.9772916119356205,11425,0.0033715194041089524,-0.00280520974716608,-0.00427367853782481,0.004006615343243789,-0.004466711886113204,-0.010876018099680501,0.005820733827007497,0.001977244838279547,0.001945745200339328,-0.005193039918469601,0.009285579331526378,-0.026307336482212396,0.013073155838259045,11425,11425
DLinear_ETTm1_h96_revin_s2022_shuf,ETTm1_h96_DLinear,ETTm1,DLinear,revin,96,2022,shuffled,observed,control,-0.01189693796931512,f_last_dev,-0.004281242904656942,0.005225689015471478,-0.45759257227178396,0.6472451808702546,0.9741160519944374,11425,-0.004281242904656942,-0.0017281429196383087,-0.002283822985445195,0.010977159171024462,0.0036584011023851172,-0.00024645801452242863,0.006961248181860711,0.008588117859670072,-0.01189693796931512,0.0016353590461964274,0.06820551433198492,-0.01709839437495919,0.0224026934619745,11425,11425
DLinear_ETTm1_h96_revin_s2023_det,ETTm1_h96_DLinear,ETTm1,DLinear,revin,96,2023,deterministic,simulated,index,0.28514639678495723,f_range,0.23448259956039055,0.14146466121250267,25.062230355839063,1.2844216678727606e-138,1.450253883856053,11425,0.23448259956039055,0.28514639678495723,0.22956942988734705,0.018247656087122144,0.05927411746006892,0.03752655855317653,0.10516730317580335,0.13562928398630822,0.05823250841177581,0.2513707582180769,0.31064293348333744,0.05218559510024834,0.23487323325284948,11425,11425
DLinear_ETTm1_h96_revin_s2023_det,ETTm1_h96_DLinear,ETTm1,DLinear,revin,96,2023,deterministic,simulated,defect,-0.01017616697864601,f_last_dev,0.0051107535606452,0.005874099223003954,0.5462532540536176,0.5848918642268446,0.9295539478986454,11425,0.0051107535606452,0.0029343318405148037,0.004227591010482258,-0.0063134240521014245,0.009253885847483297,0.006882116173213928,0.004460551587255152,0.0037665052542753003,-0.01017616697864601,-0.005615665925422162,-0.007159848808316538,-0.03218613603849585,-0.006852330690116387,11425,11425
DLinear_ETTm1_h96_revin_s2023_det,ETTm1_h96_DLinear,ETTm1,DLinear,revin,96,2023,deterministic,simulated,control,-0.01945432989307518,f_drift,-0.015079926011312549,0.009892964956315479,-1.6117894468633591,0.10700776539527256,0.9407091088701387,11425,-0.015079926011312549,-0.01588492056952148,-0.007617455565092599,-0.002592318119218864,-0.002971436444720574,-0.01945432989307518,0.015271529627263854,-0.0008563767778084427,0.014747450123016108,0.004453906432125138,-0.03903279085215407,-0.04290562865243408,0.009475116346400261,11425,11425
DLinear_ETTm1_h96_revin_s2023_shuf,ETTm1_h96_DLinear,ETTm1,DLinear,revin,96,2023,shuffled,observed,index,0.2847851871267993,f_range,0.23391437762753534,0.14159994790697755,25.001497026367463,5.888466085360826e-138,1.450396715261063,11425,0.23391437762753534,0.2847851871267993,0.2292249206739852,0.01859188825288007,0.059521957241669136,0.03774735979430198,0.10587343280856436,0.13618376321034847,0.05834953325029048,0.25180705908340095,0.3209913693435868,0.07019289314602217,0.25128627876671317,11425,11425
DLinear_ETTm1_h96_revin_s2023_shuf,ETTm1_h96_DLinear,ETTm1,DLinear,revin,96,2023,shuffled,observed,defect,-0.011066827632217382,f_drift,0.0001707725353548445,0.0035068415084676834,0.018252700317796897,0.9854372608509148,0.9403197676424268,11425,0.0001707725353548445,-0.0018184310622923671,-0.003205361431170901,-0.00142979915526551,-0.009172895926370833,-0.011066827632217382,-0.0017764720168722333,-0.0017757113834472947,0.0009992228099195213,0.0036529211317659497,0.003901356987309381,-0.023935048376551027,-0.0027798741800320378,11425,11425
DLinear_ETTm1_h96_revin_s2023_shuf,ETTm1_h96_DLinear,ETTm1,DLinear,revin,96,2023,shuffled,observed,control,0.014788513145722208,f_std,0.014788513145722208,0.008827824326028149,1.580642332408927,0.11395984081695529,1.034595949466772,11425,0.014788513145722208,0.012393819814115168,0.005668742644474707,-0.0027424326727756767,0.005275441334620757,0.013469233889991768,-0.014691865117006809,-0.008247275378144979,-0.0064842119886815265,0.004516707274747875,0.03452391203513173,-0.01628125163233518,-0.010190987591186916,11425,11425
DLinear_ETTm1_h96_san_lite_s2021_det,ETTm1_h96_DLinear,ETTm1,DLinear,san_lite,96,2021,deterministic,simulated,index,0.3598441168170341,f_range,0.3377102768819192,0.14361243366418677,36.0955259307803,2.6658662708828845e-285,1.653821629118782,11425,0.3377102768819192,0.3598441168170341,0.26030489675167573,0.06577043405996731,0.07293523992031918,0.016744571964224353,0.003265323001435558,0.10296509983368915,0.03753824104685141,0.1790461363647518,0.3974326675910061,0.1677690547787315,0.3402505746081494,11425,11425
DLinear_ETTm1_h96_san_lite_s2021_det,ETTm1_h96_DLinear,ETTm1,DLinear,san_lite,96,2021,deterministic,simulated,defect,0.026510484697784137,f_slope,0.01001513249166639,0.008281902565278226,1.070448545098744,0.28441745809915076,1.0523660635600605,11425,0.01001513249166639,0.001503941903096365,0.0021746039443624092,0.026510484697784137,0.006096072704075788,-0.010037904292340014,0.003271764871116413,-0.0017428464460413182,-0.008580303360046504,-0.012885970942252932,0.1150090172584553,0.026899557336879987,-0.0003948680814826794,11425,11425
DLinear_ETTm1_h96_san_lite_s2021_det,ETTm1_h96_DLinear,ETTm1,DLinear,san_lite,96,2021,deterministic,simulated,control,-0.014855127596046276,f_drift,-0.014550259392239782,0.009044177049961235,-1.5551770293795564,0.11990391344573591,0.9494778005835048,11425,-0.014550259392239782,-0.010106109305462265,-0.006569917734815667,0.006807585236802086,-0.004748107731707898,-0.014855127596046276,0.013909662352343782,0.0010684340720558986,0.008620142908640922,0.009206424169497764,-0.09411445626291237,-0.038956262285487764,-0.014345670182919025,11425,11425
DLinear_ETTm1_h96_san_lite_s2021_shuf,ETTm1_h96_DLinear,ETTm1,DLinear,san_lite,96,2021,shuffled,observed,index,0.35994300696248205,f_range,0.3378594274979348,0.14362760834922952,36.11146761303436,1.4986095410722733e-285,1.6538885792028908,11425,0.3378594274979348,0.35994300696248205,0.2603834011865602,0.06566441795776583,0.07301156969939625,0.016758151304397163,0.0031955140134357425,0.10299713118760581,0.03757214721897952,0.17889131646373765,0.39828284976017,0.1704028959892473,0.3347197207237241,11425,11425
DLinear_ETTm1_h96_san_lite_s2021_shuf,ETTm1_h96_DLinear,ETTm1,DLinear,san_lite,96,2021,shuffled,observed,defect,-0.013020770925942792,f_spec_ent,0.008880525450537002,0.007412632916262629,0.9491782116861444,0.34252998113610666,1.0227796734265764,11425,0.008880525450537002,0.007149609412187823,0.00726437941334491,-0.003487559619711121,0.0043276154949863505,0.006027390643061076,-0.013020770925942792,-0.00503474259640594,-0.011460284213163236,0.007473451393286029,-0.08096563031924733,-0.03323979469507399,-0.0033323455175911223,11425,11425
DLinear_ETTm1_h96_san_lite_s2021_shuf,ETTm1_h96_DLinear,ETTm1,DLinear,san_lite,96,2021,shuffled,observed,control,0.02044688829632521,f_last_dev,-0.006240761987856404,0.009940350244350589,-0.6670320732918131,0.504751646697074,1.0264748666705297,11425,-0.006240761987856404,-0.0010956066292399438,0.0015332503384003267,0.0014898345772621792,0.004910405338438513,0.019407466431948555,0.014650637195394159,0.012219798600500088,0.02044688829632521,0.017408853048140504,0.027365673697330183,-0.004487859390076343,0.007627954077871805,11425,11425
DLinear_ETTm1_h96_san_lite_s2022_det,ETTm1_h96_DLinear,ETTm1,DLinear,san_lite,96,2022,deterministic,simulated,index,0.35984846374873886,f_range,0.3377065734606393,0.14366241477608982,36.09513009758246,2.7042584607562353e-285,1.653784489101173,11425,0.3377065734606393,0.35984846374873886,0.26035788371879554,0.06613226397134703,0.07283081759259392,0.016796380465970626,0.0032435818059267808,0.10296009722383749,0.03764158750742611,0.1791064982656228,0.3921349271350497,0.17167699317468632,0.3310765856148421,11425,11425
DLinear_ETTm1_h96_san_lite_s2022_det,ETTm1_h96_DLinear,ETTm1,DLinear,san_lite,96,2022,deterministic,simulated,defect,-0.009361611861529904,f_spec_ent,0.006142617950376187,0.005625392275821736,0.6565421329721783,0.5114753676776143,1.0021619634725367,11425,0.006142617950376187,0.007042054452999191,0.0037361466127805005,-0.006566042538553409,0.003840323249465591,-0.00331098754291701,-0.009361611861529904,0.004926549300164153,-0.00860992793409057,-0.0027176613153408503,0.06271373381094893,0.003180296406009253,-0.0003563983517730588,11425,11425
DLinear_ETTm1_h96_san_lite_s2022_det,ETTm1_h96_DLinear,ETTm1,DLinear,san_lite,96,2022,deterministic,simulated,control,0.008438722555954433,f_spec_ent,-0.006395962497952783,0.0050837221454234395,-0.6836203870629481,0.49421490761709974,0.978490639721774,11425,-0.006395962497952783,-0.005520251197816235,-0.007584171118034383,0.0022541161911611733,0.001493044118105444,-0.007095867687998026,0.008438722555954433,-0.001647292175863613,-0.005648151670680319,0.004759642240667987,-0.061046892525867466,-0.039006824031482035,-0.0037650189029467883,11425,11425
DLinear_ETTm1_h96_san_lite_s2022_shuf,ETTm1_h96_DLinear,ETTm1,DLinear,san_lite,96,2022,shuffled,observed,index,0.359850049840765,f_range,0.33775831888437735,0.14360660574545478,36.10066080959271,2.214502325034922e-285,1.653489240445184,11425,0.33775831888437735,0.359850049840765,0.2603332527700458,0.06603646790863603,0.07284086720526439,0.016575449055051147,0.0031294487762625694,0.10281946731474824,0.03768845022838409,0.17903428547101305,0.39787201292375385,0.16666431981552432,0.34242515363765386,11425,11425
DLinear_ETTm1_h96_san_lite_s2022_shuf,ETTm1_h96_DLinear,ETTm1,DLinear,san_lite,96,2022,shuffled,observed,defect,-0.010115418844852425,f_last_dev,-9.708507621913063e-05,0.0035028924181554595,-0.010376755242733423,0.991720695782701,0.9871734303240485,11425,-9.708507621913063e-05,-0.0042411300488091426,-0.0010541913618938132,0.005899356666502211,-0.00584664001699461,0.0008506419752990563,0.0003850790042539083,-0.0020816643255454712,-0.010115418844852425,0.004457716861184823,0.1757207276804144,0.03534581661430536,0.019790688500051855,11425,11425
DLinear_ETTm1_h96_san_lite_s2022_shuf,ETTm1_h96_DLinear,ETTm1,DLinear,san_lite,96,2022,shuffled,observed,control,0.02873876595146074,f_slope,-0.007322237601182964,0.008563466665387978,-0.78262355426408,0.4338482054870182,0.9651971142732888,11425,-0.007322237601182964,-0.005987352439888256,0.002893028566167051,0.02873876595146074,-0.00473890469403063,0.007105399027090564,0.006747172690701217,0.01258348751065675,-0.00789550280029939,-0.00162281537240221,-0.04541540450435406,-0.01593729726248494,-0.0005565896532994472,11425,11425
DLinear_ETTm1_h96_san_lite_s2023_det,ETTm1_h96_DLinear,ETTm1,DLinear,san_lite,96,2023,deterministic,simulated,index,0.3598505505917069,f_range,0.33778460000463106,0.14351727666021707,36.10346981755766,2.00078382606395e-285,1.6538285347121617,11425,0.33778460000463106,0.3598505505917069,0.2603629603155988,0.06483206320881924,0.07286430886514107,0.016804524276763367,0.003216718532618817,0.10292235592314697,0.037625349351908435,0.178909335531836,0.4047005253257139,0.18295544301715072,0.3461058892984673,11425,11425
DLinear_ETTm1_h96_san_lite_s2023_det,ETTm1_h96_DLinear,ETTm1,DLinear,san_lite,96,2023,deterministic,simulated,defect,0.018062235439630685,f_range,0.014351863348420403,0.008607541200494392,1.5339718424650033,0.12503658006185323,1.0199887344154142,11425,0.014351863348420403,0.018062235439630685,-0.0003395803555803994,-0.008846848381377054,0.01107521129605765,0.005041603629807279,0.0012398062041361444,-0.006291893504613209,0.006568685300724427,0.014257684544596683,0.022347546471976214,-0.010594089832832276,-0.0013018974125164969,11425,11425
DLinear_ETTm1_h96_san_lite_s2023_det,ETTm1_h96_DLinear,ETTm1,DLinear,san_lite,96,2023,deterministic,simulated,control,-0.009851701939160776,f_last_dev,-0.0034316736623388917,0.003961582850580514,-0.3667879663260584,0.7137771844843991,0.9784346746389646,11425,-0.0034316736623388917,0.0010800489521746411,-0.0015293261705970286,-0.003052571623163467,-0.0028331945667101313,-0.006747754725673663,0.0008975518534520367,0.002501421010141514,-0.009851701939160776,0.007690584002392987,0.009877611805055326,-0.016446664932773913,0.0008723153661128794,11425,11425
DLinear_ETTm1_h96_san_lite_s2023_shuf,ETTm1_h96_DLinear,ETTm1,DLinear,san_lite,96,2023,shuffled,observed,index,0.3599241700786135,f_range,0.33784582410919456,0.14356032350303868,36.11001364048856,1.5794582899875084e-285,1.654129916032355,11425,0.33784582410919456,0.3599241700786135,0.26035528571581906,0.06515591531071584,0.07291660913954663,0.016685921117344637,0.0031877703480705628,0.10295021501659125,0.03765787489183934,0.17892364930265164,0.3992775691050079,0.17674904012815418,0.33978588701528883,11425,11425
DLinear_ETTm1_h96_san_lite_s2023_shuf,ETTm1_h96_DLinear,ETTm1,DLinear,san_lite,96,2023,shuffled,observed,defect,0.021159853349942092,f_spec_ent,-0.008863180834872095,0.00986848622861854,-0.9473243651574793,0.3434735188573437,1.0774005678022438,11425,-0.008863180834872095,-0.01075286910130919,-0.018108306027200597,-0.002295880225892809,0.01263276022579233,0.0031046195637461117,0.021159853349942092,0.013443678664396655,0.0017025860278767398,-0.006621128265156775,0.0059646772214362745,-0.010070367821592097,0.013954409261582723,11425,11425
DLinear_ETTm1_h96_san_lite_s2023_shuf,ETTm1_h96_DLinear,ETTm1,DLinear,san_lite,96,2023,shuffled,observed,control,0.017460312729537023,f_kurtosis,-0.002642672756564777,0.007224785200300345,-0.2824570927834195,0.7775930425968094,0.9943327294905264,11425,-0.002642672756564777,0.01029006052461592,0.012927709525784495,0.006383729588030873,-0.00497192425241727,-0.003184984010306547,0.012312963299031001,-0.00025441130597155323,-0.0018190840107439818,0.017460312729537023,-0.11086813170973935,-0.04033350165282035,-0.016676244513796148,11425,11425
DLinear_ETTm2_h192_fredf_s2021_det,ETTm2_h192_DLinear,ETTm2,DLinear,fredf,192,2021,deterministic,simulated,index,-0.08255025445587091,f_slope,0.05088976656358887,0.04164377874392169,5.416354471937405,6.08264547460895e-08,1.1263041271751648,11329,0.05088976656358887,0.04257353326240492,0.028717550182385147,-0.08255025445587091,-0.012038048154171109,0.020973624584815165,0.05399635344778197,-0.025040652323310264,0.07085411999487731,0.02880388447001113,0.28244263946680614,-0.012512294133413704,0.1603411587363945,11329,11329
DLinear_ETTm2_h192_fredf_s2021_det,ETTm2_h192_DLinear,ETTm2,DLinear,fredf,192,2021,deterministic,simulated,defect,-0.01573921841532864,f_slope,0.0027332530674677355,0.007591166840836272,0.2909085357351159,0.7711212729416138,0.9773099775327989,11329,0.0027332530674677355,0.00200835102018407,0.008995026842973196,-0.01573921841532864,-0.003531169863641598,-0.010463215655772344,0.004052183410789211,0.004438015775482511,-0.011677671195491486,-0.012273563161231939,0.0929203787086887,-0.054545520712603324,0.014032209799527191,11329,11329
DLinear_ETTm2_h192_fredf_s2021_det,ETTm2_h192_DLinear,ETTm2,DLinear,fredf,192,2021,deterministic,simulated,control,-0.0143170577400617,f_spec_ent,0.006077197471128737,0.0057866144213116685,0.6468148298236855,0.5177517932789633,0.9869089451445067,11329,0.006077197471128737,0.004261511520143413,0.0008979993242873176,0.01014469608736329,-0.004190158719215327,0.014129287539240587,-0.0143170577400617,-0.0004489141394093294,-0.0009026799310615748,-0.0024966417412054204,0.052407624452866036,-0.0361152490245793,-0.013096332004569718,11329,11329
DLinear_ETTm2_h192_none_s2021_det,ETTm2_h192_DLinear,ETTm2,DLinear,none,192,2021,deterministic,simulated,index,-0.08268677789292382,f_cross_corr,0.02104195495081698,0.04066121736964668,2.2395600234037594,0.025119500465329153,0.9399857588479406,11329,0.02104195495081698,0.027261253637337318,0.007292681058161981,-0.06068397274279741,-0.06320045146511455,0.004410235090436952,0.04874495298314335,-0.08268677789292382,0.047030960087911126,0.044258933787823286,0.10730133465344495,-0.22864341341647987,0.09467160766690112,11329,11329
DLinear_ETTm2_h192_none_s2021_det,ETTm2_h192_DLinear,ETTm2,DLinear,none,192,2021,deterministic,simulated,defect,-0.017142912206256807,f_slope,-0.0003213200037466184,0.006884105689099555,-0.03419907688201437,0.9727184026532536,1.0257251259205695,11329,-0.0003213200037466184,0.008990174806876734,0.008905565733624998,-0.017142912206256807,-0.007253922148299158,0.00659616715072733,0.007232413691183693,-0.003997308755990651,0.0004776768988008171,0.00792359549548875,0.003404964985624164,-0.22462770432333556,0.022958414798926012,11329,11329
DLinear_ETTm2_h192_none_s2021_det,ETTm2_h192_DLinear,ETTm2,DLinear,none,192,2021,deterministic,simulated,control,-0.010870332085470568,f_absdiff,-0.0036715565824672228,0.003854580351431193,-0.39077506652675664,0.6959635064940058,0.9746164067548138,11329,-0.0036715565824672228,-0.00038617601167846745,-0.010870332085470568,0.0031685709563562697,0.006113200869949495,-0.0013414813644431853,0.001929088740267645,0.008248008252424,-0.000601919131995418,0.002215469519259664,-0.0036180518456912915,-0.19914576103925885,0.00520401007211389,11329,11329
DLinear_ETTm2_h192_revin_s2021_det,ETTm2_h192_DLinear,ETTm2,DLinear,revin,192,2021,deterministic,simulated,index,0.09244787068174297,f_last_dev,0.08468292734453983,0.04704282947319098,9.013064574509652,2.0037721829252833e-19,1.1969520425592892,11329,0.08468292734453983,0.06359267214053058,0.06753771420240123,-0.06350072024671584,0.01240517739512608,0.03443551602347223,0.0312724534066027,0.01660805485879935,0.09244787068174297,-0.0039451884319789705,0.24105675719196756,-0.02070872087616693,0.2298031389143209,11329,11329
DLinear_ETTm2_h192_revin_s2021_det,ETTm2_h192_DLinear,ETTm2,DLinear,revin,192,2021,deterministic,simulated,defect,0.017722920663542457,f_last_dev,0.005280102490287055,0.008228821439806579,0.5619775579009307,0.5741313096073819,1.008398243685216,11329,0.005280102490287055,0.005280857034256713,0.004310697992274384,0.012709297326184485,0.006382521863160113,0.00014976076569958412,-0.013207761490496137,0.0033311582370375943,0.017722920663542457,0.013913136535127265,-0.008057193352096917,-0.024463438186961284,0.0050866503563561484,11329,11329
DLinear_ETTm2_h192_revin_s2021_det,ETTm2_h192_DLinear,ETTm2,DLinear,revin,192,2021,deterministic,simulated,control,0.010471939080881749,f_kurtosis,-0.002756109681071003,0.004930068504145929,-0.2933412354636303,0.7692613378549773,0.9909994267010519,11329,-0.002756109681071003,-0.0005796619621704553,-0.00868002731337681,-0.0003836829921735707,0.009800635637632078,-0.002369013013525641,0.0059964387548070465,0.0025457168115349043,0.005717459794286026,0.010471939080881749,-0.11915238775863952,-0.04887830271701987,0.03829702149902808,11329,11329
DLinear_ETTm2_h192_san_lite_s2021_det,ETTm2_h192_DLinear,ETTm2,DLinear,san_lite,192,2021,deterministic,simulated,index,0.09869272886235475,f_std,0.09869272886235475,0.051073674836373095,10.50417086612831,8.264584797495954e-26,1.241702878792433,11329,0.09869272886235475,0.06970193199055377,0.06663501642898309,-0.03868918927007367,0.030521656902998136,0.04626781362588016,0.01333178704804356,0.03325315713726968,0.09610972054773059,-0.017533746549843483,0.2841052684164645,0.022301273469779948,0.19995703417520289,11329,11329
DLinear_ETTm2_h192_san_lite_s2021_det,ETTm2_h192_DLinear,ETTm2,DLinear,san_lite,192,2021,deterministic,simulated,defect,0.019452729186366355,f_kurtosis,-0.006790253612627756,0.008079844776965415,-0.7227075894401933,0.4698595518394685,0.959188115800441,11329,-0.006790253612627756,-0.003221849113064187,-0.007587983125888079,-0.002432376604011196,-0.013037379656242715,-0.0003388041164574594,0.008561749648257544,-0.010601017331267547,0.0087743053754713,0.019452729186366355,-0.04006080665850419,-0.02740335115179171,-0.0011552759314399062,11329,11329
DLinear_ETTm2_h192_san_lite_s2021_det,ETTm2_h192_DLinear,ETTm2,DLinear,san_lite,192,2021,deterministic,simulated,control,-0.021565841129808982,f_slope,0.004020320041344422,0.006647943826246461,0.4278950347973412,0.6687275421889809,1.0187655850514488,11329,0.004020320041344422,0.009975632619001468,0.0020912349076559265,-0.021565841129808982,0.006269409167447499,-0.005239174314470099,-0.00577762117354151,0.00878694396371036,0.0022195738096250973,0.0005336871358592493,-0.06493359578424328,-0.03251852142978717,-0.004985234271895652,11329,11329
DLinear_ETTm2_h336_fredf_s2021_det,ETTm2_h336_DLinear,ETTm2,DLinear,fredf,336,2021,deterministic,simulated,index,0.08448621134942236,f_kurtosis,0.056903828589725605,0.04452963701565777,6.017832101360146,1.767683967572316e-09,1.2242233849585702,11185,0.056903828589725605,0.03789619202825679,0.06409738193563083,-0.04270880557456227,-0.00926594435111551,0.018487628661378572,0.056782890640845206,-0.019767463916082244,0.054900023109558264,0.08448621134942236,0.21502898918801697,-0.12229222619950697,0.23808297453868038,11185,11185
DLinear_ETTm2_h336_fredf_s2021_det,ETTm2_h336_DLinear,ETTm2,DLinear,fredf,336,2021,deterministic,simulated,defect,0.014178079431610379,f_drift,-0.0011772312619114302,0.00721308994573186,-0.12449742406145331,0.9009214398150552,1.0034253049117392,11185,-0.0011772312619114302,-0.008469623097946756,-0.002540454153449993,0.010389962053054327,-0.012324720900620883,0.014178079431610379,-0.010674035717916383,-0.006517187425067943,-0.0016035444280327509,0.004256060987707751,0.07158313270477658,-0.0576572777969635,0.008753538918892002,11185,11185
DLinear_ETTm2_h336_fredf_s2021_det,ETTm2_h336_DLinear,ETTm2,DLinear,fredf,336,2021,deterministic,simulated,control,0.02031756126394327,f_range,0.018287002500329073,0.009774740788439495,1.9339315721192711,0.05312154168173422,0.9800064508954422,11185,0.018287002500329073,0.02031756126394327,0.006464951241783943,0.008592288289934458,0.014115135589075019,-0.00411255859225493,-0.010830703323074826,0.011558401783941661,0.003216163121754495,-0.00025264217830327804,0.004532721738400459,-0.08099149888350432,-0.004880875417971674,11185,11185
DLinear_ETTm2_h336_fredf_s2021_shuf,ETTm2_h336_DLinear,ETTm2,DLinear,fredf,336,2021,shuffled,observed,index,0.08915812962009566,f_kurtosis,0.04855216290150072,0.04472720017133025,5.134606435811477,2.8273505097034527e-07,1.2080936270160065,11185,0.04855216290150072,0.03128657797059394,0.054323022988839516,-0.043389316028063944,-0.019606119169925513,0.01384526869615839,0.06205076332701401,-0.03352138544020392,0.05153925557090686,0.08915812962009566,0.20631715609991602,-0.12550424600101695,0.2002785498503719,11185,11185
DLinear_ETTm2_h336_fredf_s2021_shuf,ETTm2_h336_DLinear,ETTm2,DLinear,fredf,336,2021,shuffled,observed,defect,0.02207973872135832,f_slope,-0.0013884668289022364,0.006503655374589606,-0.14683652157897617,0.883261057058984,0.9739963686984701,11185,-0.0013884668289022364,-0.006649333724614385,-0.0018929350206328775,0.02207973872135832,0.004805246103447227,-0.009668087609776988,0.0029066085710876405,0.0027360532988173246,0.0023729915922604313,-0.010537092274998624,0.001237340021182285,-0.10480407422744431,-0.0034836904880307636,11185,11185
DLinear_ETTm2_h336_fredf_s2021_shuf,ETTm2_h336_DLinear,ETTm2,DLinear,fredf,336,2021,shuffled,observed,control,0.021378067007525158,f_drift,0.010460893880669717,0.00962899061897976,1.1062858961195197,0.2686027944111733,1.0169840615441066,11185,0.010460893880669717,0.006738956243519116,0.0068483475343185,0.008467267847524867,0.00715492290847929,0.021378067007525158,-0.015062257786958775,0.007000342865190506,0.0041263296287173306,-0.009052520486894346,-0.06396672752229561,-0.11315259235402197,0.00465516690448108,11185,11185
DLinear_ETTm2_h336_fredf_s2022_det,ETTm2_h336_DLinear,ETTm2,DLinear,fredf,336,2022,deterministic,simulated,index,0.08297841274311886,f_kurtosis,0.05884306613393532,0.044345229230499036,6.222915067391279,4.880015872923839e-10,1.228297636247069,11185,0.05884306613393532,0.03930165311157204,0.06595546323802501,-0.042990554333632115,-0.00641246715401968,0.019281213179290015,0.05532790210048987,-0.016234299505070347,0.05612726080583713,0.08297841274311886,0.20619629139906687,-0.1341773562198174,0.24298079352961802,11185,11185
DLinear_ETTm2_h336_fredf_s2022_det,ETTm2_h336_DLinear,ETTm2,DLinear,fredf,336,2022,deterministic,simulated,defect,0.010606946685590434,f_range,0.0022826767549414227,0.0042901017297949096,0.241403184871033,0.8092426445659042,0.9959435397188853,11185,0.0022826767549414227,0.010606946685590434,-0.002296540611411896,-0.0008400827289384554,0.00495094116974678,0.0007931979823658222,-0.003939657721667099,0.006345493461592996,-0.0013516159126868617,0.009493864269007328,-0.020939747072950748,-0.07754541557135419,-0.002244952422885904,11185,11185
DLinear_ETTm2_h336_fredf_s2022_det,ETTm2_h336_DLinear,ETTm2,DLinear,fredf,336,2022,deterministic,simulated,control,-0.019814642871761035,f_spec_ent,0.0067621809012147075,0.01255116016126728,0.7151306038814036,0.4745283449086162,0.998309312092661,11185,0.0067621809012147075,-0.004193741505582676,-0.01773469462401252,-0.008072958922143485,0.0178071397666002,0.0184476409629164,-0.019814642871761035,0.015541878610296567,0.005572537185328297,-0.011564186262816908,0.1010682824751222,-0.06033112899108328,-0.013271191359517789,11185,11185
DLinear_ETTm2_h336_fredf_s2022_shuf,ETTm2_h336_DLinear,ETTm2,DLinear,fredf,336,2022,shuffled,observed,index,0.0860203840285341,f_kurtosis,0.05314717883598252,0.04466194205161633,5.620549738434506,1.903507783455869e-08,1.2185352711477697,11185,0.05314717883598252,0.03494972330736126,0.06003701177245019,-0.043555819835006095,-0.013479434699207557,0.01594276954915346,0.05937823188196808,-0.025606017339466297,0.05450284926703373,0.0860203840285341,0.20761986591721215,-0.14435619013970524,0.22133093109651372,11185,11185
DLinear_ETTm2_h336_fredf_s2022_shuf,ETTm2_h336_DLinear,ETTm2,DLinear,fredf,336,2022,shuffled,observed,defect,-0.009804576347845435,f_spec_ent,0.004154684719424851,0.003824771913143997,0.439376324848899,0.6603888783309202,0.9935021932982396,11185,0.004154684719424851,0.0018770093635367398,0.002977496923873211,0.004354890615817965,0.0021107251196235636,-0.0009346158089800233,-0.009804576347845435,0.003952145753931763,0.0012403514692636195,-0.0068412230091428015,-0.037517434820903674,-0.08223603335475338,-0.006520436054809618,11185,11185
DLinear_ETTm2_h336_fredf_s2022_shuf,ETTm2_h336_DLinear,ETTm2,DLinear,fredf,336,2022,shuffled,observed,control,-0.007530549336185228,f_kurtosis,0.00539473462162574,0.0034841538403468653,0.5705170985665466,0.568327028397615,1.0166299281828401,11185,0.00539473462162574,0.004219984585109795,-0.0032667158123233695,0.0026720838540931174,0.005756126264969129,0.003457057039747093,-0.0014287898055412355,-0.000550911744772866,0.0005645853391010789,-0.007530549336185228,-0.08612025497033397,-0.10273631247159876,2.901801438695393e-05,11185,11185
DLinear_ETTm2_h336_fredf_s2023_det,ETTm2_h336_DLinear,ETTm2,DLinear,fredf,336,2023,deterministic,simulated,index,0.08574085414629319,f_kurtosis,0.052781202000596134,0.04456848457986311,5.581846065888647,2.3797896461877195e-08,1.2173014040944574,11185,0.052781202000596134,0.03448143186963818,0.05989449334762993,-0.04305317666599248,-0.014044140557786014,0.015597108351987828,0.05945854848627528,-0.02624213406397422,0.05439175630845778,0.08574085414629319,0.2165205859125623,-0.13912289147256263,0.23721972229322175,11185,11185
DLinear_ETTm2_h336_fredf_s2023_det,ETTm2_h336_DLinear,ETTm2,DLinear,fredf,336,2023,deterministic,simulated,defect,0.012083588563167567,f_acf1,0.006204913535209795,0.005175108992350257,0.6561971098213875,0.511697308243126,0.995760593177742,11185,0.006204913535209795,0.0007547199329034253,-0.0023584322234956206,-0.0022332355918241818,0.012083588563167567,0.0025853683202596406,0.006204944446690529,-0.0018207146787215648,-0.009168765957982355,-0.008336406673247894,0.052810889754271874,-0.07581318909307955,0.0047861579482047795,11185,11185
DLinear_ETTm2_h336_fredf_s2023_det,ETTm2_h336_DLinear,ETTm2,DLinear,fredf,336,2023,deterministic,simulated,control,-0.014416487279653768,f_slope,0.005056590008272926,0.006181406527462614,0.5347568068679317,0.5928180343025145,0.9806012803956303,11185,0.005056590008272926,0.008414170924806081,0.00992505995313381,-0.014416487279653768,0.0023638991030332664,0.009797623471054803,0.002616802838171285,-0.0013612071559991655,-0.005520718659249856,-0.002341505881251173,0.08012131796647858,-0.07966883538221814,-0.001995347019227788,11185,11185
DLinear_ETTm2_h336_fredf_s2023_shuf,ETTm2_h336_DLinear,ETTm2,DLinear,fredf,336,2023,shuffled,observed,index,0.08448313711465909,f_kurtosis,0.0554254324129824,0.0444391001635904,5.861485152632347,4.587455012911649e-09,1.2215434710328226,11185,0.0554254324129824,0.03651657349420681,0.06253460667723779,-0.043002771294853276,-0.010544006762258208,0.01731615344977074,0.05750477528501816,-0.021853210681368883,0.05521033446354862,0.08448313711465909,0.19393071127759903,-0.13972082401801034,0.2251188433658769,11185,11185
DLinear_ETTm2_h336_fredf_s2023_shuf,ETTm2_h336_DLinear,ETTm2,DLinear,fredf,336,2023,shuffled,observed,defect,0.026342365852723912,f_std,0.026342365852723912,0.013340474788684362,2.7858219522845595,0.0053392189527277905,1.0649084102464874,11185,0.026342365852723912,0.014188339374387392,0.020651887062946604,-5.231833072575101e-05,0.01576068380234362,0.0058329788107981595,-0.009164464007396135,0.011699337986522717,-0.006200658017958325,-0.023511714641040994,0.018104794380990545,-0.09041421934035854,0.03525171045560295,11185,11185
DLinear_ETTm2_h336_fredf_s2023_shuf,ETTm2_h336_DLinear,ETTm2,DLinear,fredf,336,2023,shuffled,observed,control,-0.008658296629148306,f_absdiff,0.002633178692904524,0.0034739194876679536,0.27847031842141307,0.7806513467543991,1.0129189947495707,11185,0.002633178692904524,0.0004528839126640167,-0.008658296629148306,-0.0025394273460668223,0.008478678702686841,0.002393698992891467,0.0014144937601583021,-0.0011425045690044535,-0.003126135710065677,-0.003899896561089127,0.08076413751227947,-0.060192165770341255,-0.022812117016431318,11185,11185
DLinear_ETTm2_h336_none_s2021_det,ETTm2_h336_DLinear,ETTm2,DLinear,none,336,2021,deterministic,simulated,index,-0.15932201771494175,f_cross_corr,-0.030613717092206484,0.06719242025951333,-3.237536278757555,0.0012056660904099748,1.0429128863864405,11185,-0.030613717092206484,-0.0358692260311677,-0.035812116673332395,-0.032196314765527694,-0.12122440252772985,-0.02038736453584347,0.09613304507493718,-0.15932201771494175,0.024311042345823326,0.11605495583362338,0.09356024305507567,-0.3461930419897272,0.09912988957419587,11185,11185
DLinear_ETTm2_h336_none_s2021_det,ETTm2_h336_DLinear,ETTm2,DLinear,none,336,2021,deterministic,simulated,defect,0.01469870367208156,f_slope,-0.0012705210263272708,0.005856715596175536,-0.13436323015822157,0.893115356016395,1.0184546223123658,11185,-0.0012705210263272708,0.003260986911548675,0.008833225429866524,0.01469870367208156,-0.008914597819529482,-0.0040248047380676425,0.009347936417822562,-9.558865906738227e-05,-0.0027822819601613417,0.005338509327282918,0.04261462836783047,-0.3230628170681751,0.017377501008858712,11185,11185
DLinear_ETTm2_h336_none_s2021_det,ETTm2_h336_DLinear,ETTm2,DLinear,none,336,2021,deterministic,simulated,control,-0.012560604615974292,f_slope,0.005241501227683608,0.007101263433587891,0.554311987945364,0.5793653474576584,1.0112965198044666,11185,0.005241501227683608,0.003949003478725506,0.008140601297827108,-0.012560604615974292,-0.009412567251744478,-0.011999852570496388,0.005311494089744701,-0.005323110664731521,0.005427920166602474,0.0036459789723488345,0.046652797767575346,-0.26607992491103194,-0.0008612382231614525,11185,11185
DLinear_ETTm2_h336_none_s2021_shuf,ETTm2_h336_DLinear,ETTm2,DLinear,none,336,2021,shuffled,observed,index,-0.19373618116755695,f_cross_corr,-0.053218382335446054,0.08288951760906371,-5.628079824114509,1.822267615516134e-08,1.0111506674145674,11185,-0.053218382335446054,-0.0547609014836831,-0.0634228539581588,-0.034137314391941384,-0.14916323386813232,-0.0319129772758485,0.10629186268099958,-0.19373618116755695,0.0150706560156164,0.127180812913254,0.06268207891532256,-0.38610363662668723,0.06507517330671027,11185,11185
DLinear_ETTm2_h336_none_s2021_shuf,ETTm2_h336_DLinear,ETTm2,DLinear,none,336,2021,shuffled,observed,defect,-0.023559836601909738,f_drift,-0.013140566449278935,0.01085997916991822,-1.3896731479822597,0.16462815231032812,0.998566665091228,11185,-0.013140566449278935,-0.016477052136204543,-0.0008785113773161014,-0.007457153200064812,-0.020427070240861444,-0.023559836601909738,0.010689057127873656,-0.012419927984897312,0.0032491227894517125,-0.00030149379132396003,0.003828880603255354,-0.33497518876329013,0.0027882264806335043,11185,11185
DLinear_ETTm2_h336_none_s2021_shuf,ETTm2_h336_DLinear,ETTm2,DLinear,none,336,2021,shuffled,observed,control,-0.019418787254530032,f_drift,-0.008352993041860757,0.008377963300731903,-0.8833660390791993,0.37703853357050643,1.0216978366772822,11185,-0.008352993041860757,-0.003104448870762081,0.012528119428881792,0.004911284822338266,-0.005557807591793907,-0.019418787254530032,0.010380373871429338,-0.00722179682178612,-0.010189092751957948,0.002114928551978803,-0.07218071203700704,-0.3694046710764074,-0.016615906723598847,11185,11185
DLinear_ETTm2_h336_none_s2022_det,ETTm2_h336_DLinear,ETTm2,DLinear,none,336,2022,deterministic,simulated,index,-0.1624923846462325,f_cross_corr,-0.03287579699237499,0.06881707836902846,-3.4767612549401496,0.000507509514292585,1.0420269138810816,11185,-0.03287579699237499,-0.03807973824459154,-0.0382068326154508,-0.03400896750978237,-0.12340902008837408,-0.02186826348741785,0.09707440335338025,-0.1624923846462325,0.023445724122162497,0.11670965263051766,0.09133493192086829,-0.3475947919548348,0.11422773195866552,11185,11185
DLinear_ETTm2_h336_none_s2022_det,ETTm2_h336_DLinear,ETTm2,DLinear,none,336,2022,deterministic,simulated,defect,0.015044831425596176,f_absdiff,0.003804123201266393,0.00702007982072028,0.4023028904287689,0.6874611276945539,1.0026758684646366,11185,0.003804123201266393,0.0055329984047428745,0.015044831425596176,-0.011720136860466251,-0.010542089592315559,-0.011213804651777086,0.00594276792533143,-0.004148445539975658,0.0018235238232920147,-0.0004280767824393658,-0.01969856939910425,-0.30480657646240106,0.029935053078436764,11185,11185
DLinear_ETTm2_h336_none_s2022_det,ETTm2_h336_DLinear,ETTm2,DLinear,none,336,2022,deterministic,simulated,control,0.010142273653001629,f_drift,-0.002818159414606739,0.00402338230636519,-0.298032849674246,0.7656780918265675,1.0338720480539263,11185,-0.002818159414606739,0.0008356297428190393,0.007213956588475515,0.0012455377838341308,0.0012309420023164355,0.010142273653001629,-0.00033806722981178646,0.007175837143787257,0.0015251278713683235,0.007708291633631044,-0.01769062326340762,-0.3229488173470272,-0.0014423273343677609,11185,11185
DLinear_ETTm2_h336_none_s2022_shuf,ETTm2_h336_DLinear,ETTm2,DLinear,none,336,2022,shuffled,observed,index,-0.15505539404114438,f_cross_corr,-0.033137714975679675,0.06661640454905361,-3.504460242634258,0.00045753387880160054,1.0383110106494982,11185,-0.033137714975679675,-0.03926130033785975,-0.03468221171154279,-0.033515508055301194,-0.11855279306775882,-0.024561396658241228,0.09356533771863136,-0.15505539404114438,0.025294495647686033,0.10853789327669096,0.08736968584904986,-0.3649216270443576,0.03693809612576931,11185,11185
DLinear_ETTm2_h336_none_s2022_shuf,ETTm2_h336_DLinear,ETTm2,DLinear,none,336,2022,shuffled,observed,defect,-0.014195449565391741,f_last_dev,0.0075875508879859645,0.005365721219941647,0.8024171384606971,0.42231170250017014,0.9599317405271209,11185,0.0075875508879859645,0.004686139536853796,0.003742773715336156,0.003234884287486068,0.0029753628169215617,0.005162949902830707,-0.0018928904737670876,0.0035133709946082847,-0.014195449565391741,-0.006665840018235108,-0.07473053468384941,-0.3041528928611119,-0.02060700242594766,11185,11185
DLinear_ETTm2_h336_none_s2022_shuf,ETTm2_h336_DLinear,ETTm2,DLinear,none,336,2022,shuffled,observed,control,-0.025092546129816564,f_absdiff,-0.022816153160723676,0.013403767877705619,-2.412909330057695,0.015825755942446677,0.9578379570838889,11185,-0.022816153160723676,-0.0223634754578935,-0.025092546129816564,-0.003705531143511672,-0.013623460838519324,-0.009571276388426279,0.015927341497290567,-0.0125233278225374,0.001675670980935302,0.006738895357401917,-0.1295838793246903,-0.34385059220357106,-0.014863852404714866,11185,11185
DLinear_ETTm2_h336_none_s2023_det,ETTm2_h336_DLinear,ETTm2,DLinear,none,336,2023,deterministic,simulated,index,-0.17891685422072207,f_cross_corr,-0.04269768780485843,0.07579673772221837,-4.515469744197922,6.317656658738867e-06,1.0278731216671892,11185,-0.04269768780485843,-0.046008164998472066,-0.050748556694060434,-0.03252108660553688,-0.136861646248554,-0.026730361011229085,0.10191341913295507,-0.17891685422072207,0.019100692982896926,0.12246890752289863,0.07788090329477264,-0.3659661628063493,0.061298105260860256,11185,11185
DLinear_ETTm2_h336_none_s2023_det,ETTm2_h336_DLinear,ETTm2,DLinear,none,336,2023,deterministic,simulated,defect,-0.01960083335493372,f_slope,0.00243281099739422,0.008710354143162326,0.2572805464851329,0.7969622087685888,1.0417638646868723,11185,0.00243281099739422,-0.002959304224064901,-0.011240517113256342,-0.01960083335493372,0.013393213948848367,0.0012076412365084317,-0.013596177248117437,0.0060078951336884,-0.006274620227971105,-0.01039052794684034,-0.03690164284845213,-0.32732217254543805,-0.024228991100974966,11185,11185
DLinear_ETTm2_h336_none_s2023_det,ETTm2_h336_DLinear,ETTm2,DLinear,none,336,2023,deterministic,simulated,control,-0.01339010880717982,f_last_dev,0.0028649019363078836,0.005734022051027804,0.30297607853182873,0.7619080918801016,1.0364917428840295,11185,0.0028649019363078836,0.00105725967287496,0.008439649488778444,-0.0064994206956583865,-0.0026983523734214975,-0.001060404542005544,0.006720298390428961,0.0020852497220886974,-0.01339010880717982,-0.012524574881533843,-0.007458651048883676,-0.3347818568775478,-0.023580064934118367,11185,11185
DLinear_ETTm2_h336_none_s2023_shuf,ETTm2_h336_DLinear,ETTm2,DLinear,none,336,2023,shuffled,observed,index,-0.19351830318235552,f_cross_corr,-0.05092556721955869,0.08218198379103418,-5.3856044626348405,7.220158569675206e-08,1.0160115697687524,11185,-0.05092556721955869,-0.05299903695828581,-0.062499537115676546,-0.034319352006656284,-0.14796541403457278,-0.0302604776649007,0.10535401222669916,-0.19351830318235552,0.016254344941760576,0.12772379255987593,0.0782809043294443,-0.39367454860886575,0.05948355726198461,11185,11185
DLinear_ETTm2_h336_none_s2023_shuf,ETTm2_h336_DLinear,ETTm2,DLinear,none,336,2023,shuffled,observed,defect,0.031760393341561444,f_std,0.031760393341561444,0.01695578238818991,3.3588023748051143,0.0007828102771584392,1.0692570772319452,11185,0.031760393341561444,0.020059596495848514,0.01949834874961791,0.0037451436001580064,0.021500849794298924,0.011146890788230474,-0.018994371096427338,0.01535377096017925,-0.0059036781962516485,-0.021594780859325584,0.03693697502269884,-0.3683925925010054,0.026044054531973813,11185,11185
DLinear_ETTm2_h336_none_s2023_shuf,ETTm2_h336_DLinear,ETTm2,DLinear,none,336,2023,shuffled,observed,control,-0.018313609265072195,f_kurtosis,0.004813760808472803,0.006219293905693284,0.5090765426410598,0.6106985733001065,0.9972998041232873,11185,0.004813760808472803,-0.002307910383501199,-0.002485741869889778,0.007588008637012984,0.007209884854140281,0.012675621337636339,-0.00247694985862235,-0.003777775969198675,0.0005436760733862401,-0.018313609265072195,0.052506045416545404,-0.34609641708078853,0.02100574026851197,11185,11185
DLinear_ETTm2_h336_revin_s2021_det,ETTm2_h336_DLinear,ETTm2,DLinear,revin,336,2021,deterministic,simulated,index,0.12094641889390731,f_absdiff,0.1047059178549672,0.06305335706510948,11.073114925412414,1.6940775270900144e-28,1.320225244471948,11185,0.1047059178549672,0.07154552173416236,0.12094641889390731,-0.027194632576777816,0.05758979571279275,0.05489312852263822,0.004055417246657778,0.08472570268142338,0.07164768486433089,0.033229350563436934,0.25607641481811944,-0.027347392664177406,0.35758865263790657,11185,11185
DLinear_ETTm2_h336_revin_s2021_det,ETTm2_h336_DLinear,ETTm2,DLinear,revin,336,2021,deterministic,simulated,defect,-0.026222325319107415,f_absdiff,-0.010154052610170066,0.010636374451651142,-1.0738360716806712,0.28289615968911597,0.954896327738681,11185,-0.010154052610170066,-0.01427712607214589,-0.026222325319107415,-0.0037116517757082804,-0.0020744121745135615,0.004474197419345059,0.00930662701284437,-0.01599255579236693,0.0177172745356913,0.0024335218046185624,-0.05970064367598878,-0.027405264224053427,-0.00946999937152168,11185,11185
DLinear_ETTm2_h336_revin_s2021_det,ETTm2_h336_DLinear,ETTm2,DLinear,revin,336,2021,deterministic,simulated,control,-0.020193875643304583,f_kurtosis,0.004083160794615566,0.007698409714875526,0.4318123527682875,0.6658778007824032,0.9976632016136783,11185,0.004083160794615566,-0.0017169335872860708,-0.0031403573434849634,-0.008917052943263412,0.01399346895130847,0.0030480453586996244,-0.0012870312205774212,0.017281639015345206,0.0033225322908699414,-0.020193875643304583,-0.016819475954986354,-0.022905129327704277,-0.014072223273903428,11185,11185
DLinear_ETTm2_h336_revin_s2021_shuf,ETTm2_h336_DLinear,ETTm2,DLinear,revin,336,2021,shuffled,observed,index,0.11920329151648686,f_absdiff,0.10489225992539206,0.0628367062201792,11.092821425326886,1.3593159555681625e-28,1.3237862918519643,11185,0.10489225992539206,0.07248839326533328,0.11920329151648686,-0.025693791136421205,0.055914133650904876,0.05467899335404936,0.004714289511093503,0.08267210773348778,0.07303159952307173,0.0350782025855513,0.22475403148811296,-0.049057051204712154,0.298629413093147,11185,11185
DLinear_ETTm2_h336_revin_s2021_shuf,ETTm2_h336_DLinear,ETTm2,DLinear,revin,336,2021,shuffled,observed,defect,0.015069528515777227,f_slope,0.003179501335627179,0.007379921921863053,0.33624635948150294,0.7366850961613707,1.0421527719015387,11185,0.003179501335627179,0.0027548098978716126,0.01035215736089203,0.015069528515777227,0.005159382878518747,0.0018118048706731794,0.009103556752515207,0.009210287909188779,-0.01114978924504699,-0.006008400452519576,0.07265754651230681,-0.012608726952731297,-0.007966578902610105,11185,11185
DLinear_ETTm2_h336_revin_s2021_shuf,ETTm2_h336_DLinear,ETTm2,DLinear,revin,336,2021,shuffled,observed,control,-0.013732575348524052,f_cross_corr,-0.011229567111344773,0.006658502367184849,-1.1875764974314986,0.23500030184215503,0.9713830198168298,11185,-0.011229567111344773,-0.00915924903617254,-0.0017749032973798369,-0.006063273081564832,-0.005551622825646014,0.0011969399193901035,0.013309888345400773,-0.013732575348524052,-0.0027970174581692523,-0.0017699872482563055,0.08365881273516844,-0.014184154121482662,0.008282165925104591,11185,11185
DLinear_ETTm2_h336_revin_s2022_det,ETTm2_h336_DLinear,ETTm2,DLinear,revin,336,2022,deterministic,simulated,index,0.11935123360161008,f_absdiff,0.10350825856071637,0.06257877458825091,10.946457146383176,6.909762077576828e-28,1.3210252774483184,11185,0.10350825856071637,0.07071335063851523,0.11935123360161008,-0.02565110324435643,0.056742647772871316,0.05519830963033255,0.004401002822466027,0.08376515061681906,0.07127667575694994,0.03518001323787207,0.2656447704625806,-0.02402938167312829,0.32458199973057417,11185,11185
DLinear_ETTm2_h336_revin_s2022_det,ETTm2_h336_DLinear,ETTm2,DLinear,revin,336,2022,deterministic,simulated,defect,0.01815268132722606,f_kurtosis,0.008437715210028087,0.009464327001079456,0.8923257838965497,0.37221833798934445,1.000788694415545,11185,0.008437715210028087,0.01761152046331667,0.012695909104147389,-0.007470269274708813,0.010984269366573153,-0.002457954486786975,-0.0004929232500554425,0.009397696586581369,0.006942330941370607,0.01815268132722606,0.06664528983716378,-0.011013228734948255,-0.00018364516543229394,11185,11185
DLinear_ETTm2_h336_revin_s2022_det,ETTm2_h336_DLinear,ETTm2,DLinear,revin,336,2022,deterministic,simulated,control,0.01872727090653147,f_range,0.015283292958081453,0.007790015006305448,1.6162759739902686,0.10603465901207632,1.0327035868205066,11185,0.015283292958081453,0.01872727090653147,0.014964497690481443,0.006799015360491953,0.0019133334660693506,-0.0011512734213989088,0.0008462358204570584,0.00543633659325077,-0.006977235337157811,0.00580165850913427,0.1708807467320026,0.008141328638561651,-0.0074244146532660045,11185,11185
DLinear_ETTm2_h336_revin_s2022_shuf,ETTm2_h336_DLinear,ETTm2,DLinear,revin,336,2022,shuffled,observed,index,0.11642326239045021,f_absdiff,0.10300357378446928,0.061762429427950814,10.893084494264022,1.2435574935858493e-27,1.3212736265017562,11185,0.10300357378446928,0.07009581037667496,0.11642326239045021,-0.02546390529528889,0.05673192412493169,0.05445481775578169,0.002994885568837258,0.0830870084193527,0.07181012619482174,0.03355898036889975,0.2329243431295618,-0.04455377920064163,0.369705001508229,11185,11185
DLinear_ETTm2_h336_revin_s2022_shuf,ETTm2_h336_DLinear,ETTm2,DLinear,revin,336,2022,shuffled,observed,defect,0.014047527143525805,f_cross_corr,-0.0014665044521402412,0.008123696154221732,-0.15508934614059638,0.8767508811102531,1.0380376839499659,11185,-0.0014665044521402412,-0.010473852549858291,0.0011759464138612404,0.011460240178436814,0.008741847436653304,-0.005424804682632935,-0.005744754742670429,0.014047527143525805,0.013465252257005147,-0.009236231685433118,0.04905791106108167,-0.019395887087938046,0.020593869378514595,11185,11185
DLinear_ETTm2_h336_revin_s2022_shuf,ETTm2_h336_DLinear,ETTm2,DLinear,revin,336,2022,shuffled,observed,control,-0.02463580053778956,f_drift,-0.00683544334105879,0.01136559055409319,-0.7228784316329671,0.4697545755972603,0.9776370335360116,11185,-0.00683544334105879,-0.009758977914916608,0.0027789333651985133,-0.00710386071838285,-0.01966003075058105,-0.02463580053778956,0.008522819986641103,-0.015458333012469532,-0.005577094235441732,0.013324611678452154,0.033151035761947195,-0.015018848908430193,0.005669313908663538,11185,11185
DLinear_ETTm2_h336_revin_s2023_det,ETTm2_h336_DLinear,ETTm2,DLinear,revin,336,2023,deterministic,simulated,index,0.11876193655120362,f_absdiff,0.1034625238645657,0.06242688057333412,10.941620499544774,7.288534598616977e-28,1.3188609723196076,11185,0.1034625238645657,0.07069150744356542,0.11876193655120362,-0.025907707421440298,0.05709606887861906,0.05470899469721119,0.003943667521661904,0.08389442585668276,0.07184323642722773,0.033958737071163536,0.23912133054329776,-0.03998852136084152,0.3316202875092932,11185,11185
DLinear_ETTm2_h336_revin_s2023_det,ETTm2_h336_DLinear,ETTm2,DLinear,revin,336,2023,deterministic,simulated,defect,0.011631294050370283,f_acf1,0.0025990525056287734,0.00614193156677695,0.27486132285161197,0.7834227829171789,0.9926327752354668,11185,0.0025990525056287734,-3.833982881694562e-05,-0.010063001748764325,0.004881083140391628,0.011631294050370283,0.006143806036204672,-0.008868645551174337,0.010141467392961193,0.006397825989537953,-0.000654799423919373,0.05403569347087758,-0.013274168859779278,0.009224168849334658,11185,11185
DLinear_ETTm2_h336_revin_s2023_det,ETTm2_h336_DLinear,ETTm2,DLinear,revin,336,2023,deterministic,simulated,control,-0.012184017812004667,f_range,-0.009619614020895752,0.006274247361812474,-1.0173168219491813,0.30900273666540423,1.0223866845257275,11185,-0.009619614020895752,-0.012184017812004667,0.002899187697291191,-0.0041672804762450605,-0.0034327585212043103,0.010083380096933724,0.00712930306927825,-0.003712458365771729,-0.004514923958909739,0.004999549599590321,0.011848529261759876,-0.018291786340848493,0.0032516544756851177,11185,11185
DLinear_ETTm2_h336_revin_s2023_shuf,ETTm2_h336_DLinear,ETTm2,DLinear,revin,336,2023,shuffled,observed,index,0.11779800712904478,f_absdiff,0.10281242358721751,0.0619443885224093,10.87286951362543,1.5524009866936492e-27,1.3184595323265471,11185,0.10281242358721751,0.06984711716265143,0.11779800712904478,-0.02658595420552198,0.05663498467439663,0.0538673027159633,0.004030521824394582,0.08345028545928386,0.0714945388664236,0.03292274959919542,0.2671007703054805,-0.0170787450444565,0.35254296097559007,11185,11185
DLinear_ETTm2_h336_revin_s2023_shuf,ETTm2_h336_DLinear,ETTm2,DLinear,revin,336,2023,shuffled,observed,defect,0.013959815834016679,f_absdiff,0.0026387927498844636,0.0065825396236796506,0.27906402983152445,0.7801956869788147,1.0207383957944016,11185,0.0026387927498844636,0.009856990277653646,0.013959815834016679,0.005236913313387221,-0.007615125930663122,0.0005647113043510089,0.012563508621647979,-0.0015835839343965128,0.009459532722063475,0.0023464215487323976,0.03195865073058972,-0.02069624899993916,-0.008926516419024776,11185,11185
DLinear_ETTm2_h336_revin_s2023_shuf,ETTm2_h336_DLinear,ETTm2,DLinear,revin,336,2023,shuffled,observed,control,-0.015381010128462769,f_last_dev,0.003429397349835823,0.005668341133312949,0.3626739706559513,0.7168484461249887,0.991936743057633,11185,0.003429397349835823,0.008393227988822307,0.004129450172527568,-0.0035249254167778275,-0.0019538722991950227,0.011845303258462966,-0.0015516121228847679,0.003323194366298487,-0.015381010128462769,-0.0031514182298619446,-0.011371617268578327,-0.02925898646789138,-0.001596478854554322,11185,11185
DLinear_ETTm2_h336_san_lite_s2021_det,ETTm2_h336_DLinear,ETTm2,DLinear,san_lite,336,2021,deterministic,simulated,index,0.1104556391009595,f_absdiff,0.10476222975285467,0.06269871894504415,11.079070158218258,1.5851014535348595e-28,1.336429461320972,11185,0.10476222975285467,0.06594772351255478,0.1104556391009595,-0.014902581898978567,0.0686270304958367,0.06340280337188703,-0.006850591179558699,0.09209066110700716,0.07876057676024427,0.021187352270560195,0.2329860274671644,-0.04186216633420603,0.32671666890154266,11185,11185
DLinear_ETTm2_h336_san_lite_s2021_det,ETTm2_h336_DLinear,ETTm2,DLinear,san_lite,336,2021,deterministic,simulated,defect,-0.0203017100113357,f_range,-0.018762912664194685,0.009012441740868429,-1.984261181434718,0.04722673123815678,0.9742329775060516,11185,-0.018762912664194685,-0.0203017100113357,-0.019285236224797612,-0.004655878333617594,-0.0017121596907959814,-0.004754138749163699,0.008864454699549754,-0.006559923409834853,0.0016790999566759313,-0.0035489036687184707,-0.025463492306368202,-0.0236246687346362,-0.014977302517113043,11185,11185
DLinear_ETTm2_h336_san_lite_s2021_det,ETTm2_h336_DLinear,ETTm2,DLinear,san_lite,336,2021,deterministic,simulated,control,-0.013864132905612917,f_kurtosis,-0.008342076828754215,0.00690332182875242,-0.882211601156727,0.37766238948904673,0.9681025169837901,11185,-0.008342076828754215,-0.006788040584537683,-0.002179601621785996,-0.005465706824025813,-0.0015621140789828115,-0.01023865818251886,0.0032744794854812163,0.008442643085239008,0.008875764690585665,-0.013864132905612917,-0.051277921413599305,-0.03758434495777774,0.01659503583754944,11185,11185
DLinear_ETTm2_h336_san_lite_s2021_shuf,ETTm2_h336_DLinear,ETTm2,DLinear,san_lite,336,2021,shuffled,observed,index,0.1104520180229164,f_absdiff,0.10484544488697754,0.06273332143373503,11.087870527505432,1.4366703852245216e-28,1.336815176435698,11185,0.10484544488697754,0.06602913100656865,0.1104520180229164,-0.014773878903748075,0.06866109423815636,0.06349277151170601,-0.0069590198506103255,0.09213886805284159,0.07876811064505389,0.021212877218771405,0.227963135887985,-0.03495831784508607,0.33123581242557787,11185,11185
DLinear_ETTm2_h336_san_lite_s2021_shuf,ETTm2_h336_DLinear,ETTm2,DLinear,san_lite,336,2021,shuffled,observed,defect,-0.021825367504530666,f_drift,-0.0013820147945141953,0.007374908644096297,-0.14615419034359697,0.8837996679526281,0.9686801660253171,11185,-0.0013820147945141953,-0.0069721574314017395,-0.008182825844919911,0.016918673378962655,0.0055228217175619,-0.021825367504530666,0.0025292534990598806,-0.0003365067006556912,0.0035649049165229854,-0.006514560652833344,0.08408201756630201,-0.006503110440043702,-0.009368520278861201,11185,11185
DLinear_ETTm2_h336_san_lite_s2021_shuf,ETTm2_h336_DLinear,ETTm2,DLinear,san_lite,336,2021,shuffled,observed,control,-0.014684923746962538,f_absdiff,-0.00988149656476861,0.006329931850666555,-1.0450120617662872,0.2960173948674426,0.9574538414435203,11185,-0.00988149656476861,-0.011129187796256034,-0.014684923746962538,-0.0011979437650711168,-0.0050405825558953975,0.0064328901392395835,0.0010529734630531818,-0.006764589265646392,0.0034542653810965504,-0.003660465828676144,-0.12788554634969895,-0.040146016630314474,0.025282766935872784,11185,11185
DLinear_ETTm2_h336_san_lite_s2022_det,ETTm2_h336_DLinear,ETTm2,DLinear,san_lite,336,2022,deterministic,simulated,index,0.11033504992614143,f_absdiff,0.1047968893430494,0.0627137988678481,11.082735563511067,1.5215153954281353e-28,1.3368319722772306,11185,0.1047968893430494,0.06604611361371264,0.11033504992614143,-0.014656235298432706,0.06863783315183092,0.0635357981803491,-0.006986511922606571,0.09202524286549259,0.07867573816180334,0.021442576215062382,0.21127813682510466,-0.06311465695657792,0.3042365817684844,11185,11185
DLinear_ETTm2_h336_san_lite_s2022_det,ETTm2_h336_DLinear,ETTm2,DLinear,san_lite,336,2022,deterministic,simulated,defect,-0.018997201791508465,f_slope,-0.0053290612950400015,0.005244383436904326,-0.5635718531810345,0.5730455468976221,0.983820498290617,11185,-0.0053290612950400015,-0.0030556013648194553,0.0038890138578065877,-0.018997201791508465,0.004088592303399786,0.0022811970353342897,-1.3658333739926285e-05,0.00802539442545729,-0.003701815252407328,-0.003062298709530136,0.060271308709838926,-0.012438481273399082,-0.031064341604044712,11185,11185
DLinear_ETTm2_h336_san_lite_s2022_det,ETTm2_h336_DLinear,ETTm2,DLinear,san_lite,336,2022,deterministic,simulated,control,0.01825370756674153,f_kurtosis,-0.0035171973373364493,0.005343185997602261,-0.3719592085103281,0.7099232206385366,1.041007159314998,11185,-0.0035171973373364493,0.0019391240858784558,0.00536110203015882,0.014408350191544201,-0.006784709958940975,-0.00031754189288932076,0.0008167759214795079,-0.0006854503134032482,-0.0013479006776500985,0.01825370756674153,-0.007705033872719019,-0.025045457595295195,0.026511448468889774,11185,11185
DLinear_ETTm2_h336_san_lite_s2022_shuf,ETTm2_h336_DLinear,ETTm2,DLinear,san_lite,336,2022,shuffled,observed,index,0.11049804628083838,f_absdiff,0.10497853433817231,0.06277601550789871,11.101945326892425,1.2274278968010136e-28,1.3370170501608618,11185,0.10497853433817231,0.06622105228444412,0.11049804628083838,-0.014576271054920296,0.0686657551234008,0.06355975526324363,-0.007045762981269137,0.0920998820088539,0.07883028474276134,0.021284811001083336,0.22012713109082493,-0.04807059007891312,0.32710138964462715,11185,11185
DLinear_ETTm2_h336_san_lite_s2022_shuf,ETTm2_h336_DLinear,ETTm2,DLinear,san_lite,336,2022,shuffled,observed,defect,-0.012858560699260923,f_slope,-0.006063374104146509,0.005894280785341727,-0.641228687608498,0.5213741136247358,1.0035359494579748,11185,-0.006063374104146509,-0.007588214573143861,0.0029028773121966426,-0.012858560699260923,-0.0007833065098023962,0.009201494701719475,-0.0006261011865315061,-0.005383953614083017,-0.012579267303462423,-0.000955657849070515,0.020528926521108565,-0.01437764317349255,-0.014012628206760167,11185,11185
DLinear_ETTm2_h336_san_lite_s2022_shuf,ETTm2_h336_DLinear,ETTm2,DLinear,san_lite,336,2022,shuffled,observed,control,-0.01196137082067282,f_slope,-0.00650307529563249,0.005759470331227719,-0.6877290375973986,0.49162343055712054,0.9966900033025531,11185,-0.00650307529563249,-0.006888391743935574,-0.0021654024526012124,-0.01196137082067282,-0.009201161129713541,0.0025434536758638,0.010672390472852268,0.0011633688762102677,-0.00011046962363259182,-0.006385619221162615,-0.02825674390423301,-0.024795069627321586,-0.010508356708942694,11185,11185
DLinear_ETTm2_h336_san_lite_s2023_det,ETTm2_h336_DLinear,ETTm2,DLinear,san_lite,336,2023,deterministic,simulated,index,0.11040791949357007,f_absdiff,0.1048301483490207,0.06273688833477661,11.086252850814114,1.4628800197804138e-28,1.3367369879187456,11185,0.1048301483490207,0.0660567238812463,0.11040791949357007,-0.014813460290376407,0.06872699384072409,0.06348278149065716,-0.006908647345659646,0.09210739864439729,0.0787333119199431,0.021301498092171526,0.21975349589935825,-0.05006269390743534,0.3058754918940401,11185,11185
DLinear_ETTm2_h336_san_lite_s2023_det,ETTm2_h336_DLinear,ETTm2,DLinear,san_lite,336,2023,deterministic,simulated,defect,-0.015713945315466743,f_slope,-0.009316957127496934,0.007556191131851039,-0.9853095139361278,0.3244720608862004,0.9670298861511385,11185,-0.009316957127496934,-0.0042666122317085685,-0.001676422184392268,-0.015713945315466743,-0.009418474308586531,-0.003440369451332813,0.005522282897541877,-0.014542932398129227,-0.0035434871846484264,0.008120428219206995,-0.07620707421042855,-0.03335561061372472,-0.007139269047832909,11185,11185
DLinear_ETTm2_h336_san_lite_s2023_det,ETTm2_h336_DLinear,ETTm2,DLinear,san_lite,336,2023,deterministic,simulated,control,0.030829555778266748,f_last_dev,-0.003960604695008274,0.006761259885318912,-0.4188515020010789,0.6753246627972247,0.9998493848303165,11185,-0.003960604695008274,-0.004540955814637533,-0.009786744468251934,-0.0008365946747164093,0.005836459918511799,-0.00042777084602939124,-0.006666012412843428,0.004274417288593012,0.030829555778266748,0.0004534829563305875,0.12826993515261106,0.009943648101563785,-0.00047314892747745877,11185,11185
DLinear_ETTm2_h336_san_lite_s2023_shuf,ETTm2_h336_DLinear,ETTm2,DLinear,san_lite,336,2023,shuffled,observed,index,0.11045114410922739,f_absdiff,0.10478678962634652,0.06270745394178749,11.081667473702428,1.5397783308560875e-28,1.336679417872672,11185,0.10478678962634652,0.06601524382814018,0.11045114410922739,-0.014892850686155704,0.06859780431654561,0.06340958350663817,-0.006796643246100877,0.09202883919432771,0.07874229409931759,0.021353346805075175,0.2372213513235292,-0.039577315662367774,0.3165565702909063,11185,11185
DLinear_ETTm2_h336_san_lite_s2023_shuf,ETTm2_h336_DLinear,ETTm2,DLinear,san_lite,336,2023,shuffled,observed,defect,-0.012957500671963409,f_acf1,0.0017472879528500906,0.00659278673553087,0.18478344592229543,0.8533988924988647,0.9953211142976937,11185,0.0017472879528500906,-0.0018156400069992726,0.007836041731933467,-0.005145706128328166,-0.012957500671963409,-0.007533716292139689,-0.005295070566570732,-0.011038939088679388,-0.010716973361773888,0.001840991554070593,-0.044142764362402734,-0.02741442409435746,-0.021575120893392693,11185,11185
DLinear_ETTm2_h336_san_lite_s2023_shuf,ETTm2_h336_DLinear,ETTm2,DLinear,san_lite,336,2023,shuffled,observed,control,0.01569001253236543,f_last_dev,-0.011109402104548678,0.0071673559821388965,-1.1748685153276677,0.24004732356012648,0.9404202551945395,11185,-0.011109402104548678,-0.014034832701505028,0.0022926782933172835,0.0015553382105396396,-0.0068317834412304195,0.00594457903433766,0.008921520513953491,0.0020690991357477,0.01569001253236543,0.0032243138538436376,-0.08733107690426778,-0.04538125460498321,-0.003630115436667878,11185,11185
DLinear_ETTm2_h720_fredf_s2021_det,ETTm2_h720_DLinear,ETTm2,DLinear,fredf,720,2021,deterministic,simulated,index,0.13958641642866818,f_kurtosis,-0.035263279067144666,0.06889280435019675,-3.6646674591464765,0.00024766015565910065,1.1297083112591986,10801,-0.035263279067144666,-0.06892678770997303,-0.08436821041853007,-0.04979172642027431,-0.06281103929577024,0.008453055038552135,0.09045902232297681,-0.08342342131988675,0.06584508548019119,0.13958641642866818,0.16750353997212514,-0.23443113694696494,0.0689479894709611,10801,10801
DLinear_ETTm2_h720_fredf_s2021_det,ETTm2_h720_DLinear,ETTm2,DLinear,fredf,720,2021,deterministic,simulated,defect,0.012516560319377038,f_std,0.012516560319377038,0.00767052396003366,1.3007591045496938,0.19334092417238113,1.0292051602144494,10801,0.012516560319377038,0.012073856530400015,0.006683270236356329,-0.0030729324727714587,0.009984537879284335,0.0031766775965324416,-0.007982460730096631,0.00768830798572809,-0.005501289951889551,-0.00802534589790072,0.06334860214173668,-0.19789626745735367,0.005480307061645172,10801,10801
DLinear_ETTm2_h720_fredf_s2021_det,ETTm2_h720_DLinear,ETTm2,DLinear,fredf,720,2021,deterministic,simulated,control,-0.011575629794778533,f_absdiff,-0.005220904578488312,0.007431026331860842,-0.5425723194846438,0.5874243017525792,0.9521646690750585,10801,-0.005220904578488312,-0.0009921030284160445,-0.011575629794778533,-0.007023432732892366,0.010173052097641891,0.007115422467956476,-0.010478027352880604,0.003945736203845668,-0.010395572353786844,0.007390382707921677,-0.17809259256514093,-0.21597666872547716,0.01687500097722102,10801,10801
DLinear_ETTm2_h720_none_s2021_det,ETTm2_h720_DLinear,ETTm2,DLinear,none,720,2021,deterministic,simulated,index,-0.378967193676368,f_cross_corr,-0.22477835618386502,0.19581470328638653,-23.35965200113609,1.0995647963044324e-120,0.9072285677049763,10801,-0.22477835618386502,-0.21978528665353833,-0.19586063393968867,-0.04992851507181743,-0.3154460626793248,-0.07090187799427498,0.23702759480164032,-0.378967193676368,0.00732017984955212,0.25813133201379557,0.03769333012932073,-0.4243484663258772,0.09014960443571743,10801,10801
DLinear_ETTm2_h720_none_s2021_det,ETTm2_h720_DLinear,ETTm2,DLinear,none,720,2021,deterministic,simulated,defect,0.010383739087866285,f_slope,-0.008454608728658277,0.004788637415946017,-0.8786287125690868,0.3796026224404364,1.0235969188171599,10801,-0.008454608728658277,-0.006637898843470715,0.0032677235921349072,0.010383739087866285,-0.004362153761324542,0.005440722767557529,-5.683176805666801e-05,-0.005220104070209813,-0.0014353469431198508,0.0026272445970615815,0.09084676764821058,-0.5205896362040432,0.006193595151725036,10801,10801
DLinear_ETTm2_h720_none_s2021_det,ETTm2_h720_DLinear,ETTm2,DLinear,none,720,2021,deterministic,simulated,control,-0.022285153414875792,f_drift,-0.0038536604969438143,0.008939902966995986,-0.4004841465496689,0.6887999578842,0.9782659786091197,10801,-0.0038536604969438143,-0.005943355554184408,0.0014942943500562548,-0.0011358694130514245,-0.019423454705056444,-0.022285153414875792,0.012029505077493136,-0.019655868374840745,0.0018296092802347324,0.0017482590032230991,0.05156660165116194,-0.5550214151887356,0.01139691327884415,10801,10801
DLinear_ETTm2_h720_revin_s2021_det,ETTm2_h720_DLinear,ETTm2,DLinear,revin,720,2021,deterministic,simulated,index,0.2042532356276538,f_cross_corr,0.10681100174861606,0.08960815173726734,11.100124910155873,1.2526869145035048e-28,1.3702968652948024,10801,0.10681100174861606,0.0507380082554559,0.06227367474236289,-0.060428481098493345,0.15276838936494033,0.08481998638542801,-0.04117021378308854,0.2042532356276538,0.10668748632063303,-0.026131040046001468,0.2918512771425275,-0.12940253601708007,0.11650322856738086,10801,10801
DLinear_ETTm2_h720_revin_s2021_det,ETTm2_h720_DLinear,ETTm2,DLinear,revin,720,2021,deterministic,simulated,defect,0.011811530440767222,f_drift,0.003251661129329973,0.00595047293546887,0.33792253709977843,0.7354215634273995,1.034778725212521,10801,0.003251661129329973,0.0003255859907152591,0.0031113878299848683,-0.007900978692743428,-0.00022780576297616598,0.011811530440767222,0.007804233529835518,-0.007393242600662718,0.008379933552090149,-0.009298369825583401,0.05794215348193598,-0.028453465701072655,-0.00486818920933214,10801,10801
DLinear_ETTm2_h720_revin_s2021_det,ETTm2_h720_DLinear,ETTm2,DLinear,revin,720,2021,deterministic,simulated,control,0.011830000156380763,f_last_dev,-0.0035693779484701643,0.006022771849026433,-0.37094063748997746,0.7106817466192975,0.9871529455722511,10801,-0.0035693779484701643,-0.005398145825410101,-0.00292527653635316,-0.010921419645997361,-0.0029626836021284368,-0.005561456841810939,0.006183048179638106,-0.00038692359788815306,0.011830000156380763,-0.010489386156187148,-0.09919826837876433,-0.06106473248125632,-0.00812946459100925,10801,10801
DLinear_ETTm2_h720_san_lite_s2021_det,ETTm2_h720_DLinear,ETTm2,DLinear,san_lite,720,2021,deterministic,simulated,index,0.21281885995220126,f_cross_corr,0.09208607817374127,0.08738019270534339,9.56986596400076,1.070443591315878e-21,1.3445368288018869,10801,0.09208607817374127,0.035410722218948046,0.05647810050526291,-0.046600225771772974,0.15719451318225663,0.08864882865055909,-0.042340535631256726,0.21281885995220126,0.10922619108512382,-0.03299787188231109,0.2649264749728858,-0.15308415260109065,0.14097532695836332,10801,10801
DLinear_ETTm2_h720_san_lite_s2021_det,ETTm2_h720_DLinear,ETTm2,DLinear,san_lite,720,2021,deterministic,simulated,defect,0.010343830897445479,f_last_dev,-0.005555840717820053,0.004725182721226226,-0.5773799041214565,0.5636828465461307,1.0188344220048833,10801,-0.005555840717820053,-0.004695973185671881,-0.0009051376701311295,0.00021546044606330066,0.0037389447602045713,0.005950309092541332,0.005560105213045349,0.0038001411946460163,0.010343830897445479,0.006486084034693146,0.12927814154213152,-0.02522630330139819,-0.017855287018896264,10801,10801
DLinear_ETTm2_h720_san_lite_s2021_det,ETTm2_h720_DLinear,ETTm2,DLinear,san_lite,720,2021,deterministic,simulated,control,0.02272508319185296,f_range,0.02143378753917133,0.010577725284410557,2.2274645409888865,0.025916243101738665,1.0321716228476443,10801,0.02143378753917133,0.02272508319185296,0.002773628772318135,0.0008145825313268126,0.009603780154518144,-0.005425067461020227,-0.00704759862125586,0.014171532899107442,-0.005503035013747584,0.016279156659787068,0.1129662185691514,-0.029966299843733113,-0.013704814146596722,10801,10801
DLinear_ETTm2_h96_fredf_s2021_det,ETTm2_h96_DLinear,ETTm2,DLinear,fredf,96,2021,deterministic,simulated,index,0.17435352047611996,f_std,0.17435352047611996,0.0916715130455438,18.63544715776923,1.6576332192655466e-77,1.3281260739382554,11425,0.17435352047611996,0.16688917550024937,0.107644910544253,-0.076880231498439,0.0951798534226995,0.07238568900966862,-0.01320300122172722,0.09220252517411656,0.10430180844426362,0.013674415163901256,0.3575871343166181,0.012058893179597852,0.11677437757858733,11425,11425
DLinear_ETTm2_h96_fredf_s2021_det,ETTm2_h96_DLinear,ETTm2,DLinear,fredf,96,2021,deterministic,simulated,defect,0.027715246574521322,f_drift,0.0040725977929127,0.008607732525295939,0.4352919330646209,0.6633505395756725,1.053894931064397,11425,0.0040725977929127,0.0012276647675363043,-0.014576443146186021,-0.006697323424270381,0.008273737713334022,0.027715246574521322,-0.011925541397330387,-0.0064158860702599385,0.0031436601167164685,0.002029224249891834,0.16343283362708352,-0.004336327132817619,-0.008525763302887148,11425,11425
DLinear_ETTm2_h96_fredf_s2021_det,ETTm2_h96_DLinear,ETTm2,DLinear,fredf,96,2021,deterministic,simulated,control,-0.013374694863688119,f_std,-0.013374694863688119,0.006878395144230316,-1.4295290321808254,0.15285223664722314,0.9645550210048347,11425,-0.013374694863688119,-0.003914019985269539,-0.0031413904916722077,-0.002930575496461185,-0.002860331605602142,0.011024681576962958,0.009253648505078173,-0.008880007003806839,0.0009862009224430313,0.012418400991318971,-0.17639017756712497,-0.0750935865566944,-0.010365602123054438,11425,11425
DLinear_ETTm2_h96_fredf_s2021_shuf,ETTm2_h96_DLinear,ETTm2,DLinear,fredf,96,2021,shuffled,observed,index,0.17438159222564328,f_std,0.17438159222564328,0.09168346463422589,18.638447553766053,1.5672343623344899e-77,1.327901699413192,11425,0.17438159222564328,0.16679001396220064,0.10788797597040847,-0.07684206584910694,0.09533505202635151,0.07232020342213245,-0.013250467381807794,0.09244441228768686,0.10435071690231529,0.013232146314605788,0.3508119676165643,0.0172618378118502,0.15342717714920498,11425,11425
DLinear_ETTm2_h96_fredf_s2021_shuf,ETTm2_h96_DLinear,ETTm2,DLinear,fredf,96,2021,shuffled,observed,defect,0.010251760280081765,f_cross_corr,0.008064197545700714,0.005682640387811493,0.8619265433949229,0.3887279414065098,0.9788477308134089,11425,0.008064197545700714,0.009725469238805908,0.0015942950338524952,0.008037763607009842,0.009978856679411804,4.747882535542586e-05,-0.007521397545429556,0.010251760280081765,0.0007422772944551451,-0.0008629078280122805,0.07381065672754812,-0.034491821692554936,-0.01461929805407062,11425,11425
DLinear_ETTm2_h96_fredf_s2021_shuf,ETTm2_h96_DLinear,ETTm2,DLinear,fredf,96,2021,shuffled,observed,control,0.013511304214596441,f_last_dev,0.0028707825065960608,0.0044790530029393035,0.3068381731382734,0.7589665509015322,1.0292408315907793,11425,0.0028707825065960608,0.0011039835471968438,0.0027702359544265775,-0.002763176190011342,-0.0042176542271365036,0.005861471714590147,0.0003626153403947372,-0.008661891184168527,0.013511304214596441,0.0026674151502758614,0.1560938063940323,-0.016520094809570507,-0.013358192000316188,11425,11425
DLinear_ETTm2_h96_fredf_s2022_det,ETTm2_h96_DLinear,ETTm2,DLinear,fredf,96,2022,deterministic,simulated,index,0.1732855244085265,f_std,0.1732855244085265,0.09116026086610414,18.521296412616543,1.3904812436269312e-76,1.3242286354745199,11425,0.1732855244085265,0.1662435018265188,0.10705251514361935,-0.07713818412267698,0.09389326967065278,0.07196572111765023,-0.01257909588368995,0.0909731567145866,0.10386791416607992,0.014603725607040182,0.37158580905895966,0.024754454632310074,0.11642113145271528,11425,11425
DLinear_ETTm2_h96_fredf_s2022_det,ETTm2_h96_DLinear,ETTm2,DLinear,fredf,96,2022,deterministic,simulated,defect,-0.01099000931596948,f_spec_ent,-0.001522975645948319,0.004346126124851258,-0.1627803791694964,0.8706913573582251,0.9843332324929862,11425,-0.001522975645948319,-5.4681527217955945e-05,-0.003675277960935024,0.0013937419570914443,0.005085474357924034,0.003971017344690509,-0.01099000931596948,0.004697355660541318,-0.00953285262459182,-0.0025378748536026823,-0.05682262527208276,-0.05898858646876781,0.010776406531023628,11425,11425
DLinear_ETTm2_h96_fredf_s2022_det,ETTm2_h96_DLinear,ETTm2,DLinear,fredf,96,2022,deterministic,simulated,control,-0.015527861078326106,f_absdiff,-0.009320463999364224,0.0068152079387723465,-0.9962002136333793,0.319152875639205,1.0194346151138651,11425,-0.009320463999364224,-0.009828451739619104,-0.015527861078326106,0.0044065250511709135,-0.0032016454692137273,-7.288775545546858e-05,0.009172862746365742,-0.010089605154503599,0.0022004492860130125,-0.00433132710769157,-0.21878206218550203,-0.08050459180231506,-0.012769581109300304,11425,11425
DLinear_ETTm2_h96_fredf_s2022_shuf,ETTm2_h96_DLinear,ETTm2,DLinear,fredf,96,2022,shuffled,observed,index,0.17385731071164315,f_std,0.17385731071164315,0.09141061688723609,18.582410713080158,4.460121783824247e-77,1.3264048948675504,11425,0.17385731071164315,0.1666362555703791,0.10729938924084555,-0.0768779520730446,0.09458507138807623,0.07206914636712856,-0.012910843856192709,0.0916066135008942,0.10406068817323047,0.014202897990926487,0.33858472394308653,0.005977829058819828,0.10811881533630649,11425,11425
DLinear_ETTm2_h96_fredf_s2022_shuf,ETTm2_h96_DLinear,ETTm2,DLinear,fredf,96,2022,shuffled,observed,defect,0.016843962247758054,f_drift,0.010985391164716892,0.008375621654250619,1.1741528131951051,0.24033382256697478,0.9999695998589966,11425,0.010985391164716892,0.015289442646759436,0.008102064300502124,0.001125608157917175,0.01337059301489704,0.016843962247758054,-0.006967292657980326,0.003417596523155231,-0.0035815295337130676,0.0040727362951068335,0.1364637534576172,-0.022986616229265344,0.011309375343515497,11425,11425
DLinear_ETTm2_h96_fredf_s2022_shuf,ETTm2_h96_DLinear,ETTm2,DLinear,fredf,96,2022,shuffled,observed,control,-0.01660167170216077,f_spec_ent,0.008473665041932879,0.006939472619488697,0.9056917043622559,0.3650990545676954,1.037922499753263,11425,0.008473665041932879,0.01009373174077235,0.012099794121133042,0.004265811944461849,-0.0035159731316035275,-7.08134697173655e-05,-0.01660167170216077,0.0019849626499054236,0.009441069508058243,0.002847232885141517,0.11847616021537084,-0.02755803251984834,0.00016650230653774399,11425,11425
DLinear_ETTm2_h96_fredf_s2023_det,ETTm2_h96_DLinear,ETTm2,DLinear,fredf,96,2023,deterministic,simulated,index,0.1738497296107802,f_std,0.1738497296107802,0.09143090218842749,18.58160042141445,4.527981580362628e-77,1.3250493232456733,11425,0.1738497296107802,0.16666191722321597,0.10726991102180838,-0.07731721097711634,0.09453734278349621,0.0721148793244248,-0.013004849332069572,0.09155859671928354,0.10393486363267415,0.014059721259405659,0.3602782034583432,0.011127689627371096,0.1122159918508599,11425,11425
DLinear_ETTm2_h96_fredf_s2023_det,ETTm2_h96_DLinear,ETTm2,DLinear,fredf,96,2023,deterministic,simulated,defect,-0.016160978562792822,f_drift,0.003120325637310425,0.006340598162556178,0.33351011995823315,0.7387492516814267,1.0216616826719824,11425,0.003120325637310425,0.0001956100677686155,-0.011334994140894925,-0.014472145556679559,0.002035659843221559,-0.016160978562792822,0.007118470867916856,0.0025559689580869588,0.004322415099602228,0.002089412891287833,-0.04440023292124562,-0.05092460814136124,-0.03132699060289317,11425,11425
DLinear_ETTm2_h96_fredf_s2023_det,ETTm2_h96_DLinear,ETTm2,DLinear,fredf,96,2023,deterministic,simulated,control,0.014254921542098732,f_cross_corr,0.007019442508578857,0.0056955585389053326,0.7502598719452678,0.4530982056665652,0.9775202807330218,11425,0.007019442508578857,0.0024745346351610475,-0.0011317301871744112,0.0021531127769228646,0.0078052667036698975,-0.002420066855501928,0.0015473746065883859,0.014254921542098732,0.011504338592971747,-0.006644796980385454,-0.0461254157982262,-0.06527779994562533,0.018089835616309575,11425,11425
DLinear_ETTm2_h96_fredf_s2023_shuf,ETTm2_h96_DLinear,ETTm2,DLinear,fredf,96,2023,shuffled,observed,index,0.17373274465181776,f_std,0.17373274465181776,0.09138273396252505,18.569096704741305,5.715641029527503e-77,1.325855706017691,11425,0.17373274465181776,0.1665318741680815,0.10718987553672386,-0.07730886604151344,0.09450244895143063,0.07204400932343712,-0.012803561000961455,0.09148069270309796,0.10401108542624256,0.01422218182194425,0.34778155795608934,0.00035228313672130973,0.09834304662560366,11425,11425
DLinear_ETTm2_h96_fredf_s2023_shuf,ETTm2_h96_DLinear,ETTm2,DLinear,fredf,96,2023,shuffled,observed,defect,0.01981276901373694,f_last_dev,-0.01053627431742388,0.011460950833587984,-1.1261498061291302,0.26010211523962057,0.9369193432660428,11425,-0.01053627431742388,-0.016315371377532258,-0.011119820119374485,0.012864905074121417,-0.00869834474594876,-0.009163943415894885,0.008874703068916471,-0.013234404288164928,0.01981276901373694,0.003988972914765816,-0.18160116681822058,-0.07825535941703654,0.004088962902000055,11425,11425
DLinear_ETTm2_h96_fredf_s2023_shuf,ETTm2_h96_DLinear,ETTm2,DLinear,fredf,96,2023,shuffled,observed,control,0.0159937416204718,f_acf1,0.011834697693394248,0.009716045027880068,1.2649293394888947,0.2058966588381157,1.0501677387032198,11425,0.011834697693394248,0.009695091015535394,0.008163043082159468,0.008551884706422874,0.0159937416204718,-0.005828563792198343,-0.012930026545428311,0.010663008892043349,-0.006531109008403753,-0.006969283922743123,-0.06104555579573208,-0.06165423950710358,0.0067746816615507546,11425,11425
DLinear_ETTm2_h96_none_s2021_det,ETTm2_h96_DLinear,ETTm2,DLinear,none,96,2021,deterministic,simulated,index,0.16202753858099198,f_range,0.15383865689617626,0.07406289347148913,16.442754660658185,9.452307097300248e-61,1.1002989438637527,11425,0.15383865689617626,0.16202753858099198,0.09137378861089904,-0.04752706253996036,0.047622911939452645,0.06158088545462965,-0.03339242645334737,0.049935111378105045,0.07883335024046786,0.01449720262086117,0.25422952502994967,-0.12140906540137353,0.09984558667511072,11425,11425
DLinear_ETTm2_h96_none_s2021_det,ETTm2_h96_DLinear,ETTm2,DLinear,none,96,2021,deterministic,simulated,defect,-0.014236278353462927,f_slope,-0.005483312664839106,0.007435959722339224,-0.586073531157241,0.5578261025944857,1.0231011681884399,11425,-0.005483312664839106,-0.007895208163220906,-0.00664747281424511,-0.014236278353462927,0.010763064653700648,-0.0010346368591610327,-0.0007424701675346918,0.012043291451688623,-0.008296524436273075,-0.007217337659266118,-0.059018178632357594,-0.16970986460883664,0.0017407480439708088,11425,11425
DLinear_ETTm2_h96_none_s2021_det,ETTm2_h96_DLinear,ETTm2,DLinear,none,96,2021,deterministic,simulated,control,-0.009411718067879774,f_std,-0.009411718067879774,0.005077617784337693,-1.0059537326165873,0.3144378269424798,0.9632913795668188,11425,-0.009411718067879774,-0.009276156027566469,-0.004798097676919975,0.003519648973127329,-0.003676164901820974,0.00481857067132859,0.00043339297053573506,0.00474360782942087,-0.003682334490519116,-0.006416486234258101,-0.02826137937251523,-0.15003429283849612,-0.020990358571469924,11425,11425
DLinear_ETTm2_h96_none_s2021_shuf,ETTm2_h96_DLinear,ETTm2,DLinear,none,96,2021,shuffled,observed,index,0.16727227051332208,f_range,0.16127752733329087,0.07870982926320605,17.23784429558946,1.380909119318018e-66,1.1207622844423504,11425,0.16127752733329087,0.16727227051332208,0.09982020821422312,-0.047251380012450266,0.05665271017621534,0.06454644073721705,-0.03606609660302536,0.060876197362350566,0.0847816190376904,0.008553842642275286,0.2690478057838312,-0.10662604359673122,0.12409137250566914,11425,11425
DLinear_ETTm2_h96_none_s2021_shuf,ETTm2_h96_DLinear,ETTm2,DLinear,none,96,2021,shuffled,observed,defect,0.013184386232202288,f_std,0.013184386232202288,0.00761098512363771,1.4091882530784767,0.1587795103054167,1.0222888420907852,11425,0.013184386232202288,0.0074050192773020265,0.00602689934960149,0.012577390345467598,0.008280258878272877,-0.0015937833945574608,0.00020274506014005689,0.01019059248360555,0.0112462500735087,0.00540252614171906,0.06186168237622377,-0.10785956873970592,0.0008124466953296567,11425,11425
DLinear_ETTm2_h96_none_s2021_shuf,ETTm2_h96_DLinear,ETTm2,DLinear,none,96,2021,shuffled,observed,control,-0.02104537863905825,f_last_dev,-0.00409969820565263,0.00837037435933493,-0.4381885095615542,0.6612496373676755,0.9723402397716329,11425,-0.00409969820565263,0.004072605090456672,0.007024296254359841,-0.00773207156593499,-0.002079411487686409,-0.008338502862841534,0.01464367460379426,0.004519359811588794,-0.02104537863905825,0.010148745071975915,-0.07337733880515544,-0.17860091087075602,0.010942643990531313,11425,11425
DLinear_ETTm2_h96_none_s2022_det,ETTm2_h96_DLinear,ETTm2,DLinear,none,96,2022,deterministic,simulated,index,0.1670128815235959,f_range,0.16078897016294788,0.07807957222402014,17.1856257839895,3.402556284279333e-66,1.1152589087041358,11425,0.16078897016294788,0.1670128815235959,0.09782987424777276,-0.04707814977105928,0.05580578741009231,0.06515765948623363,-0.03709344053167305,0.059456173825465475,0.08191858253063816,0.008654202750722815,0.26551216618754026,-0.11752976804590354,0.11979505002931828,11425,11425
DLinear_ETTm2_h96_none_s2022_det,ETTm2_h96_DLinear,ETTm2,DLinear,none,96,2022,deterministic,simulated,defect,0.013900183577593015,f_last_dev,0.011518769082813206,0.008930429785364133,1.231161905874517,0.21826231584676847,1.057698455553391,11425,0.011518769082813206,0.011011743312131993,0.012066451887366984,0.0007878311468546247,0.011486294707439915,0.00784674895054591,-0.004890447447486784,0.013329800474843329,0.013900183577593015,0.0024660272665655756,0.12580800775687415,-0.12066689685012522,0.020466795568532408,11425,11425
DLinear_ETTm2_h96_none_s2022_det,ETTm2_h96_DLinear,ETTm2,DLinear,none,96,2022,deterministic,simulated,control,0.00773049534291153,f_std,0.00773049534291153,0.004019195460773449,0.826259412903223,0.40865695180764916,1.0464995348791015,11425,0.00773049534291153,0.0028202829722412635,-0.005381148367182133,0.006735818317011979,-0.0011105980914084522,0.0051776910498266965,-0.001415938272576542,-0.006964383504802957,-0.0009883991942857546,0.0018671994954871734,0.1484534239839337,-0.07934546671181897,-0.013234079095057978,11425,11425
DLinear_ETTm2_h96_none_s2022_shuf,ETTm2_h96_DLinear,ETTm2,DLinear,none,96,2022,shuffled,observed,index,0.17606525988157523,f_range,0.17488401048449675,0.0884583924881314,18.692147581665658,5.735700510857198e-78,1.1480382876987452,11425,0.17488401048449675,0.17606525988157523,0.10973241625387961,-0.05787894234708802,0.07670297979352465,0.07293296284553634,-0.04604549517312292,0.0808288553015033,0.08463115493984041,-0.004881847860746651,0.31347985082337493,-0.061916096050172786,0.12446443868020687,11425,11425
DLinear_ETTm2_h96_none_s2022_shuf,ETTm2_h96_DLinear,ETTm2,DLinear,none,96,2022,shuffled,observed,defect,0.012026573284506934,f_drift,-0.007438411973825991,0.006252846865042254,-0.7950406329474591,0.4265898664287676,0.9768724067374964,11425,-0.007438411973825991,-0.010409250485460866,-0.009978861423005244,0.0013120396459641707,-0.005003042388816954,0.012026573284506934,-0.0004255012315793614,-0.0062731663658222095,0.001024422741559385,0.008637199109881418,-0.012188640419480711,-0.09596169518306796,0.0068698421570811945,11425,11425
DLinear_ETTm2_h96_none_s2022_shuf,ETTm2_h96_DLinear,ETTm2,DLinear,none,96,2022,shuffled,observed,control,-0.01896248382083987,f_slope,0.003950461667355923,0.0069739125507194254,0.42223764366654865,0.6728515675400837,1.0236376362092365,11425,0.003950461667355923,0.008103496914680541,-0.004879161735466108,-0.01896248382083987,-0.0007115244537728316,0.009145194454650533,-0.006593048961057458,0.0050452703746361755,-0.00920778538937603,0.0031406977353587804,0.02269028022699392,-0.08696267356363596,0.004162763916556951,11425,11425
DLinear_ETTm2_h96_none_s2023_det,ETTm2_h96_DLinear,ETTm2,DLinear,none,96,2023,deterministic,simulated,index,0.16838124910454957,f_range,0.16217078525303275,0.07848516904182962,17.333318483412864,2.6366609487156604e-67,1.1159373365185625,11425,0.16217078525303275,0.16838124910454957,0.09719246430955295,-0.046799425844061944,0.05690973072615506,0.06528169714032102,-0.038798654326568434,0.05996360898101734,0.08115847062179163,0.00819560411124557,0.26390116886164966,-0.11679402224714841,0.11950440989397047,11425,11425
DLinear_ETTm2_h96_none_s2023_det,ETTm2_h96_DLinear,ETTm2,DLinear,none,96,2023,deterministic,simulated,defect,0.01678885340714857,f_drift,-0.004705204877220118,0.005774117370937482,-0.5029069480012193,0.6150296959523484,0.9772311860407933,11425,-0.004705204877220118,-0.0036458117351385764,-0.005586143579581076,-0.006089368462805113,0.0024925204724924256,0.01678885340714857,0.005625930121172973,-0.005944790258393083,-0.0034661457922215526,0.003396405003201322,-0.06974845018268633,-0.15299154399617487,0.019425627433286095,11425,11425
DLinear_ETTm2_h96_none_s2023_det,ETTm2_h96_DLinear,ETTm2,DLinear,none,96,2023,deterministic,simulated,control,0.007335955837756006,f_std,0.007335955837756006,0.003619233285950361,0.7840898021038517,0.4329874188229653,1.0289376567213329,11425,0.007335955837756006,0.005542633713790623,-0.0011340688118953882,-0.0028534073741985078,-8.154438043789233e-05,0.006500987958977669,-0.00476857596662668,0.0004707101300826248,-0.006277649796695367,0.0012267988890428448,0.03521865374308016,-0.13212913676399696,-0.01576060581580944,11425,11425
DLinear_ETTm2_h96_none_s2023_shuf,ETTm2_h96_DLinear,ETTm2,DLinear,none,96,2023,shuffled,observed,index,0.1652870834288847,f_range,0.15782614016729465,0.07620498989731109,16.86894928861004,7.613866378267679e-64,1.110470916378519,11425,0.15782614016729465,0.1652870834288847,0.09488312549909336,-0.046144400969665475,0.051199447622020784,0.06254520618052072,-0.03461092922137641,0.05448825831417788,0.08246803484690368,0.012597272723173243,0.260015776841494,-0.11956414283280004,0.11474189193021993,11425,11425
DLinear_ETTm2_h96_none_s2023_shuf,ETTm2_h96_DLinear,ETTm2,DLinear,none,96,2023,shuffled,observed,defect,0.024347003726956154,f_last_dev,-0.005097708643825465,0.007359871868642115,-0.5448589727256132,0.5858505153712033,1.0032513105179275,11425,-0.005097708643825465,-0.008289984116824512,0.0017328662995871285,-0.011025612830370892,-0.0026305044568541384,0.002919873336301636,0.009967670870131702,-0.003326174666853373,0.024347003726956154,-0.00426131973871615,0.03261510338906778,-0.1277613543683387,-0.01113812461527764,11425,11425
DLinear_ETTm2_h96_none_s2023_shuf,ETTm2_h96_DLinear,ETTm2,DLinear,none,96,2023,shuffled,observed,control,-0.00704221632476526,f_slope,0.0011227706316757236,0.0033858191316818776,0.12000522111484326,0.9044790119995821,1.0380465266484076,11425,0.0011227706316757236,-0.0002291439593124997,0.005729568194709345,-0.00704221632476526,0.0002956489077371173,-0.0034760530244688486,0.005245670642402133,0.0029879875686703375,-0.0048479315218757915,0.002881200541201718,0.12529546626543311,-0.13605141525778297,-0.0035570810404010837,11425,11425
DLinear_ETTm2_h96_revin_s2021_det,ETTm2_h96_DLinear,ETTm2,DLinear,revin,96,2021,deterministic,simulated,index,0.21357618329170214,f_std,0.21357618329170214,0.11335648620489917,22.827687488166763,2.4350134142545133e-115,1.339977617823553,11425,0.21357618329170214,0.1996275465029095,0.14669911763562277,-0.05448455360533177,0.11257105692487136,0.07720847018702943,-0.05443550368948951,0.12383834342401706,0.12544760830339233,-0.025676478484625953,0.38692944701175924,0.02607210419444994,0.14097772442363476,11425,11425
DLinear_ETTm2_h96_revin_s2021_det,ETTm2_h96_DLinear,ETTm2,DLinear,revin,96,2021,deterministic,simulated,defect,0.017225843619724436,f_slope,-0.0036037050969408703,0.005294845383833373,-0.38517522171525775,0.7001075999894024,1.000378238647692,11425,-0.0036037050969408703,-0.00899389744687502,0.0012039953286045624,0.017225843619724436,-0.000981336388288944,-0.0028901831019634287,0.002886802120171514,-0.001124121922005475,0.0051619214561921395,-0.008876647357567343,0.11819840853392079,-0.026406794156104807,-0.0185784407719526,11425,11425
DLinear_ETTm2_h96_revin_s2021_det,ETTm2_h96_DLinear,ETTm2,DLinear,revin,96,2021,deterministic,simulated,control,-0.006791320181823956,f_drift,-0.004471431935436771,0.0036498741494831897,-0.47792056807827127,0.6327067415108115,1.0046093840227945,11425,-0.004471431935436771,-0.003942794905817486,-0.004339431442016717,-0.002475932511213972,-0.006349973308191292,-0.006791320181823956,0.0006553498728078946,-0.0022935480263828038,-0.004487120704823092,0.000691838606317912,-0.04761086407123483,-0.04189708891799526,-0.0033997479885220154,11425,11425
DLinear_ETTm2_h96_revin_s2021_shuf,ETTm2_h96_DLinear,ETTm2,DLinear,revin,96,2021,shuffled,observed,index,0.2180524929791539,f_std,0.2180524929791539,0.11608117664164894,23.306129405568385,3.8421682432999835e-120,1.3441716627557763,11425,0.2180524929791539,0.2023409227434526,0.1462143215159186,-0.05576239923653569,0.11947192562462661,0.07966417117086845,-0.06013885743709695,0.12888914145418995,0.11949718084849915,-0.030780353406147553,0.3735258082059173,0.025724135526517533,0.1412702016810609,11425,11425
DLinear_ETTm2_h96_revin_s2021_shuf,ETTm2_h96_DLinear,ETTm2,DLinear,revin,96,2021,shuffled,observed,defect,-0.014273869194166866,f_kurtosis,-0.010121749108218576,0.006707910951219212,-1.08184406105089,0.27932182452847165,0.9598606967616427,11425,-0.010121749108218576,-0.009296262778247098,0.0014940661615556146,-0.010490223575186808,0.00011443559805645478,-0.013144948619783414,0.00043167680292847965,0.0032604255485940456,-0.00445145212545476,-0.014273869194166866,-0.11893650832683508,-0.05928240441699706,-0.006178222288111041,11425,11425
DLinear_ETTm2_h96_revin_s2021_shuf,ETTm2_h96_DLinear,ETTm2,DLinear,revin,96,2021,shuffled,observed,control,-0.019449679008248115,f_std,-0.019449679008248115,0.010213644602500158,-2.0788422533941553,0.037631851819565514,0.9713324287068166,11425,-0.019449679008248115,-0.013177311078409406,-0.006947173106610436,0.009905615509047292,-0.009452396503131542,-0.0060967686147486155,0.013672818701870195,-0.01268985612287108,-0.002833257845237364,0.00791156953482753,-0.07293668806702394,-0.05632341843891986,-0.004091799659274968,11425,11425
DLinear_ETTm2_h96_revin_s2022_det,ETTm2_h96_DLinear,ETTm2,DLinear,revin,96,2022,deterministic,simulated,index,0.21199036854154737,f_std,0.21199036854154737,0.11296846921183601,22.65819066987586,1.1584259057732739e-113,1.337294229945984,11425,0.21199036854154737,0.19695848835353807,0.14608180735451456,-0.05517433307364289,0.11392630177243614,0.0783200576325334,-0.05517957011011714,0.1246149584298101,0.11948743273316235,-0.027951374117058135,0.37276911789124584,0.02078877730663964,0.14090476905108018,11425,11425
DLinear_ETTm2_h96_revin_s2022_det,ETTm2_h96_DLinear,ETTm2,DLinear,revin,96,2022,deterministic,simulated,defect,-0.010911920332139412,f_kurtosis,-0.005659294000236439,0.005539435233591724,-0.6048829642423609,0.5452567632228895,1.0044440273134971,11425,-0.005659294000236439,-0.004112728055328431,-0.0023632748626299122,0.008568959378573455,-0.007303529468421885,-0.010013282517242393,0.002463223701037501,-0.003695419511646358,-0.00030272050866144974,-0.010911920332139412,-0.08761300084613975,-0.04884011269791011,0.01974676949465499,11425,11425
DLinear_ETTm2_h96_revin_s2022_det,ETTm2_h96_DLinear,ETTm2,DLinear,revin,96,2022,deterministic,simulated,control,-0.008563268542828418,f_absdiff,-0.0015579625170614754,0.004949220880157227,-0.16651988489363925,0.8677478357487763,0.949616502674993,11425,-0.0015579625170614754,-0.002340116289058406,-0.008563268542828418,-0.008545936178015863,-0.003364530240634154,0.003039325412526914,0.004575699559229175,-0.0010361718132082295,0.007997454707992116,0.008471743541017523,-0.17701664224237246,-0.07412679027243518,-0.012295883321685366,11425,11425
DLinear_ETTm2_h96_revin_s2022_shuf,ETTm2_h96_DLinear,ETTm2,DLinear,revin,96,2022,shuffled,observed,index,0.21689137988877769,f_std,0.21689137988877769,0.11551008513846528,23.18202602307968,6.913250945179586e-119,1.3446639437283552,11425,0.21689137988877769,0.20091383353566897,0.1462967765943054,-0.05397576886886179,0.11818337305338672,0.084247355024932,-0.05885906282596497,0.12788818462474813,0.11815707137672424,-0.029688045591283043,0.37298991977832185,0.026681615734618136,0.14975011858036372,11425,11425
DLinear_ETTm2_h96_revin_s2022_shuf,ETTm2_h96_DLinear,ETTm2,DLinear,revin,96,2022,shuffled,observed,defect,-0.012242185097603709,f_absdiff,-0.008146199886480921,0.008025077260238656,-0.8706912089104221,0.38392277982070544,0.9719890797968228,11425,-0.008146199886480921,-0.01019931989611692,-0.012242185097603709,0.005551835206076276,-0.008687574523525672,0.009952485693426614,0.0004020618928534182,-0.007035986543446678,-0.007223869381349282,0.010809254481507068,0.06985394831962856,-0.019934874609181863,0.0004822674114001902,11425,11425
DLinear_ETTm2_h96_revin_s2022_shuf,ETTm2_h96_DLinear,ETTm2,DLinear,revin,96,2022,shuffled,observed,control,0.013445113341928262,f_absdiff,0.008631203987631569,0.006802137449631027,0.9225299574118162,0.35625221163299137,1.0085561522644275,11425,0.008631203987631569,0.010114836320999519,0.013445113341928262,-0.0056785594448327875,0.002978253475261978,-0.002204726921033392,-0.0016815175445776412,0.009811648202119752,0.012306979940760038,-0.001168535317165316,-0.07511016514055195,-0.05202195192836623,0.0028903130653762984,11425,11425
DLinear_ETTm2_h96_revin_s2023_det,ETTm2_h96_DLinear,ETTm2,DLinear,revin,96,2023,deterministic,simulated,index,0.22024170630445494,f_std,0.22024170630445494,0.11685440252178333,23.540119342389417,1.5848312849767397e-122,1.3483815271013375,11425,0.22024170630445494,0.20577434564176555,0.14683082546235657,-0.05739607687220433,0.11841216397255493,0.08001159089376686,-0.059718169679703656,0.12815850362808204,0.1233694897623771,-0.028631153000567382,0.38357511889735574,0.028070944707091483,0.15604510467933086,11425,11425
DLinear_ETTm2_h96_revin_s2023_det,ETTm2_h96_DLinear,ETTm2,DLinear,revin,96,2023,deterministic,simulated,defect,0.026337457745468484,f_last_dev,0.010224339614456571,0.01120871765409583,1.0928092537964462,0.27447755778711214,1.0308055650641996,11425,0.010224339614456571,-0.00022712429900369985,-0.0005143918676737049,-0.015537802971038116,0.013393329599366531,-0.005908541229286242,-0.00908164239315625,0.005955170023379897,0.026337457745468484,-0.024907376798128798,0.004787206519269706,-0.037778426315523195,0.02426318206887761,11425,11425
DLinear_ETTm2_h96_revin_s2023_det,ETTm2_h96_DLinear,ETTm2,DLinear,revin,96,2023,deterministic,simulated,control,0.023379644792544774,f_kurtosis,-0.005923783741972058,0.009292346431644529,-0.6331524513879401,0.5266340928219843,1.0095291560559776,11425,-0.005923783741972058,-0.0018657469634549275,0.0077138515704503596,-0.008865774255325504,-0.008464283671355148,0.0027042331226922187,0.013337799153273594,-0.010348063170014531,0.010320283875362178,0.023379644792544774,-0.0008483784688994465,-0.054192399057721774,-0.0006931374961172093,11425,11425
DLinear_ETTm2_h96_revin_s2023_shuf,ETTm2_h96_DLinear,ETTm2,DLinear,revin,96,2023,shuffled,observed,index,0.21819295503141764,f_std,0.21819295503141764,0.11582536209349929,23.321142427074832,2.7057716124089108e-120,1.3446097205802798,11425,0.21819295503141764,0.2039595911219677,0.146658600740595,-0.05742738264343242,0.11657440233796462,0.07763951770158671,-0.05813192704745164,0.12687931506353345,0.12494009113273492,-0.0278498381143089,0.3847383487798336,0.025096039564559525,0.1387189268870475,11425,11425
DLinear_ETTm2_h96_revin_s2023_shuf,ETTm2_h96_DLinear,ETTm2,DLinear,revin,96,2023,shuffled,observed,defect,0.02453198099256761,f_acf1,0.014351269175263194,0.011638776760145193,1.5339083353878677,0.12505220508848436,1.0026640214574505,11425,0.014351269175263194,0.013157063369277768,-0.013971905633752104,0.01511496443314538,0.02453198099256761,0.0031185828395223288,-0.01654773491787337,0.009418023531550242,0.004534589548383483,0.001641653160116459,0.05243310366298584,-0.024890726422495346,-0.0037449294324882116,11425,11425
DLinear_ETTm2_h96_revin_s2023_shuf,ETTm2_h96_DLinear,ETTm2,DLinear,revin,96,2023,shuffled,observed,control,0.004131613843030803,f_absdiff,0.004006562521320575,0.0029021948851891124,0.42823387762104,0.6684808539356834,0.9695996661771795,11425,0.004006562521320575,0.002658486787772019,0.004131613843030803,0.0008413127025008121,-0.0020994960544240145,0.0037415435706110107,-0.001992229775282516,-0.0021306654597404175,0.003761581481063181,-0.003658456656145772,-0.017337002968309274,-0.038490797522522824,-0.0018581652519278223,11425,11425
DLinear_ETTm2_h96_san_lite_s2021_det,ETTm2_h96_DLinear,ETTm2,DLinear,san_lite,96,2021,deterministic,simulated,index,0.23694560934076891,f_std,0.23694560934076891,0.1226593920617107,25.3254845103062,1.674073085516505e-141,1.4306995068260837,11425,0.23694560934076891,0.2141159554059199,0.13992405099878258,-0.03347267742622848,0.13674016573795472,0.09505724433154869,-0.07369412699991905,0.13876501101796396,0.12166039021005323,-0.03621868914796748,0.3968412995627445,0.0684166323582115,0.17060475253509735,11425,11425
DLinear_ETTm2_h96_san_lite_s2021_det,ETTm2_h96_DLinear,ETTm2,DLinear,san_lite,96,2021,deterministic,simulated,defect,0.016457618071615353,f_last_dev,-0.002327815567326771,0.008285936542132399,-0.248804176018299,0.8035122606749077,0.9951983347985728,11425,-0.002327815567326771,-0.0066341399396647165,-0.014653244017448571,-0.008444809232344192,0.009036193613184324,0.005016266085203923,-0.001540096799371693,0.014446171441197524,0.016457618071615353,0.004303010653966925,-0.06397621044346005,-0.04440808901638005,0.007602743175590827,11425,11425
DLinear_ETTm2_h96_san_lite_s2021_det,ETTm2_h96_DLinear,ETTm2,DLinear,san_lite,96,2021,deterministic,simulated,control,0.013121619362596431,f_absdiff,0.0014262189435931094,0.005902755618365953,0.15243872154780544,0.8788409185511098,0.9870879500505156,11425,0.0014262189435931094,-0.0028867859940931643,0.013121619362596431,-0.005872014113381747,0.005278422311718209,0.0010037714183316756,0.00019536768022075004,0.00915905127369732,0.010885014275102172,-0.00919929081092495,0.06207821621583956,-0.027204501557389182,-0.010274743039697158,11425,11425
DLinear_ETTm2_h96_san_lite_s2021_shuf,ETTm2_h96_DLinear,ETTm2,DLinear,san_lite,96,2021,shuffled,observed,index,0.237400750346898,f_std,0.237400750346898,0.12325203231729438,25.37413139822616,4.868288116094487e-142,1.4316055283810745,11425,0.237400750346898,0.2134757507506841,0.13914045558046742,-0.03298160878888221,0.1391803034791977,0.0950805162045448,-0.07536433878052361,0.140326116583052,0.12087941864440543,-0.038691064014288845,0.40167644207999254,0.08295101706303909,0.16216569393937724,11425,11425
DLinear_ETTm2_h96_san_lite_s2021_shuf,ETTm2_h96_DLinear,ETTm2,DLinear,san_lite,96,2021,shuffled,observed,defect,-0.018634484974472496,f_kurtosis,-0.008828331665344684,0.008695693445229174,-0.943599577407586,0.345374308282417,0.9692047849891579,11425,-0.008828331665344684,-0.010326092699621852,-0.0006656617526131454,-0.012461524117615317,0.0050171746794820775,-0.01414381176262612,-0.0032602747029865826,0.003819899029569913,-0.00979967906795955,-0.018634484974472496,-0.13684891231251364,-0.06063805996118288,-0.005519615518218847,11425,11425
DLinear_ETTm2_h96_san_lite_s2021_shuf,ETTm2_h96_DLinear,ETTm2,DLinear,san_lite,96,2021,shuffled,observed,control,0.017454136474332905,f_slope,0.008636352788217554,0.008614583039191876,0.9230802772504062,0.3559653719002981,1.036650213513533,11425,0.008636352788217554,0.0020995061109427195,-0.0029268237030808707,0.017454136474332905,0.005153369312367927,-0.000773753713930909,-0.015465385901989662,0.008155430149865769,-0.012546530742498325,-0.01293454149469212,-0.028019831323399635,-0.02861038606724331,-0.013521663740049785,11425,11425
DLinear_ETTm2_h96_san_lite_s2022_det,ETTm2_h96_DLinear,ETTm2,DLinear,san_lite,96,2022,deterministic,simulated,index,0.23644411511604424,f_std,0.23644411511604424,0.12231717563455025,25.27188324605147,6.510480340611698e-141,1.428973928180832,11425,0.23644411511604424,0.21414512252129636,0.14077661476002204,-0.03372173440113413,0.1350962006431566,0.09525620138412581,-0.07266477422856621,0.13778706211256453,0.12216131817370246,-0.03511861300489014,0.40171637076261446,0.07933217769370382,0.19061963403916451,11425,11425
DLinear_ETTm2_h96_san_lite_s2022_det,ETTm2_h96_DLinear,ETTm2,DLinear,san_lite,96,2022,deterministic,simulated,defect,-0.01522825116117592,f_slope,0.006296838182978085,0.006405029557857678,0.6730256716323867,0.50093095899185,0.9816274236458821,11425,0.006296838182978085,0.007238964172247496,-0.005332584014674402,-0.01522825116117592,0.004090547533263149,0.0020220962664418696,-0.002663970487682179,0.005694270487207268,0.01250625603751281,0.002976517235393608,-0.015234580998451498,-0.04141264458453131,0.008242154174056198,11425,11425
DLinear_ETTm2_h96_san_lite_s2022_det,ETTm2_h96_DLinear,ETTm2,DLinear,san_lite,96,2022,deterministic,simulated,control,-0.018657198280085097,f_acf1,-0.006505806333681903,0.00800095458698058,-0.6953608382494044,0.4868291963247209,0.9951270563461584,11425,-0.006505806333681903,-0.010177703213601752,0.0021871082783038276,0.0002822671519900128,-0.018657198280085097,-0.011754689969020566,0.0067345537610639895,-0.012246356332119217,-0.006390636877304249,-0.005073225672635185,-0.009461320049539604,-0.03545372049343354,0.010676696364121387,11425,11425
DLinear_ETTm2_h96_san_lite_s2022_shuf,ETTm2_h96_DLinear,ETTm2,DLinear,san_lite,96,2022,shuffled,observed,index,0.23680790060611506,f_std,0.23680790060611506,0.1229881648066586,25.310765771958977,2.431455481635536e-141,1.4323401225923615,11425,0.23680790060611506,0.21273720348854533,0.13915361788464958,-0.0334176706689283,0.13854912097312114,0.09591224167585742,-0.07457898907323195,0.139909339193205,0.12077680217929622,-0.03803876232363585,0.40179288215514636,0.0872675567527903,0.18895521713937224,11425,11425
DLinear_ETTm2_h96_san_lite_s2022_shuf,ETTm2_h96_DLinear,ETTm2,DLinear,san_lite,96,2022,shuffled,observed,defect,-0.011886374378117738,f_range,-0.009282233835940441,0.007035089507916682,-0.9921140547283495,0.3211418911960603,0.9668259575219845,11425,-0.009282233835940441,-0.011886374378117738,-0.007114260180680729,0.006253031208065864,-0.008351963782954653,0.008207293300220938,0.0020451499394929023,-0.006773268547224515,-0.004996375793572528,0.005440944112896516,-0.014925532380523236,-0.02975496058607119,0.005578261933423262,11425,11425
DLinear_ETTm2_h96_san_lite_s2022_shuf,ETTm2_h96_DLinear,ETTm2,DLinear,san_lite,96,2022,shuffled,observed,control,0.006524155563797277,f_std,0.006524155563797277,0.0037972555554922445,0.6973220610986307,0.4856012648339475,0.9653902676911801,11425,0.006524155563797277,0.0017064323326981014,-0.0022990842950930436,0.004773476819058328,-0.006145285411649867,-0.003015054533738046,-0.0048097828826780325,0.0008808837560381298,-0.005439876376839184,0.002378523583332442,-0.09901503906977759,-0.03880184233089934,0.009243343294065948,11425,11425
DLinear_ETTm2_h96_san_lite_s2023_det,ETTm2_h96_DLinear,ETTm2,DLinear,san_lite,96,2023,deterministic,simulated,index,0.2365123803011045,f_std,0.2365123803011045,0.12259832258803964,25.279179641589867,5.412468027470846e-141,1.4285575150152634,11425,0.2365123803011045,0.214234295275293,0.14023520887137064,-0.035201595044237026,0.1361188816182017,0.09505747387356837,-0.07304510274392044,0.13823754595045817,0.12174399282801335,-0.035596749374229235,0.4038704094505722,0.07055474730230549,0.1918337400016949,11425,11425
DLinear_ETTm2_h96_san_lite_s2023_det,ETTm2_h96_DLinear,ETTm2,DLinear,san_lite,96,2023,deterministic,simulated,defect,0.02118449302894646,f_absdiff,0.01058845552183267,0.009777069695493707,1.1317270957343717,0.25774918628749965,1.0198122251684154,11425,0.01058845552183267,0.014125085649525866,0.02118449302894646,-0.012054953016621246,-0.0039202714613378485,0.010747044541518508,0.009812576631584016,0.0015963955434508017,-0.0020372568969694487,0.011704164663150224,0.11061127621908316,-0.023892132183015224,-0.014865502676830365,11425,11425
DLinear_ETTm2_h96_san_lite_s2023_det,ETTm2_h96_DLinear,ETTm2,DLinear,san_lite,96,2023,deterministic,simulated,control,-0.007896308981592399,f_cross_corr,0.00018407272670316086,0.0026903217915884904,0.019674266182271173,0.9843032194177072,0.9830366678585444,11425,0.00018407272670316086,0.002619848232931241,-0.003993286079614162,0.0030138420513222647,0.0013934895472111591,-0.001492450427639146,-0.0007758798519882209,-0.007896308981592399,-0.0043101576998760185,0.0012238823170071331,-0.057935203465309414,-0.03394675265009428,-0.03689782202628747,11425,11425
DLinear_ETTm2_h96_san_lite_s2023_shuf,ETTm2_h96_DLinear,ETTm2,DLinear,san_lite,96,2023,shuffled,observed,index,0.23610126336584883,f_std,0.23610126336584883,0.12224773376394618,25.235238183443798,1.644922102196494e-140,1.428314642067806,11425,0.23610126336584883,0.21420300865672579,0.14035665329766814,-0.03510512465585245,0.135090543631445,0.09483078112571393,-0.07223946005653466,0.13760878822354042,0.12233389782365324,-0.034607816802479166,0.3979419948435499,0.07682455514422726,0.18214306220142662,11425,11425
DLinear_ETTm2_h96_san_lite_s2023_shuf,ETTm2_h96_DLinear,ETTm2,DLinear,san_lite,96,2023,shuffled,observed,defect,0.01459261616398354,f_last_dev,-0.0066766205303421915,0.009243909605684936,-0.7136179914572491,0.47546342931484,0.950826196584388,11425,-0.0066766205303421915,-0.011411018514266937,-0.005543301179238826,0.01453503360837765,-0.0054545636337182644,-0.009886148517270496,0.0084105958371255,-0.013294669678042263,0.01459261616398354,0.002634528394483686,-0.1692795173879729,-0.058881430735226115,-7.339233091792676e-05,11425,11425
DLinear_ETTm2_h96_san_lite_s2023_shuf,ETTm2_h96_DLinear,ETTm2,DLinear,san_lite,96,2023,shuffled,observed,control,-0.018376740572269113,f_spec_ent,0.00011196374571207297,0.006490171739000827,0.0119670337662555,0.9904519164165201,0.969655944368234,11425,0.00011196374571207297,5.931812338467022e-06,-0.009172264976250682,0.004540164316019326,-0.00010950526682382622,-0.002437270072184462,-0.018376740572269113,0.003475146550344248,-0.01091574054989678,-0.01575698952816929,-0.08874875182311745,-0.040619752774399664,0.02220617442739993,11425,11425
DLinear_Exchange_h192_fredf_s2021_det,Exchange_h192_DLinear,Exchange,DLinear,fredf,192,2021,deterministic,simulated,index,-0.6375496111942278,f_range,-0.44321706764497826,0.21922970580434856,-10.56308182404311,4.4191057186402023e-26,0.1955662699935598,569,-0.44321706764497826,-0.6375496111942278,-0.4926027350859388,0.21404307818979368,0.04718479222388257,-0.04569634996176301,0.046750831508335935,0.041407421496884374,-0.01685300964979592,-0.2069921610878852,0.055043602811127905,-6.705405718401919,0.1796027641791295,569,1326
DLinear_Exchange_h192_fredf_s2021_det,Exchange_h192_DLinear,Exchange,DLinear,fredf,192,2021,deterministic,simulated,defect,-0.06471297491730515,f_last_dev,-0.020304046087644172,0.01712245802227197,-0.48390126608283784,0.6284559418066746,0.8973597335760742,569,-0.020304046087644172,-0.024540060934201594,-0.009588694873896046,-0.011039225827632525,-0.0003212690256793746,0.0031634446397188053,-0.016427973073851493,0.014632787940295553,-0.06471297491730515,-0.006494102902494981,0.06916381132928626,-4.069279557699668,0.18405078973015906,569,1326
DLinear_Exchange_h192_fredf_s2021_det,Exchange_h192_DLinear,Exchange,DLinear,fredf,192,2021,deterministic,simulated,control,-0.07379918210586245,f_slope,0.02789796777147949,0.03942178611984544,0.6648853074645226,0.5061238538377362,1.0148961590168701,569,0.02789796777147949,0.028124771348653443,0.06254916419244354,-0.07379918210586245,-0.02817481151826322,-0.07182870602581357,-0.04712636190838492,-0.009818182055053474,-0.013735749061011153,0.031162965211489087,-0.0038488915952312208,-4.375975521480227,0.3341302769323077,569,1326
DLinear_Exchange_h192_none_s2021_det,Exchange_h192_DLinear,Exchange,DLinear,none,192,2021,deterministic,simulated,index,-0.6475327077419026,f_range,-0.44823940404986584,0.21643745785021226,-10.682777914887682,1.2254862943121244e-26,0.24680609424274916,569,-0.44823940404986584,-0.6475327077419026,-0.42676766360814045,0.09205256513644816,-0.04353807611183706,-0.046177341544410305,0.0845364854002379,0.056919921154900924,-0.11873978120875843,-0.1998706325456206,0.02370137026874059,-11.111673323957222,0.19735755959454424,569,1326
DLinear_Exchange_h192_none_s2021_det,Exchange_h192_DLinear,Exchange,DLinear,none,192,2021,deterministic,simulated,defect,0.05688552739059462,f_drift,-0.018464370535487464,0.021772257406549134,-0.44005673750821006,0.6598960145724134,0.9689796275242761,569,-0.018464370535487464,-0.004231164038406207,-0.03466669967078394,-0.00041266003197056733,-0.01448211980234008,0.05688552739059462,0.010340407071045271,-0.015056847420663098,-0.013524110159058134,0.04965866794514195,-0.14717262265011474,-4.478393727062321,0.3516348902047456,569,1326
DLinear_Exchange_h192_none_s2021_det,Exchange_h192_DLinear,Exchange,DLinear,none,192,2021,deterministic,simulated,control,0.09615330499321897,f_slope,-0.0523157816569196,0.04012278480058719,-1.246828975398273,0.21246021367076884,0.7791510404647085,569,-0.0523157816569196,-0.03488123442372214,-0.0752824783312771,0.09615330499321897,0.03058426407115341,0.00833618862374134,0.014639432190218363,-0.04372665555817562,-0.02982362773440198,-0.015484880423043303,-0.04546184431792301,-4.853259153484103,0.060671276925159265,569,1326
DLinear_Exchange_h192_revin_s2021_det,Exchange_h192_DLinear,Exchange,DLinear,revin,192,2021,deterministic,simulated,index,-0.5222270790163938,f_range,-0.4347816061106255,0.19351741816674495,-10.362041573304593,3.6900056285171003e-25,0.29850607280799646,569,-0.4347816061106255,-0.5222270790163938,-0.23359984158023714,0.04750632180838244,-0.14338792909152262,-0.13564809446820597,-0.01436089481110137,-0.3146493985651026,0.0225282413191572,0.06648477489672101,-0.3841235882029867,-1.3900323249460627,-0.3502097709701739,569,1326
DLinear_Exchange_h192_revin_s2021_det,Exchange_h192_DLinear,Exchange,DLinear,revin,192,2021,deterministic,simulated,defect,-0.10456453455726497,f_std,-0.10456453455726497,0.04571203540711593,-2.4920604711597183,0.012700441235284002,0.8453757468090899,569,-0.10456453455726497,-0.07303014079073673,-0.04583620490866762,-0.013597848305260294,-0.021209748547710277,-0.024504384553552003,0.06175146336347566,-0.10285409618007743,-0.006866115758467186,0.002905817105947125,0.017974416427034595,-0.5403977488160272,-0.008179108581364027,569,1326
DLinear_Exchange_h192_revin_s2021_det,Exchange_h192_DLinear,Exchange,DLinear,revin,192,2021,deterministic,simulated,control,-0.09495590693360051,f_kurtosis,0.028595939711900116,0.04635473240660288,0.681519898629353,0.4955425801770217,1.1543783562146228,569,0.028595939711900116,-0.0021732150143455474,-0.007245880239349333,0.024601703273009624,0.07129990189960408,0.07981261912423576,-0.04431187066902386,0.07830033573004024,-0.032249951470919684,-0.09495590693360051,0.023628942644563083,-0.4422161355264169,-0.13629833075628808,569,1326
DLinear_Exchange_h192_san_lite_s2021_det,Exchange_h192_DLinear,Exchange,DLinear,san_lite,192,2021,deterministic,simulated,index,-0.41106819282162255,f_range,-0.2767528768950769,0.14815880467523476,-6.595782286127286,4.230193141244146e-11,0.44535438213032236,569,-0.2767528768950769,-0.41106819282162255,-0.19259342010810587,0.07863085459384744,0.05785578329844016,-0.02053457550408361,-0.17952483190699098,-0.18705556807685444,-0.010393691349837999,-0.06717825219748796,-0.12269887243807834,-0.8589769846321986,-0.008016377055422037,569,1326
DLinear_Exchange_h192_san_lite_s2021_det,Exchange_h192_DLinear,Exchange,DLinear,san_lite,192,2021,deterministic,simulated,defect,0.06647383142625991,f_last_dev,-0.011763579348629004,0.03213188308802165,-0.28035845249245966,0.7792025094316273,0.9361662614460924,569,-0.011763579348629004,-0.029812527310951447,-0.042681358710025395,0.05022427600474739,0.03758854114419195,-0.004891470737290267,-0.0034210070337853597,0.03332482174519693,0.06647383142625991,-0.04113741741913883,-0.034677088801476,-0.4484575330208911,-0.21469382838606846,569,1326
DLinear_Exchange_h192_san_lite_s2021_det,Exchange_h192_DLinear,Exchange,DLinear,san_lite,192,2021,deterministic,simulated,control,0.10353890990006269,f_slope,0.029625277332294576,0.043726843616466664,0.7060518453943225,0.4801558964672099,0.9824422050663988,569,0.029625277332294576,0.060731692811196385,-0.03233821577136485,0.10353890990006269,0.07073540121498578,0.022602500583000364,-0.02508223887772105,0.017925665174098892,-0.0065576792546975515,-0.06813085524524448,0.0060343771271800855,-0.2754852565081545,-0.07138563766193058,569,1326
DLinear_Exchange_h336_fredf_s2021_det,Exchange_h336_DLinear,Exchange,DLinear,fredf,336,2021,deterministic,simulated,index,0.48346829031905086,f_std,0.48346829031905086,0.30452383686485157,9.955221404040548,2.392896461742189e-23,1.4634070472792726,425,0.48346829031905086,0.2787090037800595,0.34327539041128013,0.17820371730940585,0.35046224070281845,0.05944021509746604,-0.37368244986009286,0.4354202685591909,-0.10304294133279143,-0.43953385127635963,0.19880100502303027,-9.171241557882313,,425,1182
DLinear_Exchange_h336_fredf_s2021_det,Exchange_h336_DLinear,Exchange,DLinear,fredf,336,2021,deterministic,simulated,defect,-0.1218996449195639,f_range,-0.1140929483672289,0.0716189870177884,-2.349317596167431,0.018807856698813703,0.8162675401862871,425,-0.1140929483672289,-0.1218996449195639,0.012050304044019949,-0.11043332134873617,-0.08588547935783401,-0.08432555376655047,0.047247190133029034,-0.09149645933313533,-0.0030026105579090525,0.045756358349877284,0.12294286633794606,-13.07183036331415,,425,1182
DLinear_Exchange_h336_fredf_s2021_det,Exchange_h336_DLinear,Exchange,DLinear,fredf,336,2021,deterministic,simulated,control,0.05827425416661882,f_range,0.058189492113613975,0.032422726412425586,1.1981949777872989,0.23084112011018287,1.0656068852731513,425,0.058189492113613975,0.05827425416661882,0.024118584983820794,0.02416344906285661,0.02501148958121649,0.027252192399681106,-0.01913820324834691,0.03242906942208188,0.04596989260758782,0.009680636538431478,-0.06277352454214835,-10.843068459402005,,425,1182
DLinear_Exchange_h336_none_s2021_det,Exchange_h336_DLinear,Exchange,DLinear,none,336,2021,deterministic,simulated,index,0.4327823545043848,f_std,0.4327823545043848,0.2552509525852737,8.91153410704533,5.033123136621497e-19,1.206383599727664,425,0.4327823545043848,0.1924781053653287,0.379640462084382,0.0019138359569179787,0.2825594409967016,-0.001825514686342249,-0.41043144549874166,0.3746103703240531,-0.1394833596473402,-0.3367846367885448,0.07166688215674666,-10.274409747003391,,425,1182
DLinear_Exchange_h336_none_s2021_det,Exchange_h336_DLinear,Exchange,DLinear,none,336,2021,deterministic,simulated,defect,0.09529161651373279,f_last_dev,-0.036441199918713175,0.0327513086972584,-0.7503702325136729,0.4530317539771873,0.9326413434806453,425,-0.036441199918713175,-0.01747713318102213,-0.03420878210439105,-0.004054806084006816,-0.04617826827781339,0.023922402338559662,0.02563677291272608,-0.0291410170233387,0.09529161651373279,-0.01516108861828016,0.042333471515110466,-12.19282430565627,,425,1182
DLinear_Exchange_h336_none_s2021_det,Exchange_h336_DLinear,Exchange,DLinear,none,336,2021,deterministic,simulated,control,-0.18299151177877476,f_std,-0.18299151177877476,0.1423053500626738,-3.7680258484286626,0.00016454366791729034,0.7786350131681478,425,-0.18299151177877476,-0.14901682775934508,-0.09025073861593536,-0.0937008957183724,-0.1598783823920214,-0.14981694830470058,0.17185208922793144,-0.17308389739100527,0.08333666817776805,0.16912554126088383,0.08076812499313328,-10.168974237886664,,425,1182
DLinear_Exchange_h336_revin_s2021_det,Exchange_h336_DLinear,Exchange,DLinear,revin,336,2021,deterministic,simulated,index,0.5963613199731128,f_absdiff,0.41879992496600027,0.23782780818163302,8.623618261046094,6.487111646355158e-18,1.595360362493289,425,0.41879992496600027,0.17852678826143828,0.5963613199731128,-0.09186959716121368,0.11667630645136078,-0.07799534163918026,-0.4058163855497022,0.2548823685732598,-0.08339044254427788,-0.1539596066967845,-0.3238448337259395,-0.4079880418337043,,425,1182
DLinear_Exchange_h336_revin_s2021_det,Exchange_h336_DLinear,Exchange,DLinear,revin,336,2021,deterministic,simulated,defect,-0.08905442764327291,f_range,-0.06478247956105111,0.0426875315232962,-1.3339528983532642,0.18221929357397004,0.9235864755690971,425,-0.06478247956105111,-0.08905442764327291,-0.031843335261290275,-0.00792108924356349,-0.046361163652279935,-0.040684997889668756,0.028685498116333964,-0.03383283050132091,0.03385330853042785,-0.049856184833752794,0.1050652232200477,-0.1595742049243314,,425,1182
DLinear_Exchange_h336_revin_s2021_det,Exchange_h336_DLinear,Exchange,DLinear,revin,336,2021,deterministic,simulated,control,0.0948426630817089,f_last_dev,-0.005591439871191634,0.03448198415605246,-0.11513479373871412,0.9083382818569663,1.1431044942960025,425,-0.005591439871191634,0.02483828741880417,-0.05672961185537197,0.006291288239983743,-0.008541682950086758,0.015452939613262261,0.006022103765768864,-0.06245361179284364,0.0948426630817089,0.06405621297150271,0.14951300227605333,-0.42082617664699096,,425,1182
DLinear_Exchange_h336_san_lite_s2021_det,Exchange_h336_DLinear,Exchange,DLinear,san_lite,336,2021,deterministic,simulated,index,0.5564729330477872,f_absdiff,0.49631098466492635,0.27558054346465116,10.219668666038306,1.6189328732587559e-24,1.8874338453733297,425,0.49631098466492635,0.2367830651353275,0.5564729330477872,0.030124900345469042,0.23381235247221396,0.030644510793953514,-0.4481394694470932,0.3392843632270873,-0.08817401635115912,-0.29605883916149506,-0.2535398325013211,-0.4245853487853235,,425,1182
DLinear_Exchange_h336_san_lite_s2021_det,Exchange_h336_DLinear,Exchange,DLinear,san_lite,336,2021,deterministic,simulated,defect,-0.1057687076956746,f_spec_ent,0.06633208797736474,0.047312274168097225,1.3658612885887158,0.17198250517201186,1.0406409428012282,425,0.06633208797736474,0.02825319141600837,0.006624251614012601,0.017970173985086994,0.08202404214409655,0.0035689609354238637,-0.1057687076956746,0.07907739444435762,-0.043353863469384565,-0.040150067999562306,0.011763984824876445,-0.3301620767053508,,425,1182
DLinear_Exchange_h336_san_lite_s2021_det,Exchange_h336_DLinear,Exchange,DLinear,san_lite,336,2021,deterministic,simulated,control,-0.11576323646652391,f_acf1,-0.0684744649919495,0.06229660727720822,-1.4099755313181488,0.15854690807059035,0.8949621917215103,425,-0.0684744649919495,-0.09390431041101208,0.03801957136827625,-0.07892935861562271,-0.11576323646652391,-0.04542839724250051,0.04873677134951775,-0.049099592002626195,0.030958246705538445,0.053652123618514645,-0.32656859585909165,-0.6662153077035087,,425,1182
DLinear_Exchange_h720_fredf_s2021_det,Exchange_h720_DLinear,Exchange,DLinear,fredf,720,2021,deterministic,simulated,index,0.9959930313588853,f_slope,0.6623693379790943,0.6852821596568267,4.189191520543617,2.799500573766379e-05,1.0140134021332128,41,0.6623693379790943,0.979825080888824,0.8334494773519165,0.9959930313588853,0.7500000000000001,-0.5613240418118468,-0.32299651567944254,-0.9752613240418121,0.2855400696864112,-0.4860627177700349,,-40.2953970240108,,41,798
DLinear_Exchange_h720_fredf_s2021_det,Exchange_h720_DLinear,Exchange,DLinear,fredf,720,2021,deterministic,simulated,defect,0.11428571428571432,f_std,0.11428571428571432,0.07213411155062621,0.7228063223242013,0.4697988825336006,1.0089211285996862,41,0.11428571428571432,0.09416341515782993,0.09303135888501746,0.08641114982578399,0.09843205574912894,0.061324041811846704,0.019686411149825788,-0.044599303135888516,-0.0804878048780488,-0.028919860627177708,,-40.295397024010796,,41,798
DLinear_Exchange_h720_fredf_s2021_det,Exchange_h720_DLinear,Exchange,DLinear,fredf,720,2021,deterministic,simulated,control,-0.29006968641114983,f_std,-0.29006968641114983,0.1645871980058618,-1.834561778460053,0.06657064628013493,0.9873951624419154,41,-0.29006968641114983,-0.2608545584558303,-0.15487804878048783,-0.2623693379790941,-0.2550522648083624,-0.03763066202090593,0.09581881533101047,0.24163763066202099,0.006271777003484322,-0.04128919860627179,,-40.2953970240108,,41,798
DLinear_Exchange_h720_none_s2021_det,Exchange_h720_DLinear,Exchange,DLinear,none,720,2021,deterministic,simulated,index,0.7963414634146343,f_slope,0.7862369337979096,0.5589563411562676,4.972598982696829,6.606122207977621e-07,1.0102780757639562,41,0.7862369337979096,0.788169683339678,0.5878048780487807,0.7963414634146343,0.7454703832752616,-0.23362369337979097,-0.4184668989547039,-0.783623693379791,0.31184668989547043,-0.13797909407665507,,-27.125482508498457,,41,798
DLinear_Exchange_h720_none_s2021_det,Exchange_h720_DLinear,Exchange,DLinear,none,720,2021,deterministic,simulated,defect,-0.3141114982578398,f_drift,-0.21167247386759583,0.12055861566625614,-1.3387342707681469,0.18065719535567482,0.9915885508589911,41,-0.21167247386759583,-0.04914016363120241,0.008013937282229967,0.034320557491289205,0.005226480836236935,-0.3141114982578398,0.15818815331010458,-0.010104529616724742,-0.1628919860627178,-0.2519163763066202,,-27.125482508498454,,41,798
DLinear_Exchange_h720_none_s2021_det,Exchange_h720_DLinear,Exchange,DLinear,none,720,2021,deterministic,simulated,control,0.15034843205574916,f_spec_ent,0.05470383275261326,0.0445858377979518,0.34597741647835245,0.7293596869095321,1.002146136626089,41,0.05470383275261326,0.03854130480878621,0.01777003484320558,0.022125435540069693,0.013763066202090595,0.021951219512195128,0.15034843205574916,-0.005749128919860628,0.028222996515679447,-0.09268292682926832,,-27.125482508498457,,41,798
DLinear_Exchange_h720_revin_s2021_det,Exchange_h720_DLinear,Exchange,DLinear,revin,720,2021,deterministic,simulated,index,0.9635888501742162,f_cross_corr,-0.7341463414634147,0.6910816516309872,-4.643149149808207,3.4313845346805595e-06,0.9319801458781262,41,-0.7341463414634147,-0.9292834152645747,-0.8433797909407668,-0.9376306620209062,-0.7594076655052266,0.69006968641115,0.19930313588850176,0.9635888501742162,-0.27073170731707324,0.583275261324042,,-2.29061865197844,,41,798
DLinear_Exchange_h720_revin_s2021_det,Exchange_h720_DLinear,Exchange,DLinear,revin,720,2021,deterministic,simulated,defect,-0.15923344947735196,f_absdiff,0.036062717770034856,0.04716969054568054,0.22808065353827695,0.8195835399777088,0.9996987551766177,41,0.036062717770034856,-0.032672515212902854,-0.15923344947735196,-0.06602787456445994,-0.02177700348432056,-0.05993031358885018,0.025783972125435543,-0.00017421602787456451,0.03135888501742161,-0.038675958188153316,,-2.29061865197844,,41,798
DLinear_Exchange_h720_revin_s2021_det,Exchange_h720_DLinear,Exchange,DLinear,revin,720,2021,deterministic,simulated,control,0.15783972125435544,f_spec_ent,-0.045818815331010454,0.06723585096800774,-0.28978363227326964,0.7719817704104044,1.034373223332113,41,-0.045818815331010454,-0.05772436333861389,0.01132404181184669,-0.056445993031358895,-0.11637630662020908,-0.06550522648083625,0.15783972125435544,0.0505226480836237,0.03222996515679443,0.07857142857142858,,-2.29061865197844,,41,798
DLinear_Exchange_h720_san_lite_s2021_det,Exchange_h720_DLinear,Exchange,DLinear,san_lite,720,2021,deterministic,simulated,index,-0.6562717770034845,f_slope,-0.055400696864111504,0.429408761585362,-0.3503847721022804,0.7260499530646864,1.022352252108051,41,-0.055400696864111504,-0.6301503336236546,-0.5834494773519165,-0.6562717770034845,-0.3689895470383276,0.644076655052265,0.21114982578397218,0.6242160278745645,0.07282229965156796,0.44756097560975616,,-1.5454426319509422,,41,798
DLinear_Exchange_h720_san_lite_s2021_det,Exchange_h720_DLinear,Exchange,DLinear,san_lite,720,2021,deterministic,simulated,defect,-0.13728222996515682,f_spec_ent,-0.07961672473867598,0.09030044271999002,-0.5035403800337804,0.6145843976891219,0.9765966361669693,41,-0.07961672473867598,0.11763857354136337,0.064808362369338,0.13379790940766553,0.10452961672473869,0.03554006968641116,-0.13728222996515682,-0.11271777003484322,0.01742160278745645,-0.09965156794425088,,-1.5454426319509422,,41,798
DLinear_Exchange_h720_san_lite_s2021_det,Exchange_h720_DLinear,Exchange,DLinear,san_lite,720,2021,deterministic,simulated,control,-0.3158536585365854,f_absdiff,-0.0980836236933798,0.17954952291249368,-0.6203353040678738,0.5350370564443148,0.9864588716135477,41,-0.0980836236933798,-0.2714534172782465,-0.3158536585365854,-0.24198606271777007,-0.1987804878048781,0.07839721254355403,0.1973867595818816,0.24721254355400704,-0.10226480836236937,0.04407665505226482,,-1.5454426319509422,,41,798
DLinear_Exchange_h96_fredf_s2021_det,Exchange_h96_DLinear,Exchange,DLinear,fredf,96,2021,deterministic,simulated,index,-0.34548623267710143,f_absdiff,0.022875978614723066,0.16031455827212096,0.5894727338850894,0.5555441976025284,0.7202857825557777,665,0.022875978614723066,0.06171009886340497,-0.34548623267710143,0.29421804266445994,0.24027644820289082,0.10370831017628736,-0.13640838501333113,-0.1077342085268528,0.152796146993991,-0.13793173098816724,-0.15955746495665685,-3.041230173042562,0.09275949946037512,665,1422
DLinear_Exchange_h96_fredf_s2021_det,Exchange_h96_DLinear,Exchange,DLinear,fredf,96,2021,deterministic,simulated,defect,0.0788523735258041,f_last_dev,0.020794251992730117,0.027242988455021367,0.535830391245471,0.5920757760668401,1.0076138500669174,665,0.020794251992730117,0.029774524234739176,0.035350424253404594,-0.060434299686043504,-0.0013679183305055213,-0.013886841819625588,-0.01351567619798438,-0.016744441696883043,0.0788523735258041,0.0017091328124936242,0.14558849558565296,-1.948370830321557,0.1644146779806065,665,1422
DLinear_Exchange_h96_fredf_s2021_det,Exchange_h96_DLinear,Exchange,DLinear,fredf,96,2021,deterministic,simulated,control,-0.05492806421785496,f_cross_corr,0.002214466482063185,0.022684274562979622,0.0570628095638515,0.9544951617964688,0.9367996023883133,665,0.002214466482063185,0.030407461718291624,-0.014787865136628614,0.044881293105769965,0.025016791408674733,-0.0067212152817733035,-0.019276373937122195,-0.05492806421785496,0.006600839448017635,-0.022008374893600007,-0.08848195659210027,-1.6049421849081948,0.04268339391554249,665,1422
DLinear_Exchange_h96_none_s2021_det,Exchange_h96_DLinear,Exchange,DLinear,none,96,2021,deterministic,simulated,index,-0.36507933787578684,f_absdiff,-0.08161958951432637,0.11567366016303378,-2.1031896986747194,0.035449190412214504,0.7375929315490629,665,-0.08161958951432637,-0.0906858511788263,-0.36507933787578684,0.09755131070920545,0.12718988124821987,0.07944617323184222,-0.06958837177606994,-0.10923405061008104,0.0451113537670291,-0.09123068171895059,-0.21337546273710142,-7.486805091666431,-0.6782421745822175,665,1422
DLinear_Exchange_h96_none_s2021_det,Exchange_h96_DLinear,Exchange,DLinear,none,96,2021,deterministic,simulated,defect,-0.07304834048651423,f_last_dev,-0.006489889654125546,0.03091673879424332,-0.16723275805861104,0.8671869101418328,1.0207084569932623,665,-0.006489889654125546,-0.039600316568132905,0.046243049825801893,-0.023389595773869714,0.002247151581330402,-0.027663468341971833,-0.049404731300736374,0.022905807338274048,-0.07304834048651423,-0.01817503707167626,-0.11529360795075616,-2.9408101928248978,0.09907702179186864,665,1422
DLinear_Exchange_h96_none_s2021_det,Exchange_h96_DLinear,Exchange,DLinear,none,96,2021,deterministic,simulated,control,0.0636424584744179,f_kurtosis,0.01655216680581297,0.0229774831595995,0.42651950253463355,0.6697293401173912,1.0602547138283358,665,0.01655216680581297,0.018037942972613012,-0.0058132142469491865,-0.011778020433695767,0.03509877755280419,-0.0027542806870644535,-0.03755648482978857,0.012303634370850606,-0.02623785122199834,0.0636424584744179,0.004092839070646218,-2.4449269044856705,-0.0060986341368968935,665,1422
DLinear_Exchange_h96_revin_s2021_det,Exchange_h96_DLinear,Exchange,DLinear,revin,96,2021,deterministic,simulated,index,-0.23542081351212615,f_cross_corr,0.032604835109590974,0.08203749017857749,0.8401678290411275,0.40081429348802666,0.950359651170249,665,0.032604835109590974,0.015032540672963527,-0.07793576255846389,0.09644050699852855,0.005635914925705667,0.11320339272146501,-0.16048975418030587,-0.23542081351212615,0.05271686216518176,0.030894518941443485,-0.30296458764162865,-1.54785195276764,0.3670310802351216,665,1422
DLinear_Exchange_h96_revin_s2021_det,Exchange_h96_DLinear,Exchange,DLinear,revin,96,2021,deterministic,simulated,defect,0.07877284386479061,f_acf1,0.01789817265403822,0.03262453871543679,0.4612036470052006,0.6446525053932102,0.9825682329310935,665,0.01789817265403822,0.022258784372584415,-0.04380427623927942,0.03243553364035292,0.07877284386479061,0.03179435890279264,-0.008342575749043726,0.027015152665120962,0.025227102272124467,-0.03869658679424057,0.12303600800487878,-0.48977357577072644,0.033645996651386054,665,1422
DLinear_Exchange_h96_revin_s2021_det,Exchange_h96_DLinear,Exchange,DLinear,revin,96,2021,deterministic,simulated,control,0.06330263137492054,f_spec_ent,-0.0629051054859552,0.0427535503530154,-1.6209511789922102,0.10502810947694816,1.0124893599021514,665,-0.0629051054859552,-0.019120498254020058,-0.0212478852618358,-0.035288808148668645,-0.04820297242618106,-0.054290072298949915,0.06330263137492054,-0.036263403543048446,-0.04969497987887335,0.03721914685770108,0.09211220119573069,-0.9166119431569906,0.08824519611927033,665,1422
DLinear_Exchange_h96_san_lite_s2021_det,Exchange_h96_DLinear,Exchange,DLinear,san_lite,96,2021,deterministic,simulated,index,-0.23404828417510726,f_cross_corr,0.12804454966788512,0.14713278515188793,3.2994772386801814,0.0009686508238537992,1.2446639974701397,665,0.12804454966788512,0.1816851922820541,-0.07830970294508659,0.1831402015295484,0.17275621486147802,0.12057202596200695,-0.2236323877097498,-0.23404828417510726,0.1307699809602156,-0.0183693114257477,-0.2239643599734363,-0.9371012759330521,0.5419921641509041,665,1422
DLinear_Exchange_h96_san_lite_s2021_det,Exchange_h96_DLinear,Exchange,DLinear,san_lite,96,2021,deterministic,simulated,defect,-0.06637572439728431,f_last_dev,0.009957448162901556,0.029121645435157294,0.25658549039414275,0.7974987770840187,0.9731266928361361,665,0.009957448162901556,0.015866201480711353,0.02780367558427166,-0.021181658150586497,-0.03268950624689369,-0.0506732069509495,0.03428058913157201,-0.02291347874734051,-0.06637572439728431,-0.009474965499061886,-0.030044929583706144,-0.3780885910686178,0.06497580583331236,665,1422
DLinear_Exchange_h96_san_lite_s2021_det,Exchange_h96_DLinear,Exchange,DLinear,san_lite,96,2021,deterministic,simulated,control,-0.10791746543173304,f_kurtosis,0.06493574378799491,0.06433315730756407,1.6732770677157085,0.09427276476753409,1.076004203119072,665,0.06493574378799491,0.04595511336563619,0.012568134762174079,0.018968170997340307,0.09352537155327263,0.07723639936702716,-0.07403281077979873,0.07466166229641183,-0.07353070073425179,-0.10791746543173304,0.016607609486523584,-0.4661283422520157,0.16862085964458265,665,1422
DLinear_ILI_h24_fredf_s2021_det,ILI_h24_DLinear,ILI,DLinear,fredf,24,2021,deterministic,simulated,index,-0.5894853757867455,f_spec_ent,-0.2348611625323954,0.23886522427944018,-2.0066546523064153,0.04478644769823392,1.0481247352391907,74,-0.2348611625323954,-0.1696963005507891,-0.48475379489078113,-0.1184005923731951,-0.08848574601999257,-0.2113439466864124,-0.5894853757867455,0.3765272121436504,0.058985560903369115,0.056112550907071436,,-4.3577435171815635,,74,170
DLinear_ILI_h24_fredf_s2021_det,ILI_h24_DLinear,ILI,DLinear,fredf,24,2021,deterministic,simulated,defect,-0.18036282858200664,f_drift,-0.14520547945205475,0.1050316245646092,-1.2406361602789835,0.21474018744281598,0.7030469339872035,74,-0.14520547945205475,-0.10878348000373728,-0.13676416142169565,-0.021103295075897813,-0.08703443169196592,-0.18036282858200664,-0.14108848574601995,0.008041466123657904,0.10563495001851164,0.11629766753054423,,-4.3577435171815635,,74,170
DLinear_ILI_h24_fredf_s2021_det,ILI_h24_DLinear,ILI,DLinear,fredf,24,2021,deterministic,simulated,control,0.09710477600888558,f_cross_corr,-0.027767493520918174,0.04903106369531934,-0.23724556864080515,0.8124662865719368,0.7150763013663758,74,-0.027767493520918174,-0.04320215861183844,-0.04222139948167345,-0.0816142169566827,0.004872269529803776,-0.0399407626804887,-0.07261014439096629,0.09710477600888558,-0.060081451314328016,0.020895964457608288,,-4.3577435171815635,,74,170
DLinear_ILI_h24_none_s2021_det,ILI_h24_DLinear,ILI,DLinear,none,24,2021,deterministic,simulated,index,-0.5922695298037762,f_spec_ent,-0.2269529803776379,0.23589096128454484,-1.9390871143575141,0.05249073146428925,1.0664087765679933,74,-0.2269529803776379,-0.16249347067588224,-0.4855534987041836,-0.12305072195483152,-0.07859311366160679,-0.20106627175120323,-0.5922695298037762,0.38567937800814506,0.05634950018511661,0.04690114772306552,,-4.324333657202663,,74,170
DLinear_ILI_h24_none_s2021_det,ILI_h24_DLinear,ILI,DLinear,none,24,2021,deterministic,simulated,defect,-0.17396519807478708,f_kurtosis,-0.04858941132913734,0.08065349326308738,-0.41514811237892346,0.6780334805064387,0.938750052052654,74,-0.04858941132913734,-0.14113693189040735,-0.0297815623843021,0.11037393557941501,0.15400222139948164,-0.03449092928544983,-0.05347649018881894,-0.05750462791558681,-0.0032136245834875968,-0.17396519807478708,,-4.324333657202663,,74,170
DLinear_ILI_h24_none_s2021_det,ILI_h24_DLinear,ILI,DLinear,none,24,2021,deterministic,simulated,control,0.301503146982599,f_acf1,0.22621251388374672,0.14491431312377862,1.9327605658604259,0.053265700270002325,1.1459598144386853,74,0.22621251388374672,0.22107945111931188,0.15696408737504625,-0.2113439466864124,0.301503146982599,0.044383561643835605,-0.053269159570529426,0.09855609033691222,-0.09198074787115881,-0.04385042576823398,,-4.324333657202663,,74,170
DLinear_ILI_h24_revin_s2021_det,ILI_h24_DLinear,ILI,DLinear,revin,24,2021,deterministic,simulated,index,-0.6012143650499815,f_spec_ent,-0.2597112180673824,0.24017437281192686,-2.218973619868693,0.026488519288861426,1.0336879181217655,74,-0.2597112180673824,-0.1891557977231197,-0.42128100703443155,-0.09568308034061457,-0.12248796741947424,-0.2757941503146982,-0.6012143650499815,0.30665679378008137,0.050336912254720464,0.07942243613476489,,-5.338309255158276,,74,170
DLinear_ILI_h24_revin_s2021_det,ILI_h24_DLinear,ILI,DLinear,revin,24,2021,deterministic,simulated,defect,-0.1919141058867086,f_last_dev,-0.008604220659015177,0.05292414515986713,-0.07351449353616414,0.9413967111079207,1.0946039365210511,74,-0.008604220659015177,-0.05879346936986728,0.03911144020733061,-0.011743798593113659,0.05054424287300999,-0.07832654572380598,-0.057978526471677144,-0.0008145131432802663,-0.1919141058867086,-0.03141058867086264,,-5.338309255158276,,74,170
DLinear_ILI_h24_revin_s2021_det,ILI_h24_DLinear,ILI,DLinear,revin,24,2021,deterministic,simulated,control,-0.1857534246575342,f_spec_ent,-0.010884857460199925,0.08570188035608242,-0.09300026290719561,0.9259033523592236,0.6217385867872134,74,-0.010884857460199925,-0.06200954772965079,-0.03081821547574972,0.0283006293965198,0.132884116993706,0.03173639392817474,-0.1857534246575342,0.07850425768233986,-0.11671232876712324,-0.17941503146982596,,-5.338309255158276,,74,170
DLinear_ILI_h24_san_lite_s2021_det,ILI_h24_DLinear,ILI,DLinear,san_lite,24,2021,deterministic,simulated,index,0.40348019252128836,f_cross_corr,0.041865975564605695,0.21375179786716866,0.3577030520253633,0.7205655488506686,1.3584227249481884,74,0.041865975564605695,0.11454870803118329,-0.3697149203998518,-0.20290262865605324,0.04195483154387263,-0.12367271380970007,-0.3900629396519807,0.40348019252128836,-0.29750462791558674,0.15181044057756382,,-4.07863502967431,,74,170
DLinear_ILI_h24_san_lite_s2021_det,ILI_h24_DLinear,ILI,DLinear,san_lite,24,2021,deterministic,simulated,defect,-0.4477897075157348,f_std,-0.4477897075157348,0.2244651355035173,-3.8259169381290796,0.00013028621791617132,0.4487835061377003,74,-0.4477897075157348,-0.42862766010736864,-0.21608293224731573,-0.013135875601629024,-0.1528767123287671,-0.3120770085153647,-0.3923435764531655,-0.002917437985931136,0.13845242502776747,-0.14034801925212884,,-4.07863502967431,,74,170
DLinear_ILI_h24_san_lite_s2021_det,ILI_h24_DLinear,ILI,DLinear,san_lite,24,2021,deterministic,simulated,control,-0.31287671232876707,f_cross_corr,-0.14428730099962972,0.17774705880581382,-1.2327912401425942,0.21765366039176037,0.838066965446916,74,-0.14428730099962972,-0.11066570097927877,0.1566679007774898,0.17402443539429838,-0.28162902628656045,-0.15101073676416138,0.15912624953720841,-0.31287671232876707,0.0384598296927064,0.2487226952980377,,-4.07863502967431,,74,170
DLinear_ILI_h36_fredf_s2021_det,ILI_h36_DLinear,ILI,DLinear,fredf,36,2021,deterministic,simulated,index,-0.6344086021505376,f_spec_ent,0.08111102717131274,0.2581875939311449,0.6334973736772012,0.526408895373746,1.1193134410022958,62,0.08111102717131274,0.19163142267877759,-0.035128805620608904,-0.6252423761678125,0.3248722016569716,-0.11435118732844804,-0.6344086021505376,0.3954823600513712,0.03804991060411473,-0.14159804588149377,,-8.240118909294964,,62,158
DLinear_ILI_h36_fredf_s2021_det,ILI_h36_DLinear,ILI,DLinear,fredf,36,2021,deterministic,simulated,defect,-0.12266122736773188,f_slope,0.03019314547606457,0.03918662197329612,0.23581600466903577,0.8135754484256729,1.2518388424908597,62,0.03019314547606457,0.027156189766453093,0.00798267482561507,-0.12266122736773188,-0.03220770063710307,0.011659237994510338,0.04963360278008613,0.05366271310216313,0.02414947999294906,0.0325602477902848,,-8.240118909294964,,62,158
DLinear_ILI_h36_fredf_s2021_det,ILI_h36_DLinear,ILI,DLinear,fredf,36,2021,deterministic,simulated,control,-0.09133489461358313,f_spec_ent,0.05270579940066985,0.05262055788354301,0.4116454526874828,0.680599311410493,1.0057899018353809,62,0.05270579940066985,0.061120337970178545,0.03185515348392133,-0.06801641862456247,-0.00662285009191408,0.02475384654126061,-0.09133489461358313,0.0785928332200146,0.04273375135352925,-0.06846969353579613,,-8.240118909294964,,62,158
DLinear_ILI_h36_none_s2021_det,ILI_h36_DLinear,ILI,DLinear,none,36,2021,deterministic,simulated,index,-0.6315882249250837,f_spec_ent,0.08216866863085796,0.25514110933620016,0.6417578175438396,0.5210304422584804,1.1185603879984196,62,0.08216866863085796,0.19571619774114105,-0.026214399033013522,-0.6303794918284606,0.320389816423661,-0.12195613306136839,-0.6315882249250837,0.39014378887461915,0.02455239102515676,-0.1283019818186397,,-8.360161172226325,,62,158
DLinear_ILI_h36_none_s2021_det,ILI_h36_DLinear,ILI,DLinear,none,36,2021,deterministic,simulated,defect,0.13766966331746872,f_std,0.13766966331746872,0.08163822513314677,1.0752344433074381,0.2822697783427859,1.06792725246711,62,0.13766966331746872,0.08451954326569244,0.060965475560927705,-0.07083679585001636,0.08383067663871471,0.0827730351791695,0.1239706882224069,0.06051220064969404,-0.10352295333786608,-0.0077812193095112185,,-8.360161172226325,,62,158
DLinear_ILI_h36_none_s2021_det,ILI_h36_DLinear,ILI,DLinear,none,36,2021,deterministic,simulated,control,0.19382509817523205,f_range,0.1691974515877213,0.11717657191618606,1.3214743414272319,0.18634325244764183,1.271132387724374,62,0.1691974515877213,0.19382509817523205,0.13359018911636575,-0.16280123895142407,0.09546473269371208,0.1002493012011785,-0.06998060990657501,0.04026592128125708,0.18163732970713403,-0.02475384654126061,,-8.360161172226325,,62,158
DLinear_ILI_h36_revin_s2021_det,ILI_h36_DLinear,ILI,DLinear,revin,36,2021,deterministic,simulated,index,-0.5929591297121705,f_spec_ent,0.04948251114300824,0.22551375774663632,0.3864707666177275,0.6991480489035811,1.1417272195613573,62,0.04948251114300824,0.1701485316100515,0.07768628339754728,-0.5795119740122384,0.22827428168517544,-0.2231371660245272,-0.5929591297121705,0.2782352496789303,0.011659237994510338,-0.04404321220820427,,-9.06420103486818,,62,158
DLinear_ILI_h36_revin_s2021_det,ILI_h36_DLinear,ILI,DLinear,revin,36,2021,deterministic,simulated,defect,-0.14784316688071317,f_last_dev,0.07501699780917127,0.06855690181881323,0.5859014828265701,0.557941720796069,1.0174070723476194,62,0.07501699780917127,0.05105968827954272,0.003752108987434212,-0.018659817179119135,-0.03759663569288107,0.14759134748558334,0.05990783410138249,0.08554304852559745,-0.14784316688071317,-0.05859837324670746,,-9.06420103486818,,62,158
DLinear_ILI_h36_revin_s2021_det,ILI_h36_DLinear,ILI,DLinear,revin,36,2021,deterministic,simulated,control,0.14864898894512854,f_absdiff,0.07526881720430106,0.0713101568446968,0.5878682551757696,0.5566207255660539,1.001904981590864,62,0.07526881720430106,-0.03835149919663431,0.14864898894512854,-0.03699226914456951,0.08443504318702627,0.10392586437007378,-0.006018483543602528,-0.0022915564956812974,0.07642718642189822,-0.14074185993805244,,-9.06420103486818,,62,158
DLinear_ILI_h36_san_lite_s2021_det,ILI_h36_DLinear,ILI,DLinear,san_lite,36,2021,deterministic,simulated,index,-0.7769383797940118,f_slope,0.325728387600413,0.335635844438292,2.5440200336897227,0.010958479928176472,1.727346985261745,62,0.325728387600413,0.453107455991794,0.11767520334416157,-0.7769383797940118,0.3422477399209288,-0.11838029765052505,-0.3771499080859208,0.3779053662713102,-0.3400317292437864,0.1271939764800685,,-11.397428348832301,,62,158
DLinear_ILI_h36_san_lite_s2021_det,ILI_h36_DLinear,ILI,DLinear,san_lite,36,2021,deterministic,simulated,defect,0.24383672030419784,f_kurtosis,0.04102137946664652,0.094847739393947,0.3203872156846198,0.7486748156162923,0.9350451069792434,62,0.04102137946664652,0.09674865379190391,-0.07924756364735212,-0.05164815794112463,-0.02550930472665005,-0.02455239102515676,0.15076427186421898,0.005414116995290977,-0.2297348341769283,0.24383672030419784,,-11.397428348832301,,62,158
DLinear_ILI_h36_san_lite_s2021_det,ILI_h36_DLinear,ILI,DLinear,san_lite,36,2021,deterministic,simulated,control,0.10624260280526807,f_drift,0.00526302535821309,0.02352755152971003,0.04110554209827228,0.9672117563841064,1.35408616677339,62,0.00526302535821309,0.0005042932175757306,0.027574223766714513,0.025861851879831785,-0.015587620558535418,0.10624260280526807,-0.02984059832288283,-0.018659817179119135,0.002795195285940923,0.002946286923018811,,-11.397428348832301,,62,158
DLinear_ILI_h48_fredf_s2021_det,ILI_h48_DLinear,ILI,DLinear,fredf,48,2021,deterministic,simulated,index,0.7070828331332534,f_absdiff,0.14458583433373348,0.25346406118335363,1.0121008403361345,0.3114898406481501,1.0742931015737545,50,0.14458583433373348,0.23629727449860236,0.7070828331332534,-0.033565426170468184,-0.12201680672268907,-0.41570228091236494,-0.11539015606242496,-0.5885714285714285,0.1086674669867947,0.06276110444177671,,-15.19139324591028,,50,146
DLinear_ILI_h48_fredf_s2021_det,ILI_h48_DLinear,ILI,DLinear,fredf,48,2021,deterministic,simulated,defect,0.2573349339735894,f_absdiff,0.1417046818727491,0.1263023430102064,0.9919327731092437,0.3212303206540411,1.2519904183895838,50,0.1417046818727491,0.18283135327133165,0.2573349339735894,-0.15015606242496998,-0.046530612244897955,-0.06669867947178872,0.02156062424969988,-0.17042016806722687,-0.10319327731092437,0.12259303721488594,,-15.19139324591028,,50,146
DLinear_ILI_h48_fredf_s2021_det,ILI_h48_DLinear,ILI,DLinear,fredf,48,2021,deterministic,simulated,control,0.1237454981992797,f_slope,-0.0033133253301320525,0.04844682226901173,-0.023193277310924368,0.9814961010953004,0.6930807120288582,50,-0.0033133253301320525,0.006340971789757168,-0.019639855942376952,0.1237454981992797,-0.04797118847539015,-0.04998799519807923,-0.0034093637454981987,-0.036350540216086434,0.07466986794717888,-0.11903961584633853,,-15.19139324591028,,50,146
DLinear_ILI_h48_none_s2021_det,ILI_h48_DLinear,ILI,DLinear,none,48,2021,deterministic,simulated,index,0.7199519807923168,f_absdiff,0.09320528211284512,0.2657121017438687,0.6524369747899159,0.5141193182672905,1.0464456547997654,50,0.09320528211284512,0.1931114135971501,0.7199519807923168,-0.020504201680672268,-0.17839135654261706,-0.4758223289315726,-0.1289315726290516,-0.630828331332533,0.10405762304921969,0.11231692677070829,,-14.699542740352685,,50,146
DLinear_ILI_h48_none_s2021_det,ILI_h48_DLinear,ILI,DLinear,none,48,2021,deterministic,simulated,defect,0.19020408163265307,f_absdiff,0.13210084033613445,0.0985803800598235,0.9247058823529412,0.35511891878286883,1.1994238067608154,50,0.13210084033613445,0.17048567334733475,0.19020408163265307,-0.12614645858343337,0.085906362545018,0.11097238895558223,-0.001680672268907563,-0.07265306122448979,-0.014453781512605042,0.08120048019207683,,-14.699542740352685,,50,146
DLinear_ILI_h48_none_s2021_det,ILI_h48_DLinear,ILI,DLinear,none,48,2021,deterministic,simulated,control,-0.0695798319327731,f_acf1,0.039519807923169274,0.037495078827249534,0.2766386554621849,0.7820575798230511,1.0512436049804363,50,0.039519807923169274,0.04376231288233924,0.03903961584633854,0.011284513805522207,-0.0695798319327731,-0.04979591836734694,0.045570228091236495,-0.043073229291716676,0.010612244897959183,0.022713085234093634,,-14.699542740352685,,50,146
DLinear_ILI_h48_revin_s2021_det,ILI_h48_DLinear,ILI,DLinear,revin,48,2021,deterministic,simulated,index,0.7956302521008403,f_absdiff,0.018967587034813924,0.30436489499002645,0.13277310924369745,0.8943728217539129,0.9876586690189252,50,0.018967587034813924,0.12364894990026477,0.7956302521008403,0.12220888355342135,-0.358079231692677,-0.5385354141656662,-0.06698679471788715,-0.7445378151260503,0.06602641056422569,0.20902761104441775,,-14.722847433310575,,50,146
DLinear_ILI_h48_revin_s2021_det,ILI_h48_DLinear,ILI,DLinear,revin,48,2021,deterministic,simulated,defect,-0.1630252100840336,f_cross_corr,0.028283313325330132,0.07677825816341366,0.19798319327731093,0.843058213277056,0.9824886507227972,50,0.028283313325330132,0.009031081033896573,0.12441776710684273,0.08686674669867947,0.053829531812725095,-0.050756302521008406,-0.04470588235294118,-0.1630252100840336,0.11126050420168068,-0.0956062424969988,,-14.722847433310575,,50,146
DLinear_ILI_h48_revin_s2021_det,ILI_h48_DLinear,ILI,DLinear,revin,48,2021,deterministic,simulated,control,0.16849939975990394,f_cross_corr,0.07303721488595438,0.08308015381243213,0.5112605042016807,0.6091686570483708,0.9825332944651474,50,0.07303721488595438,0.055243314835005636,-0.0013925570228091237,-0.14372148859543818,-0.0033133253301320525,-0.09176470588235294,-0.0575750300120048,0.16849939975990394,0.1291236494597839,-0.10713085234093636,,-14.722847433310575,,50,146
DLinear_ILI_h48_san_lite_s2021_det,ILI_h48_DLinear,ILI,DLinear,san_lite,48,2021,deterministic,simulated,index,0.6607923169267707,f_absdiff,0.4871548619447779,0.3272972618642985,3.4100840336134453,0.0006494286607601162,1.2994872642489224,50,0.4871548619447779,0.5817361240451462,0.6607923169267707,-0.17791116446578628,0.0060984393757503004,-0.18405762304921966,0.19529411764705884,-0.44854741896758704,-0.27010804321728693,0.26127250900360144,,-15.868986047354237,,50,146
DLinear_ILI_h48_san_lite_s2021_det,ILI_h48_DLinear,ILI,DLinear,san_lite,48,2021,deterministic,simulated,defect,-0.2575270108043217,f_last_dev,-0.0846578631452581,0.08411717305004356,-0.5926050420168066,0.5534455040088774,1.0302009012144988,50,-0.0846578631452581,-0.05015132233717033,0.0954141656662665,0.009843937575030014,-0.03010804321728691,0.01042016806722689,-0.021848739495798315,-0.13824729891956783,-0.2575270108043217,0.142953181272509,,-15.868986047354237,,50,146
DLinear_ILI_h48_san_lite_s2021_det,ILI_h48_DLinear,ILI,DLinear,san_lite,48,2021,deterministic,simulated,control,-0.1634093637454982,f_cross_corr,0.06919567827130851,0.06016473451443368,0.4843697478991596,0.6281234842063421,0.9819513430982629,50,0.06919567827130851,0.038237981398838675,0.08254501800720286,0.1497719087635054,-0.010516206482593037,-0.006290516206482593,0.07668667466986795,-0.1634093637454982,0.0013925570228091237,-0.003601440576230492,,-15.868986047354237,,50,146
DLinear_ILI_h60_fredf_s2021_det,ILI_h60_DLinear,ILI,DLinear,fredf,60,2021,deterministic,simulated,index,0.7240398293029872,f_last_dev,-0.42138089506510557,0.38743811674490614,-2.56315991948555,0.010372426049876314,0.5774626561005656,38,-0.42138089506510557,-0.5290479800106109,0.1999124630703578,0.5360542728963782,-0.11522048364153627,0.10668563300142249,-0.3176496334391071,-0.31108436371594267,0.7240398293029872,-0.6133056133056133,,-13.47951013738539,,38,134
DLinear_ILI_h60_fredf_s2021_det,ILI_h60_DLinear,ILI,DLinear,fredf,60,2021,deterministic,simulated,defect,-0.24368092789145418,f_drift,-0.12506838822628297,0.12561474750129256,-0.760761305627625,0.4467996500538114,0.8015230840575367,38,-0.12506838822628297,-0.12418555357731999,-0.19247182405077143,-0.06838822628296312,-0.12222343801291169,-0.24368092789145418,-0.09464930517562095,0.11784659153080204,0.13382208119050223,0.033811139074296975,,-13.479510137385386,,38,134
DLinear_ILI_h60_fredf_s2021_det,ILI_h60_DLinear,ILI,DLinear,fredf,60,2021,deterministic,simulated,control,-0.12374750929662397,f_range,-0.1051537367326841,0.07081659358203136,-0.6396252097184144,0.5224162889602229,1.3327108272354988,38,-0.1051537367326841,-0.12374750929662397,-0.06291716818032607,-0.020024072655651603,0.04737936316883685,-0.04387788598314914,-0.06226064120800962,-0.09793194003720318,0.055038844512528724,0.08983477404530035,,-13.47951013738539,,38,134
DLinear_ILI_h60_none_s2021_det,ILI_h60_DLinear,ILI,DLinear,none,60,2021,deterministic,simulated,index,0.7211948790896159,f_last_dev,-0.42181857971331654,0.3879852225551698,-2.5658222512637745,0.01029315597773117,0.5719215613745252,38,-0.42181857971331654,-0.5290479800106109,0.2042893095524674,0.5340846919794289,-0.11675237991027465,0.10843637159426633,-0.3178684757632126,-0.3137104716052084,0.7211948790896159,-0.6126490863332967,,-12.99601680100736,,38,134
DLinear_ILI_h60_none_s2021_det,ILI_h60_DLinear,ILI,DLinear,none,60,2021,deterministic,simulated,defect,0.4229127913338439,f_acf1,0.20932268300689352,0.16358597660200697,1.2732601729358237,0.20292573438584138,1.2755620927054343,38,0.20932268300689352,0.14959212185768878,0.014553014553014552,0.036874931611773715,0.4229127913338439,0.30802057117846593,0.17277601488127803,0.14345114345114346,0.014553014553014552,-0.16380347959295327,,-12.996016801007357,,38,134
DLinear_ILI_h60_none_s2021_det,ILI_h60_DLinear,ILI,DLinear,none,60,2021,deterministic,simulated,control,0.29051318525002734,f_absdiff,0.09421162052740999,0.1317388980860138,0.5730669152628041,0.5665993874079153,1.1906245062949299,38,0.09421162052740999,0.08235232477085065,0.29051318525002734,0.10362184046394572,-0.05919684867053288,0.14235693183061604,0.0672940146624357,-0.27606959185906554,-0.0953058321479374,0.10646679067731699,,-12.99601680100736,,38,134
DLinear_ILI_h60_revin_s2021_det,ILI_h60_DLinear,ILI,DLinear,revin,60,2021,deterministic,simulated,index,0.6502899660794398,f_last_dev,-0.38089506510559135,0.3797309829055546,-2.3168942299997917,0.02050949416430578,0.546988056503154,38,-0.38089506510559135,-0.4817391976954415,0.2789145420724368,0.5483094430462851,-0.11828427617901302,0.124630703578072,-0.2913885545464493,-0.37520516467884885,0.6502899660794398,-0.5476529160739687,,-13.539071175472923,,38,134
DLinear_ILI_h60_revin_s2021_det,ILI_h60_DLinear,ILI,DLinear,revin,60,2021,deterministic,simulated,defect,0.19225298172666597,f_acf1,0.10559142138089507,0.1027236785652409,0.6422875414966388,0.5206865019546085,0.9841416458573286,38,0.10559142138089507,0.12221435431418792,-0.08129992340518655,0.027902396323448955,0.19225298172666597,0.1552686289528395,0.14498303971988183,0.13097713097713098,0.02834008097165992,0.03840682788051209,,-13.539071175472923,,38,134
DLinear_ILI_h60_revin_s2021_det,ILI_h60_DLinear,ILI,DLinear,revin,60,2021,deterministic,simulated,control,-0.325309114782799,f_kurtosis,0.001641317430791115,0.14849817424703696,0.009983744168341534,0.992034257000396,0.8598002230129772,38,0.001641317430791115,-0.033072343192549064,-0.16993106466790678,0.1596454754349491,0.08480140059087428,0.12112922639238427,0.07320275741328372,0.2616259984681037,0.2546230440967283,-0.325309114782799,,-13.539071175472923,,38,134
DLinear_ILI_h60_san_lite_s2021_det,ILI_h60_DLinear,ILI,DLinear,san_lite,60,2021,deterministic,simulated,index,0.5894517999781158,f_slope,-0.3082394135025714,0.3644714872366597,-1.8749471548145402,0.060799993937712855,0.6897946187752639,38,-0.3082394135025714,-0.40639558141572707,0.35113250902724585,0.5894517999781158,-0.07933034248823723,0.160958529379582,-0.23580260422365687,-0.4614290403764088,0.5638472480577744,-0.4881278039172776,,-18.52883750433169,,38,134
DLinear_ILI_h60_san_lite_s2021_det,ILI_h60_DLinear,ILI,DLinear,san_lite,60,2021,deterministic,simulated,defect,0.288981288981289,f_kurtosis,-0.031185031185031187,0.099868928366652,-0.18969113919848918,0.8495511646407943,1.1910155886235814,38,-0.031185031185031187,0.0028472878245240914,-0.12528723055038843,-0.23908523908523907,-0.10690447532552796,0.012802275960170697,0.018492176386913226,0.08480140059087428,-0.08830287777656197,0.288981288981289,,-18.528837504331694,,38,134
DLinear_ILI_h60_san_lite_s2021_det,ILI_h60_DLinear,ILI,DLinear,san_lite,60,2021,deterministic,simulated,control,0.3309990152095415,f_last_dev,-0.07867381551592079,0.17439554668074436,-0.4785541371358376,0.6322558520754056,0.8034570700107088,38,-0.07867381551592079,-0.13447959417367633,0.18875150454097822,0.1758398074187548,-0.30408140934456723,0.11128132180763758,-0.018492176386913226,-0.23470839260312945,0.3309990152095415,-0.16664842980632452,,-18.52883750433169,,38,134
DLinear_Weather_h192_fredf_s2021_det,Weather_h192_DLinear,Weather,DLinear,fredf,192,2021,deterministic,simulated,index,0.2832232202912344,f_absdiff,-0.03953135858044498,0.1329677610055851,-2.8170080518794105,0.004847331043535259,1.7741991952159109,5079,-0.03953135858044498,0.028262519005680758,0.2832232202912344,-0.10099421367615202,0.1792101790467029,0.08764928591753504,0.20102526872009657,0.16793993855016393,0.12015695959089476,0.12168466667694548,0.20734304502728307,-0.2758268592783253,0.1190328396460652,5079,10348
DLinear_Weather_h192_fredf_s2021_det,Weather_h192_DLinear,Weather,DLinear,fredf,192,2021,deterministic,simulated,defect,-0.022786749936087338,f_drift,-0.002068615414675405,0.009104087138177121,-0.14740971443023163,0.8828086382803615,1.0405179827663062,5079,-0.002068615414675405,-0.002952253498899994,0.002445866417646247,0.006344706483403327,-0.01387115517463775,-0.022786749936087338,-0.003837715208243401,-0.007618639033918173,-0.021759189733350316,0.007355980480909255,-0.16401491049160072,-1.0529072513909732,-0.0016006955843038968,5079,10348
DLinear_Weather_h192_fredf_s2021_det,Weather_h192_DLinear,Weather,DLinear,fredf,192,2021,deterministic,simulated,control,-0.023975336458829318,f_drift,-0.005588231452199221,0.011959061724844105,-0.39821785948935573,0.6904696023211829,0.9914414432416883,5079,-0.005588231452199221,-0.0017746600997141377,-0.005978035281153783,0.012648002425309843,-0.015539418558082916,-0.023975336458829318,0.02100835589479142,0.001625931999130213,0.01451555784640521,0.016937087232825,0.008792460531253361,-0.7318887257776507,0.0034063380670990764,5079,10348
DLinear_Weather_h192_none_s2021_det,Weather_h192_DLinear,Weather,DLinear,none,192,2021,deterministic,simulated,index,0.27588768519530704,f_absdiff,-0.001991014120129036,0.12276534837018349,-0.14187983942913507,0.8871749190122352,1.7204726587113939,5079,-0.001991014120129036,0.06267058713445914,0.27588768519530704,-0.09988454193580751,0.16275997156315747,0.08702923676313956,0.17322252867911103,0.1545931826611859,0.11876162398051576,0.09085311166902223,0.24564668668441939,-0.21549344546854665,0.11583095349999423,5079,10348
DLinear_Weather_h192_none_s2021_det,Weather_h192_DLinear,Weather,DLinear,none,192,2021,deterministic,simulated,defect,0.023016422734329488,f_cross_corr,0.0066252028627078,0.00859571461198396,0.4721125324241845,0.6368464675591088,1.1297529055114848,5079,0.0066252028627078,-0.00012902690707774592,-0.0005963336508558859,-0.004002146833199475,-0.0036354165555950776,0.017783625710758724,0.001975715984554013,0.023016422734329488,0.020596634010109697,-0.0075966208706517,0.05371070150400111,-0.8148016173690673,0.02153294306122664,5079,10348
DLinear_Weather_h192_none_s2021_det,Weather_h192_DLinear,Weather,DLinear,none,192,2021,deterministic,simulated,control,0.02666994597381776,f_range,0.024363624569880817,0.013428287081810186,1.7361540066136716,0.0825366071983302,0.9818192846067111,5079,0.024363624569880817,0.02666994597381776,-0.010597026636824717,-0.008632422131185685,0.013941358769321252,-0.004328422033030839,-0.009124296175077401,-0.009681154849512642,-0.01167060599145473,-0.015274013687996019,-0.11492062390068022,-1.0534890507223906,0.029096368407058242,5079,10348
DLinear_Weather_h192_revin_s2021_det,Weather_h192_DLinear,Weather,DLinear,revin,192,2021,deterministic,simulated,index,0.24146757833976856,f_absdiff,-0.07255660178731543,0.1305387764278742,-5.170389756171514,2.3360625440634945e-07,1.5315806123433806,5079,-0.07255660178731543,0.0010144469909957115,0.24146757833976856,-0.11472502907144008,0.16238524211614708,0.06727229984692303,0.19731191720868732,0.1506653313755828,0.1337492711223185,0.16424004641956372,0.19590527111457118,-0.44663784322430167,0.09430049859417627,5079,10348
DLinear_Weather_h192_revin_s2021_det,Weather_h192_DLinear,Weather,DLinear,revin,192,2021,deterministic,simulated,defect,0.016122970775070248,f_last_dev,-0.0005625403497267236,0.006266428898875751,-0.04008667426550667,0.9680240256586659,0.8943016234883279,5079,-0.0005625403497267236,0.0008691640559314603,0.003805665317005159,-0.00987044575015002,-0.008600581705585506,-0.008471511488968601,-0.002565580288720365,0.009105898918909831,0.016122970775070248,-0.0026899303386895973,-0.001644185504550322,-0.9130952373759209,-0.027942305621505743,5079,10348
DLinear_Weather_h192_revin_s2021_det,Weather_h192_DLinear,Weather,DLinear,revin,192,2021,deterministic,simulated,control,0.03519909609981046,f_drift,0.02274122646763693,0.016039595105444324,1.6205417766905719,0.10511594775560217,1.02911857204317,5079,0.02274122646763693,0.015070292628793466,0.011882007835722096,0.01849396829361409,0.025439787120337648,0.03519909609981046,-0.0010867343828744529,0.01700824299400317,-0.008767751404546787,-0.004706843827104157,-0.11963977584996163,-1.138780101726391,0.012889605994950513,5079,10348
DLinear_Weather_h192_san_lite_s2021_det,Weather_h192_DLinear,Weather,DLinear,san_lite,192,2021,deterministic,simulated,index,0.2446185967745375,f_absdiff,-0.036673913983192044,0.12236741403395565,-2.6133863012664005,0.008964990740179812,1.1317569604497695,5079,-0.036673913983192044,0.018202307000602273,0.2446185967745375,-0.15058991202584684,0.1480258650859876,0.08154887768928323,0.19341953742666854,0.13773232558249532,0.10586950510989525,0.10699329966104801,0.19048969642761066,-0.5679570848877493,0.07423548246118589,5079,10348
DLinear_Weather_h192_san_lite_s2021_det,Weather_h192_DLinear,Weather,DLinear,san_lite,192,2021,deterministic,simulated,defect,-0.031071543829269514,f_absdiff,-0.004703054761428427,0.012582299788448204,-0.33514009148998364,0.73751941121319,0.9045334140075465,5079,-0.004703054761428427,-0.009713438311381389,-0.031071543829269514,-0.0015370677363444776,0.008726106714188256,0.010836713028526679,-0.0055839271029058165,0.02108017755934757,0.016951966758075993,-0.015619002083013932,0.0011686179696515436,-1.317604253906108,0.005220350709446762,5079,10348
DLinear_Weather_h192_san_lite_s2021_det,Weather_h192_DLinear,Weather,DLinear,san_lite,192,2021,deterministic,simulated,control,0.018619877246455082,f_last_dev,-0.004262585481014103,0.006706049534708491,-0.30375221224450605,0.7613166765447326,1.0454773491627172,5079,-0.004262585481014103,-0.0016080083245286916,-0.007457955625911224,0.0024122368789513556,-0.011377494459637937,0.004650910319543168,0.0006632306742973116,0.01061403099711653,0.018619877246455082,0.005394165339629513,-0.02166960165936112,-1.2336543238798359,-0.03308133984791493,5079,10348
DLinear_Weather_h336_fredf_s2021_det,Weather_h336_DLinear,Weather,DLinear,fredf,336,2021,deterministic,simulated,index,0.19856557181167692,f_absdiff,-0.058094197353228315,0.10625385711047881,-4.08067801596935,4.490452321284948e-05,1.5274017568035663,4935,-0.058094197353228315,0.016181400208595435,0.19856557181167692,-0.07774234552759463,0.12792860507283532,0.06257643142165097,0.15327602745145888,0.12433182858330515,0.05769116998331562,0.18615099369112692,-0.04019366662626257,-0.9759985950455832,-0.111152305313836,4935,10204
DLinear_Weather_h336_fredf_s2021_det,Weather_h336_DLinear,Weather,DLinear,fredf,336,2021,deterministic,simulated,defect,0.02953634600002611,f_acf1,0.0033616915761985884,0.012716533587557815,0.23613340981464856,0.8133291495766899,0.9795606001439605,4935,0.0033616915761985884,0.0005489253875944776,0.019729198930386178,-0.004158096641522086,0.02953634600002611,0.01598764717059069,0.010606922951336853,0.018595370862796657,-0.010702588798756324,0.013938547556370199,0.024825191566346664,-1.0774124605730133,-0.008657991273995792,4935,10204
DLinear_Weather_h336_fredf_s2021_det,Weather_h336_DLinear,Weather,DLinear,fredf,336,2021,deterministic,simulated,control,-0.045462170575185874,f_cross_corr,-0.009813043726853819,0.011577458622374723,-0.6892921088562569,0.49063946281949056,1.0710606052906333,4935,-0.009813043726853819,-0.007074448159557627,-0.008825273419275676,-0.0017246917112808523,-0.014095183535425196,-0.0071674344189108655,-0.007150776729206485,-0.045462170575185874,0.010650640525700306,0.0038109234223505555,0.08063523217543955,-1.1510938843673735,0.009409962398475516,4935,10204
DLinear_Weather_h336_none_s2021_det,Weather_h336_DLinear,Weather,DLinear,none,336,2021,deterministic,simulated,index,0.18693497449036214,f_absdiff,-0.040198115233909135,0.0991148380398403,-2.8236135895128283,0.004748559618839794,1.5007010797325897,4935,-0.040198115233909135,0.030871885415767436,0.18693497449036214,-0.07681248575129992,0.1125679522181087,0.06373914147101852,0.13690299611275228,0.11994323219737062,0.05744829528305146,0.16572930222476265,-0.04407288170832236,-0.9167994291921227,-0.11040413521943042,4935,10204
DLinear_Weather_h336_none_s2021_det,Weather_h336_DLinear,Weather,DLinear,none,336,2021,deterministic,simulated,defect,0.02375727856980628,f_slope,-0.00833670852659632,0.010415231677785802,-0.585590726095734,0.5581505819686838,1.0103090290003298,4935,-0.00833670852659632,-0.005475914034521076,-0.010346080312778077,0.02375727856980628,0.007029312370324853,-0.007537847910215849,-0.0016020365187144048,0.0025939667058889524,0.014698006484095328,0.022775165344916883,-0.05539745552001348,-1.1634288642335733,0.0216729581113117,4935,10204
DLinear_Weather_h336_none_s2021_det,Weather_h336_DLinear,Weather,DLinear,none,336,2021,deterministic,simulated,control,-0.044714191006971535,f_std,-0.044714191006971535,0.02527660463978214,-3.1408337589135065,0.0016846762911854234,0.9040934318975297,4935,-0.044714191006971535,-0.041521817838245635,-0.01002840475712401,0.020716540810543853,-0.03341400272213586,-0.01775654009903112,0.033504996143410314,-0.008900220393187067,0.029007754149116306,0.01320157847805571,-0.08346739833516108,-1.1889216322158087,0.01610437225440411,4935,10204
DLinear_Weather_h336_revin_s2021_det,Weather_h336_DLinear,Weather,DLinear,revin,336,2021,deterministic,simulated,index,0.2139265561524402,f_kurtosis,-0.06169753116440598,0.10532804324187203,-4.333784965327256,1.4656734453049903e-05,1.3671414239437218,4935,-0.06169753116440598,0.018417633431346583,0.18116988319255126,-0.08799134910395083,0.14681244577012825,0.04531927066536433,0.13084608483417365,0.10731387577764581,0.059785802326713364,0.2139265561524402,-0.0017424698208128463,-1.1016098397479892,-0.05897108859642377,4935,10204
DLinear_Weather_h336_revin_s2021_det,Weather_h336_DLinear,Weather,DLinear,revin,336,2021,deterministic,simulated,defect,0.033992109659808416,f_kurtosis,0.011599034454256262,0.013027220176581741,0.8147444505716083,0.415218603764958,0.989683699457749,4935,0.011599034454256262,0.020524595667966765,0.009340419247765061,0.002270334237355646,0.0014893952295746606,0.01247194839482515,0.00020957929242313987,0.023316920712825633,0.015057864869016682,0.033992109659808416,0.13649223942765012,-0.9561720527753539,-0.008440159287112208,4935,10204
DLinear_Weather_h336_revin_s2021_det,Weather_h336_DLinear,Weather,DLinear,revin,336,2021,deterministic,simulated,control,-0.02087636069790774,f_drift,0.0012675788183701998,0.009212735340100035,0.0890378256916263,0.9290518489299989,0.9237876989262527,4935,0.0012675788183701998,-0.0016925441280130056,-0.012830479011707353,0.00017260514798952205,-0.005334215819403287,-0.02087636069790774,-0.0016901516515120175,-0.017946682656909234,-0.01971165433087921,-0.010605081138308785,-0.12436346905856602,-1.3567037009624672,-0.018585921751034545,4935,10204
DLinear_Weather_h336_san_lite_s2021_det,Weather_h336_DLinear,Weather,DLinear,san_lite,336,2021,deterministic,simulated,index,0.19721993384805067,f_absdiff,-0.04707412379976058,0.1003248125137695,-3.306601190179415,0.0009443523531726369,1.0917395659043916,4935,-0.04707412379976058,0.01342040807074427,0.19721993384805067,-0.11233474435694078,0.13239316524441966,0.052699618650351075,0.14935896969065077,0.09171977403954444,0.03832079960281298,0.16870658783441989,-0.007870086259105905,-1.1739728508624068,-0.06688681225073023,4935,10204
DLinear_Weather_h336_san_lite_s2021_det,Weather_h336_DLinear,Weather,DLinear,san_lite,336,2021,deterministic,simulated,defect,0.020819584592295794,f_cross_corr,-0.005436451468907643,0.006308393739122042,-0.3818696015226537,0.7025580891143102,0.9795098634331375,4935,-0.005436451468907643,-0.0025480739567910714,-0.0005128783826246145,-0.00022442212684421252,0.009974224282457771,-0.0012366982225307157,-0.004777910007623631,0.020819584592295794,-0.004396806073558328,0.013156888277586636,-0.0976713770171123,-1.5864244121038444,0.007627425991155823,4935,10204
DLinear_Weather_h336_san_lite_s2021_det,Weather_h336_DLinear,Weather,DLinear,san_lite,336,2021,deterministic,simulated,control,0.025294625835199105,f_drift,-0.005831509031190952,0.011305272754218155,-0.4096194075772916,0.6820851579647633,1.0333541964056805,4935,-0.005831509031190952,-0.000925733344760235,-0.024705335625210236,0.007583759345408927,0.005589060060739074,0.025294625835199105,0.004332492282981134,0.014646583237345625,0.005105273078449907,0.01903835570089636,-0.0018234432687854176,-1.4734982436995785,0.03640181882152926,4935,10204
DLinear_Weather_h720_fredf_s2021_det,Weather_h720_DLinear,Weather,DLinear,fredf,720,2021,deterministic,simulated,index,0.2216849342338734,f_absdiff,0.13811291576862744,0.10045839782802876,9.316225503636627,1.20552693725298e-20,1.7471907138102418,4551,0.13811291576862744,0.18111992120279477,0.2216849342338734,-0.08915652018067027,0.07860472388963656,0.06833160118605154,0.07237378795943136,0.06700017917963373,0.06418854227012828,0.024010852409440266,0.04783434777597655,-1.0939944684061946,-0.3821309451174409,4551,9820
DLinear_Weather_h720_fredf_s2021_det,Weather_h720_DLinear,Weather,DLinear,fredf,720,2021,deterministic,simulated,defect,-0.02697883020400332,f_absdiff,-0.0017395850625986202,0.008904004387363967,-0.11734142774218284,0.906589497178669,0.9697346905829325,4551,-0.0017395850625986202,-0.0019240082874867445,-0.02697883020400332,-0.013262209174579803,-0.007331095419778461,0.01676778793371447,-0.0074653118896801,0.00988156990684635,0.0035106585348864626,0.00017898746006533723,0.03078880411231812,-1.613671322380375,0.022274776250371286,4551,9820
DLinear_Weather_h720_fredf_s2021_det,Weather_h720_DLinear,Weather,DLinear,fredf,720,2021,deterministic,simulated,control,0.03499995709893155,f_last_dev,-0.013856994440627584,0.013395257015470095,-0.9347053770683607,0.3499401550482921,0.937207810793414,4551,-0.013856994440627584,-0.011449139951972963,0.004189330375674461,0.011359709347058532,-0.020764608736053524,-0.020288953956926398,0.00428395983397748,0.003149483690856102,0.03499995709893155,0.009610432722622337,0.01079545361426966,-1.743927116397241,-0.03884820889954524,4551,9820
DLinear_Weather_h720_none_s2021_det,Weather_h720_DLinear,Weather,DLinear,none,720,2021,deterministic,simulated,index,0.216770176322236,f_absdiff,0.1165472385726147,0.09903806741966133,7.861541046512698,3.794360510183257e-15,1.807008620549098,4551,0.1165472385726147,0.15943210522969795,0.216770176322236,-0.08590255098035116,0.08146545502325861,0.0805438760490413,0.08913380052434448,0.07718602537025959,0.054730036863861714,0.02866940926094769,0.05279643284261973,-0.9991851472723055,-0.38536607958832697,4551,9820
DLinear_Weather_h720_none_s2021_det,Weather_h720_DLinear,Weather,DLinear,none,720,2021,deterministic,simulated,defect,-0.02889749362379994,f_slope,-0.002468190993202781,0.012856334143054465,-0.16648858472615882,0.8677724658732424,0.9236588048255665,4551,-0.002468190993202781,0.006626241431375976,0.002585150344162732,-0.02889749362379994,-0.009720040332154012,-0.02534116618518007,0.012816968184965099,-0.0018817776625655231,0.024683334779781265,0.01354297789335725,0.007332983449860605,-1.5773550258065905,0.0024697044142484204,4551,9820
DLinear_Weather_h720_none_s2021_det,Weather_h720_DLinear,Weather,DLinear,none,720,2021,deterministic,simulated,control,-0.024706080783495163,f_kurtosis,0.0031022300382324386,0.01064944524059458,0.20925685653284568,0.8342477296462566,1.0094223217536282,4551,0.0031022300382324386,-0.0008754871221856105,0.023266059521792733,0.006595199874808945,0.002410485041116444,0.0070636656782655325,-0.024091473748981573,-0.0039340102488973,0.010449760348170052,-0.024706080783495163,-0.02085182548962725,-1.7538535898356962,-0.012619566553218723,4551,9820
DLinear_Weather_h720_revin_s2021_det,Weather_h720_DLinear,Weather,DLinear,revin,720,2021,deterministic,simulated,index,0.28320509425647294,f_range,0.22966856248737172,0.11226330751727302,15.491991515209456,3.929278422860549e-54,1.9045207300239722,4551,0.22966856248737172,0.28320509425647294,0.20535929136383507,-0.09659665858688535,0.12563510952683227,0.05619850504800567,-0.00884267225001933,0.06292847856266778,0.050418867937835746,-0.003779835152804419,0.06777165188573406,-1.171216974086502,-0.33801045244174543,4551,9820
DLinear_Weather_h720_revin_s2021_det,Weather_h720_DLinear,Weather,DLinear,revin,720,2021,deterministic,simulated,defect,-0.023803369202228992,f_absdiff,-0.002960635156185759,0.006608377218444454,-0.1997057595629029,0.8417107090360987,0.9646906924674703,4551,-0.002960635156185759,-0.00030645949084739753,-0.023803369202228992,0.00788242416559104,-0.00336970713840704,-0.0034515443487109655,-0.014920343155586845,-0.00014814291808590751,-0.0019671363805274385,0.0072740102282731625,-0.059061108374349774,-2.2006882656734312,0.0151057845559274,4551,9820
DLinear_Weather_h720_revin_s2021_det,Weather_h720_DLinear,Weather,DLinear,revin,720,2021,deterministic,simulated,control,0.0263476469636185,f_slope,0.012542363408667151,0.01380415367595598,0.8460286658450651,0.39753675297102753,1.0508941917204608,4551,0.012542363408667151,0.012015584950248185,0.013626903743068174,0.0263476469636185,0.008769298446952869,-0.014150102567522945,-0.016483071409557758,0.004451780342302867,-0.011949241122801928,-0.017705543804819385,-0.02290188157489514,-1.8801144565717145,0.048448363824855345,4551,9820
DLinear_Weather_h720_san_lite_s2021_det,Weather_h720_DLinear,Weather,DLinear,san_lite,720,2021,deterministic,simulated,index,0.26879619146640565,f_range,0.2437161937934332,0.11243867501756385,16.439556051885045,9.964619887073832e-61,1.7809059752997458,4551,0.2437161937934332,0.26879619146640565,0.19147625037051683,-0.06756254635847976,0.10935902456830908,0.051476413763328864,-0.02738622469282457,0.060103805229582336,0.040250588608416724,-0.0642595113243416,0.047831304948400793,-1.2262179824770998,-0.2571930728067122,4551,9820
DLinear_Weather_h720_san_lite_s2021_det,Weather_h720_DLinear,Weather,DLinear,san_lite,720,2021,deterministic,simulated,defect,0.020569303764706285,f_acf1,-0.010685756232323524,0.012780885788650756,-0.7207936649747394,0.47103647367753587,0.9952757086235992,4551,-0.010685756232323524,-0.020413720124252396,-0.004017577722664358,0.013496096940309796,0.020569303764706285,0.012225910732411461,0.009723060050096731,0.01690864422979427,-0.008277322337817508,-0.011491465752131225,0.08472170004973696,-2.1340334584653644,-0.03906543536798127,4551,9820
DLinear_Weather_h720_san_lite_s2021_det,Weather_h720_DLinear,Weather,DLinear,san_lite,720,2021,deterministic,simulated,control,-0.021420093891344645,f_std,-0.021420093891344645,0.010894019551574438,-1.4448643263396022,0.14849599830142696,1.0151977316593104,4551,-0.021420093891344645,-0.019179680755517063,-0.009088021434607045,-0.004165187023054282,-0.007865377489736874,-0.005655475225469583,-0.011698189429441168,-0.017746269282612595,-0.000677385187480173,0.011444515796480951,0.05588413037325363,-2.045162198367349,0.016940324453621206,4551,9820
DLinear_Weather_h96_fredf_s2021_det,Weather_h96_DLinear,Weather,DLinear,fredf,96,2021,deterministic,simulated,index,0.29708707860648065,f_spec_ent,-0.08065088529115874,0.1653809297594529,-5.801260281450343,6.581834095990403e-09,1.8379720193607711,5175,-0.08065088529115874,-0.05979310925218189,0.24178535070494497,-0.2750992673620528,0.18473918734343134,0.12349795912849286,0.29708707860648065,0.14043714127136997,0.12685760813493654,0.12386171049947894,0.2541642515473024,-0.20753794345015564,0.23968575255762187,5175,10444
DLinear_Weather_h96_fredf_s2021_det,Weather_h96_DLinear,Weather,DLinear,fredf,96,2021,deterministic,simulated,defect,-0.03403103975544887,f_last_dev,0.009057538038880682,0.012138481494748724,0.6515134394742265,0.514715104439726,1.0273582931895178,5175,0.009057538038880682,0.00645771147245727,0.014380386595366413,0.01224212229744891,0.008193639734917534,0.0040823978030562974,-0.008325517299769545,-0.004696737050945116,-0.03403103975544887,-0.019917724899196597,-0.1613497989230472,-0.9286822264643482,-0.01816768151241205,5175,10444
DLinear_Weather_h96_fredf_s2021_det,Weather_h96_DLinear,Weather,DLinear,fredf,96,2021,deterministic,simulated,control,0.025672174010402903,f_acf1,0.020671498678864687,0.01444062563231038,1.4869116911838427,0.13703813604031834,1.1636427131431366,5175,0.020671498678864687,0.015725627813830106,0.007851700326603678,0.009675952307359207,0.025672174010402903,0.006844779779110316,-0.02549294315293661,0.007441277748180518,-0.01626764129681843,-0.008762661208997354,0.10209055627607576,-0.6632435096268343,0.028790715813898044,5175,10444
DLinear_Weather_h96_none_s2021_det,Weather_h96_DLinear,Weather,DLinear,none,96,2021,deterministic,simulated,index,-0.27436830137048857,f_slope,-0.038484493062996755,0.14785587265270422,-2.7682096762128015,0.005636517968112811,1.7430934010574242,5175,-0.038484493062996755,-0.02260033399127,0.23588954327793,-0.27436830137048857,0.17376435185357153,0.1235089050451799,0.2620360839553469,0.1343657197939023,0.12251247033968513,0.09102852383667114,0.2723158720760751,-0.15341050676272938,0.26001811916868856,5175,10444
DLinear_Weather_h96_none_s2021_det,Weather_h96_DLinear,Weather,DLinear,none,96,2021,deterministic,simulated,defect,-0.024431057969048972,f_cross_corr,-0.007520623714444777,0.013426286477708937,-0.5409623897969142,0.5885335063101211,0.8232598127739367,5175,-0.007520623714444777,-0.011397048772594327,0.01932704814030331,0.004291230897361475,-0.01728650818375363,-0.004249307444349923,0.013887550160535271,-0.024431057969048972,-0.018323909215056028,-0.013548580279641672,-0.14489982532661397,-0.918589495805987,0.03765903784749324,5175,10444
DLinear_Weather_h96_none_s2021_det,Weather_h96_DLinear,Weather,DLinear,none,96,2021,deterministic,simulated,control,0.01752056717345833,f_drift,0.0004514522422488433,0.008427765348793656,0.032473195458116284,0.9740946916783363,0.8658634933421101,5175,0.0004514522422488433,-0.003810555670705252,0.008911335862542401,-0.015272410359829174,0.0018240700624732869,0.01752056717345833,0.009065646518342426,-0.0017447002847596296,-0.010439710679512602,-0.015237204634064609,-0.04195280283496378,-0.7577329570240054,-0.020305565106906308,5175,10444
DLinear_Weather_h96_revin_s2021_det,Weather_h96_DLinear,Weather,DLinear,revin,96,2021,deterministic,simulated,index,0.2859990577632069,f_spec_ent,-0.09174255618846557,0.1595963547127513,-6.5990899593164905,4.136892466687682e-11,1.4730219332651642,5175,-0.09174255618846557,-0.06290247263773656,0.2184966649653825,-0.26808729835373873,0.1527611939691869,0.11310119479141967,0.2859990577632069,0.11734808556327017,0.13940795041555087,0.14611707247955538,0.22714732032764856,-0.2892600283770963,0.26582892443972556,5175,10444
DLinear_Weather_h96_revin_s2021_det,Weather_h96_DLinear,Weather,DLinear,revin,96,2021,deterministic,simulated,defect,0.022993046775279934,f_absdiff,-0.0041884479128671635,0.009913698902537045,-0.30127724488231417,0.7632030912457417,1.0091828347268303,5175,-0.0041884479128671635,-0.0017622791086118858,0.022993046775279934,0.01353392408562843,0.008663517628303372,0.006574377403572582,0.015963103751038203,-0.0038993890032920143,0.005564584911655154,0.01599431844512171,0.1964451552618725,-0.5316088519651279,0.025278662351581695,5175,10444
DLinear_Weather_h96_revin_s2021_det,Weather_h96_DLinear,Weather,DLinear,revin,96,2021,deterministic,simulated,control,-0.02477020201922951,f_kurtosis,-0.014611468914276761,0.014470161507939136,-1.0510105866789834,0.29325372759946877,0.9300864420486908,5175,-0.014611468914276761,-0.01934333930626807,-0.023202604079188924,0.005736565534880991,-0.02319162802772527,0.006534838932491432,-0.015485635771387717,0.008055222551255016,0.00377010994268766,-0.02477020201922951,-0.12801054136170362,-0.9089897438524417,-0.026830971321992542,5175,10444
DLinear_Weather_h96_san_lite_s2021_det,Weather_h96_DLinear,Weather,DLinear,san_lite,96,2021,deterministic,simulated,index,-0.28133600575647844,f_slope,-0.023202835437822613,0.1371019777747485,-1.6689920656980661,0.09511895225439393,1.2478341809253075,5175,-0.023202835437822613,-0.01381633762416046,0.2127912098698292,-0.28133600575647844,0.12365791383622964,0.13328059721758947,0.2579708719713697,0.1282053471823942,0.11658376796943763,0.08017489088217367,0.25358951936895646,-0.388712528941521,0.18849843614034986,5175,10444
DLinear_Weather_h96_san_lite_s2021_det,Weather_h96_DLinear,Weather,DLinear,san_lite,96,2021,deterministic,simulated,defect,0.03635761822384742,f_cross_corr,-0.019991145491032532,0.0211115151768888,-1.437973531215976,0.15044156441623344,0.9642978869914701,5175,-0.019991145491032532,-0.020713888613811505,-0.014249162152197925,0.01856263140746507,0.010481675780632088,0.013577734907645665,0.03256658006371224,0.03635761822384742,0.021204420247903907,0.023410294880639677,-0.10218936410685774,-1.1668953661157788,-0.03721271952483982,5175,10444
DLinear_Weather_h96_san_lite_s2021_det,Weather_h96_DLinear,Weather,DLinear,san_lite,96,2021,deterministic,simulated,control,0.03519775599648115,f_last_dev,0.00039050001982397976,0.006955238764550642,0.028088870279998852,0.9775912708024339,0.8951663212925314,5175,0.00039050001982397976,-0.0003931308136516826,0.002108548978967194,0.002579371401210588,-0.004409366318323103,-0.009602483702666762,0.003030415214924887,-0.003874186746011767,0.03519775599648115,-0.007966628453445306,-0.04867164093800704,-1.0465368903778125,-0.0026015507454909322,5175,10444
PatchTST_ETTh1_h336_fredf_s2021_det,ETTh1_h336_PatchTST,ETTh1,PatchTST,fredf,336,2021,deterministic,simulated,index,0.2782542989036571,f_std,0.2782542989036571,0.1193733059485785,14.034612825428512,9.571774415731804e-45,1.4433489396230672,2545,0.2782542989036571,0.25582899812555243,0.23955163458464993,0.06096749927005695,0.08310264721444796,-0.00033021568721031765,-0.16487729386072406,-0.08544968887843446,0.004886161645771916,0.02048462131528003,0.09231602252560654,-6.946202904076811,-0.040463169324129855,2545,2545
PatchTST_ETTh1_h336_fredf_s2021_det,ETTh1_h336_PatchTST,ETTh1,PatchTST,fredf,336,2021,deterministic,simulated,defect,-0.04050311281720563,f_cross_corr,-0.023075163443323055,0.018550649457342104,-1.1638669594199196,0.2444779312762395,0.9925006639654383,2545,-0.023075163443323055,-0.008166957629422295,-0.02747308441530929,0.0035569096842875164,-0.028204917278315776,-0.005111231175630364,0.004113780436338644,-0.04050311281720563,-0.025015218369516187,0.02028611932407231,-0.015624358401576943,-8.796082179730877,0.039957559213948064,2545,2545
PatchTST_ETTh1_h336_fredf_s2021_det,ETTh1_h336_PatchTST,ETTh1,PatchTST,fredf,336,2021,deterministic,simulated,control,0.04424384482653037,f_spec_ent,-0.01735508610648837,0.01911146750875705,-0.8753572362268239,0.38137956028292996,0.9139191826100838,2545,-0.01735508610648837,-0.01262977548105403,-0.009427231384239593,-0.022681843755005746,-0.007362021839266586,-0.013273118286646143,0.04424384482653037,0.005181365983376312,0.03511559962297754,0.023844787801985807,0.11739219708958654,-8.77878070179211,0.02822942676432466,2545,2545
PatchTST_ETTh1_h336_none_s2021_det,ETTh1_h336_PatchTST,ETTh1,PatchTST,none,336,2021,deterministic,simulated,index,0.27687432042880045,f_absdiff,0.2719230528429114,0.12763071771497472,13.715276924724778,8.225174922878597e-43,1.3911869597526978,2545,0.2719230528429114,0.23489704713591297,0.27687432042880045,0.10269706454553797,0.062107995050340516,-0.03993451107909212,-0.17797501801416254,-0.0932571852785962,-0.010190636269035306,-0.006450346505357569,0.11960776510447343,-5.232369538749805,0.00481133282622262,2545,2545
PatchTST_ETTh1_h336_none_s2021_det,ETTh1_h336_PatchTST,ETTh1,PatchTST,none,336,2021,deterministic,simulated,defect,-0.034513601916331155,f_acf1,-0.01687207449811413,0.013761187796718005,-0.850995057671347,0.39477209824105597,0.9666163892083579,2545,-0.01687207449811413,0.00259511218412991,-0.0026075596944106923,-0.006954338064288176,-0.034513601916331155,0.003103062671768667,-0.014323429658330793,-0.017997794508099525,0.016850516536585796,0.02179438823512121,-0.16214330425909967,-6.634324527020306,0.043104840740438584,2545,2545
PatchTST_ETTh1_h336_none_s2021_det,ETTh1_h336_PatchTST,ETTh1,PatchTST,none,336,2021,deterministic,simulated,control,-0.019634601673652764,f_slope,0.018527485128534964,0.012781719073309281,0.9344907928912335,0.3500507831291423,1.0860905029043733,2545,0.018527485128534964,0.014937790681898641,-0.01227317677459168,-0.019634601673652764,0.018138954804081262,0.0036283614039808094,-0.007183779827018529,-0.014437824769767257,-0.012997570071728052,-0.006057645597838859,-0.17020667646423948,-6.560244699101858,0.0052053946758384645,2545,2545
PatchTST_ETTh1_h336_san_lite_s2021_det,ETTh1_h336_PatchTST,ETTh1,PatchTST,san_lite,336,2021,deterministic,simulated,index,0.3079025538644379,f_std,0.3079025538644379,0.13072026357535002,15.530013906251416,2.1733267084345943e-54,1.547309067081964,2545,0.3079025538644379,0.2631102481005927,0.2664764514859345,0.062010559255315116,0.08983001681831844,-0.0175005199943241,-0.19934262613105494,-0.07629772908003064,-0.013001785787031463,-0.011730145236460337,0.10589923157735821,-4.531794470588146,-0.023555500126208093,2545,2545
PatchTST_ETTh1_h336_san_lite_s2021_det,ETTh1_h336_PatchTST,ETTh1,PatchTST,san_lite,336,2021,deterministic,simulated,defect,0.026391914080252408,f_kurtosis,-0.008148445734562923,0.010749569415611126,-0.4109919647753626,0.6810784266386227,0.8991025116045054,2545,-0.008148445734562923,-0.0002945706305896495,0.003320773440562282,-0.0036417292540464113,0.0019019809752691193,0.012073844522818176,0.013135922920112241,0.022358618107694714,0.016227894490203326,0.026391914080252408,-0.09359109739341841,-5.6036672894204855,-0.015874708245345582,2545,2545
PatchTST_ETTh1_h336_san_lite_s2021_det,ETTh1_h336_PatchTST,ETTh1,PatchTST,san_lite,336,2021,deterministic,simulated,control,0.02956736938140054,f_drift,-0.0006200373592226201,0.00993680953707254,-0.031273494455528926,0.975051428425814,0.9848650970680163,2545,-0.0006200373592226201,0.003516424890961181,-0.025239059801341925,-0.0004419332974023054,0.0027433926505896424,0.02956736938140054,0.0025503679620482614,0.015000897887441338,-0.006996050081473784,0.012692562058843816,-0.2970663810070309,-5.806578266526539,-0.005447381292790065,2545,2545
PatchTST_ETTh1_h96_fredf_s2021_det,ETTh1_h96_PatchTST,ETTh1,PatchTST,fredf,96,2021,deterministic,simulated,index,0.32829987164199625,f_std,0.32829987164199625,0.13870051330167174,17.32229093177057,3.193855550205234e-67,1.9681506426479167,2785,0.32829987164199625,0.2621235548523505,0.2642150311657695,0.05756984738410237,0.05621317101466331,-0.006740570106504434,-0.11959025144916062,0.03699997397908345,0.14296031823558722,-0.11229254318749962,0.1652355578347083,-0.7752797649909902,-0.025724729463386355,2785,2785
PatchTST_ETTh1_h96_fredf_s2021_det,ETTh1_h96_PatchTST,ETTh1,PatchTST,fredf,96,2021,deterministic,simulated,defect,-0.030852238014368077,f_spec_ent,0.009844492691900037,0.017472162332725878,0.5194311092230336,0.6034601420792103,0.930207079102403,2785,0.009844492691900037,0.004730231450877807,0.02423010140957816,0.012177810611191997,-0.007093654611730817,-0.01575317287412556,-0.030852238014368077,-0.014637161095338816,0.028525778639818467,-0.026876981928329016,-0.12666843090687047,-1.2884279147117712,0.01659044633662903,2785,2785
PatchTST_ETTh1_h96_fredf_s2021_det,ETTh1_h96_PatchTST,ETTh1,PatchTST,fredf,96,2021,deterministic,simulated,control,-0.03361779535595747,f_last_dev,0.020099903653723328,0.017336406568439,1.0605437554664428,0.28889729490541716,1.0679349203884494,2785,0.020099903653723328,0.004787001173538098,0.0005333226834973479,0.014047551236206858,0.017457936777305706,-0.004250517274044337,-0.03224893737554236,-0.014076872542706634,-0.03361779535595747,-0.032244227611867834,0.06867578217976729,-0.963802214713722,0.01030001722133233,2785,2785
PatchTST_ETTh1_h96_none_s2021_det,ETTh1_h96_PatchTST,ETTh1,PatchTST,none,96,2021,deterministic,simulated,index,0.3087401042187705,f_std,0.3087401042187705,0.13189446828033252,16.29024672118873,1.1576128670567764e-59,1.6551623520698495,2785,0.3087401042187705,0.23870973603687634,0.2582036978011192,0.06813971423389466,0.07491720582109458,-0.010930763185260615,-0.09793049717638613,0.026588901939098252,0.11440712986001725,-0.12037693253080765,0.22605361941832938,-0.66009954277813,0.06999518949629198,2785,2785
PatchTST_ETTh1_h96_none_s2021_det,ETTh1_h96_PatchTST,ETTh1,PatchTST,none,96,2021,deterministic,simulated,defect,0.02668052345284541,f_drift,-0.011407990350173095,0.011380425274048053,-0.601926911528073,0.5472227897060251,1.0007706589897114,2785,-0.011407990350173095,0.013846831715073317,-0.007674224368919444,0.010967209689789342,0.004675345401557406,0.02668052345284541,0.00892188509741,-0.0015069777165403566,-0.009057817165529782,0.019065447782642374,0.0007692658580690038,-0.9898717869557649,0.015391372589195804,2785,2785
PatchTST_ETTh1_h96_none_s2021_det,ETTh1_h96_PatchTST,ETTh1,PatchTST,none,96,2021,deterministic,simulated,control,0.04022981969038087,f_spec_ent,-0.01523368894067493,0.009962176839489068,-0.8037846328561009,0.42152136620949476,0.8627797977379663,2785,-0.01523368894067493,-0.016306189541047407,-0.006336001517968276,-0.003577262723128248,0.005912754977761338,-0.002144676273799417,0.04022981969038087,0.004269717977262386,0.0022257738711688644,-0.0033858828816989584,0.09733147762937738,-1.0703169838948128,-0.00894950605657081,2785,2785
PatchTST_ETTh1_h96_san_lite_s2021_det,ETTh1_h96_PatchTST,ETTh1,PatchTST,san_lite,96,2021,deterministic,simulated,index,0.33603969827469543,f_std,0.33603969827469543,0.1436741897220938,17.730672232751655,2.4311009488383542e-70,2.1010824054934925,2785,0.33603969827469543,0.2607493031382144,0.24944032086123324,0.04943462225828757,0.10505148763868694,0.01654583310019688,-0.10780382231042719,0.06481674875069601,0.12392823655648567,-0.12293182433201462,0.18147242278163567,-0.6342134824373302,0.11293204414471048,2785,2785
PatchTST_ETTh1_h96_san_lite_s2021_det,ETTh1_h96_PatchTST,ETTh1,PatchTST,san_lite,96,2021,deterministic,simulated,defect,-0.028118397970164077,f_cross_corr,0.0002913092716369921,0.008813067948060598,0.015370532827746175,0.9877365720465074,0.9587274809575242,2785,0.0002913092716369921,-0.0059214151143601665,-0.008070125059058148,0.007619602109743027,-0.0013771686745140653,-0.007501288046479801,-0.020010808124339006,-0.028118397970164077,-0.0031961079597383753,0.006024457150572311,-0.015509213037587646,-0.8285470063408154,0.028157357537476602,2785,2785
PatchTST_ETTh1_h96_san_lite_s2021_det,ETTh1_h96_PatchTST,ETTh1,PatchTST,san_lite,96,2021,deterministic,simulated,control,-0.031909070326446125,f_range,-0.02670161683887062,0.016872570517174654,-1.4088740666215158,0.15887240911839673,1.0226388970053228,2785,-0.02670161683887062,-0.031909070326446125,-0.02324012275117395,0.0015307054148260737,-0.01477098826907752,0.007529554961442157,0.00569357930884268,-0.02153315062546417,-0.026626296173849765,-0.00919062050175349,0.006823117156138721,-0.8484793230769332,-0.039654995311224656,2785,2785
PatchTST_ETTh2_h336_fredf_s2021_det,ETTh2_h336_PatchTST,ETTh2,PatchTST,fredf,336,2021,deterministic,simulated,index,0.348611767365381,f_cross_corr,0.3352940611827691,0.22654636710348863,16.911588967022627,3.69606354907737e-64,2.17822406592843,2545,0.3352940611827691,0.24139727377569226,0.1891550135528216,-0.03711321355245876,0.33173926590846653,0.290837399771483,-0.18872917074189602,0.348611767365381,0.1530197689701216,-0.1495667362137964,0.3456887179274441,-0.2832826155034469,0.11746549973442046,2545,2545
PatchTST_ETTh2_h336_fredf_s2021_det,ETTh2_h336_PatchTST,ETTh2,PatchTST,fredf,336,2021,deterministic,simulated,defect,-0.022682037401147215,f_absdiff,-0.002434508524346106,0.007457101466613355,-0.12279193778505838,0.9022718586610474,0.9926955202191137,2545,-0.002434508524346106,-0.01122759776527711,-0.022682037401147215,0.0008081816867899874,0.01072652015800375,0.006887265857848109,0.0037016436224362563,-0.004315474245655065,-0.0010094015820089144,-0.01077838382262103,-0.2110833935445977,-0.1238562298252035,0.001356084414705606,2545,2545
PatchTST_ETTh2_h336_fredf_s2021_det,ETTh2_h336_PatchTST,ETTh2,PatchTST,fredf,336,2021,deterministic,simulated,control,0.027108283978238213,f_spec_ent,0.011181415822750519,0.011826339198988092,0.5639691553040772,0.5727751239898629,0.9371100438492113,2545,0.011181415822750519,0.021146237811527944,0.006846369902160402,-0.011535945594342801,0.009756455931867183,-0.013034748610340968,0.027108283978238213,0.0016975972902059852,0.01302389555786675,0.0029324414905801534,-0.04519469462116779,-0.046345729875361785,-0.030832840833044904,2545,2545
PatchTST_ETTh2_h336_none_s2021_det,ETTh2_h336_PatchTST,ETTh2,PatchTST,none,336,2021,deterministic,simulated,index,0.33598096612572204,f_cross_corr,0.27668452827393236,0.20449260723597287,13.955436607487872,2.9151105891458687e-44,1.9120543955252185,2545,0.27668452827393236,0.19494604369430474,0.1295208661790712,-0.0282671265950824,0.30331030585217317,0.3270262481894835,-0.20246597207519096,0.33598096612572204,0.14721194665811882,-0.09951206871664933,0.36844395767129884,-0.3431467074884338,0.2364404259461382,2545,2545
PatchTST_ETTh2_h336_none_s2021_det,ETTh2_h336_PatchTST,ETTh2,PatchTST,none,336,2021,deterministic,simulated,defect,-0.03650251031391233,f_std,-0.03650251031391233,0.020032041043818748,-1.841116566502173,0.06560447845390244,0.9481858050000478,2545,-0.03650251031391233,-0.034551092266858825,-0.01951040688962559,-0.019766112624349835,-0.012617705589070506,-0.007504240978487943,0.021302124025758633,-0.020483080186924813,0.01624954526885825,0.011833592294340752,-0.10291304259599969,-0.09846237787499867,-0.009998654756422063,2545,2545
PatchTST_ETTh2_h336_none_s2021_det,ETTh2_h336_PatchTST,ETTh2,PatchTST,none,336,2021,deterministic,simulated,control,-0.02085644965201365,f_std,-0.02085644965201365,0.008217402947492809,-1.0519592938271318,0.29281822597666995,0.9837249400431388,2545,-0.02085644965201365,-0.009552518310708937,-0.008061322844012389,-0.0016228001502894974,-0.007652240259013227,-0.0012910375109040106,-0.0030763979475577235,-0.01440226379452561,-0.006843318219258725,0.008815680786644325,0.296647802282219,0.03091626022146232,0.03908091994592888,2545,2545
PatchTST_ETTh2_h336_san_lite_s2021_det,ETTh2_h336_PatchTST,ETTh2,PatchTST,san_lite,336,2021,deterministic,simulated,index,0.33634855587470935,f_cross_corr,0.30632848021549514,0.21694353899103072,15.450620652279552,7.472048817979324e-54,2.0185135190566834,2545,0.30632848021549514,0.2254274032502897,0.15604737422668177,-0.0383860501702845,0.3277326219192197,0.3334396924832042,-0.17882506022682018,0.33634855587470935,0.14745232958539195,-0.1194478219582108,0.3408936290544529,-0.27272473881374193,0.22450498196498558,2545,2545
PatchTST_ETTh2_h336_san_lite_s2021_det,ETTh2_h336_PatchTST,ETTh2,PatchTST,san_lite,336,2021,deterministic,simulated,defect,0.05277398882629782,f_last_dev,0.03261615405657308,0.030277196716639847,1.6450962153760869,0.09994997095746963,1.134951332756749,2545,0.03261615405657308,0.0331796649435439,-0.011824163167999092,-0.040708744263411534,0.05093045243184857,0.023517431614652737,-0.018872039424522438,0.024261197848868217,0.05277398882629782,-0.014088130588681061,0.2864900660286599,0.06162404339510419,0.027623862067876884,2545,2545
PatchTST_ETTh2_h336_san_lite_s2021_det,ETTh2_h336_PatchTST,ETTh2,PatchTST,san_lite,336,2021,deterministic,simulated,control,0.03406036130841775,f_cross_corr,-0.0073630355492672874,0.01685048493661395,-0.3713773823476931,0.7103564692344508,1.0026611210960454,2545,-0.0073630355492672874,-0.0034929327813147592,0.013462357858656522,0.03208614312604014,-0.013687933696903238,0.006868274744964782,0.030251373400566356,0.03406036130841775,0.0218921341372736,-0.005340302762735067,-0.027780753183647318,-0.08605530954009755,-0.0008264470817658002,2545,2545
PatchTST_ETTh2_h96_fredf_s2021_det,ETTh2_h96_PatchTST,ETTh2,PatchTST,fredf,96,2021,deterministic,simulated,index,0.24744847580759172,f_acf1,0.2374658361587101,0.14462885346172336,12.52955805228876,5.144856884265495e-36,1.491135914712004,2785,0.2374658361587101,0.20077624498945534,0.06778635363141111,-0.034292578719050046,0.24744847580759172,0.2426019045533226,-0.11927474616940331,0.18537362225246562,0.10268074659720408,-0.008588025738619604,0.36302676198951955,-0.007989245735126715,0.023489122558290092,2785,2785
PatchTST_ETTh2_h96_fredf_s2021_det,ETTh2_h96_PatchTST,ETTh2,PatchTST,fredf,96,2021,deterministic,simulated,defect,0.03490133039546593,f_absdiff,0.016193579108852715,0.014727323098966145,0.8544319166109166,0.3928657179226882,1.1540200963052405,2785,0.016193579108852715,0.03290557303792046,0.03490133039546593,0.005095983183777134,-0.003438137481901464,-0.01135653293219198,0.01037741650652285,0.021100718435061637,0.0003830924439391463,-0.011520867464028138,0.14875259989876446,0.015604392214967011,-0.04467178329197163,2785,2785
PatchTST_ETTh2_h96_fredf_s2021_det,ETTh2_h96_PatchTST,ETTh2,PatchTST,fredf,96,2021,deterministic,simulated,control,-0.04654657939608275,f_slope,0.013004251919981438,0.012640444954356886,0.6861514565366608,0.4926176054301027,0.9773228483064236,2785,0.013004251919981438,0.009102296616042432,0.015268463306885624,-0.04654657939608275,-0.007402566888976994,-0.006612889291021797,0.020792894436541386,0.0019201486512076794,0.00369326079149184,0.002061098245336934,0.025493407108818016,-0.016505484893002853,-0.014021499273902347,2785,2785
PatchTST_ETTh2_h96_none_s2021_det,ETTh2_h96_PatchTST,ETTh2,PatchTST,none,96,2021,deterministic,simulated,index,0.21752932319529386,f_drift,0.16238136095304373,0.11717495723976656,8.56782904683188,1.0545419184909066e-17,1.3273193599489461,2785,0.16238136095304373,0.1522796876865471,0.022983251751501,0.0024948998114716825,0.18557630708219128,0.21752932319529386,-0.11957666379762544,0.17460150888428755,0.07371847041541782,0.06060809882028586,0.3561721251600242,0.02101154410319328,0.034725886969726706,2785,2785
PatchTST_ETTh2_h96_none_s2021_det,ETTh2_h96_PatchTST,ETTh2,PatchTST,none,96,2021,deterministic,simulated,defect,-0.042528267692701106,f_spec_ent,0.01590820731706396,0.02155304756968522,0.8393746667363994,0.40125909522042924,1.0491803539571503,2785,0.01590820731706396,0.023855712954947154,-0.02833834860019691,-0.0020346073523688523,0.03158757722779155,0.03563746456900007,-0.042528267692701106,0.029333541996937128,0.0035593730652359705,0.002747374920609539,0.06679581575359649,-0.020761250293034994,0.03234076124892511,2785,2785
PatchTST_ETTh2_h96_none_s2021_det,ETTh2_h96_PatchTST,ETTh2,PatchTST,none,96,2021,deterministic,simulated,control,-0.024803647630303353,f_slope,0.01922775519397271,0.01556338080217031,1.0145260422095508,0.31033180940797434,1.0113707829371141,2785,0.01922775519397271,0.01002876415923735,0.016630487185776324,-0.024803647630303353,0.006578627121332446,0.023944707952209866,-0.006720675549213552,0.01974125387219459,0.006555736047733427,-0.02140215330972948,-0.16513968323212977,-0.09620173576611313,0.0032012006171106143,2785,2785
PatchTST_ETTh2_h96_san_lite_s2021_det,ETTh2_h96_PatchTST,ETTh2,PatchTST,san_lite,96,2021,deterministic,simulated,index,0.2454915945550999,f_acf1,0.20559264715117184,0.1293812955895499,10.847813097133978,2.0425388747203502e-27,1.3990415217309482,2785,0.20559264715117184,0.17625115210778672,0.0613412181450984,0.0033460182153526607,0.2454915945550999,0.23652281458854799,-0.09314044641937745,0.18323336297925316,0.07861807178653124,-0.010275629947279532,0.2875398582351772,-0.10277976906868602,0.14811761204456117,2785,2785
PatchTST_ETTh2_h96_san_lite_s2021_det,ETTh2_h96_PatchTST,ETTh2,PatchTST,san_lite,96,2021,deterministic,simulated,defect,0.04342186396513704,f_acf1,0.024923148300691932,0.021604938210616896,1.3150356216740673,0.18849793099802525,1.119442103894653,2785,0.024923148300691932,0.031463617542977496,0.007188688176491056,-0.0020199780864329072,0.04342186396513704,0.020580411765116317,-0.029950933239838762,0.018335843281463787,0.01798599583603116,-0.020178901911988505,0.0362292816482488,-0.020441772300249017,0.02890112774681143,2785,2785
PatchTST_ETTh2_h96_san_lite_s2021_det,ETTh2_h96_PatchTST,ETTh2,PatchTST,san_lite,96,2021,deterministic,simulated,control,-0.04484227269218358,f_drift,-0.0437883716857052,0.03131628551883118,-2.310433171888152,0.020864184365629045,0.9154806469406478,2785,-0.0437883716857052,-0.030017965547440798,-0.03715762551292426,-0.022815597386246708,-0.012605324159512174,-0.04484227269218358,0.03631350897992719,-0.03872291697007737,-0.01878789615401076,0.02811137610028368,-0.26022536465663215,-0.11220962969507053,0.03993217923450444,2785,2785
PatchTST_ETTm1_h336_fredf_s2021_det,ETTm1_h336_PatchTST,ETTm1,PatchTST,fredf,336,2021,deterministic,simulated,index,0.3100770340407113,f_std,0.3100770340407113,0.10618090786494852,32.79202077593868,7.651213677714249e-236,1.5701059226386749,11185,0.3100770340407113,0.30929262187313517,0.15130103981451565,0.051308562178901465,0.013287932972323509,-0.0062678282800238206,-0.05736976192249075,0.007331780344823187,0.015327197409203146,0.1402453198133571,0.2273460793970599,-0.5069375836133116,0.22879838229882382,11185,11185
PatchTST_ETTm1_h336_fredf_s2021_det,ETTm1_h336_PatchTST,ETTm1,PatchTST,fredf,336,2021,deterministic,simulated,defect,0.017506925030780305,f_drift,0.000430362967788439,0.006040287604417136,0.04551279144091734,0.963698579368955,0.9845240533511599,11185,0.000430362967788439,-0.004956905593556382,-0.009146558929275439,-0.01523610296123602,-0.00021186553042624258,0.017506925030780305,-0.0005781420799493424,0.0011953626974728336,-0.011060775648379758,7.987460530660001e-05,0.037488755802313395,-0.49712506482701113,0.009278121428555941,11185,11185
PatchTST_ETTm1_h336_fredf_s2021_det,ETTm1_h336_PatchTST,ETTm1,PatchTST,fredf,336,2021,deterministic,simulated,control,0.0271876698294358,f_cross_corr,-0.014550440881974148,0.011087950361399642,-1.5387736185522154,0.12385957251704371,0.9648477674323807,11185,-0.014550440881974148,-0.01319483341245454,-0.01082432892933873,0.001755730548517145,0.00094421402865686,-0.006117047209904232,0.02100858498394167,0.0271876698294358,0.011027065707715732,0.004269588082057546,-0.045758481916879055,-0.5260481219161588,0.029684852295444507,11185,11185
PatchTST_ETTm1_h336_none_s2021_det,ETTm1_h336_PatchTST,ETTm1,PatchTST,none,336,2021,deterministic,simulated,index,0.25403257692527376,f_std,0.25403257692527376,0.08779987139239558,26.86507101717538,5.623815217795325e-159,1.44235892962559,11185,0.25403257692527376,0.24832334181955132,0.11868342034407434,0.030371332117323614,-0.0002536320926586321,0.004562456682417674,-0.032437975388018715,0.038975544470877914,0.007082788843136251,0.14327564524062356,0.15356314667753862,-0.6941657014655014,0.1993162369057232,11185,11185
PatchTST_ETTm1_h336_none_s2021_det,ETTm1_h336_PatchTST,ETTm1,PatchTST,none,336,2021,deterministic,simulated,defect,-0.006927957967059675,f_cross_corr,0.0011642137956863346,0.0026166155523337222,0.12312076930782402,0.9020114648764895,0.9827528117275514,11185,0.0011642137956863346,0.0016724899958351768,0.00023272984622411358,-0.0035493438030932798,-0.004029482680732995,-0.005197205074000486,0.0016100152862473078,-0.006927957967059675,-2.7259664315449067e-05,0.001755457410142401,-0.021978027937289053,-0.4806820703741732,-0.013778812913425155,11185,11185
PatchTST_ETTm1_h336_none_s2021_det,ETTm1_h336_PatchTST,ETTm1,PatchTST,none,336,2021,deterministic,simulated,control,-0.010750094297014172,f_drift,0.002162914762278915,0.005970463539772557,0.22873782329820155,0.8190726952870657,1.0012693268780164,11185,0.002162914762278915,0.004247256433218147,0.00785558434523192,0.009181402634159425,-0.0056792337003460465,-0.010750094297014172,-0.004824116097520197,-0.008937437281629122,0.0032035366378689915,0.0028630592084586395,0.024302190810181593,-0.5110424151213211,-0.0018123049445214756,11185,11185
PatchTST_ETTm1_h336_san_lite_s2021_det,ETTm1_h336_PatchTST,ETTm1,PatchTST,san_lite,336,2021,deterministic,simulated,index,0.2653683179922773,f_std,0.2653683179922773,0.09008424150444971,28.063875881037166,2.705038387895489e-173,1.4631385386528635,11185,0.2653683179922773,0.26202344098188973,0.1278999712954433,0.03261658145415208,-0.0036415048371339076,-0.005478470275908245,-0.027739750486981744,0.026982656397612537,0.002145616604575618,0.14694610471852265,0.20013933414457102,-0.44564404132440716,0.2568624429385837,11185,11185
PatchTST_ETTm1_h336_san_lite_s2021_det,ETTm1_h336_PatchTST,ETTm1,PatchTST,san_lite,336,2021,deterministic,simulated,defect,0.015195811638129324,f_drift,0.0016286360468407166,0.005510792072198339,0.1722354809335266,0.8632524049123533,0.9428774719879368,11185,0.0016286360468407166,0.003249824812993176,-0.0010713262521984492,0.0013681092255253657,0.014838263175808232,0.015195811638129324,-0.004604549454217395,-0.006899794330526345,-0.00012730612175002897,-0.00612429966399436,-0.03824729677282176,-0.38811743274078303,0.007413102458763094,11185,11185
PatchTST_ETTm1_h336_san_lite_s2021_det,ETTm1_h336_PatchTST,ETTm1,PatchTST,san_lite,336,2021,deterministic,simulated,control,0.021863776256762904,f_slope,-0.00040913444748651764,0.006807578139459635,-0.0432677813229102,0.9654880739393897,0.9715467867094422,11185,-0.00040913444748651764,0.000245079488481231,0.002335895949256293,0.021863776256762904,0.001979571374332615,-0.01826582546487506,-0.00030650466703324806,-0.012982820517804682,0.005027355201933775,-0.004659818026630009,-0.0009476040308503534,-0.37578520701938056,0.006736139004594751,11185,11185
PatchTST_ETTm1_h96_fredf_s2021_det,ETTm1_h96_PatchTST,ETTm1,PatchTST,fredf,96,2021,deterministic,simulated,index,0.35659020251385143,f_range,0.33459559205006506,0.13730045190865578,35.762618717673156,4.2118516593357944e-280,1.6231067136303683,11425,0.33459559205006506,0.35659020251385143,0.2550249925768074,0.039119070917767534,0.06725326040719225,0.01991522895199806,0.007897174470315895,0.07724656220497829,0.03626001906015367,0.17910241593342852,0.33496190869176123,0.030323676994450266,0.3189072368054405,11425,11425
PatchTST_ETTm1_h96_fredf_s2021_det,ETTm1_h96_PatchTST,ETTm1,PatchTST,fredf,96,2021,deterministic,simulated,defect,0.018624408240427145,f_last_dev,-0.008494801949473376,0.008651853046445314,-0.907950882854746,0.3639041725762199,0.9815033057442455,11425,-0.008494801949473376,-0.013512889257459124,-0.009694895194328725,-0.0004821924729086875,-0.006749578894718663,-0.008829073928415391,-0.004297617240723777,-0.003707057922371792,0.018624408240427145,-0.01212601536362645,0.00499556149659676,-0.06122401489883278,0.014236981291579227,11425,11425
PatchTST_ETTm1_h96_fredf_s2021_det,ETTm1_h96_PatchTST,ETTm1,PatchTST,fredf,96,2021,deterministic,simulated,control,-0.01985629712543747,f_kurtosis,-0.001264657548827498,0.007154826112588987,-0.13517053661716386,0.8924770416423286,1.0340059134131232,11425,-0.001264657548827498,-0.006297037815266061,-0.007213007407629832,0.00399959189720377,0.011213034835199975,0.003782931840988627,0.0012485898367207418,0.010198629689026847,-0.0064744831295890405,-0.01985629712543747,-0.09267773600478695,-0.0715449263340191,0.01754734010169495,11425,11425
PatchTST_ETTm1_h96_none_s2021_det,ETTm1_h96_PatchTST,ETTm1,PatchTST,none,96,2021,deterministic,simulated,index,0.29510540791270495,f_kurtosis,0.20170525753578544,0.13951417331878185,21.558885980551167,4.3699987033879655e-103,1.4260667420347113,11425,0.20170525753578544,0.2684291864816216,0.2371768009564341,0.004267283161369748,0.03272685881744437,0.048141697314163096,0.12586259514504364,0.12772517324857557,0.05400147261467596,0.29510540791270495,0.3094976708675824,0.028773629143516666,0.2336318839401476,11425,11425
PatchTST_ETTm1_h96_none_s2021_det,ETTm1_h96_PatchTST,ETTm1,PatchTST,none,96,2021,deterministic,simulated,defect,0.01492538292122052,f_spec_ent,-0.008789282876631367,0.0067002640469477626,-0.9394259212826351,0.3475121095517071,0.9399679819497889,11425,-0.008789282876631367,-0.010642136601696904,-0.008546650362580345,0.0008163935048086359,0.007300003325939804,-0.002286575688414131,0.01492538292122052,0.006193850967094992,-0.004852175598514238,-0.0026501886225766837,-0.006769408823903244,-0.0466453251001373,-0.009410526257335523,11425,11425
PatchTST_ETTm1_h96_none_s2021_det,ETTm1_h96_PatchTST,ETTm1,PatchTST,none,96,2021,deterministic,simulated,control,0.010666725002839033,f_cross_corr,0.002390395615149179,0.0057472238849857835,0.2554929263867487,0.7983424062962113,0.9938950426874937,11425,0.002390395615149179,-0.0017331970696031,0.0018011904638835024,-0.009584206597880847,0.0099512301012346,0.009689801766560103,0.0010983429809195274,0.010666725002839033,0.0035764404309089073,-0.006980708820879033,0.03902844395060675,-0.03923346638394243,-0.011761771059352508,11425,11425
PatchTST_ETTm1_h96_san_lite_s2021_det,ETTm1_h96_PatchTST,ETTm1,PatchTST,san_lite,96,2021,deterministic,simulated,index,0.2994561331426089,f_range,0.25763826866722733,0.13346429510786711,27.537180370412173,6.302310234381062e-167,1.5352099609617176,11425,0.25763826866722733,0.2994561331426089,0.2409412908202552,0.011523238866532356,0.033433119178657725,0.027766777428088557,0.07645795811868661,0.10217706624615279,0.04903411528027126,0.2362149833301904,0.36860241110930714,0.13333214576003904,0.25479510755397433,11425,11425
PatchTST_ETTm1_h96_san_lite_s2021_det,ETTm1_h96_PatchTST,ETTm1,PatchTST,san_lite,96,2021,deterministic,simulated,defect,0.017809416454023702,f_slope,-0.007556012071820582,0.006260165979362649,-0.8076100975957329,0.4193150720178416,0.9852368676823704,11425,-0.007556012071820582,-0.005022499057772914,-0.010483215256862528,0.017809416454023702,0.000606943463107869,-0.008386095553643011,-0.007549870300353633,0.00024351568529038477,-0.0006501193066793269,0.004293972644072536,0.09355603459496545,0.011286805051019533,-0.00947431294440807,11425,11425
PatchTST_ETTm1_h96_san_lite_s2021_det,ETTm1_h96_PatchTST,ETTm1,PatchTST,san_lite,96,2021,deterministic,simulated,control,-0.017979263521590738,f_drift,0.016631149067175645,0.012894634755076753,1.7775889971592727,0.0754713822006984,1.0409767761122133,11425,0.016631149067175645,0.015254150686329808,0.012316117016541011,-0.013809931842189671,-0.014424272025229558,-0.017979263521590738,-0.012000630627120878,-0.01234379303685735,0.007711061096576817,0.006475978631156066,0.042150614522497694,-0.0028848919654076433,-0.011945653307314839,11425,11425
PatchTST_ETTm2_h336_fredf_s2021_det,ETTm2_h336_PatchTST,ETTm2,PatchTST,fredf,336,2021,deterministic,simulated,index,0.12846216266239535,f_std,0.12846216266239535,0.07454766421511955,13.585443114094678,4.885661665942887e-42,1.413878875637463,11185,0.12846216266239535,0.08416285301003325,0.12273403838708305,-0.01693210948015342,0.08947172236068163,0.07026948207553788,-0.023672509800419895,0.11338695889287173,0.08333129439449281,0.0130535110875264,0.24938408122633623,-0.024742877423829857,0.3405671622050911,11185,11185
PatchTST_ETTm2_h336_fredf_s2021_det,ETTm2_h336_PatchTST,ETTm2,PatchTST,fredf,336,2021,deterministic,simulated,defect,-0.021128192033925273,f_absdiff,-0.0008343622037251466,0.00960207376337147,-0.08823750138044963,0.9296879117535747,1.014292227582856,11185,-0.0008343622037251466,-0.005762005593742167,-0.021128192033925273,0.0069091942140338,0.01237145535670384,-0.005088277022792807,-0.00657217617872831,0.008527942964724455,0.01972462259924072,-0.00910250946609816,0.14019282934734018,0.009396497783728308,-0.01979348375820726,11185,11185
PatchTST_ETTm2_h336_fredf_s2021_det,ETTm2_h336_PatchTST,ETTm2,PatchTST,fredf,336,2021,deterministic,simulated,control,-0.028752466890612293,f_cross_corr,-0.019277112471663554,0.01627449264736857,-2.03864009028125,0.041485960990723866,0.985852062423936,11185,-0.019277112471663554,-0.01721766376608945,-0.006544755581453389,0.009585299038037846,-0.021552313356413704,-0.016754124677200034,0.014161187379543718,-0.028752466890612293,-0.023167397619208052,0.005732605693463682,-0.012139051575086098,-0.019576858485893522,0.010990954696031972,11185,11185
PatchTST_ETTm2_h336_none_s2021_det,ETTm2_h336_PatchTST,ETTm2,PatchTST,none,336,2021,deterministic,simulated,index,0.1064096302338476,f_std,0.1064096302338476,0.0675794943586546,11.25329006123732,2.2311133712489581e-29,1.4013382195535906,11185,0.1064096302338476,0.06929323334153421,0.09621060353522753,-0.03154337682887247,0.06537140753576075,0.07653158200052303,-0.01310721926827532,0.09010196360440945,0.07412449257978868,0.05310143465830699,0.2800975654403114,0.003974396054950979,0.33420224044787844,11185,11185
PatchTST_ETTm2_h336_none_s2021_det,ETTm2_h336_PatchTST,ETTm2,PatchTST,none,336,2021,deterministic,simulated,defect,0.02749056373202751,f_absdiff,0.018894739972018054,0.010130249046902514,1.9982025035656965,0.04569471023851597,1.0525785880932939,11185,0.018894739972018054,0.016616300052558347,0.02749056373202751,0.009046623017707678,0.0015645616732352183,0.0016246614161329173,-0.004519571054692576,0.0030527974604103595,-0.008560961706630366,-0.009931710383612105,0.07206553145289472,-0.009359964802980958,0.0069838005456287,11185,11185
PatchTST_ETTm2_h336_none_s2021_det,ETTm2_h336_PatchTST,ETTm2,PatchTST,none,336,2021,deterministic,simulated,control,-0.013971521421092526,f_kurtosis,0.008045407441471242,0.00821680493256878,0.850837498455232,0.39485962816771714,0.9949881323164784,11185,0.008045407441471242,0.006844109591755397,0.0032102138592521993,-0.013125472681133935,0.004766289839206095,0.007785236004617095,-0.006341131377579598,0.010032429863435076,0.008046237246144646,-0.013971521421092526,-0.0030993672216912504,-0.02059679955813709,-0.01561790348049406,11185,11185
PatchTST_ETTm2_h336_san_lite_s2021_det,ETTm2_h336_PatchTST,ETTm2,PatchTST,san_lite,336,2021,deterministic,simulated,index,0.11326122476349405,f_absdiff,0.10456062082499906,0.06230488001350052,11.057749120459661,2.0108036234520561e-28,1.3343943823494504,11185,0.10456062082499906,0.06301583467417896,0.11326122476349405,-0.012530766113737156,0.06343404507919534,0.06205318629996573,-0.015217470657924954,0.09341947051366868,0.07984070221396856,0.015715478993872763,0.21386366448526636,-0.04696821619031977,0.27649110417529005,11185,11185
PatchTST_ETTm2_h336_san_lite_s2021_det,ETTm2_h336_PatchTST,ETTm2,PatchTST,san_lite,336,2021,deterministic,simulated,defect,-0.02281431409908479,f_slope,-0.001103378886090163,0.007301955564419119,-0.11668720796539292,0.9071079275860945,1.016894459422665,11185,-0.001103378886090163,0.00511308368243515,0.012118137300462874,-0.02281431409908479,0.00028668993153314746,-0.0005600690325276843,-0.0016436512737357004,0.0002204473580699422,-0.016186154823148956,0.012973629257102768,-0.023753430132191833,-0.02417694404030568,0.020689089448169,11185,11185
PatchTST_ETTm2_h336_san_lite_s2021_det,ETTm2_h336_PatchTST,ETTm2,PatchTST,san_lite,336,2021,deterministic,simulated,control,0.0156726549190192,f_spec_ent,-0.013239292482001673,0.0075502297836142415,-1.4001138635489114,0.16147922418394167,1.0223135164066985,11185,-0.013239292482001673,-0.007407265612010846,-0.0012816234538090324,0.003699714762594761,-0.008327501007294803,-0.0013859067805443172,0.0156726549190192,-0.014779220302613501,-0.0021214162358407958,0.007587702280413489,-0.13036648680645394,-0.04089723576450677,0.02247501951368284,11185,11185
PatchTST_ETTm2_h96_fredf_s2021_det,ETTm2_h96_PatchTST,ETTm2,PatchTST,fredf,96,2021,deterministic,simulated,index,0.24302149829770786,f_std,0.24302149829770786,0.1289799604415785,25.97489444068393,9.518237825853601e-149,1.4842279901477373,11425,0.24302149829770786,0.2147293012093106,0.12261901981234347,-0.05029827195244962,0.15975391395406907,0.10832686527790789,-0.08305447420089213,0.16083443364296693,0.11967991153419999,-0.02748191453393732,0.40925271156473214,0.08350596563212453,0.15384198895370535,11425,11425
PatchTST_ETTm2_h96_fredf_s2021_det,ETTm2_h96_PatchTST,ETTm2,PatchTST,fredf,96,2021,deterministic,simulated,defect,-0.01757122321136212,f_absdiff,-0.000672979555465446,0.010601427826044665,-0.07193015036282586,0.9426574956693988,1.0179406228302015,11425,-0.000672979555465446,-0.000283645542255017,-0.01757122321136212,-0.013914695502912655,0.015103275405250634,0.013421467141137218,-0.01348186295039821,0.009232644048445439,-0.012468736699038757,-0.009863748204181164,0.004740854893095747,-0.02758907153567902,0.002967934717078888,11425,11425
PatchTST_ETTm2_h96_fredf_s2021_det,ETTm2_h96_PatchTST,ETTm2,PatchTST,fredf,96,2021,deterministic,simulated,control,0.018611916101526002,f_absdiff,-0.0007547734771836798,0.00478040924895882,-0.08067253940002128,0.9357023760014456,1.016390230766201,11425,-0.0007547734771836798,-0.0034379354306915085,0.018611916101526002,0.0036572530008787325,-0.0021080526118415987,0.002856563630494234,0.000715456273892503,0.0070096571261313665,-0.005973666562671719,-0.0026788182742768555,0.05992062531153217,-0.03661530742646524,0.02704238230546002,11425,11425
PatchTST_ETTm2_h96_none_s2021_det,ETTm2_h96_PatchTST,ETTm2,PatchTST,none,96,2021,deterministic,simulated,index,0.1958619279708705,f_std,0.1958619279708705,0.10842300016689133,20.934332722119443,2.6068951957275536e-97,1.4014545881995701,11425,0.1958619279708705,0.1821287649118453,0.09666674275922217,-0.05476327899633748,0.1273899033653987,0.10712431972560793,-0.04262284432437996,0.12715020809096175,0.1227761392660487,0.02774587225824068,0.37167905025590564,0.02184012010299463,0.16290064965605244,11425,11425
PatchTST_ETTm2_h96_none_s2021_det,ETTm2_h96_PatchTST,ETTm2,PatchTST,none,96,2021,deterministic,simulated,defect,0.015157955659399631,f_kurtosis,0.003604601468498337,0.008283732514384851,0.3852710286983762,0.7000366237053416,1.0142378181275378,11425,0.003604601468498337,0.010837395668809152,0.005463269717229655,0.003754708534680097,-0.009549151869699197,-0.01176965320832027,0.006648083378465443,-0.009622658626251375,-0.006429847012495347,0.015157955659399631,0.006047414174938848,-0.024574685621342685,0.018584250964367135,11425,11425
PatchTST_ETTm2_h96_none_s2021_det,ETTm2_h96_PatchTST,ETTm2,PatchTST,none,96,2021,deterministic,simulated,control,0.014924700865448205,f_range,0.01063101804510218,0.00675529351226614,1.136276310749499,0.2558409418887848,0.9847993427371832,11425,0.01063101804510218,0.014924700865448205,0.007612798822462091,0.014101095753991122,0.004097518579802494,0.001557663284004173,-0.008752615214891091,-0.00037452787477378833,0.0009411411154295051,0.004559855566756766,-0.01932617755637848,-0.04281354740438181,-0.021382778643276406,11425,11425
PatchTST_ETTm2_h96_san_lite_s2021_det,ETTm2_h96_PatchTST,ETTm2,PatchTST,san_lite,96,2021,deterministic,simulated,index,0.21979364115280167,f_std,0.21979364115280167,0.11635687026840418,23.49222874382811,4.897431113564513e-122,1.4303333452491036,11425,0.21979364115280167,0.1974131247062935,0.14119602200131315,-0.03484464208672863,0.12549056478899998,0.09062500930259704,-0.06223871160151686,0.13361330494667825,0.13168519224128855,-0.026668489855824058,0.3743404568273899,0.043345676802624244,0.20287717414742232,11425,11425
PatchTST_ETTm2_h96_san_lite_s2021_det,ETTm2_h96_PatchTST,ETTm2,PatchTST,san_lite,96,2021,deterministic,simulated,defect,0.011161347471120348,f_slope,0.006430242591615333,0.0050941632848994075,0.6872843502124582,0.49190355878231595,0.9502981361131547,11425,0.006430242591615333,0.006767261645341496,-0.0053107654591371374,0.011161347471120348,0.0027133993712489006,0.009600367666841409,-0.00406531181041707,0.0006368787004389231,-0.0020880652863046047,0.0021679928465288554,-0.008032766217410822,-0.029721380291913624,-0.007899685977625626,11425,11425
PatchTST_ETTm2_h96_san_lite_s2021_det,ETTm2_h96_PatchTST,ETTm2,PatchTST,san_lite,96,2021,deterministic,simulated,control,0.019282235175859475,f_std,0.019282235175859475,0.011544604764729497,2.060945335214059,0.039308255528394405,1.019544781973966,11425,0.019282235175859475,0.0104224425064965,-0.0010930632943070174,0.01107891172411228,0.014040535427947884,0.000507775459108755,-0.018401309609961867,0.010491692293611672,-0.014250643074323421,-0.015877439081566115,0.16361773236224847,-0.009398508211422296,0.016459743149109196,11425,11425
PatchTST_Exchange_h336_fredf_s2021_det,Exchange_h336_PatchTST,Exchange,PatchTST,fredf,336,2021,deterministic,simulated,index,0.5407520595269731,f_absdiff,0.5044584264744962,0.2905101793744431,10.387434760971397,2.8285839390662193e-25,2.1010159039079404,425,0.5044584264744962,0.26325204932899254,0.5407520595269731,0.0971333885666943,0.2590242453611793,0.02901955573619296,-0.41874021040784104,0.35841490675462323,-0.07518078504322272,-0.35912616654421536,-0.12049944694913338,-0.3422883736571287,,425,1182
PatchTST_Exchange_h336_fredf_s2021_det,Exchange_h336_PatchTST,Exchange,PatchTST,fredf,336,2021,deterministic,simulated,defect,-0.05592409060355474,f_kurtosis,-0.04125431836300824,0.04010512814495397,-0.8494784071681223,0.39561514037375123,0.8343409399520804,425,-0.04125431836300824,-0.04001768810255434,0.052623845179847126,-0.04250801144268497,-0.009646714917697082,-0.05419596379609511,-0.016252520673430148,-0.04307248597020525,-0.04555564240046271,-0.05592409060355474,0.0993503039279641,-0.3047240500218251,,425,1182
PatchTST_Exchange_h336_fredf_s2021_det,Exchange_h336_PatchTST,Exchange,PatchTST,fredf,336,2021,deterministic,simulated,control,0.04031389223241782,f_kurtosis,0.028712385299588878,0.023196292848618134,0.5912241990201587,0.554370210699062,1.0452219721009344,425,0.028712385299588878,0.028670968066616214,-0.015305685388691752,-0.008486658016913914,0.024976161072986197,0.011543980866330057,-0.02366103390598865,0.013884885338669084,-0.03640727829797877,0.04031389223241782,-0.062406314160761235,-0.5150278545856439,,425,1182
PatchTST_Exchange_h336_none_s2021_det,Exchange_h336_PatchTST,Exchange,PatchTST,none,336,2021,deterministic,simulated,index,0.6063531912898034,f_absdiff,0.4683977114630067,0.25081866127639935,9.644899192215728,5.166192897005934e-22,1.8837199772982212,425,0.4683977114630067,0.24481508504049346,0.6063531912898034,-0.009033155648653295,0.16138703475012117,0.030686873739663285,-0.43902752809866974,0.27362351690609815,-0.11529458660955746,-0.15956792921792687,-0.38477722640524004,-0.5274550996792207,,425,1182
PatchTST_Exchange_h336_none_s2021_det,Exchange_h336_PatchTST,Exchange,PatchTST,none,336,2021,deterministic,simulated,defect,0.05501575261616228,f_range,0.03472385924872208,0.030979135406056672,0.7150080237850666,0.4746040852741952,1.0147596727218493,425,0.03472385924872208,0.05501575261616228,-0.0004697441027965797,0.04476606587359898,0.03439964984133436,0.022225539697675507,-0.043283050132091105,0.018828844320082538,-0.04351377968141815,0.012565068546685218,0.23307555101320399,-0.07541832892338096,,425,1182
PatchTST_Exchange_h336_none_s2021_det,Exchange_h336_PatchTST,Exchange,PatchTST,none,336,2021,deterministic,simulated,control,-0.061494583483140804,f_spec_ent,-0.0006076190773944444,0.024614219588225936,-0.012511642574921909,0.9900174140075304,0.9233414676373529,425,-0.0006076190773944444,-0.01232749859755219,0.016180456769473668,-0.040672179581372814,0.01203998686905004,-0.02670225570961842,-0.061494583483140804,-0.02345453408575761,-0.029548701755482954,-0.023114379953416392,-0.2463502671897399,-0.2594583982909895,,425,1182
PatchTST_Exchange_h336_san_lite_s2021_det,Exchange_h336_PatchTST,Exchange,PatchTST,san_lite,336,2021,deterministic,simulated,index,0.5675493583029809,f_absdiff,0.4865448406309109,0.2702779295842613,10.018571452282647,1.2631544066753186e-23,1.8750847982661352,425,0.4865448406309109,0.27209210946128365,0.5675493583029809,0.0533999781150834,0.2041020149755358,0.09726360382048116,-0.4417306279407857,0.29011286364133754,-0.10470760188210285,-0.1852762970721108,-0.25163126397128593,-0.6588195675954698,,425,1182
PatchTST_Exchange_h336_san_lite_s2021_det,Exchange_h336_PatchTST,Exchange,PatchTST,san_lite,336,2021,deterministic,simulated,defect,-0.07869143830798331,f_absdiff,0.03849666255021807,0.03366986073119896,0.7926947985588614,0.42795566151819486,1.055586740738546,425,0.03849666255021807,0.057775188888016187,-0.07869143830798331,0.039852902096262376,0.06209751293554892,0.014119679229650937,-0.01592455956605337,-0.0007634709477732098,-0.026391802535523912,0.0025853902549592784,-0.26190305772115463,-0.4624436996018988,,425,1182
PatchTST_Exchange_h336_san_lite_s2021_det,Exchange_h336_PatchTST,Exchange,PatchTST,san_lite,336,2021,deterministic,simulated,control,-0.09636194525644433,f_absdiff,-0.00022901002016538743,0.0447293141780848,-0.0047156049324056076,0.9962375055739804,1.0592667554283457,425,-0.00022901002016538743,0.013856740911704175,-0.09636194525644433,0.06720045020399869,0.0496479654843601,0.03919510403151428,0.023328539494458428,0.050614809835706806,-0.02756952369042222,-0.0792890528520736,0.19448132978657343,-0.08966455293152742,,425,1182
PatchTST_Exchange_h96_fredf_s2021_det,Exchange_h96_PatchTST,Exchange,PatchTST,fredf,96,2021,deterministic,simulated,index,0.2255232676285308,f_slope,0.09916075600920242,0.1483019399791169,2.5551939404785315,0.010612864749291224,1.088756196150121,665,0.09916075600920242,0.152496536135775,-0.1424996878389396,0.2255232676285308,0.17053803509098373,0.13875869256338502,-0.18959124447393313,-0.19340609746443607,0.1252944311282929,-0.04575065145769014,-0.24717469055708882,-0.9310540244132683,0.43680868248248444,665,1422
PatchTST_Exchange_h96_fredf_s2021_det,Exchange_h96_PatchTST,Exchange,PatchTST,fredf,96,2021,deterministic,simulated,defect,-0.06296744543556032,f_range,-0.019075081059862293,0.02414039714624478,-0.49153045519110067,0.6230513172764371,1.0794515986835067,665,-0.019075081059862293,-0.06296744543556032,-0.012410952487046337,-0.05983890857067775,-0.008439162053619886,-0.03936865119490358,-0.010150824798890748,0.010675173769656965,0.005313919771751097,-0.013163852320478828,-0.12326776653554183,-0.4781583894298189,0.10654080048866046,665,1422
PatchTST_Exchange_h96_fredf_s2021_det,Exchange_h96_PatchTST,Exchange,PatchTST,fredf,96,2021,deterministic,simulated,control,-0.09209020597733344,f_std,-0.09209020597733344,0.055744016431419255,-2.3729986111528327,0.017644330267674906,0.744914027885807,665,-0.09209020597733344,-0.0546108425565257,-0.08624928488593676,0.08149929529130544,-0.04721078991846272,0.002591222439034741,0.07127208284468906,-0.06628921701844974,0.01571871717718262,0.03990850620527222,-0.11402777769257309,-0.616417027054353,0.19466390203923845,665,1422
PatchTST_Exchange_h96_none_s2021_det,Exchange_h96_PatchTST,Exchange,PatchTST,none,96,2021,deterministic,simulated,index,-0.22973266771618076,f_cross_corr,0.07046654408734308,0.094657545686668,1.815795821904914,0.06940169845154938,1.2288039744415542,665,0.07046654408734308,0.07210309066951993,0.012069289146017112,0.04525458060651466,0.07013373551103419,0.13065711331405688,-0.20095455995899877,-0.22973266771618076,0.086689697216013,0.02851417864100172,-0.26616830733351793,-1.1644251389046136,-0.21453213577907074,665,1422
PatchTST_Exchange_h96_none_s2021_det,Exchange_h96_PatchTST,Exchange,PatchTST,none,96,2021,deterministic,simulated,defect,0.057085729628532415,f_drift,0.0028312804153007077,0.02257422232564182,0.07295699278755527,0.9418403410466474,1.1175400133061462,665,0.0028312804153007077,-0.004059964858877628,-0.005142251591205301,0.03188209044264847,0.006421173415466377,0.057085729628532415,-0.01024794157324278,0.036636691043793135,-0.05103723163330012,-0.02039786865405128,0.1830450750057497,-0.31137163387796063,0.015200696436187816,665,1422
PatchTST_Exchange_h96_none_s2021_det,Exchange_h96_PatchTST,Exchange,PatchTST,none,96,2021,deterministic,simulated,control,-0.07315786209254822,f_last_dev,0.0009340756645766159,0.027901183921750967,0.024069446161273007,0.9807972146900474,0.973239233332151,665,0.0009340756645766159,-0.014072382141083627,-0.0392447252941863,0.037206823636753886,0.046748628327575696,-0.019219532060369093,0.0019296450177870598,0.025699342788753063,-0.07315786209254822,-0.020798822193876094,-0.08742756518553849,-0.4540242369049867,-0.14464253841445196,665,1422
PatchTST_Exchange_h96_san_lite_s2021_det,Exchange_h96_PatchTST,Exchange,PatchTST,san_lite,96,2021,deterministic,simulated,index,-0.23256096933966308,f_cross_corr,0.11736419361657156,0.10656774971964156,3.0242637150767817,0.0024923907719166627,1.402773972314228,665,0.11736419361657156,0.15619073894618235,0.09710759314437184,0.025746105739764588,0.025543139842442313,0.18072007599591622,-0.19463315566676379,-0.23256096933966308,-0.011269707972307846,0.024541816932432025,-0.22756278302534913,-1.052361760133933,0.2694519619504901,665,1422
PatchTST_Exchange_h96_san_lite_s2021_det,Exchange_h96_PatchTST,Exchange,PatchTST,san_lite,96,2021,deterministic,simulated,defect,0.046515956122804576,f_kurtosis,0.0016828949612716258,0.02912348560941151,0.04336516965546377,0.9654104421575656,1.0488662475842967,665,0.0016828949612716258,0.029962577383662613,0.0075070450466772605,-0.04553458703744056,-0.027750057331541164,-0.043256953846681184,0.037780343075206745,-0.034276304567997656,-0.016968136720831712,0.046515956122804576,-0.04924858077443686,-0.4938730215735099,-0.06497065156057996,665,1422
PatchTST_Exchange_h96_san_lite_s2021_det,Exchange_h96_PatchTST,Exchange,PatchTST,san_lite,96,2021,deterministic,simulated,control,0.06978444156630587,f_spec_ent,-0.04141765191226194,0.03474305319825022,-1.067258232533437,0.2858552432203809,0.8357803406506408,665,-0.04141765191226194,-0.0053577498970377785,-0.06594698240227727,0.04180966907663166,0.010042282521673771,0.06008651553990806,0.06978444156630587,0.0004169900492031121,-0.044860563979143564,0.007707685038059166,-0.02073210016993823,-0.4145811416864502,0.03020115400731398,665,1422
PatchTST_ILI_h24_fredf_s2021_det,ILI_h24_PatchTST,ILI,PatchTST,fredf,24,2021,deterministic,simulated,index,-0.6930618289522398,f_spec_ent,-0.15317289892632355,0.26820762990630176,-1.3087098221076519,0.19063266333681517,1.0769301095578396,74,-0.15317289892632355,-0.10097300398712017,-0.5409700111069973,-0.28420584968530166,0.14958904109589038,-0.08928544983339502,-0.6930618289522398,0.5342465753424657,0.01908922621251388,-0.11748241392077005,,-2.037774351095941,,74,170
PatchTST_ILI_h24_fredf_s2021_det,ILI_h24_PatchTST,ILI,PatchTST,fredf,24,2021,deterministic,simulated,defect,0.11502406516105144,f_spec_ent,0.03890410958904109,0.06493550073773771,0.33239685803701075,0.7395896107315665,0.9406029816124127,74,0.03890410958904109,0.05234649201269756,-0.0268196964087375,0.10285079600148092,-0.10622732321362456,0.08481303221029247,0.11502406516105144,-0.06061458718992965,-0.04586449463161791,0.015890410958904106,,-2.037774351095941,,74,170
PatchTST_ILI_h24_fredf_s2021_det,ILI_h24_PatchTST,ILI,PatchTST,fredf,24,2021,deterministic,simulated,control,-0.0734510799589267,f_range,-0.02216956682710107,0.04747098729985416,-0.18941686200281882,0.8497661097184638,0.8767488333648236,74,-0.02216956682710107,-0.0734510799589267,0.061888189559422435,-0.06440577563865234,-0.002413920770085153,-0.053387634209552004,-0.05747500925583116,-0.0717215845982969,0.06052573121066271,-0.007271380970011105,,-2.037774351095941,,74,170
PatchTST_ILI_h24_none_s2021_det,ILI_h24_PatchTST,ILI,PatchTST,none,24,2021,deterministic,simulated,index,-0.7004664938911512,f_spec_ent,-0.1375638652350981,0.27447726015934465,-1.175346179789034,0.23985624616918322,1.1052396988764397,74,-0.1375638652350981,-0.0925845231039982,-0.5498259903739354,-0.2968530174009626,0.18326545723805993,-0.06458348759718621,-0.7004664938911512,0.5574676045908922,-0.010559052202887817,-0.1516031099592743,,-2.3045753823419286,,74,170
PatchTST_ILI_h24_none_s2021_det,ILI_h24_PatchTST,ILI,PatchTST,none,24,2021,deterministic,simulated,defect,0.20829322473158082,f_kurtosis,-0.058156238430211026,0.10675839468377182,-0.4968871189613023,0.6192686555149081,0.7756609766582884,74,-0.058156238430211026,0.050582836137977566,-0.09212884116993704,-0.05990373935579414,-0.11262495372084412,-0.17550536838208067,-0.17349129951869674,0.03502406516105145,0.10187338022954459,0.20829322473158082,,-2.304575382341928,,74,170
PatchTST_ILI_h24_none_s2021_det,ILI_h24_PatchTST,ILI,PatchTST,none,24,2021,deterministic,simulated,control,-0.2390077748981858,f_std,-0.2390077748981858,0.15777575514646308,-2.042083323890109,0.041143266767034455,0.5389124217250291,74,-0.2390077748981858,-0.23444766623693733,-0.1159718622732321,-0.1772528693076638,-0.10222880414661235,-0.16442798963346905,-0.1948167345427619,0.15225472047389854,-0.11117363939281745,-0.08617549055905219,,-2.3045753823419286,,74,170
PatchTST_ILI_h24_san_lite_s2021_det,ILI_h24_PatchTST,ILI,PatchTST,san_lite,24,2021,deterministic,simulated,index,0.6201703072935949,f_cross_corr,0.09224731580895962,0.27544592301270476,0.78816141176724,0.4306022973275869,1.5070136616566836,74,0.09224731580895962,0.1137335729630354,-0.5338319141058866,-0.30025916327286184,0.2690114772306552,0.04580525731210661,-0.5292706405035171,0.6201703072935949,-0.11401703072935948,-0.13611255090707144,,-1.842309531675678,,74,170
PatchTST_ILI_h24_san_lite_s2021_det,ILI_h24_PatchTST,ILI,PatchTST,san_lite,24,2021,deterministic,simulated,defect,0.23163272861902995,f_kurtosis,0.1735209181784524,0.12802550757450998,1.482563374807634,0.13819045402843466,2.218254015430308,74,0.1735209181784524,0.1984483375000057,0.11490559052202885,0.042754535357275074,0.07249166975194371,0.06597556460570159,0.17070714550166602,-0.12408737504627913,0.0857312106627175,0.23163272861902995,,-1.8423095316756775,,74,170
PatchTST_ILI_h24_san_lite_s2021_det,ILI_h24_PatchTST,ILI,PatchTST,san_lite,24,2021,deterministic,simulated,control,0.14929285449833393,f_absdiff,0.016216216216216214,0.0455805742627534,0.1385514120862302,0.8898046404069669,0.7393722667274729,74,0.016216216216216214,0.024898671172517522,0.14929285449833393,-0.003302480562754535,0.02202147352832284,0.0047537948907811906,0.07826730840429469,-0.10359126249537207,0.02433172898926323,0.029129951869677893,,-1.842309531675678,,74,170
PatchTST_ILI_h48_fredf_s2021_det,ILI_h48_PatchTST,ILI,PatchTST,fredf,48,2021,deterministic,simulated,index,0.7879471788715485,f_absdiff,-0.009747899159663865,0.2970313671234547,-0.06823529411764705,0.9455983317902151,0.8809578471802869,50,-0.009747899159663865,0.09775664842542302,0.7879471788715485,0.08427370948379351,-0.29382953181272503,-0.5375750300120048,-0.13517406962785114,-0.7402160864345738,0.10309723889555823,0.18069627851140455,,-9.14214686304595,,50,146
PatchTST_ILI_h48_fredf_s2021_det,ILI_h48_PatchTST,ILI,PatchTST,fredf,48,2021,deterministic,simulated,defect,0.3438655462184874,f_acf1,0.12595438175270107,0.13662002618777455,0.8816806722689075,0.37794951580429315,1.3349954580095063,50,0.12595438175270107,0.14002979369047078,-0.11654261704681872,0.02376950780312125,0.3438655462184874,0.18751500600240098,0.05114045618247299,0.0724609843937575,-0.196734693877551,-0.10818727490996398,,-9.142146863045948,,50,146
PatchTST_ILI_h48_fredf_s2021_det,ILI_h48_PatchTST,ILI,PatchTST,fredf,48,2021,deterministic,simulated,control,-0.2469627851140456,f_kurtosis,0.04153661464585834,0.10756507582620686,0.29075630252100837,0.771237707635323,0.9324238573226402,50,0.04153661464585834,0.05336984589712283,0.08744297719087635,0.20460984393757503,0.1607202881152461,0.06612244897959184,-0.08187274909963986,-0.07783913565426169,-0.05517406962785113,-0.2469627851140456,,-9.14214686304595,,50,146
PatchTST_ILI_h48_none_s2021_det,ILI_h48_PatchTST,ILI,PatchTST,none,48,2021,deterministic,simulated,index,0.763937575030012,f_absdiff,0.037118847539015606,0.27256237360672947,0.25983193277310923,0.7949934178970486,0.9443992773068965,50,0.037118847539015606,0.1392611910492881,0.763937575030012,0.03558223289315726,-0.1896278511404562,-0.4666026410564225,-0.16091236494597838,-0.688547418967587,0.1413205282112845,0.10271308523409363,,-9.534802345579571,,50,146
PatchTST_ILI_h48_none_s2021_det,ILI_h48_PatchTST,ILI,PatchTST,none,48,2021,deterministic,simulated,defect,-0.24676948548471644,f_range,-0.222280912364946,0.11584141433478616,-1.5559663865546218,0.11971608558167882,0.7846073597554208,50,-0.222280912364946,-0.24676948548471644,-0.041152460984393756,0.13911164465786313,-0.18002400960384152,-0.019639855942376952,-0.06237695078031212,0.03615846338535413,0.16993997599039612,-0.04096038415366146,,-9.534802345579568,,50,146
PatchTST_ILI_h48_none_s2021_det,ILI_h48_PatchTST,ILI,PatchTST,none,48,2021,deterministic,simulated,control,0.23630252100840335,f_last_dev,0.05430972388955582,0.13193477758188943,0.3801680672268908,0.7038206615295259,1.2486647172585827,50,0.05430972388955582,0.05216890427027488,0.007827130852340937,-0.15178871548619446,0.19951980792316923,0.10232893157262904,-0.1524609843937575,0.1454501800720288,0.23630252100840335,-0.21719087635054019,,-9.534802345579571,,50,146
PatchTST_ILI_h48_san_lite_s2021_det,ILI_h48_PatchTST,ILI,PatchTST,san_lite,48,2021,deterministic,simulated,index,0.7487635054021607,f_absdiff,0.6154621848739495,0.3076411218895581,4.3082352941176465,1.645622696196498e-05,1.4686914010034748,50,0.6154621848739495,0.6578277855222322,0.7487635054021607,-0.027130852340936373,0.12979591836734694,-0.025210084033613446,0.2961344537815126,-0.5024249699879952,0.015414165666266506,0.05824729891956783,,-10.128004737460762,,50,146
PatchTST_ILI_h48_san_lite_s2021_det,ILI_h48_PatchTST,ILI,PatchTST,san_lite,48,2021,deterministic,simulated,defect,0.2552220888355342,f_last_dev,-0.0757262905162065,0.1015846216256973,-0.5300840336134455,0.5960536686046887,0.9955260746583802,50,-0.0757262905162065,-0.12465774086681705,0.06477791116446578,-0.008979591836734692,0.07082833133253301,0.09080432172869149,-0.14612244897959184,-0.03606242496998799,0.2552220888355342,-0.14266506602641055,,-10.128004737460765,,50,146
PatchTST_ILI_h48_san_lite_s2021_det,ILI_h48_PatchTST,ILI,PatchTST,san_lite,48,2021,deterministic,simulated,control,0.35154861944777915,f_acf1,-0.13315726290516205,0.16259305636460628,-0.9321008403361344,0.35128441380484554,1.039934606034747,50,-0.13315726290516205,-0.12547438117307363,-0.16504201680672267,-0.003793517406962785,0.35154861944777915,0.1348859543817527,-0.3030492196878751,0.11058823529411764,-0.04240096038415366,-0.25599039615846336,,-10.128004737460762,,50,146
PatchTST_Weather_h336_fredf_s2021_det,Weather_h336_PatchTST,Weather,PatchTST,fredf,336,2021,deterministic,simulated,index,0.17946735703760314,f_absdiff,0.05765800886211298,0.08644115850366216,4.050039073224507,5.120908174280619e-05,1.1339714553667397,4935,0.05765800886211298,0.11977504112301743,0.17946735703760314,-0.08168251376361106,0.11196751267864172,0.014252571635558984,0.04231043589952406,0.07118251800795822,0.08247467058789097,0.10364095544070301,0.01911395244048219,-1.1991455094737526,-0.07799907545440382,4935,10204
PatchTST_Weather_h336_fredf_s2021_det,Weather_h336_PatchTST,Weather,PatchTST,fredf,336,2021,deterministic,simulated,defect,-0.017871969267308326,f_kurtosis,0.0013702914202698012,0.007330067767002941,0.0962526091920549,0.923319948643718,0.973104210750416,4935,0.0013702914202698012,0.0018864534527494744,0.005762068875995494,-0.0011448152456054927,-0.002233766056589406,-0.008569377426520272,0.012754209561172826,-0.006556523398720395,0.015151202965097922,-0.017871969267308326,0.0954137063967716,-1.5547106939025443,-0.0008582817436053547,4935,10204
PatchTST_Weather_h336_fredf_s2021_det,Weather_h336_PatchTST,Weather,PatchTST,fredf,336,2021,deterministic,simulated,control,-0.03670056116499519,f_absdiff,0.002633722240469509,0.00958744050562705,0.18499906938220625,0.8532297655005171,0.9954076507938204,4935,0.002633722240469509,0.0037658725808015756,-0.03670056116499519,-0.002862207698196969,-0.00227828158019774,0.014867948056403615,-0.021580115588858854,-0.005972380420641101,-0.004659573295922427,-0.0005537424297835267,0.011011356879889541,-1.922020976629267,-0.019826069718570673,4935,10204
PatchTST_Weather_h336_none_s2021_det,Weather_h336_PatchTST,Weather,PatchTST,none,336,2021,deterministic,simulated,index,0.21964210544611326,f_kurtosis,-0.10173767745661849,0.11634395773385948,-7.146302431355188,8.914654015735238e-13,1.054826552136375,4935,-0.10173767745661849,-0.03272993573484216,0.19474974397680664,-0.09800872065470514,0.16806283199723196,0.04965883216761288,0.1549758402594752,0.10977755635196544,0.03409633329322354,0.21964210544611326,-0.0001230321784329285,-1.199087085483681,-0.003943952758853209,4935,10204
PatchTST_Weather_h336_none_s2021_det,Weather_h336_PatchTST,Weather,PatchTST,none,336,2021,deterministic,simulated,defect,0.026851971754649515,f_acf1,-0.007290178921567243,0.00795254970984848,-0.5120799359158276,0.6085950661118436,0.9231247199116756,4935,-0.007290178921567243,-0.001851631830685202,0.008556226040817608,-0.0032681060679265552,0.026851971754649515,-0.000741728468810821,0.015794243523458235,0.0002424818189630845,-0.0008117934446237033,0.014117135226982842,0.21374012320002198,-0.9666535453019116,-0.06534345191831853,4935,10204
PatchTST_Weather_h336_none_s2021_det,Weather_h336_PatchTST,Weather,PatchTST,none,336,2021,deterministic,simulated,control,0.01978648100762622,f_range,0.016001774027279654,0.01058992379334298,1.1240036090454872,0.2610114948826062,1.0119301690492282,4935,0.016001774027279654,0.01978648100762622,0.008327519629426619,-0.00926454028515555,0.012372425892565587,-0.011905322159916572,-0.006715189495642781,0.00010363725254485154,-0.004272547144707462,0.01714980103856449,0.07027695504733376,-1.0538922705929505,0.008173842611410326,4935,10204
PatchTST_Weather_h336_san_lite_s2021_det,Weather_h336_PatchTST,Weather,PatchTST,san_lite,336,2021,deterministic,simulated,index,0.20478549213316924,f_kurtosis,-0.0806494316346236,0.11043644641876568,-5.665012646113151,1.4701369356265724e-08,1.153658427544846,4935,-0.0806494316346236,-0.014031653481275632,0.18839052087678496,-0.08551684360157043,0.16906050588977004,0.06591300577144314,0.1449155055091494,0.1253536794771271,0.025747825812743298,0.20478549213316924,-0.024701940485333224,-1.1953389997262116,-0.034819502948859674,4935,10204
PatchTST_Weather_h336_san_lite_s2021_det,Weather_h336_PatchTST,Weather,PatchTST,san_lite,336,2021,deterministic,simulated,defect,-0.028178342869737635,f_cross_corr,-0.010627080106293783,0.011812608904799808,-0.746472008211478,0.45538233472525824,0.8813854251000368,4935,-0.010627080106293783,-0.0009380270262114673,-0.015325358933002428,-0.0037119572482533364,-0.026256678255900483,-0.013259457255274706,-0.0046633651525644,-0.028178342869737635,-0.006221861468889345,0.008943960731870499,0.045762074661506225,-1.182315119258277,0.024267093279852943,4935,10204
PatchTST_Weather_h336_san_lite_s2021_det,Weather_h336_PatchTST,Weather,PatchTST,san_lite,336,2021,deterministic,simulated,control,0.021163565116952828,f_cross_corr,-0.012348754696882753,0.012301545053283226,-0.8674066277183439,0.38571925170814936,0.8845992537939211,4935,-0.012348754696882753,-0.015053229406485284,-0.0032026321958930934,-0.0030405452110743867,-0.012559034191775642,-0.015332064672011682,0.014057157091134476,0.021163565116952828,0.016562926093567673,-0.009695541857054436,-0.03353938293879879,-1.138347526932229,-0.01332591211038099,4935,10204
PatchTST_Weather_h96_fredf_s2021_det,Weather_h96_PatchTST,Weather,PatchTST,fredf,96,2021,deterministic,simulated,index,-0.3435164653456873,f_slope,-0.03100846832450553,0.13030215629901146,-2.230455314038382,0.025717230902603652,1.0791069265796038,5175,-0.03100846832450553,-0.0173274207722512,0.20032213755130127,-0.3435164653456873,0.11380270932804448,0.10557055790826957,0.23018508696241824,0.07772211016052695,0.10220900741899998,0.08135759921811,0.24353093636573403,-0.4082041998030148,0.24823046276817415,5175,10444
PatchTST_Weather_h96_fredf_s2021_det,Weather_h96_PatchTST,Weather,PatchTST,fredf,96,2021,deterministic,simulated,defect,-0.03603314205768719,f_spec_ent,0.013831383314370454,0.012331146656176593,0.9948986222469709,0.3197855730369046,0.9493084436804802,5175,0.013831383314370454,0.01084531359377245,-0.008972906745531035,-0.0033445738199768408,0.018678518003771374,0.003487216424981656,-0.03603314205768719,-0.011112693364004349,0.005743754032820491,-0.011261965204850113,-0.07903691124905021,-1.1590417958323505,-0.017945037005030435,5175,10444
PatchTST_Weather_h96_fredf_s2021_det,Weather_h96_PatchTST,Weather,PatchTST,fredf,96,2021,deterministic,simulated,control,-0.016740378882275784,f_spec_ent,-0.013503185573725759,0.008495383064201865,-0.9712911874322097,0.3314032959507295,1.1121765639449748,5175,-0.013503185573725759,-0.008891509365760617,0.00016886238349039212,-0.0018232629030925328,-0.004434481166444186,-0.014959548041313291,-0.016740378882275784,-0.01448228072589379,-0.000916535537901895,-0.009033786062120394,0.02188664373535991,-0.9594481656466225,0.008324105800088537,5175,10444
PatchTST_Weather_h96_none_s2021_det,Weather_h96_PatchTST,Weather,PatchTST,none,96,2021,deterministic,simulated,index,0.332733185310243,f_spec_ent,-0.17253177835057054,0.1828176893875052,-12.410300884110466,2.2978763163256616e-35,1.0320151115901506,5175,-0.17253177835057054,-0.14815308050865753,0.21046911000097399,-0.2856454512503657,0.1624900347377257,0.11338412436987427,0.332733185310243,0.11970820790087809,0.09948415060471882,0.18357777084104435,0.2243521786193388,-0.35226679649278325,0.24684032676349377,5175,10444
PatchTST_Weather_h96_none_s2021_det,Weather_h96_PatchTST,Weather,PatchTST,none,96,2021,deterministic,simulated,defect,0.02243600493304088,f_kurtosis,-0.009426322250148389,0.012512414925950491,-0.6780402803083949,0.497746153985719,0.9260469121180845,5175,-0.009426322250148389,-0.009133094736252418,0.016113277952779198,-0.00811169851106109,0.016343171438998664,-0.010687670612751292,0.010894689070508693,-0.010118664637667824,-0.011859555116296452,0.02243600493304088,0.0402019349875405,-0.6141518277643883,0.008824002312014814,5175,10444
PatchTST_Weather_h96_none_s2021_det,Weather_h96_PatchTST,Weather,PatchTST,none,96,2021,deterministic,simulated,control,-0.030209302609705935,f_slope,-0.005849953937279212,0.011300489687718188,-0.4207902405799414,0.6739082587751877,0.9927036635010204,5175,-0.005849953937279212,-0.005222921328015472,0.010567039422427846,-0.030209302609705935,0.0027732359837816896,-0.012634108271278732,0.009648481916508425,-0.020291350161610676,-0.011834359569554592,-0.00397414367701932,-0.10018748568075102,-0.8284308887904537,-0.011121043278380708,5175,10444
PatchTST_Weather_h96_san_lite_s2021_det,Weather_h96_PatchTST,Weather,PatchTST,san_lite,96,2021,deterministic,simulated,index,0.29177790828672745,f_spec_ent,-0.11040172968315459,0.167629819008209,-7.941254049501584,2.0014725633182283e-15,1.3689381693004554,5175,-0.11040172968315459,-0.09175323657337085,0.20109154339844107,-0.2530138391813813,0.1586474592519804,0.15547067855876867,0.29177790828672745,0.16546682727770273,0.10134875838981001,0.14732620948075273,0.26023989730112657,-0.29535571047440734,0.15760190415610245,5175,10444
PatchTST_Weather_h96_san_lite_s2021_det,Weather_h96_PatchTST,Weather,PatchTST,san_lite,96,2021,deterministic,simulated,defect,0.022802271901690097,f_absdiff,0.019558723316994542,0.010463187652912828,1.4068691784985978,0.1594661844974924,1.1536306328411583,5175,0.019558723316994542,0.016486740128933915,0.022802271901690097,-0.0007920354028659143,0.010095197877044411,0.004735571963293798,0.005759417964141602,0.007330801163005662,-0.00659618066415848,-0.010474936146999844,0.05919278383901954,-0.5752049090552742,-0.02055825873753676,5175,10444
PatchTST_Weather_h96_san_lite_s2021_det,Weather_h96_PatchTST,Weather,PatchTST,san_lite,96,2021,deterministic,simulated,control,-0.03516405652952238,f_last_dev,-6.136177658394615e-05,0.011978684527088864,-0.004413784622581198,0.9964783208295328,0.9381664857007813,5175,-6.136177658394615e-05,-0.0026565134223147098,0.02020016210551914,-0.014107420479756588,0.02187505392715638,0.008919675787922672,0.014764839240338163,-0.0008593804799785984,-0.03516405652952238,-0.0011783815217960608,0.09715089310150825,-0.6280972421435758,-0.008993954245416236,5175,10444
iTransformer_ETTh1_h336_fredf_s2021_det,ETTh1_h336_iTransformer,ETTh1,iTransformer,fredf,336,2021,deterministic,simulated,index,0.28683133847601866,f_std,0.28683133847601866,0.13371023929205644,14.46722224084729,1.9519731414335512e-47,1.4381840526035718,2545,0.28683133847601866,0.23493770015516707,0.2784442595349254,0.08570062490461673,0.07672761071001653,-0.048730297325518424,-0.2049543447458559,-0.08739274962370114,-0.010397520555245322,-0.022985946889499214,0.05602278921776204,-4.970864873730299,0.004281651422502801,2545,2545
iTransformer_ETTh1_h336_fredf_s2021_det,ETTh1_h336_iTransformer,ETTh1,iTransformer,fredf,336,2021,deterministic,simulated,defect,0.037587955332815136,f_last_dev,0.016943890202823553,0.022866662352580495,0.8546173039919007,0.392763044830433,1.0475453435508442,2545,0.016943890202823553,0.012918973604591108,0.02945088279064406,0.012179022711179788,0.012103919457035945,-0.03010808048903547,-0.016168844595761518,0.027383950850919787,0.037587955332815136,-0.033821103490998594,0.02457108533430099,-6.340308202537908,-0.009293360762514455,2545,2545
iTransformer_ETTh1_h336_fredf_s2021_det,ETTh1_h336_iTransformer,ETTh1,iTransformer,fredf,336,2021,deterministic,simulated,control,-0.024468475968341823,f_slope,-0.008281415919720503,0.013610699882709059,-0.41769872572520267,0.6761674040975838,0.9389091090771142,2545,-0.008281415919720503,-0.005804836626192197,0.009590000600144644,-0.024468475968341823,-0.02380149352445091,0.0146300253851576,0.000123471534813296,-0.0031347038490004615,0.023393417004348726,-0.022879158414920435,-0.12481863464232579,-6.146797639324851,-0.007568686994895643,2545,2545
iTransformer_ETTh1_h336_none_s2021_det,ETTh1_h336_iTransformer,ETTh1,iTransformer,none,336,2021,deterministic,simulated,index,0.2751457927807403,f_std,0.2751457927807403,0.12544448275870973,13.877825742272911,8.632293615043357e-44,1.3739344503430122,2545,0.2751457927807403,0.23618978658318288,0.27406483501511175,0.0533041981209969,0.06127518114191189,-0.04450485314932235,-0.19877344455159945,-0.09789376601131898,-0.01311498264749166,-0.0001779875854212431,0.12996297643002555,-5.0710462672706065,-0.03742615657586991,2545,2545
iTransformer_ETTh1_h336_none_s2021_det,ETTh1_h336_iTransformer,ETTh1,iTransformer,none,336,2021,deterministic,simulated,defect,-0.026721850224104955,f_std,-0.026721850224104955,0.013525482426073302,-1.3477988421097278,0.17772309044419565,0.9654350306627476,2545,-0.026721850224104955,-0.01811807680419179,-0.0043371348512207634,0.010741238041040515,-0.0164646276754738,-0.01965818559297013,0.011847277543254164,-0.012244435128920879,0.0103928061729929,-0.004729192226563135,-0.13045963151189366,-6.287380841849091,-0.029105235171588858,2545,2545
iTransformer_ETTh1_h336_none_s2021_det,ETTh1_h336_iTransformer,ETTh1,iTransformer,none,336,2021,deterministic,simulated,control,0.05296761982947858,f_range,0.0348991602663128,0.023561759098264235,1.7602466671678123,0.07836599256261029,0.9711492350284782,2545,0.0348991602663128,0.05296761982947858,0.04880748841911561,0.008538386151352169,-0.006185441317865228,0.0004914998290272057,0.0022170387150952623,-0.012000449103875719,0.045597513153170156,0.023912994197349626,0.202997223247941,-5.805397740968819,0.04879608496571651,2545,2545
iTransformer_ETTh1_h336_san_lite_s2021_det,ETTh1_h336_iTransformer,ETTh1,iTransformer,san_lite,336,2021,deterministic,simulated,index,0.31692810698045104,f_std,0.31692810698045104,0.13270751547539522,15.985245484047965,1.6192779180645405e-57,1.5838485575774253,2545,0.31692810698045104,0.2667140554477395,0.2607440076788711,0.05156805625211096,0.11734249466511566,-0.016549562996666205,-0.2017809824167266,-0.0619259282429974,-0.008472626489888316,-0.025049333583385593,0.08280340794461957,-4.077870280627759,0.1187151185699798,2545,2545
iTransformer_ETTh1_h336_san_lite_s2021_det,ETTh1_h336_iTransformer,ETTh1,iTransformer,san_lite,336,2021,deterministic,simulated,defect,0.03867579030887019,f_last_dev,-0.0033980952067381273,0.013547324445971112,-0.17139340077914342,0.8639144434197904,0.958704540984998,2545,-0.0033980952067381273,0.007821343997360262,0.0039254311839681515,0.008101471532269281,0.0003726411236737089,-0.019045699547761034,0.023699776509398685,-0.008858801443159108,0.03867579030887019,0.021574193606512575,0.06607300817211163,-5.207506609963881,-0.062001451986943054,2545,2545
iTransformer_ETTh1_h336_san_lite_s2021_det,ETTh1_h336_iTransformer,ETTh1,iTransformer,san_lite,336,2021,deterministic,simulated,control,-0.03366513650292619,f_slope,0.009199061399907539,0.010887358538818696,0.46398300264804954,0.6426599235231211,1.0246451734957078,2545,0.009199061399907539,0.0065452600069531,-0.003647737980947384,-0.03366513650292619,0.007928771975334457,8.119970168377694e-05,0.004535392606804598,0.01670966672300539,0.01994287757519907,-0.006618480915425452,-0.0030474984655603286,-4.898477389622153,0.00045897970514349604,2545,2545
iTransformer_ETTh1_h96_fredf_s2021_det,ETTh1_h96_iTransformer,ETTh1,iTransformer,fredf,96,2021,deterministic,simulated,index,0.3296571057612265,f_std,0.3296571057612265,0.13673898288675682,17.393903522291073,9.17660161659109e-68,1.6200959936491262,2785,0.3296571057612265,0.26541077039454664,0.23645929610909747,-0.0028842958280004528,0.12613622909765992,0.011586652496414735,-0.11944393767974931,0.08415742050098908,0.08461471199956233,-0.10703940900032172,0.26275514387226917,-0.6180534398596236,0.1644041804741876,2785,2785
iTransformer_ETTh1_h96_fredf_s2021_det,ETTh1_h96_iTransformer,ETTh1,iTransformer,fredf,96,2021,deterministic,simulated,defect,0.030570858244490753,f_last_dev,-0.0028601920374750974,0.009247929476718167,-0.1509140967557401,0.8800434802469344,1.108364242821993,2785,-0.0028601920374750974,-0.013356862177243647,-0.0010379918047667743,-0.007934283541950273,-0.008163349270163288,-0.00042172883858405496,-0.006247164308955342,-0.018589263343186023,0.030570858244490753,-0.003297601200366435,0.025462319301509297,-0.9341291361889246,-0.022754506426609037,2785,2785
iTransformer_ETTh1_h96_fredf_s2021_det,ETTh1_h96_iTransformer,ETTh1,iTransformer,fredf,96,2021,deterministic,simulated,control,0.04666634283106417,f_slope,0.02702876264564325,0.01708676570659771,1.4261354649086402,0.1538292434554916,1.0751871732682894,2785,0.02702876264564325,0.00926106223689098,0.019239774035338403,0.04666634283106417,0.02437533523317874,0.013702107458696851,0.00553851375635418,-0.006453956710349956,0.0035696136624966683,-0.015032188495963914,-0.05929363684790402,-0.9535025147258698,-0.03986921957314999,2785,2785
iTransformer_ETTh1_h96_none_s2021_det,ETTh1_h96_iTransformer,ETTh1,iTransformer,none,96,2021,deterministic,simulated,index,0.3385835206313425,f_std,0.3385835206313425,0.14198997878475533,17.86489351867599,2.213540777019373e-71,1.594918018462204,2785,0.3385835206313425,0.27859166004205527,0.2428021156182874,-0.0049933344455738195,0.148585905400569,0.03803395709610838,-0.11530764245207428,0.09544647793006297,0.055948023208079914,-0.10160715102339975,0.2571941194239705,-0.6070934716179308,0.14918120104448282,2785,2785
iTransformer_ETTh1_h96_none_s2021_det,ETTh1_h96_iTransformer,ETTh1,iTransformer,none,96,2021,deterministic,simulated,defect,-0.05576378856367607,f_absdiff,-0.040853873932281355,0.020933231600724987,-2.1555984362874434,0.031115034770654075,1.0502097271746655,2785,-0.040853873932281355,-0.030019817954374414,-0.05576378856367607,-0.01083996774117423,-0.019357999769700443,0.005356595662377652,0.012495219128782382,-0.0033140787068951074,-0.025610316042363915,0.005720658505624318,-0.07202992316785967,-0.9474095366963007,0.00894254869793646,2785,2785
iTransformer_ETTh1_h96_none_s2021_det,ETTh1_h96_iTransformer,ETTh1,iTransformer,none,96,2021,deterministic,simulated,control,-0.02431736647525553,f_slope,0.00550375383386318,0.010952722286479758,0.290397996959893,0.7715117759084944,1.08944774596128,2785,0.00550375383386318,-0.009050500119018918,0.012616096952290705,-0.02431736647525553,-0.004930504820447009,-0.005843683443617429,-0.01633378707352862,0.0039294383850694775,0.02169706684495698,-0.005305024916749733,-0.016503911229622154,-0.9567378950564176,0.013349876300376323,2785,2785
iTransformer_ETTh1_h96_san_lite_s2021_det,ETTh1_h96_iTransformer,ETTh1,iTransformer,san_lite,96,2021,deterministic,simulated,index,0.39105122680733045,f_std,0.39105122680733045,0.16513443155923896,20.633279830731002,1.379675802686423e-94,2.1829916989611187,2785,0.39105122680733045,0.3169975468146984,0.2876351937718325,0.055283242676400814,0.1475313160952946,0.02714184252710164,-0.1139578724027581,0.058074250963140554,0.12354334198075126,-0.13012848155308118,0.20995422270545372,-0.5963072834205532,0.20826340042631084,2785,2785
iTransformer_ETTh1_h96_san_lite_s2021_det,ETTh1_h96_iTransformer,ETTh1,iTransformer,san_lite,96,2021,deterministic,simulated,defect,-0.03236513765598161,f_slope,0.0029980290100110087,0.013719958656229625,0.1581868749249171,0.8743095458296074,1.0131932628238405,2785,0.0029980290100110087,-0.013435295112742761,-0.003740594527501264,-0.03236513765598161,0.02636858410526867,-0.00789177567490058,0.007300405348549399,0.00995296280466638,-0.003591282575198782,-0.02955551974747578,-0.025791072237163586,-0.840618536831822,-0.015968278074009763,2785,2785
iTransformer_ETTh1_h96_san_lite_s2021_det,ETTh1_h96_iTransformer,ETTh1,iTransformer,san_lite,96,2021,deterministic,simulated,control,-0.04044289622089629,f_drift,0.0011413327304598806,0.013331002390863555,0.06022085085838056,0.9519797392674642,0.9767067504399661,2785,0.0011413327304598806,-0.00881930224306936,0.012030608553019717,0.0037356947733600387,-0.010803480683124832,-0.04044289622089629,0.002396635297722172,-0.02516525393014724,0.012859513071544098,-0.01591530640529193,0.05389683599412233,-0.8316117300264299,0.054813690314124905,2785,2785
iTransformer_ETTh2_h336_fredf_s2021_det,ETTh2_h336_iTransformer,ETTh2,iTransformer,fredf,336,2021,deterministic,simulated,index,0.32272003636626123,f_cross_corr,0.26246696692923455,0.1972161294709921,13.23833009887037,5.270773980624455e-40,1.912274895234537,2545,0.26246696692923455,0.19604341028589986,0.12925487266639896,-0.03711952656653403,0.30075470154800915,0.31829996595103655,-0.17711331211385703,0.32272003636626123,0.1428180615933604,-0.08557044068932944,0.38149589542587303,-0.2957238206437387,0.10960330801584729,2545,2545
iTransformer_ETTh2_h336_fredf_s2021_det,ETTh2_h336_iTransformer,ETTh2,iTransformer,fredf,336,2021,deterministic,simulated,defect,-0.035950628391628936,f_last_dev,-0.002193835888422714,0.009658107893817838,-0.11065287191556884,0.9118916191524336,0.9875827670655914,2545,-0.002193835888422714,0.0038290951339887496,0.0026731420944221163,0.0028050377847982626,-0.0004922278065214029,0.007026363064332157,0.024754186023466903,0.005176112897778185,-0.035950628391628936,-0.011680449852818965,0.11584239193829657,-0.03407832575064784,0.02647687498937765,2545,2545
iTransformer_ETTh2_h336_fredf_s2021_det,ETTh2_h336_iTransformer,ETTh2,iTransformer,fredf,336,2021,deterministic,simulated,control,-0.030819332700303508,f_acf1,-0.01626503590195727,0.014960731821640674,-0.8203771958783006,0.41200111134843365,1.0122210559864442,2545,-0.01626503590195727,-0.01448559193483804,0.002557203670718773,-0.02572518788443945,-0.030819332700303508,-0.007237640332585543,0.016315266349056876,-0.01302588184208939,0.020496948886166766,0.0026792287142510993,-0.21500189835788802,-0.14133868633959867,0.019304331220390127,2545,2545
iTransformer_ETTh2_h336_none_s2021_det,ETTh2_h336_iTransformer,ETTh2,iTransformer,none,336,2021,deterministic,simulated,index,0.3842480892265125,f_cross_corr,0.3081935694195406,0.2328315555616816,15.544692172348784,1.728511437867427e-54,1.9865743732351986,2545,0.3081935694195406,0.2426525183741576,0.17196069760161403,0.08675317334853426,0.34798242784629224,0.33677486125404127,-0.17647119082937043,0.3842480892265125,0.1405845189004942,-0.13269450881625877,0.4090031748396293,-0.36907539584708404,0.35945158940932986,2545,2545
iTransformer_ETTh2_h336_none_s2021_det,ETTh2_h336_iTransformer,ETTh2,iTransformer,none,336,2021,deterministic,simulated,defect,0.03945778008621058,f_slope,-0.015432424746564095,0.012988815554592656,-0.778381887104574,0.4363439135852356,1.0619573375565006,2545,-0.015432424746564095,-0.018708871607302776,0.001159645580953849,0.03945778008621058,-0.008115422491493654,0.0047635352928293824,0.00039061816383634344,-0.012256080584895555,-0.014933859895955708,0.01466991709588462,-0.061267461138852536,-0.08330778279989559,-0.051486612727885496,2545,2545
iTransformer_ETTh2_h336_none_s2021_det,ETTh2_h336_iTransformer,ETTh2,iTransformer,none,336,2021,deterministic,simulated,control,0.0653257010619823,f_std,0.0653257010619823,0.02833819218146365,3.2949029918565467,0.00098455661491854,1.155916188929637,2545,0.0653257010619823,0.051245472537676834,0.053064725556415754,-0.013679752683332321,0.0343326139653863,0.02095061499684305,-0.009236407371663171,0.017178947583902388,0.002181232414065678,-0.016186453643368653,0.309480485433106,0.034177832735897695,0.03207646484555377,2545,2545
iTransformer_ETTh2_h336_san_lite_s2021_det,ETTh2_h336_iTransformer,ETTh2,iTransformer,san_lite,336,2021,deterministic,simulated,index,0.3407352626561726,f_acf1,0.30103065088089204,0.21542139820570155,15.183408307962472,4.5548592514211155e-52,1.9794922072018888,2545,0.30103065088089204,0.22493697013906336,0.1496520253018187,-0.03145422152838525,0.3407352626561726,0.32172078533862636,-0.17258600624587214,0.34045751303494654,0.14779552544847707,-0.12384502148276141,0.3837237303857738,-0.30405613836857426,0.2208513121428267,2545,2545
iTransformer_ETTh2_h336_san_lite_s2021_det,ETTh2_h336_iTransformer,ETTh2,iTransformer,san_lite,336,2021,deterministic,simulated,defect,-0.027072483496095024,f_spec_ent,0.008417516408103135,0.00891475592299983,0.4245633731621981,0.6711549981292952,1.0999259941004425,2545,0.008417516408103135,0.0028884154322835515,-0.00019372573086829276,-0.0012749484803047577,0.006559448491238979,0.003671386329182512,-0.027072483496095024,0.0024874335796974175,-0.01990923809555147,0.01667296318667314,0.021007072792030484,-0.03363238532719537,-0.02747091736797007,2545,2545
iTransformer_ETTh2_h336_san_lite_s2021_det,ETTh2_h336_iTransformer,ETTh2,iTransformer,san_lite,336,2021,deterministic,simulated,control,-0.014017779569055375,f_last_dev,0.008242131342223643,0.005921841248804514,0.4157172870291922,0.6776168899744522,0.9459283597959942,2545,0.008242131342223643,0.0013434620742321663,0.005731063245199621,0.003958011452017794,0.0018627145972096154,-0.009204679928533573,-0.0051969592613020175,0.005918681244891599,-0.014017779569055375,-0.0037429297733797317,-0.00015642380810492777,-0.04834115510625514,0.02187417883987597,2545,2545
iTransformer_ETTh2_h96_fredf_s2021_det,ETTh2_h96_iTransformer,ETTh2,iTransformer,fredf,96,2021,deterministic,simulated,index,0.20878032442283231,f_drift,0.11008401733975215,0.1088042308962758,5.808431680950224,6.306075194632255e-09,1.1903747535799658,2785,0.11008401733975215,0.11481142297032632,-0.011620190258008832,0.02882147046932623,0.18499454016285138,0.20878032442283231,-0.09810396236117752,0.200990333640592,0.06754151869446195,0.0622945286434294,0.37237734572772685,-0.016006425829826254,0.0769067291649956,2785,2785
iTransformer_ETTh2_h96_fredf_s2021_det,ETTh2_h96_iTransformer,ETTh2,iTransformer,fredf,96,2021,deterministic,simulated,defect,0.03880441899159816,f_cross_corr,0.021213935531857093,0.019439068713606646,1.1193241144223653,0.2630018918323931,1.0877825894292152,2785,0.021213935531857093,0.03514994414934789,-0.006246270464917561,0.014421523582216697,0.038462733358846125,0.010759206793579112,-0.007129228382273618,0.03880441899159816,-0.013977296983631354,0.008226128897798862,0.1745514939657504,0.01650223321847155,-0.027702919483546144,2785,2785
iTransformer_ETTh2_h96_fredf_s2021_det,ETTh2_h96_iTransformer,ETTh2,iTransformer,fredf,96,2021,deterministic,simulated,control,0.05250274441784677,f_absdiff,0.02705754120159926,0.021592170394049176,1.4276539258095626,0.15339149386016168,1.0227804275373182,2785,0.02705754120159926,0.0231335126235139,0.05250274441784677,-0.024533267864025845,-0.011149916077544375,-0.021539263096531733,0.023325305699105143,0.0007404917326592811,-0.01247805332345768,-0.019461607904207825,-0.046511356570457005,-0.03247679127100156,-0.04490743386765608,2785,2785
iTransformer_ETTh2_h96_none_s2021_det,ETTh2_h96_iTransformer,ETTh2,iTransformer,none,96,2021,deterministic,simulated,index,0.22846758933740613,f_acf1,0.16217996772517504,0.11547166757729932,8.557202810314084,1.1563899705051191e-17,1.2477392616267746,2785,0.16217996772517504,0.15102740866999578,0.0428692622490187,-0.011889958388310204,0.22846758933740613,0.21145860058844157,-0.07462631930602238,0.184963026188597,0.07602331587450567,-0.011211227445520623,0.3105909862040888,-0.10326082004185477,0.19875442925464076,2785,2785
iTransformer_ETTh2_h96_none_s2021_det,ETTh2_h96_iTransformer,ETTh2,iTransformer,none,96,2021,deterministic,simulated,defect,0.0341235449785653,f_last_dev,0.025003429272371175,0.012838211298420448,1.3192715366647059,0.18707834996566164,1.0277464058039503,2785,0.025003429272371175,0.023419487553276115,0.00035377002638400945,-0.009764421154156308,-0.008680179447884592,-0.006553297281216422,0.004507093288518989,0.00711756896731715,0.0341235449785653,0.008859321014514426,-0.06841852107071097,-0.05907560556768687,0.007077388924692631,2785,2785
iTransformer_ETTh2_h96_none_s2021_det,ETTh2_h96_iTransformer,ETTh2,iTransformer,none,96,2021,deterministic,simulated,control,-0.04595733451863682,f_cross_corr,-0.006554277232044667,0.020571591892698037,-0.3458274183694022,0.7294724182074341,0.9090630812825973,2785,-0.006554277232044667,-0.01453035330491761,-0.023088525357994258,-0.023193901181580708,-0.0198320059851219,-0.014102194605435131,-0.0013471896232406825,-0.04595733451863682,-0.03560304518497716,0.02150709193303145,-0.33701436529036227,-0.14666516581614863,0.007550424086507562,2785,2785
iTransformer_ETTh2_h96_san_lite_s2021_det,ETTh2_h96_iTransformer,ETTh2,iTransformer,san_lite,96,2021,deterministic,simulated,index,0.2525370115872852,f_acf1,0.22039043963082916,0.13468801919978945,11.62859825309077,2.949003426493616e-31,1.450905084097087,2785,0.22039043963082916,0.18297162934310524,0.08019275388359401,-0.027549992602593408,0.2525370115872852,0.2239741286981644,-0.08975651899511354,0.18057391475778836,0.07244870301841298,-0.016485099481008264,0.33633994035337755,-0.06188451286035601,0.17563686568399847,2785,2785
iTransformer_ETTh2_h96_san_lite_s2021_det,ETTh2_h96_iTransformer,ETTh2,iTransformer,san_lite,96,2021,deterministic,simulated,defect,0.05474823841061486,f_acf1,0.027222766799834798,0.020254473485988283,1.4363718271224601,0.1508965653659668,1.0319824232858026,2785,0.027222766799834798,0.025191124625480822,-0.00021985230163339804,0.008066801892473928,0.05474823841061486,0.017145365794756343,-0.02285044230447281,0.026372075041212376,0.010473497240960665,-0.010254570448442833,0.3430658187041816,0.056737506638323,0.009409955174708903,2785,2785
iTransformer_ETTh2_h96_san_lite_s2021_det,ETTh2_h96_iTransformer,ETTh2,iTransformer,san_lite,96,2021,deterministic,simulated,control,0.03166851983293816,f_std,0.03166851983293816,0.014883982496311694,1.6709458678159526,0.09473237052184244,1.104871795890014,2785,0.03166851983293816,0.025990843140915907,0.018143099064051406,0.00399404181007984,0.003177688328438986,0.0004852173195398329,-0.029891745654184728,0.0048341890978003815,0.024648402642374074,-0.006006078072793591,0.39963168314292374,0.10187728770013249,-0.012335300173231737,2785,2785
iTransformer_ETTm1_h336_fredf_s2021_det,ETTm1_h336_iTransformer,ETTm1,iTransformer,fredf,336,2021,deterministic,simulated,index,0.252270491333828,f_std,0.252270491333828,0.08744087628089989,26.6787226553806,8.311836343053366e-157,1.467236484208789,11185,0.252270491333828,0.24878694061227008,0.11686740108953239,0.043030265343163586,0.000728248927057907,0.0036351368753828246,-0.03300955717724278,0.03204371857707476,-0.013557308889509932,0.13047969398393663,0.15783998930494866,-0.5162209963582634,0.2100314107074263,11185,11185
iTransformer_ETTm1_h336_fredf_s2021_det,ETTm1_h336_iTransformer,ETTm1,iTransformer,fredf,336,2021,deterministic,simulated,defect,-0.02202516680198713,f_spec_ent,0.01160110587098518,0.009773219371501468,1.2268683681206225,0.21987206921580627,0.9890863510938105,11185,0.01160110587098518,0.0019838499223808633,-0.011636903798215782,-0.006652333201241035,0.010401148179929046,0.011794802828653668,-0.02202516680198713,0.003157863099172027,-0.006807177331174679,-0.011671842681275255,-0.023530629864827957,-0.387855218277543,-0.010908988052943781,11185,11185
iTransformer_ETTm1_h336_fredf_s2021_det,ETTm1_h336_iTransformer,ETTm1,iTransformer,fredf,336,2021,deterministic,simulated,control,0.014130789993863658,f_slope,0.0018143070196776558,0.006763902481993482,0.19187100930341638,0.8478432467215682,0.9782541499893155,11185,0.0018143070196776558,0.003674204190042642,0.004644666337819275,0.014130789993863658,-0.01263068189777391,-0.00524012698153234,-0.005536975465211887,-0.007844021840252192,-0.009930203075665932,0.0021930480180953208,0.06677337463242695,-0.34108233591926784,-0.0266612865293393,11185,11185
iTransformer_ETTm1_h336_none_s2021_det,ETTm1_h336_iTransformer,ETTm1,iTransformer,none,336,2021,deterministic,simulated,index,0.2595249827589786,f_std,0.2595249827589786,0.09200731365138563,27.44591727934999,7.772608752315709e-166,1.5309568464318852,11185,0.2595249827589786,0.2520272093437385,0.11902292217613056,0.04057752988756659,0.013947724958354078,0.01044973905532285,-0.037759333747858975,0.05690077148880626,-0.004175010476620494,0.12568791262047946,0.16384879444447475,-0.5475629585165069,0.15643025693511844,11185,11185
iTransformer_ETTm1_h336_none_s2021_det,ETTm1_h336_iTransformer,ETTm1,iTransformer,none,336,2021,deterministic,simulated,defect,0.02208224468643134,f_last_dev,-0.012605726363611982,0.00975839056190196,-1.333111438227603,0.18249523628517028,1.0557463394844173,11185,-0.012605726363611982,-0.010119937646575556,0.0004379045584433466,0.013656217689165905,-0.007891472189092804,-0.0039877224003142826,0.006071173688458324,0.006938843603249999,0.02208224468643134,0.013792662793676047,-0.0717223742008575,-0.3414745108254722,0.045376311759013487,11185,11185
iTransformer_ETTm1_h336_none_s2021_det,ETTm1_h336_iTransformer,ETTm1,iTransformer,none,336,2021,deterministic,simulated,control,0.016658505457970537,f_last_dev,0.006029913932875471,0.007929337993380924,0.6376901261833321,0.5236754142213778,1.0251810251764744,11185,0.006029913932875471,0.007258849429060925,0.011557589881244253,-0.0048723408900375725,-0.011590752730262043,-0.010684987220210098,-0.0004774023870265286,-0.0030046112330386534,0.016658505457970537,0.007158426772083162,0.053928673419898085,-0.32025712573734655,0.0012665735154730874,11185,11185
iTransformer_ETTm1_h336_san_lite_s2021_det,ETTm1_h336_iTransformer,ETTm1,iTransformer,san_lite,336,2021,deterministic,simulated,index,0.2669492562554931,f_std,0.2669492562554931,0.09428331446921531,28.231067109930446,2.4311174125306777e-175,1.443331553703007,11185,0.2669492562554931,0.26449711422096184,0.14628096546473163,0.024535905030533895,-0.015169723462625953,-0.009251683397816344,-0.04193062218883913,0.02699863760791442,0.005264106108077753,0.14195513095515921,0.20446858366392204,-0.45460585884019244,0.20637456861510092,11185,11185
iTransformer_ETTm1_h336_san_lite_s2021_det,ETTm1_h336_iTransformer,ETTm1,iTransformer,san_lite,336,2021,deterministic,simulated,defect,0.011685949725168341,f_slope,0.008694214007863528,0.006744238019722712,0.9194516687065764,0.3578593744129749,1.017834593160881,11185,0.008694214007863528,0.00421275234955324,0.006005907655421243,0.011685949725168341,0.008083587675351896,-0.0016948530001963207,-0.004645303097541291,-0.004800625425369286,-0.011376133789191098,-0.006243053471570874,-0.030005075869014373,-0.3100035728599526,0.017947501938844035,11185,11185
iTransformer_ETTm1_h336_san_lite_s2021_det,ETTm1_h336_iTransformer,ETTm1,iTransformer,san_lite,336,2021,deterministic,simulated,control,0.020112270794252703,f_kurtosis,-0.006810213669400635,0.0077943647156153446,-0.7202102820238099,0.4713955341879593,1.0160428163582138,11185,-0.006810213669400635,-0.0061553907137095664,0.0006797671356879694,-0.007747997609074883,-0.006008274135630358,-0.009722638664377706,0.012059514292786792,-0.007786184047579156,0.0008613960936536733,0.020112270794252703,0.12564704710206578,-0.25355158161868263,0.012088602271144002,11185,11185
iTransformer_ETTm1_h96_fredf_s2021_det,ETTm1_h96_iTransformer,ETTm1,iTransformer,fredf,96,2021,deterministic,simulated,index,0.2599075308099862,f_kurtosis,0.15303911653311983,0.12490049340017917,16.357297297104218,3.8587739741014583e-60,1.4113027512445255,11425,0.15303911653311983,0.22542600260900286,0.1878588412558503,0.019266981325452414,0.04446403928775698,0.08457758650251518,0.13620237544698693,0.136141576118466,0.002120884112654928,0.2599075308099862,0.2085987084297548,-0.037150745605825986,0.1391062433422811,11425,11425
iTransformer_ETTm1_h96_fredf_s2021_det,ETTm1_h96_iTransformer,ETTm1,iTransformer,fredf,96,2021,deterministic,simulated,defect,-0.012292687136499985,f_std,-0.012292687136499985,0.0067568411660677025,-1.313880677222176,0.1888863622135356,0.9816923167968425,11425,-0.012292687136499985,-0.009432992109937676,-0.004820115072126913,0.007960060635022081,-0.0003243266942283717,0.008825846866157123,0.011688317830441195,0.01163159443870803,0.00013817927945710459,-0.0004542915980985395,-0.019114554675686762,-0.0389492008693173,-0.014099443485364923,11425,11425
iTransformer_ETTm1_h96_fredf_s2021_det,ETTm1_h96_iTransformer,ETTm1,iTransformer,fredf,96,2021,deterministic,simulated,control,-0.011823277211189894,f_range,-0.01165010316859281,0.008828501745886688,-1.245199301901143,0.21305849916604336,0.9796164379126042,11425,-0.01165010316859281,-0.011823277211189894,-0.011466601071013492,0.0019093782722928432,-0.006064058127779229,0.010800928998630851,0.006918092981878515,0.007001093322761058,-0.010454962286717483,0.010196522018010698,0.05420511885167411,-0.01244188848784944,-0.030133931163595227,11425,11425
iTransformer_ETTm1_h96_none_s2021_det,ETTm1_h96_iTransformer,ETTm1,iTransformer,none,96,2021,deterministic,simulated,index,0.26219566205028916,f_range,0.1985747579483236,0.12940689444932416,21.22428843712185,5.698221988304187e-100,1.5104744596357118,11425,0.1985747579483236,0.26219566205028916,0.22004142551985972,0.017979550801189844,0.042916467865020284,0.07558599190695153,0.09747661837004458,0.1272154099275167,0.004887149397890083,0.2471959107061558,0.24031801457503113,0.0026557002973263133,0.17012975914086664,11425,11425
iTransformer_ETTm1_h96_none_s2021_det,ETTm1_h96_iTransformer,ETTm1,iTransformer,none,96,2021,deterministic,simulated,defect,0.020347138811300913,f_range,0.015905693013131925,0.010030445320839175,1.7000499952309052,0.08912152190603129,1.06520233330135,11425,0.015905693013131925,0.020347138811300913,0.01888042380218199,-0.018687722247186397,0.0006811596484937282,0.0029132316412770615,-0.010230505658769757,-0.005844687762039112,-0.003976846722912024,0.0028370439010988366,0.07878575791283156,-0.021359651988061,-0.0038336422563024167,11425,11425
iTransformer_ETTm1_h96_none_s2021_det,ETTm1_h96_iTransformer,ETTm1,iTransformer,none,96,2021,deterministic,simulated,control,-0.012823328183228126,f_cross_corr,-0.003481742061872791,0.00398622609361608,-0.37213943276757405,0.709789038214609,1.016577958575862,11425,-0.003481742061872791,-0.0005229634213772443,-0.0016768493274406243,7.628085140832056e-05,-0.007486113327981079,0.0031890297542327087,-0.0050684797776924875,-0.012823328183228126,-0.002445274467575263,-0.003092199763352158,-0.09530030979232056,-0.08374489137530139,-0.006815361593942906,11425,11425
iTransformer_ETTm1_h96_san_lite_s2021_det,ETTm1_h96_iTransformer,ETTm1,iTransformer,san_lite,96,2021,deterministic,simulated,index,0.2793524670760789,f_range,0.21284195721630414,0.12868273183350784,22.749211119048596,1.4610458121977554e-114,1.4619894309228374,11425,0.21284195721630414,0.2793524670760789,0.2355637998326982,-0.0034087865218341367,0.011625378453245027,0.05677845046509133,0.08640716180385685,0.08260585711061529,0.050537673920027296,0.26770578593532723,0.2393096576253095,0.013061239201980657,0.16936062811798291,11425,11425
iTransformer_ETTm1_h96_san_lite_s2021_det,ETTm1_h96_iTransformer,ETTm1,iTransformer,san_lite,96,2021,deterministic,simulated,defect,-0.019468125610539195,f_absdiff,-0.009341630043761491,0.008770709477469607,-0.9984625063638451,0.3180551367522295,0.976586616831251,11425,-0.009341630043761491,-0.01589523594898208,-0.019468125610539195,0.001617082778674964,0.0045008279215664245,0.003926781332899785,0.012331060654363209,0.0031557960489682524,-0.012380297670516946,-0.005090256764423716,-0.027269348845643727,-0.029855262805156935,0.020171637904335706,11425,11425
iTransformer_ETTm1_h96_san_lite_s2021_det,ETTm1_h96_iTransformer,ETTm1,iTransformer,san_lite,96,2021,deterministic,simulated,control,-0.014662569351396306,f_spec_ent,0.007865038462587967,0.005962677248692977,0.8406398004647984,0.4005497547232171,1.0368687266482794,11425,0.007865038462587967,-0.0003704087872403791,-0.008487805954609412,-0.008997633011911338,0.0005153899362262312,0.004253553567081293,-0.014662569351396306,-0.0010664146158783495,0.003720142923404872,-0.00968781587659363,0.04026020521535596,-0.011600364427062582,0.004781927190366686,11425,11425
iTransformer_ETTm2_h336_fredf_s2021_det,ETTm2_h336_iTransformer,ETTm2,iTransformer,fredf,336,2021,deterministic,simulated,index,0.08434807287184057,f_std,0.08434807287184057,0.056996928054985616,8.920182581663347,4.655201079580505e-19,1.3459607080887164,11185,0.08434807287184057,0.0505315914006625,0.08164368981891672,-0.030781259763794092,0.06657664153542653,0.052712646679344846,0.007926465318557858,0.06646549422418438,0.07376726543463911,0.055216153502489665,0.27146602457121455,-0.009872506657399027,0.2560245201886446,11185,11185
iTransformer_ETTm2_h336_fredf_s2021_det,ETTm2_h336_iTransformer,ETTm2,iTransformer,fredf,336,2021,deterministic,simulated,defect,0.014785182321574133,f_kurtosis,-0.00723821281110793,0.0076588883112230915,-0.7654730883789134,0.44398988555185004,0.9651507468626462,11185,-0.00723821281110793,-0.009347419102046612,-0.007834371685820317,-0.004070220145899812,-0.006847571804021173,0.0009309856970623175,0.002863871522891826,-0.01139996392469173,-0.011271084097115063,0.014785182321574133,0.058574364338970515,-0.0025850382003129724,0.0059313428475637545,11185,11185
iTransformer_ETTm2_h336_fredf_s2021_det,ETTm2_h336_iTransformer,ETTm2,iTransformer,fredf,336,2021,deterministic,simulated,control,0.007740991511307295,f_drift,-0.0013896548350352997,0.003306953852885938,-0.14696215849342187,0.8831618890914387,1.010603131910104,11185,-0.0013896548350352997,-0.0060730488515867214,-0.003720202623442777,-0.00027397271171372006,4.227691078027699e-05,0.007740991511307295,0.00392166871683798,-0.002376226699755742,-0.0005442791517703358,-0.006987216516629239,0.0921798976797614,-0.004875631121376678,-0.005037271103208152,11185,11185
iTransformer_ETTm2_h336_none_s2021_det,ETTm2_h336_iTransformer,ETTm2,iTransformer,none,336,2021,deterministic,simulated,index,0.12885238982757025,f_std,0.12885238982757025,0.06636001836729642,13.626711366506015,2.7782036067902338e-42,1.5390667840196028,11185,0.12885238982757025,0.07651078268752014,0.07730326826021384,-0.011304711856120784,0.09928832034653712,0.048584589486705874,-0.032446388032739866,0.08501326333693025,0.08241448595497329,0.021881983883652794,0.3705954522222428,0.06520713486304153,0.14248275030402008,11185,11185
iTransformer_ETTm2_h336_none_s2021_det,ETTm2_h336_iTransformer,ETTm2,iTransformer,none,336,2021,deterministic,simulated,defect,0.007772871236044094,f_last_dev,-0.004261919604260585,0.0037503529550564846,-0.4507168892422525,0.652193608187839,1.016250481139063,11185,-0.004261919604260585,-0.006630184965519819,-0.0014882912595828898,-0.0029861321956516874,-0.002344626004795379,0.006315740091204878,-0.00316107533086194,0.0021897418903194348,0.007772871236044094,-0.00035294697232413893,0.09227325393857286,-0.015441911526815844,-0.00543647263884618,11185,11185
iTransformer_ETTm2_h336_none_s2021_det,ETTm2_h336_iTransformer,ETTm2,iTransformer,none,336,2021,deterministic,simulated,control,0.019878999838570992,f_drift,0.006232495361307127,0.008923054268104988,0.6591140101884855,0.5098225596575781,1.0464037306166742,11185,0.006232495361307127,0.003320067811139957,-0.007230911136397684,-0.001536433261653858,0.014756650677114394,0.019878999838570992,-0.005794160453522588,0.014317288919017469,-0.015194257621918924,-0.0009692776004068755,0.0941828664144475,-0.01658348069857074,-0.0020045009220465357,11185,11185
iTransformer_ETTm2_h336_san_lite_s2021_det,ETTm2_h336_iTransformer,ETTm2,iTransformer,san_lite,336,2021,deterministic,simulated,index,0.12312648219109744,f_std,0.12312648219109744,0.0683134256055738,13.021171253684663,9.273741163058768e-39,1.406874051587384,11185,0.12312648219109744,0.08210078179180513,0.1121977661102031,0.00016855202306749814,0.07631081192638473,0.04994326630115202,-0.02744879867490135,0.0983319085933059,0.09524544544750216,0.018260442996318734,0.28374851314456917,-0.017406803497996615,0.26710576086438614,11185,11185
iTransformer_ETTm2_h336_san_lite_s2021_det,ETTm2_h336_iTransformer,ETTm2,iTransformer,san_lite,336,2021,deterministic,simulated,defect,-0.017912444948311783,f_kurtosis,-0.004617098108560301,0.008469998903093445,-0.488278590411756,0.6253525241243838,0.9248590549978487,11185,-0.004617098108560301,-0.013710830847926429,-0.013238493284518076,0.0029333953886552058,-0.007161718574076068,-0.0029081552074806854,-0.007545392704658795,0.0035043586760317444,0.011168101290715366,-0.017912444948311783,0.013141195050935956,-0.014522000535762691,0.009420999524676683,11185,11185
iTransformer_ETTm2_h336_san_lite_s2021_det,ETTm2_h336_iTransformer,ETTm2,iTransformer,san_lite,336,2021,deterministic,simulated,control,-0.019200609037083954,f_kurtosis,0.006266478976371951,0.009059961865067337,0.6627079281150253,0.507517631191932,1.0323095418387565,11185,0.006266478976371951,0.004483403384417589,-0.007991368206214648,0.0026032569456530177,0.013083757342022516,-0.006123202548289086,-0.010141157541919025,0.00898914270617401,0.011717241962527577,-0.019200609037083954,-0.003897837414650867,-0.020685457324136847,-0.00558045257654475,11185,11185
iTransformer_ETTm2_h96_fredf_s2021_det,ETTm2_h96_iTransformer,ETTm2,iTransformer,fredf,96,2021,deterministic,simulated,index,0.14885641410940648,f_std,0.14885641410940648,0.08421907732326744,15.910237038263851,5.380938086863146e-57,1.5386784003750589,11425,0.14885641410940648,0.1414983725324852,0.06613408147103621,-0.09923015171856231,0.07414933947014787,0.04399772038306695,0.01263313897564312,0.046756060527202534,0.12078699912945388,0.08814849491566983,0.3630487832014301,0.06299757275263784,0.17232816801414527,11425,11425
iTransformer_ETTm2_h96_fredf_s2021_det,ETTm2_h96_iTransformer,ETTm2,iTransformer,fredf,96,2021,deterministic,simulated,defect,-0.01727671007340015,f_acf1,-0.010956299883302956,0.00801412172806925,-1.1710434464552724,0.24158131401858696,0.9988293576862005,11425,-0.010956299883302956,-0.013819622665824512,0.000723912590740737,0.007583949124196013,-0.01727671007340015,0.0023715376626839476,0.0070239697654184184,-0.013967587270633058,-0.00425448084155257,0.0021631474029401234,0.007095759694349657,-0.019609282289314578,-0.011064396088838946,11425,11425
iTransformer_ETTm2_h96_fredf_s2021_det,ETTm2_h96_iTransformer,ETTm2,iTransformer,fredf,96,2021,deterministic,simulated,control,-0.020535934449091343,f_kurtosis,0.0017911951615832479,0.006710294279022491,0.19144851616293193,0.848174212545469,0.9792038051057024,11425,0.0017911951615832479,-0.0011090866132511818,0.007601780104850132,0.003942993026870312,-0.0013285938436900723,-0.012806268832008812,-0.007817677483896758,0.004845408992020535,-0.005324004282962525,-0.020535934449091343,-0.021858497832372495,-0.03263187445215032,0.0022088933006948106,11425,11425
iTransformer_ETTm2_h96_none_s2021_det,ETTm2_h96_iTransformer,ETTm2,iTransformer,none,96,2021,deterministic,simulated,index,0.212633074866965,f_std,0.212633074866965,0.10617833841564325,22.726885123148598,2.4297300836594676e-114,1.5963182634880893,11425,0.212633074866965,0.1899785657366976,0.1379827635686867,-0.08433858102971155,0.12022077979443936,0.06040234688123489,-0.02040079100076851,0.11886167762624315,0.1063135509002369,0.010651252751448815,0.3913140508554081,0.05887485256241842,0.11101907692155638,11425,11425
iTransformer_ETTm2_h96_none_s2021_det,ETTm2_h96_iTransformer,ETTm2,iTransformer,none,96,2021,deterministic,simulated,defect,-0.009694166200081374,f_kurtosis,0.0013488885977781782,0.004501501881290864,0.14417341340151227,0.8853635346167453,1.0401816928609111,11425,0.0013488885977781782,-0.0032613706734754685,0.00410467298036408,-0.006550252080236708,-0.00293220462798501,-0.004385415630832272,0.0007145289591197365,0.0039009654417290446,0.00812255362130677,-0.009694166200081374,-0.08143972345377533,-0.0325698683061848,-0.018898536858604917,11425,11425
iTransformer_ETTm2_h96_none_s2021_det,ETTm2_h96_iTransformer,ETTm2,iTransformer,none,96,2021,deterministic,simulated,control,-0.004744040064828575,f_slope,0.0014481132699970618,0.0026027250115684256,0.15477885532681732,0.8769956613118,1.0117928154621085,11425,0.0014481132699970618,0.0017367441412446977,-0.0015851359547752427,-0.004744040064828575,0.0005447262165470792,-0.0026062012589221847,0.004274331853673615,0.004153995089486503,-0.0036614938508095045,0.0012724684153997945,0.196829337820495,0.01335110837977016,-0.0009829513202889893,11425,11425
iTransformer_ETTm2_h96_san_lite_s2021_det,ETTm2_h96_iTransformer,ETTm2,iTransformer,san_lite,96,2021,deterministic,simulated,index,0.21250516761119773,f_std,0.21250516761119773,0.11090611268084731,22.713213997383903,3.316759463737713e-114,1.5018717676102165,11425,0.21250516761119773,0.19652256477561347,0.1363335016396597,-0.06309838097584618,0.11979325835763004,0.08520915798019116,-0.02929029752337112,0.12529326014160638,0.13923987806301372,-0.0017756597403434929,0.4345129113594693,0.11452850810107562,0.23089129286852395,11425,11425
iTransformer_ETTm2_h96_san_lite_s2021_det,ETTm2_h96_iTransformer,ETTm2,iTransformer,san_lite,96,2021,deterministic,simulated,defect,0.016591144483002414,f_absdiff,0.005055068973614177,0.006687023315483424,0.5403015120051342,0.5889891158270902,1.023557638019888,11425,0.005055068973614177,0.008323637850486539,0.016591144483002414,-0.001520682685699152,-0.0013748175959729858,-0.003775840248276221,0.008122628116847335,0.008590260408738304,0.010344109394706036,0.0031720433974910737,0.0183969812947796,-0.02716738628465354,-0.025782062601973372,11425,11425
iTransformer_ETTm2_h96_san_lite_s2021_det,ETTm2_h96_iTransformer,ETTm2,iTransformer,san_lite,96,2021,deterministic,simulated,control,-0.011517987954577704,f_slope,0.004388191938407439,0.007063590837182898,0.4690236180091418,0.6390527542860049,0.9984027354619388,11425,0.004388191938407439,0.006634974199840064,-0.004691053572506198,-0.011517987954577704,0.008354230716426854,0.0014358425490978385,-0.005679875615830653,0.009764023475704256,0.008896827548111835,0.009272900801326143,0.027514455549732707,-0.028463630039197163,-0.007698585909124173,11425,11425
iTransformer_Exchange_h336_fredf_s2021_det,Exchange_h336_iTransformer,Exchange,iTransformer,fredf,336,2021,deterministic,simulated,index,0.41414672273373876,f_absdiff,0.4007542480186334,0.20300652818005377,8.252035030058444,1.5571975951675501e-16,1.4806021724938507,425,0.4007542480186334,0.32646865207769454,0.41414672273373876,-0.0656297384752466,0.15790061121445656,-0.00022932266183114223,-0.38410092072970564,0.1074389957949696,-0.088712228978756,0.08468384111550548,-0.45704219231192034,-0.8309729082277304,,425,1182
iTransformer_Exchange_h336_fredf_s2021_det,Exchange_h336_iTransformer,Exchange,iTransformer,fredf,336,2021,deterministic,simulated,defect,0.08352253364805928,f_last_dev,0.02902768441950259,0.030210312722623124,0.5977166052649793,0.5500290436984265,0.9481466961421076,425,0.02902768441950259,0.0029392873612923785,0.006817933125947696,-0.004210657954385581,-0.047869034406215316,0.029171499585749796,0.008733332291194449,0.012666833408888405,0.08352253364805928,0.07714433102499571,-0.27609069162088984,-0.25635624335465734,,425,1182
iTransformer_Exchange_h336_fredf_s2021_det,Exchange_h336_iTransformer,Exchange,iTransformer,fredf,336,2021,deterministic,simulated,control,0.0758212314955214,f_drift,0.04710103015428867,0.03620326250066045,0.969869571456064,0.3321115090392617,1.0828682236127676,425,0.04710103015428867,0.03826810670925109,-0.02662049991402354,0.029757077425708527,0.03790123649778806,0.0758212314955214,-0.016240952931797222,0.028989542136280504,0.02845695705866721,-0.03287599068327836,0.03977043559947705,-0.02965929965453995,,425,1182
iTransformer_Exchange_h336_none_s2021_det,Exchange_h336_iTransformer,Exchange,iTransformer,none,336,2021,deterministic,simulated,index,0.46614575354457494,f_absdiff,0.424768567006925,0.2269074556732046,8.746520122840707,2.200330500813626e-18,1.511743635230653,425,0.424768567006925,0.3599738704835894,0.46614575354457494,-0.06888121179909647,0.1823390286223445,-0.06929249191039691,-0.4220615591439872,0.09840818495880947,-0.12086679901830519,0.05633709024401683,-0.47878280411309887,-0.7570066459722866,,425,1182
iTransformer_Exchange_h336_none_s2021_det,Exchange_h336_iTransformer,Exchange,iTransformer,none,336,2021,deterministic,simulated,defect,-0.06833111878820092,f_cross_corr,-0.018498069437713965,0.028884352077753028,-0.38089856250599674,0.703278519185075,0.9108295048642582,425,-0.018498069437713965,-0.020437055347882413,0.002515671163495959,-0.03490206499820231,-0.016037110565725095,-0.047236247674727616,0.04452830188679246,-0.06833111878820092,-0.0022578981100811308,0.03409998280470839,0.31538443297982616,0.07041297854850992,,425,1182
iTransformer_Exchange_h336_none_s2021_det,Exchange_h336_iTransformer,Exchange,iTransformer,none,336,2021,deterministic,simulated,control,0.07176767597817763,f_last_dev,0.01770255271920089,0.018282606832397234,0.36451787069643216,0.7154713315213383,1.0131204281265656,425,0.01770255271920089,-0.004542783710631913,-0.017156836691625894,0.014176892654484062,-0.02281424395429179,0.01723108908724266,0.010372356223913961,0.005121226805896422,0.07176767597817763,-0.0019404104985071362,-0.07356623840980517,-0.10828399183020054,,425,1182
iTransformer_Exchange_h336_san_lite_s2021_det,Exchange_h336_iTransformer,Exchange,iTransformer,san_lite,336,2021,deterministic,simulated,index,0.562228822435166,f_absdiff,0.47578449609979523,0.2603266141279204,9.797002397318728,1.1597632851177705e-22,1.9135742546082075,425,0.47578449609979523,0.3032347207917953,0.562228822435166,0.05464288505729159,0.19453486736177328,0.04004642728736459,-0.4130343436869831,0.3000653421081428,-0.12507636272686062,-0.1346178737240312,-0.361711219766606,-0.9333385275830466,,425,1182
iTransformer_Exchange_h336_san_lite_s2021_det,Exchange_h336_iTransformer,Exchange,iTransformer,san_lite,336,2021,deterministic,simulated,defect,0.10173125322411719,f_drift,0.0679120226352566,0.06502477656629811,1.3983941343578785,0.16199474361632982,0.9885462282244282,425,0.0679120226352566,0.0777458507327785,-0.08549311406731176,0.07966875615513279,0.0773242563036376,0.10173125322411719,-0.04622266339435056,0.05075581122696222,-0.016222976036016322,-0.04717106188741774,-0.12626751901070601,-0.2480814922240333,,425,1182
iTransformer_Exchange_h336_san_lite_s2021_det,Exchange_h336_iTransformer,Exchange,iTransformer,san_lite,336,2021,deterministic,simulated,control,0.09915102155664286,f_absdiff,0.008572009191664974,0.03754116106594466,0.17650847240504705,0.8598944931638018,1.063207175259835,425,0.008572009191664974,-0.029129232706936837,0.09915102155664286,-0.03417548576698817,0.00984743086711166,-0.0324953494552219,-0.018821809882603055,-0.0363800784730581,-0.03062528333150959,-0.07621390942770943,-0.09076885138161334,-0.12775714343507594,,425,1182
iTransformer_Exchange_h96_fredf_s2021_det,Exchange_h96_iTransformer,Exchange,iTransformer,fredf,96,2021,deterministic,simulated,index,-0.26424527616664584,f_cross_corr,-0.004147661566811852,0.09629997760708972,-0.10687776222369465,0.9148859552993065,1.5058990106641215,665,-0.004147661566811852,0.04067646535189842,0.12147386538635747,-0.14638656230285907,-0.12210545086258467,0.05865232929278586,0.02241916252696215,-0.26424527616664584,0.021306481769386015,0.1615865208446058,-0.1974276814023007,-0.7826716188978455,-0.534875304722727,665,1422
iTransformer_Exchange_h96_fredf_s2021_det,Exchange_h96_iTransformer,Exchange,iTransformer,fredf,96,2021,deterministic,simulated,defect,-0.06298214601955883,f_slope,-0.021181290902280124,0.03306578953252141,-0.5458036862889237,0.5852008890769106,0.9483117663414125,665,-0.021181290902280124,-0.024563124043378712,0.015969547770435532,-0.06298214601955883,-0.027077380850367535,-0.0526262742496097,0.03087374900944971,-0.04088175502252865,-0.01434394354495813,0.04015868391264713,0.10340605978243772,-0.07463971870491659,-0.1530205016607356,665,1422
iTransformer_Exchange_h96_fredf_s2021_det,Exchange_h96_iTransformer,Exchange,iTransformer,fredf,96,2021,deterministic,simulated,control,0.05903141115569778,f_acf1,-0.008058611197482473,0.024609851935451378,-0.20765588453731357,0.8354976657812366,1.0594676305501072,665,-0.008058611197482473,-0.0026275413559517444,-0.009595259722082803,0.035506382367511094,0.05903141115569778,0.004479245982099501,-0.042049359804591256,0.02847977971630477,-0.005844307936888787,-0.05042662011590357,0.06613966246602457,-0.23056152062667512,0.04740880186317317,665,1422
iTransformer_Exchange_h96_none_s2021_det,Exchange_h96_iTransformer,Exchange,iTransformer,none,96,2021,deterministic,simulated,index,0.2302031536020122,f_kurtosis,0.06871966631002777,0.13086185650080034,1.7707819304120085,0.07659697188714112,1.759468113104062,665,0.06871966631002777,0.06446038381748229,0.2249247344998772,-0.14404262039011564,-0.11193495787661925,0.04200088302815,-0.06428224582948744,-0.21269761019285435,-0.14535230946137734,0.2302031536020122,-0.15366937604147035,-0.7417741897581374,0.021909679727303583,665,1422
iTransformer_Exchange_h96_none_s2021_det,Exchange_h96_iTransformer,Exchange,iTransformer,none,96,2021,deterministic,simulated,defect,0.06975028747381316,f_kurtosis,0.006905696347674789,0.025121434373300933,0.1779473470404542,0.8587643266234884,1.0711017792345534,665,0.006905696347674789,0.03287424895030198,0.04202834504039324,0.027319275068165366,-0.009437383755709692,-0.031685163739697667,-0.02359921294607407,0.006801520244766915,-0.0008132101664124493,0.06975028747381316,-0.004471028871004177,-0.14294011044303323,-0.016056823483142166,665,1422
iTransformer_Exchange_h96_none_s2021_det,Exchange_h96_iTransformer,Exchange,iTransformer,none,96,2021,deterministic,simulated,control,-0.06640842836625749,f_range,-0.05875450593269237,0.030380091642456676,-1.5139977101535314,0.1300264202588763,1.0016820718296287,665,-0.05875450593269237,-0.06640842836625749,-0.035908845705928776,-0.013622790287343235,-0.03932437737130191,-0.0071464480151861255,0.045473378986378356,-0.008725697343325753,0.011866853718470714,0.01656959069768201,-0.24978110203398807,-0.29895385102447625,-0.04610603343320332,665,1422
iTransformer_Exchange_h96_san_lite_s2021_det,Exchange_h96_iTransformer,Exchange,iTransformer,san_lite,96,2021,deterministic,simulated,index,0.24378984162759873,f_range,0.1842019163832734,0.13959183312006035,4.7465513526681224,2.0691420968241017e-06,1.9845496801324614,665,0.1842019163832734,0.24378984162759873,0.19155957297999152,0.0271927376239361,0.04964181048518398,0.18545015257126862,-0.2210244350700914,-0.1383844257338233,-0.1260602254578158,-0.028613213267620372,-0.19366090378901915,-0.78508142481577,0.24023809144038133,665,1422
iTransformer_Exchange_h96_san_lite_s2021_det,Exchange_h96_iTransformer,Exchange,iTransformer,san_lite,96,2021,deterministic,simulated,defect,0.04278981400097444,f_last_dev,-0.04168219310895279,0.029254965291279307,-1.074074982324339,0.2827890762841071,1.0246878026758548,665,-0.04168219310895279,-0.04029984898258327,-0.01958159808508572,-0.04194326584941677,0.000317547368910717,-0.036692104732688115,0.026943865688317182,-0.012389529669174566,0.04278981400097444,0.029909885426689486,0.0669797596599842,-0.2618540126318849,0.08971922388241357,665,1422
iTransformer_Exchange_h96_san_lite_s2021_det,Exchange_h96_iTransformer,Exchange,iTransformer,san_lite,96,2021,deterministic,simulated,control,-0.05327414106741944,f_last_dev,-0.023338589064651208,0.018247774424136075,-0.6013933713028672,0.5475780126641899,0.9187981586480156,665,-0.023338589064651208,-0.030618039623254063,-0.03098498444091342,0.00616471168151574,0.019961822498284133,-0.0006889986281235489,0.00324190482719335,0.01121102985402288,-0.05327414106741944,0.002993522555982924,0.009866973212513298,-0.3859119823984434,0.00628456799653195,665,1422
iTransformer_ILI_h24_fredf_s2021_det,ILI_h24_iTransformer,ILI,iTransformer,fredf,24,2021,deterministic,simulated,index,-0.6672935949648277,f_spec_ent,-0.0834209552017771,0.2805978698801702,-0.7127489536819495,0.476001118082122,1.4830312756818091,74,-0.0834209552017771,-0.07204311938667124,-0.5121214365049981,-0.31728989263235835,0.2424731580895964,0.04607182524990743,-0.6672935949648277,0.5717141799333579,0.09834875971862272,-0.1952017771195853,,-2.164550820614471,,74,170
iTransformer_ILI_h24_fredf_s2021_det,ILI_h24_iTransformer,ILI,iTransformer,fredf,24,2021,deterministic,simulated,defect,0.23426878933728243,f_last_dev,-0.06437615697889669,0.12996949501023614,-0.5500301263368426,0.5822987104636961,0.7005852260372933,74,-0.06437615697889669,-0.05631842289021821,0.15690485005553495,0.1564901888189559,-0.20186597556460564,-0.12444279896334688,0.03751203258052573,-0.21175860792299145,0.23426878933728243,0.055757126990003694,,-2.164550820614469,,74,170
iTransformer_ILI_h24_fredf_s2021_det,ILI_h24_iTransformer,ILI,iTransformer,fredf,24,2021,deterministic,simulated,control,0.17215845982969266,f_cross_corr,0.11511292114031839,0.0738684772184522,0.9835252293573218,0.325349004486186,1.2290090094812902,74,0.11511292114031839,0.11042857077763575,-0.02815253609774157,-0.03831173639392817,0.06778230285079598,0.09470566456867825,0.023383931877082556,0.17215845982969266,-0.017845242502776745,-0.0708034061458719,,-2.164550820614471,,74,170
iTransformer_ILI_h24_none_s2021_det,ILI_h24_iTransformer,ILI,iTransformer,none,24,2021,deterministic,simulated,index,-0.6058348759718623,f_spec_ent,-0.06440577563865234,0.2524047081955615,-0.5502831882767262,0.5821251533462933,1.2546453010950116,74,-0.06440577563865234,-0.04423960324402667,-0.5461236579044798,-0.28787856349500174,0.2319289152165864,0.03828211773417252,-0.6058348759718623,0.567360236949278,-0.019740836727138094,-0.11825249907441686,,-2.1977672127531567,,74,170
iTransformer_ILI_h24_none_s2021_det,ILI_h24_iTransformer,ILI,iTransformer,none,24,2021,deterministic,simulated,defect,0.26539800074046643,f_last_dev,-0.13880784894483522,0.11217461855625317,-1.1859747812641421,0.23563225888391437,0.7927557206399629,74,-0.13880784894483522,-0.09532634106049566,-0.010114772306553126,0.13857089966679004,-0.09384672343576451,-0.12770085153646796,-0.12142169566827098,-0.12808589411329133,0.26539800074046643,-0.0024731580895964453,,-2.1977672127531567,,74,170
iTransformer_ILI_h24_none_s2021_det,ILI_h24_iTransformer,ILI,iTransformer,none,24,2021,deterministic,simulated,control,-0.3653313587560162,f_acf1,-0.22763420955201774,0.18155832070930908,-1.9449075389748351,0.051786107520633534,0.5485222233340117,74,-0.22763420955201774,-0.19907080427931867,0.015120325805257307,0.18222880414661233,-0.3653313587560162,-0.2239022584228063,0.02039244724176231,-0.2220955201777119,0.13984450203628282,0.2199629766753054,,-2.1977672127531567,,74,170
iTransformer_ILI_h24_san_lite_s2021_det,ILI_h24_iTransformer,ILI,iTransformer,san_lite,24,2021,deterministic,simulated,index,-0.6557423176601258,f_spec_ent,-0.08555349870418362,0.2975409252904814,-0.7309694133535634,0.46479783572859457,1.288620183666865,74,-0.08555349870418362,-0.048715435800038745,-0.6023991114402073,-0.41968159940762667,0.23255090707145495,-0.0283006293965198,-0.6557423176601258,0.6444279896334689,-0.12417623102554606,-0.13386153276564233,,-1.6480267526462282,,74,170
iTransformer_ILI_h24_san_lite_s2021_det,ILI_h24_iTransformer,ILI,iTransformer,san_lite,24,2021,deterministic,simulated,defect,0.283258052573121,f_slope,0.014024435394298405,0.09424726926393934,0.11982482853484931,0.9046219133186156,1.7649976830114091,74,0.014024435394298405,-0.047915121369493545,0.012306553128470935,0.283258052573121,-0.054572380599777856,0.138659755646057,0.13566827101073672,-0.04761199555720103,0.08712328767123285,-0.12133283968900405,,-1.64802675264623,,74,170
iTransformer_ILI_h24_san_lite_s2021_det,ILI_h24_iTransformer,ILI,iTransformer,san_lite,24,2021,deterministic,simulated,control,-0.15327503408700965,f_range,-0.12459089226212512,0.07828936938426556,-1.06450505012005,0.287099967866283,0.6142259891992943,74,-0.12459089226212512,-0.15327503408700965,-0.1064938911514254,-0.048737504627915575,-0.04912254720473897,-0.04183635690485004,-0.01997778600518326,0.08922621251388373,-0.13818585708996664,-0.011447611995557199,,-1.6480267526462282,,74,170
iTransformer_ILI_h48_fredf_s2021_det,ILI_h48_iTransformer,ILI,iTransformer,fredf,48,2021,deterministic,simulated,index,0.8860024009603841,f_absdiff,0.11490996398559422,0.29151285710102653,0.8043697478991596,0.42118346720046995,1.2392203265084816,50,0.11490996398559422,0.19402412923355455,0.8860024009603841,0.2062424969987995,-0.21334933973589434,-0.2729891956782713,0.013685474189675868,-0.807250900360144,0.08811524609843938,0.1185594237695078,,-7.492455058354835,,50,146
iTransformer_ILI_h48_fredf_s2021_det,ILI_h48_iTransformer,ILI,iTransformer,fredf,48,2021,deterministic,simulated,defect,0.1140456182472989,f_drift,-0.02770708283313325,0.0594190875600753,-0.19394957983193276,0.8462153616101529,1.0610277714063567,50,-0.02770708283313325,-0.003122448229804666,-0.03577430972388955,-0.09186074429771908,-0.11298919567827131,0.1140456182472989,-0.0722689075630252,0.07755102040816325,-0.03990396158463385,-0.018967587034813924,,-7.492455058354835,,50,146
iTransformer_ILI_h48_fredf_s2021_det,ILI_h48_iTransformer,ILI,iTransformer,fredf,48,2021,deterministic,simulated,control,0.18521008403361344,f_slope,-0.13699879951980792,0.10922100457944676,-0.9589915966386555,0.3375629785815132,0.5676904776003823,50,-0.13699879951980792,-0.15924485972003796,-0.017623049219687877,0.18521008403361344,-0.1797358943577431,-0.12163265306122449,-0.044801920768307316,-0.08869147659063625,0.12278511404561823,-0.03548619447779112,,-7.492455058354835,,50,146
iTransformer_ILI_h48_none_s2021_det,ILI_h48_iTransformer,ILI,iTransformer,none,48,2021,deterministic,simulated,index,0.8757262905162064,f_absdiff,0.09723889555822329,0.30299400048327285,0.680672268907563,0.49607888708421066,1.220165671956159,50,0.09723889555822329,0.1875390444485756,0.8757262905162064,0.1890516206482593,-0.22352941176470587,-0.35971188475390153,0.009651860744297719,-0.8206962785114046,0.09205282112845137,0.17474189675870347,,-8.236334409738996,,50,146
iTransformer_ILI_h48_none_s2021_det,ILI_h48_iTransformer,ILI,iTransformer,none,48,2021,deterministic,simulated,defect,0.2415846338535414,f_spec_ent,0.041440576230492195,0.0958478538872025,0.29008403361344537,0.7717519502225212,0.9193127468182271,50,0.041440576230492195,0.03943892302568663,-0.010900360144057623,0.021944777911164462,-0.21334933973589434,0.15169267707082834,0.2415846338535414,0.04672268907563025,-0.06487394957983193,0.12653061224489795,,-8.236334409738992,,50,146
iTransformer_ILI_h48_none_s2021_det,ILI_h48_iTransformer,ILI,iTransformer,none,48,2021,deterministic,simulated,control,0.20816326530612245,f_spec_ent,0.11875150060024009,0.1252485610014792,0.8312605042016806,0.40582648135685806,1.233123539216174,50,0.11875150060024009,0.12657924746977375,-0.17234093637454984,-0.07995198079231693,0.011860744297719087,-0.0563265306122449,0.20816326530612245,0.16830732292917167,-0.19116446578631452,0.11903961584633853,,-8.236334409738996,,50,146
iTransformer_ILI_h48_san_lite_s2021_det,ILI_h48_iTransformer,ILI,iTransformer,san_lite,48,2021,deterministic,simulated,index,0.7478991596638656,f_absdiff,0.2590636254501801,0.2727302004264592,1.8134453781512605,0.06976315601147534,1.2212153809240125,50,0.2590636254501801,0.38295626596927385,0.7478991596638656,-0.074093637454982,-0.06458583433373348,-0.2864345738295318,-0.00744297719087635,-0.5853061224489795,-0.10242496998799519,0.21709483793517406,,-8.117174155528826,,50,146
iTransformer_ILI_h48_san_lite_s2021_det,ILI_h48_iTransformer,ILI,iTransformer,san_lite,48,2021,deterministic,simulated,defect,-0.23505402160864344,f_last_dev,0.17282112845138053,0.12887767497363384,1.2097478991596637,0.22637564385519549,1.2057807558455664,50,0.17282112845138053,0.2219340126415009,0.0695798319327731,-0.1807923169267707,0.1558223289315726,0.10770708283313324,0.05027611044417767,0.06372148859543818,-0.23505402160864344,-0.031068427370948382,,-8.117174155528826,,50,146
iTransformer_ILI_h48_san_lite_s2021_det,ILI_h48_iTransformer,ILI,iTransformer,san_lite,48,2021,deterministic,simulated,control,-0.28278511404561824,f_slope,0.11577430972388955,0.10380340064743063,0.8104201680672268,0.4176987303708687,1.1352447237612788,50,0.11577430972388955,0.1322476919484961,-0.035966386554621844,-0.28278511404561824,0.14324129651860742,0.004561824729891957,-0.049219687875150055,0.18098439375750297,-0.03644657863145258,0.056806722689075634,,-8.117174155528826,,50,146
iTransformer_Weather_h336_fredf_s2021_det,Weather_h336_iTransformer,Weather,iTransformer,fredf,336,2021,deterministic,simulated,index,0.228441814935877,f_kurtosis,-0.11493925278894493,0.11249849989603629,-8.073613259099917,6.824781136386681e-16,1.069235224338003,4935,-0.11493925278894493,-0.041655995107400284,0.19101426310113095,-0.03947556884590566,0.18586723766791058,0.04282244564370642,0.13823016197385216,0.12521109486681786,0.017327164028817062,0.228441814935877,0.01811369980389168,-1.1489421951607222,-0.05946995402295904,4935,10204
iTransformer_Weather_h336_fredf_s2021_det,Weather_h336_iTransformer,Weather,iTransformer,fredf,336,2021,deterministic,simulated,defect,-0.021268983776152266,f_cross_corr,-0.007270896645801778,0.00985347919060783,-0.5107255018690747,0.6095432810350973,0.9656294585386909,4935,-0.007270896645801778,-0.01196041125791782,0.005583495183472724,-0.011318642358211912,-0.012911238823770816,-0.005339768615606245,-0.0019697043632593567,-0.021268983776152266,0.017511228714416842,0.0034004221674685357,0.009995239856235757,-1.0811256436042567,-0.022341648634853998,4935,10204
iTransformer_Weather_h336_fredf_s2021_det,Weather_h336_iTransformer,Weather,iTransformer,fredf,336,2021,deterministic,simulated,control,-0.02277826673247099,f_slope,-0.0008404929592251471,0.011940296235120515,-0.05903827400236019,0.9529216230178325,1.0612612496010736,4935,-0.0008404929592251471,0.0024664886301768675,0.02257584052785453,-0.02277826673247099,-0.009836648726913215,-0.006740622829857865,0.017771314240238367,-0.019404862116017902,-0.016747069504939645,-0.0002413560835106283,-0.13694593637847688,-1.1035552927543022,0.016853618532122163,4935,10204
iTransformer_Weather_h336_none_s2021_det,Weather_h336_iTransformer,Weather,iTransformer,none,336,2021,deterministic,simulated,index,0.1935853982992507,f_kurtosis,-0.09006001450180047,0.103930479631782,-6.3260349232616715,2.5154090988996685e-10,1.1283346973727397,4935,-0.09006001450180047,-0.02076169819402775,0.18506979019115413,-0.09226093049966366,0.1639543534852761,0.05073773088613819,0.12192415647089791,0.107854223006594,0.013096500783017065,0.1935853982992507,-0.042948597641283406,-1.2411503526853318,-0.07231621935564259,4935,10204
iTransformer_Weather_h336_none_s2021_det,Weather_h336_iTransformer,Weather,iTransformer,none,336,2021,deterministic,simulated,defect,0.017277857665100493,f_slope,0.013274037900336513,0.01117308216544049,0.932400775135885,0.35112944435813775,1.0869675428017533,4935,0.013274037900336513,0.010242296408626485,-0.004297068159056696,0.017277857665100493,-0.012718791228381548,0.006019000845047894,-0.016742860153356867,0.0006361030326840855,-0.01329865436496425,-0.017224151896850063,-0.07541081100140025,-0.9595366181256098,0.011726408596877017,4935,10204
iTransformer_Weather_h336_none_s2021_det,Weather_h336_iTransformer,Weather,iTransformer,none,336,2021,deterministic,simulated,control,-0.02797409442071047,f_drift,0.006679549809663235,0.012828638392031905,0.46918785879998626,0.638935363063668,0.9671061081343633,4935,0.006679549809663235,0.013407037078206886,-0.005948577780523699,-0.014353024230292761,0.004190906862851714,-0.02797409442071047,-0.0058913677550631975,-0.015699383014094445,0.01732150974212962,0.016820933226783005,0.17629117326032975,-0.9449938540284628,0.010472293191205266,4935,10204
iTransformer_Weather_h336_san_lite_s2021_det,Weather_h336_iTransformer,Weather,iTransformer,san_lite,336,2021,deterministic,simulated,index,0.19349962499081266,f_absdiff,-0.056159013979629455,0.09220113150738825,-3.944746019155637,7.988460204832674e-05,1.1328735563480996,4935,-0.056159013979629455,0.00933234967035175,0.19349962499081266,-0.08294721519218043,0.17003792581272972,0.0335957420509733,0.08040357055848525,0.11129564730208859,0.01521299760434909,0.16952722791228217,-0.03154738882080501,-1.1700260629097872,-0.0629226130261634,4935,10204
iTransformer_Weather_h336_san_lite_s2021_det,Weather_h336_iTransformer,Weather,iTransformer,san_lite,336,2021,deterministic,simulated,defect,-0.026919149955372652,f_std,-0.026919149955372652,0.015370331926334219,-1.8908667033226028,0.05864214018884015,1.0404198121714021,4935,-0.026919149955372652,-0.022286164060271098,-0.02573342343663317,0.007338457147283006,0.001972292905817262,0.005769335286173664,0.005127704917394771,0.01752663586429488,0.024488908167026695,0.016541247523074985,-0.01183429186698106,-1.2723692921578427,0.008732246246874058,4935,10204
iTransformer_Weather_h336_san_lite_s2021_det,Weather_h336_iTransformer,Weather,iTransformer,san_lite,336,2021,deterministic,simulated,control,0.024260778152156066,f_drift,-0.001515524173448039,0.009600817357600015,-0.10645411175331207,0.9152220619699922,1.0179619757114355,4935,-0.001515524173448039,-0.0013394339279863084,-0.016646011209976788,0.010462438025966943,0.007248168471351559,0.024260778152156066,-0.003455579011211928,0.01773637211069862,0.007952287890917927,0.00539158060228598,-0.06542513987856081,-1.460025248679302,0.02340788321190198,4935,10204
iTransformer_Weather_h96_fredf_s2021_det,Weather_h96_iTransformer,Weather,iTransformer,fredf,96,2021,deterministic,simulated,index,0.2880746003506874,f_spec_ent,-0.1704766112494864,0.1730289528412305,-12.262471641663579,1.4403839018452877e-34,1.2255178192944094,5175,-0.1704766112494864,-0.14410063914214732,0.17356993554180342,-0.19097998647362965,0.18628233957181292,0.13512388558733104,0.2880746003506874,0.15501695281471115,0.09957936805031291,0.1870852096303829,0.20171749287354193,-0.3881504301989729,0.18693006099533527,5175,10444
iTransformer_Weather_h96_fredf_s2021_det,Weather_h96_iTransformer,Weather,iTransformer,fredf,96,2021,deterministic,simulated,defect,0.014398980873396494,f_acf1,-0.0054641940955607255,0.007586004074178287,-0.39304233378560205,0.6942882144461787,0.9063138199024349,5175,-0.0054641940955607255,-0.011273835344969103,-0.0018370161300524422,0.009638350516381554,0.014398980873396494,0.0007435983935813908,-0.010146703685167454,0.005614618662520626,0.013902860212818712,-0.0028398828273343644,-0.07269385508920059,-0.6667818268449672,0.001942959844942187,5175,10444
iTransformer_Weather_h96_fredf_s2021_det,Weather_h96_iTransformer,Weather,iTransformer,fredf,96,2021,deterministic,simulated,control,0.016751996366553255,f_acf1,0.004466954655107298,0.0084550202907987,0.32131038024147357,0.7479751908498926,1.3075988096525017,5175,0.004466954655107298,0.0024214762432985004,-0.010426436535673668,-0.00173656834015951,0.016751996366553255,0.0052781592706943525,-0.01537877590426809,0.004497802915109527,-0.012379817306115348,-0.011212215371007448,0.014842781647305205,-0.5179517794507011,-0.025767728005398435,5175,10444
iTransformer_Weather_h96_none_s2021_det,Weather_h96_iTransformer,Weather,iTransformer,none,96,2021,deterministic,simulated,index,0.29252470263775915,f_spec_ent,-0.1536702512040193,0.1727973993115291,-11.053581390111555,2.1064046421815304e-28,1.1895607674391244,5175,-0.1536702512040193,-0.12689974299832604,0.18306069118539836,-0.1932033264740632,0.19517755666835904,0.13716951259048643,0.29252470263775915,0.16233810802833298,0.10519730743737965,0.17873279389116664,0.2012318528526217,-0.4367075479079152,0.11604087006700885,5175,10444
iTransformer_Weather_h96_none_s2021_det,Weather_h96_iTransformer,Weather,iTransformer,none,96,2021,deterministic,simulated,defect,-0.024522710951899084,f_slope,0.019118169242063533,0.014642602032757596,1.375179893904861,0.16907568007659235,0.915019440355059,5175,0.019118169242063533,0.022829221147375307,0.02117023195730085,-0.024522710951899084,0.013000207132513833,-0.009055860944904476,-0.005152706684237162,-0.01785308086202364,-0.0056805530724497715,0.008043278332808301,-0.020742869921588646,-0.5776271567704911,-0.022006508693012607,5175,10444
iTransformer_Weather_h96_none_s2021_det,Weather_h96_iTransformer,Weather,iTransformer,none,96,2021,deterministic,simulated,control,0.02961543353739987,f_last_dev,0.01876446640792118,0.011653414377322369,1.3497378644003022,0.17710008211299988,1.006370475181937,5175,0.01876446640792118,0.01977652006116096,0.0024989065207546178,-0.006520679225192988,-0.008471182899355962,-0.0017311770315891024,-0.014794423424303678,0.0056893164491230415,0.02961543353739987,-0.00867203821642229,-0.01207503996300783,-0.5517787128753324,0.030554274689930896,5175,10444
iTransformer_Weather_h96_san_lite_s2021_det,Weather_h96_iTransformer,Weather,iTransformer,san_lite,96,2021,deterministic,simulated,index,0.2809453517053473,f_spec_ent,-0.12611442046441593,0.16563859313707346,-9.071476099947382,1.1741541061938097e-19,1.1219793951080363,5175,-0.12611442046441593,-0.10247393049021228,0.20133570110622603,-0.22250594449294525,0.15683076138423171,0.14400581611376737,0.2809453517053473,0.16484132937099732,0.10441274267468038,0.1529199335679109,0.12971582828963085,-0.4619779343972672,0.16747419556042026,5175,10444
iTransformer_Weather_h96_san_lite_s2021_det,Weather_h96_iTransformer,Weather,iTransformer,san_lite,96,2021,deterministic,simulated,defect,0.02316690749453821,f_spec_ent,-0.01838558837486463,0.014794642999615956,-1.3224849696955499,0.18600671109278,1.1227836189985414,5175,-0.01838558837486463,-0.020333935185232146,-0.00952695685062772,0.008504226040622877,0.011796474381417505,0.004961529486954828,0.02316690749453821,0.012400636901144922,0.020185797838044677,0.018684377442712063,0.05777208714365723,-0.6922690737966379,0.021574887799373325,5175,10444
iTransformer_Weather_h96_san_lite_s2021_det,Weather_h96_iTransformer,Weather,iTransformer,san_lite,96,2021,deterministic,simulated,control,-0.03081284391522167,f_drift,0.007392039077757114,0.013545715517506638,0.5317132297544933,0.5949246275846936,1.0375408569585844,5175,0.007392039077757114,0.014102321224181756,-0.012279053865391616,0.011933387947162538,0.013068813645096627,-0.03081284391522167,-0.02096468979941476,-0.0012111651633390555,-0.014125993111777998,-0.009566847425723236,-0.12839740527770435,-0.7503528459745561,-0.010431415240672169,5175,10444
