cell_id,dataset,backbone,plugin,pred_len,seq_len,seed,val_order,condition,n,assoc_rho_fstd,assoc_rho_ci_lo,assoc_rho_ci_hi,assoc_rho_ci_excludes_zero,assoc_p_block,assoc_p_boot_2sided,assoc_p_iid_naive,block_len,block_len_requested,block_len_cover,block_len_floor,block_len_capped,n_blocks,n_boot,n_perm,assoc_p_fstd,boot_rho_mean
DLinear_ETTh1_h192_fredf_s2021_det,ETTh1,DLinear,fredf,192,96,2021,deterministic,index,2689,0.2965901221356377,-0.14105558035003735,0.49510151240917133,0.0,0.10344827586206896,0.164,2.335578143312843e-53,288.0,288.0,288.0,14.0,0.0,10.0,2000,2000,2.335578143312843e-53,0.23722743730523818
DLinear_ETTh1_h192_fredf_s2021_det,ETTh1,DLinear,fredf,192,96,2021,deterministic,defect,2689,-0.0246663097004041,-0.06346422897375646,0.026914141428860356,0.0,0.1889055472263868,0.334,0.20095070788120062,288.0,288.0,288.0,14.0,0.0,10.0,2000,2000,0.20095070788120062,-0.022680643333587703
DLinear_ETTh1_h192_fredf_s2021_det,ETTh1,DLinear,fredf,192,96,2021,deterministic,control,2689,0.02598747513275205,-0.0020029260405019108,0.05286311874146581,0.0,0.1904047976011994,0.07,0.17786924135486148,288.0,288.0,288.0,14.0,0.0,10.0,2000,2000,0.17786924135486148,0.025780636442569928
DLinear_ETTh1_h192_none_s2021_det,ETTh1,DLinear,none,192,96,2021,deterministic,index,2689,0.2746246164305732,-0.11694684056701504,0.4797079159498533,0.0,0.13193403298350825,0.152,5.310136210924639e-46,288.0,288.0,288.0,14.0,0.0,10.0,2000,2000,5.310136210924639e-46,0.2289871375400403
DLinear_ETTh1_h192_none_s2021_det,ETTh1,DLinear,none,192,96,2021,deterministic,defect,2689,-0.03039691737442696,-0.060753130502177476,-0.0017374820313041533,1.0,0.14142928535732133,0.04,0.11503587089581015,288.0,288.0,288.0,14.0,0.0,10.0,2000,2000,0.11503587089581015,-0.029580792350631397
DLinear_ETTh1_h192_none_s2021_det,ETTh1,DLinear,none,192,96,2021,deterministic,control,2689,-0.016844007408116222,-0.041520867041694026,0.006972571392116194,0.0,0.3248375812093953,0.19,0.38250331071515864,288.0,288.0,288.0,14.0,0.0,10.0,2000,2000,0.38250331071515864,-0.01605422592427995
DLinear_ETTh1_h192_revin_s2021_det,ETTh1,DLinear,revin,192,96,2021,deterministic,index,2689,0.27412250868341687,-0.10504933497705024,0.48016280288194807,0.0,0.13943028485757122,0.145,7.704021089483299e-46,288.0,288.0,288.0,14.0,0.0,10.0,2000,2000,7.704021089483299e-46,0.21832248772245963
DLinear_ETTh1_h192_revin_s2021_det,ETTh1,DLinear,revin,192,96,2021,deterministic,defect,2689,-0.004561384133782387,-0.04894948691598265,0.03907921036749143,0.0,0.8160919540229885,0.871,0.8130531004681669,288.0,288.0,288.0,14.0,0.0,10.0,2000,2000,0.8130531004681669,-0.0032071630473803955
DLinear_ETTh1_h192_revin_s2021_det,ETTh1,DLinear,revin,192,96,2021,deterministic,control,2689,0.0225450677826917,-0.01998763121118286,0.060649026201297924,0.0,0.31284357821089454,0.313,0.24245604971970525,288.0,288.0,288.0,14.0,0.0,10.0,2000,2000,0.24245604971970525,0.020831202403349187
DLinear_ETTh1_h192_san_lite_s2021_det,ETTh1,DLinear,san_lite,192,96,2021,deterministic,index,2689,0.3079238752390445,-0.0866693749503842,0.5066939324641629,0.0,0.08195902048975512,0.138,2.2548865378652027e-57,288.0,288.0,288.0,14.0,0.0,10.0,2000,2000,2.2548865378652027e-57,0.2534042582991009
DLinear_ETTh1_h192_san_lite_s2021_det,ETTh1,DLinear,san_lite,192,96,2021,deterministic,defect,2689,-0.027053887669459195,-0.06345925800362578,0.014744205977723666,0.0,0.20439780109945027,0.239,0.16072605328636302,288.0,288.0,288.0,14.0,0.0,10.0,2000,2000,0.16072605328636302,-0.02513599191735658
DLinear_ETTh1_h192_san_lite_s2021_det,ETTh1,DLinear,san_lite,192,96,2021,deterministic,control,2689,-0.030072618017346883,-0.05610491383025347,-0.007199316239893496,1.0,0.1024487756121939,0.01,0.1189626054233947,288.0,288.0,288.0,14.0,0.0,10.0,2000,2000,0.1189626054233947,-0.0302628479981926
DLinear_ETTh1_h336_fredf_s2021_det,ETTh1,DLinear,fredf,336,96,2021,deterministic,index,2545,0.29066587298629154,-0.11989760693912815,0.4309525861438725,0.0,0.22138930534732634,0.161,1.1520113383162395e-48,432.0,432.0,432.0,14.0,0.0,6.0,2000,2000,1.1520113383162395e-48,0.2188263723360182
DLinear_ETTh1_h336_fredf_s2021_det,ETTh1,DLinear,fredf,336,96,2021,deterministic,defect,2545,-0.023136604748044038,-0.059408846898669265,0.02930351400488076,0.0,0.32733633183408295,0.362,0.2432241242458809,432.0,432.0,432.0,14.0,0.0,6.0,2000,2000,0.2432241242458809,-0.019528940434005073
DLinear_ETTh1_h336_fredf_s2021_det,ETTh1,DLinear,fredf,336,96,2021,deterministic,control,2545,0.00675524277138645,-0.05235875053045371,0.0709696874113413,0.0,0.8170914542728636,0.857,0.733313265736625,432.0,432.0,432.0,14.0,0.0,6.0,2000,2000,0.733313265736625,0.006687463542324631
DLinear_ETTh1_h336_fredf_s2021_shuf,ETTh1,DLinear,fredf,336,96,2021,shuffled,index,2545,0.2907555877878105,-0.08762390322779987,0.437001880365768,0.0,0.20089955022488756,0.148,1.0777261451918055e-48,432.0,432.0,432.0,14.0,0.0,6.0,2000,2000,1.0777261451918055e-48,0.2157785734231087
DLinear_ETTh1_h336_fredf_s2021_shuf,ETTh1,DLinear,fredf,336,96,2021,shuffled,defect,2545,-0.006314251111643471,-0.034451686939901784,0.022020700177190006,0.0,0.7156421789105447,0.614,0.7501218430069152,432.0,432.0,432.0,14.0,0.0,6.0,2000,2000,0.7501218430069152,-0.006723244809441261
DLinear_ETTh1_h336_fredf_s2021_shuf,ETTh1,DLinear,fredf,336,96,2021,shuffled,control,2545,0.0013942159450890648,-0.017402487982371578,0.02823653131325548,0.0,0.9345327336331835,0.634,0.9439377094032892,432.0,432.0,432.0,14.0,0.0,6.0,2000,2000,0.9439377094032892,0.00569214570021058
DLinear_ETTh1_h336_fredf_s2022_det,ETTh1,DLinear,fredf,336,96,2022,deterministic,index,2545,0.29242985168551605,-0.11606569737646857,0.4361843045540208,0.0,0.19940029985007496,0.17,3.0949128389892973e-49,432.0,432.0,432.0,14.0,0.0,6.0,2000,2000,3.0949128389892973e-49,0.21646037637820154
DLinear_ETTh1_h336_fredf_s2022_det,ETTh1,DLinear,fredf,336,96,2022,deterministic,defect,2545,0.04185941425367828,0.006993236076376617,0.06611302654024905,1.0,0.030484757621189407,0.022,0.034745802157115514,432.0,432.0,432.0,14.0,0.0,6.0,2000,2000,0.034745802157115514,0.03894141703912109
DLinear_ETTh1_h336_fredf_s2022_det,ETTh1,DLinear,fredf,336,96,2022,deterministic,control,2545,0.007343991295363441,-0.017763723037786807,0.03221131024236865,0.0,0.7101449275362319,0.51,0.7110719381610207,432.0,432.0,432.0,14.0,0.0,6.0,2000,2000,0.7110719381610207,0.008502876765148876
DLinear_ETTh1_h336_fredf_s2022_shuf,ETTh1,DLinear,fredf,336,96,2022,shuffled,index,2545,0.2924010709888417,-0.08629264184324952,0.43084468386856456,0.0,0.1934032983508246,0.15,3.1621980944745006e-49,432.0,432.0,432.0,14.0,0.0,6.0,2000,2000,3.1621980944745006e-49,0.21538739847468966
DLinear_ETTh1_h336_fredf_s2022_shuf,ETTh1,DLinear,fredf,336,96,2022,shuffled,defect,2545,-0.00044474183457491825,-0.04050553852956135,0.034614849561408756,0.0,0.9825087456271864,0.925,0.982103414597683,432.0,432.0,432.0,14.0,0.0,6.0,2000,2000,0.982103414597683,0.000566748363240258
DLinear_ETTh1_h336_fredf_s2022_shuf,ETTh1,DLinear,fredf,336,96,2022,shuffled,control,2545,0.01768065729728571,-0.022862786914693033,0.06045158952363307,0.0,0.3428285857071464,0.408,0.37251170952868984,432.0,432.0,432.0,14.0,0.0,6.0,2000,2000,0.37251170952868984,0.018677019193797776
DLinear_ETTh1_h336_fredf_s2023_det,ETTh1,DLinear,fredf,336,96,2023,deterministic,index,2545,0.2925122353361381,-0.10561608260317816,0.42731065426506554,0.0,0.1984007996001999,0.164,2.9100880558886487e-49,432.0,432.0,432.0,14.0,0.0,6.0,2000,2000,2.9100880558886487e-49,0.21417863061275852
DLinear_ETTh1_h336_fredf_s2023_det,ETTh1,DLinear,fredf,336,96,2023,deterministic,defect,2545,-0.013031955358323478,-0.046433374230302756,0.022245841922754264,0.0,0.5257371314342829,0.486,0.5109836534078962,432.0,432.0,432.0,14.0,0.0,6.0,2000,2000,0.5109836534078962,-0.011764869699022027
DLinear_ETTh1_h336_fredf_s2023_det,ETTh1,DLinear,fredf,336,96,2023,deterministic,control,2545,-0.019669898022874274,-0.04220020976292157,0.010429559984469216,0.0,0.29485257371314344,0.207,0.3211429388550908,432.0,432.0,432.0,14.0,0.0,6.0,2000,2000,0.3211429388550908,-0.016786247217407447
DLinear_ETTh1_h336_fredf_s2023_shuf,ETTh1,DLinear,fredf,336,96,2023,shuffled,index,2545,0.2927281308936147,-0.10550625277431358,0.42810195036676446,0.0,0.20039980009995004,0.148,2.4762218507799976e-49,432.0,432.0,432.0,14.0,0.0,6.0,2000,2000,2.4762218507799976e-49,0.21604775961231637
DLinear_ETTh1_h336_fredf_s2023_shuf,ETTh1,DLinear,fredf,336,96,2023,shuffled,defect,2545,0.030744243277732054,-0.012193081729770494,0.08059451579448476,0.0,0.1359320339830085,0.143,0.12097823914621952,432.0,432.0,432.0,14.0,0.0,6.0,2000,2000,0.12097823914621952,0.032839932561590866
DLinear_ETTh1_h336_fredf_s2023_shuf,ETTh1,DLinear,fredf,336,96,2023,shuffled,control,2545,0.01582664057517676,-0.015607886023393969,0.04832354563732602,0.0,0.3563218390804598,0.311,0.42471650560599616,432.0,432.0,432.0,14.0,0.0,6.0,2000,2000,0.42471650560599616,0.01636596061348798
DLinear_ETTh1_h336_none_s2021_det,ETTh1,DLinear,none,336,96,2021,deterministic,index,2545,0.26640491823342216,-0.16796933827245972,0.4061125107574556,0.0,0.25537231384307846,0.202,3.6725073345225784e-41,432.0,432.0,432.0,14.0,0.0,6.0,2000,2000,3.6725073345225784e-41,0.1923018105057949
DLinear_ETTh1_h336_none_s2021_det,ETTh1,DLinear,none,336,96,2021,deterministic,defect,2545,0.02663584259507553,-0.017876686481071147,0.06504221308469033,0.0,0.22138930534732634,0.251,0.17912281668115893,432.0,432.0,432.0,14.0,0.0,6.0,2000,2000,0.17912281668115893,0.025100131805428652
DLinear_ETTh1_h336_none_s2021_det,ETTh1,DLinear,none,336,96,2021,deterministic,control,2545,0.014527626614868831,-0.014167598736589074,0.055290398677307805,0.0,0.3933033483258371,0.326,0.46371360268134465,432.0,432.0,432.0,14.0,0.0,6.0,2000,2000,0.46371360268134465,0.01677044260030029
DLinear_ETTh1_h336_none_s2021_shuf,ETTh1,DLinear,none,336,96,2021,shuffled,index,2545,0.2657347443361967,-0.09614596879450783,0.4070251179271656,0.0,0.2513743128435782,0.177,5.794994952118059e-41,432.0,432.0,432.0,14.0,0.0,6.0,2000,2000,5.794994952118059e-41,0.19800156284060488
DLinear_ETTh1_h336_none_s2021_shuf,ETTh1,DLinear,none,336,96,2021,shuffled,defect,2545,-0.013173038852653886,-0.037122804688866355,0.027856589752842057,0.0,0.6026986506746627,0.495,0.5064197449780647,432.0,432.0,432.0,14.0,0.0,6.0,2000,2000,0.5064197449780647,-0.009262417352577688
DLinear_ETTh1_h336_none_s2021_shuf,ETTh1,DLinear,none,336,96,2021,shuffled,control,2545,0.0010560733109444339,-0.0468737177845294,0.04477899897840481,0.0,0.9660169915042479,0.972,0.9575197219720414,432.0,432.0,432.0,14.0,0.0,6.0,2000,2000,0.9575197219720414,0.00022946583209416116
DLinear_ETTh1_h336_none_s2022_det,ETTh1,DLinear,none,336,96,2022,deterministic,index,2545,0.26635390302658385,-0.1072962083023198,0.40271028075415294,0.0,0.24387806096951525,0.178,3.802411648023953e-41,432.0,432.0,432.0,14.0,0.0,6.0,2000,2000,3.802411648023953e-41,0.19401864567813049
DLinear_ETTh1_h336_none_s2022_det,ETTh1,DLinear,none,336,96,2022,deterministic,defect,2545,0.00036961746908374205,-0.03370808732226322,0.04408771254487629,0.0,0.9855072463768116,0.914,0.985126062656406,432.0,432.0,432.0,14.0,0.0,6.0,2000,2000,0.985126062656406,0.0029759842270975687
DLinear_ETTh1_h336_none_s2022_det,ETTh1,DLinear,none,336,96,2022,deterministic,control,2545,-0.013512564644037495,-0.04119439002868528,0.017291674815280426,0.0,0.45377311344327836,0.435,0.495524914133635,432.0,432.0,432.0,14.0,0.0,6.0,2000,2000,0.495524914133635,-0.012180926218888487
DLinear_ETTh1_h336_none_s2022_shuf,ETTh1,DLinear,none,336,96,2022,shuffled,index,2545,0.26672483272364333,-0.11224262580136983,0.40455712743828354,0.0,0.2513743128435782,0.152,2.9527598272371414e-41,432.0,432.0,432.0,14.0,0.0,6.0,2000,2000,2.9527598272371414e-41,0.19995673843327097
DLinear_ETTh1_h336_none_s2022_shuf,ETTh1,DLinear,none,336,96,2022,shuffled,defect,2545,-0.005842573018880331,-0.025460045643535704,0.015139814091708477,0.0,0.688655672163918,0.598,0.7682321008241861,432.0,432.0,432.0,14.0,0.0,6.0,2000,2000,0.7682321008241861,-0.005387929388248933
DLinear_ETTh1_h336_none_s2022_shuf,ETTh1,DLinear,none,336,96,2022,shuffled,control,2545,-0.03308070306688341,-0.06269398718021146,0.003164213002938502,0.0,0.07496251874062969,0.07,0.09521112179128281,432.0,432.0,432.0,14.0,0.0,6.0,2000,2000,0.09521112179128281,-0.03220573109259523
DLinear_ETTh1_h336_none_s2023_det,ETTh1,DLinear,none,336,96,2023,deterministic,index,2545,0.2648639900720176,-0.12386773636327232,0.4001019714236316,0.0,0.24237881059470265,0.177,1.0463907358721082e-40,432.0,432.0,432.0,14.0,0.0,6.0,2000,2000,1.0463907358721082e-40,0.1954596685514738
DLinear_ETTh1_h336_none_s2023_det,ETTh1,DLinear,none,336,96,2023,deterministic,defect,2545,-0.028913087232873384,-0.05327846125199855,0.0024300063210785506,0.0,0.1199400299850075,0.071,0.1447521860129484,432.0,432.0,432.0,14.0,0.0,6.0,2000,2000,0.1447521860129484,-0.027900166488844632
DLinear_ETTh1_h336_none_s2023_det,ETTh1,DLinear,none,336,96,2023,deterministic,control,2545,-0.017578198832842416,-0.05288745802795175,0.015924326074458487,0.0,0.31284357821089454,0.345,0.375288577444735,432.0,432.0,432.0,14.0,0.0,6.0,2000,2000,0.375288577444735,-0.01718053524437316
DLinear_ETTh1_h336_none_s2023_shuf,ETTh1,DLinear,none,336,96,2023,shuffled,index,2545,0.2669238311955383,-0.10953905432874671,0.41003811680576385,0.0,0.2283858070964518,0.169,2.5777633375573894e-41,432.0,432.0,432.0,14.0,0.0,6.0,2000,2000,2.5777633375573894e-41,0.1978664493016262
DLinear_ETTh1_h336_none_s2023_shuf,ETTh1,DLinear,none,336,96,2023,shuffled,defect,2545,0.023021490758831923,-0.012212739623217696,0.05832855468555739,0.0,0.35132433783108447,0.206,0.24557691454936303,432.0,432.0,432.0,14.0,0.0,6.0,2000,2000,0.24557691454936303,0.022904026332916168
DLinear_ETTh1_h336_none_s2023_shuf,ETTh1,DLinear,none,336,96,2023,shuffled,control,2545,-0.040168234805444125,-0.06546110087137318,-0.009607107510774173,1.0,0.02348825587206397,0.01,0.04276389569673113,432.0,432.0,432.0,14.0,0.0,6.0,2000,2000,0.04276389569673113,-0.037723592962751254
DLinear_ETTh1_h336_revin_s2021_det,ETTh1,DLinear,revin,336,96,2021,deterministic,index,2545,0.28123687147187515,-0.05392259330674925,0.417069028828377,0.0,0.18290854572713644,0.103,1.1338802602266742e-45,432.0,432.0,432.0,14.0,0.0,6.0,2000,2000,1.1338802602266742e-45,0.21875111267333935
DLinear_ETTh1_h336_revin_s2021_det,ETTh1,DLinear,revin,336,96,2021,deterministic,defect,2545,0.016417088561170242,-0.023141306270690526,0.04873735923949401,0.0,0.3868065967016492,0.43,0.40764420005550717,432.0,432.0,432.0,14.0,0.0,6.0,2000,2000,0.40764420005550717,0.01466662436603587
DLinear_ETTh1_h336_revin_s2021_det,ETTh1,DLinear,revin,336,96,2021,deterministic,control,2545,0.020441910875695482,-0.012122576287367712,0.05680300047575821,0.0,0.3328335832083958,0.225,0.30251701986586943,432.0,432.0,432.0,14.0,0.0,6.0,2000,2000,0.30251701986586943,0.020821573068166052
DLinear_ETTh1_h336_revin_s2021_shuf,ETTh1,DLinear,revin,336,96,2021,shuffled,index,2545,0.2812425591600374,-0.057510781845864965,0.4069196874101117,0.0,0.20339830084957522,0.117,1.129252816401755e-45,432.0,432.0,432.0,14.0,0.0,6.0,2000,2000,1.129252816401755e-45,0.21456079765630043
DLinear_ETTh1_h336_revin_s2021_shuf,ETTh1,DLinear,revin,336,96,2021,shuffled,defect,2545,-0.008494527691259269,-0.03862952185203251,0.022090510309935557,0.0,0.6156921539230384,0.608,0.6683252214942642,432.0,432.0,432.0,14.0,0.0,6.0,2000,2000,0.6683252214942642,-0.008398283142773182
DLinear_ETTh1_h336_revin_s2021_shuf,ETTh1,DLinear,revin,336,96,2021,shuffled,control,2545,0.013230200373475748,-0.032063689966603956,0.05023143975864235,0.0,0.463768115942029,0.447,0.5045767482088434,432.0,432.0,432.0,14.0,0.0,6.0,2000,2000,0.5045767482088434,0.013902871759652474
DLinear_ETTh1_h336_revin_s2022_det,ETTh1,DLinear,revin,336,96,2022,deterministic,index,2545,0.2817675044590805,-0.06910975300040362,0.4149990131846937,0.0,0.19740129935032483,0.1,7.739643379283915e-46,432.0,432.0,432.0,14.0,0.0,6.0,2000,2000,7.739643379283915e-46,0.2188125697443562
DLinear_ETTh1_h336_revin_s2022_det,ETTh1,DLinear,revin,336,96,2022,deterministic,defect,2545,0.015536497865089517,-0.01538606359496767,0.04252136872666198,0.0,0.5292353823088456,0.325,0.43325658089118735,432.0,432.0,432.0,14.0,0.0,6.0,2000,2000,0.43325658089118735,0.01440325247209029
DLinear_ETTh1_h336_revin_s2022_det,ETTh1,DLinear,revin,336,96,2022,deterministic,control,2545,0.016148141643804046,-0.009151334962526615,0.048664125247613134,0.0,0.23888055972013994,0.173,0.4153692956716696,432.0,432.0,432.0,14.0,0.0,6.0,2000,2000,0.4153692956716696,0.01851831917908699
DLinear_ETTh1_h336_revin_s2022_shuf,ETTh1,DLinear,revin,336,96,2022,shuffled,index,2545,0.281608739847371,-0.07196432259688063,0.41451061765604336,0.0,0.20239880059970014,0.113,8.677095173118636e-46,432.0,432.0,432.0,14.0,0.0,6.0,2000,2000,8.677095173118636e-46,0.21633327932111412
DLinear_ETTh1_h336_revin_s2022_shuf,ETTh1,DLinear,revin,336,96,2022,shuffled,defect,2545,0.0026721200140202637,-0.03396322238651206,0.03687028363903276,0.0,0.8845577211394303,0.763,0.892788503302379,432.0,432.0,432.0,14.0,0.0,6.0,2000,2000,0.892788503302379,0.004101615268190012
DLinear_ETTh1_h336_revin_s2022_shuf,ETTh1,DLinear,revin,336,96,2022,shuffled,control,2545,-0.015136774886733251,-0.04549696156510195,0.007020317418006669,0.0,0.4472763618190905,0.194,0.44518322131786436,432.0,432.0,432.0,14.0,0.0,6.0,2000,2000,0.44518322131786436,-0.01633336308171481
DLinear_ETTh1_h336_revin_s2023_det,ETTh1,DLinear,revin,336,96,2023,deterministic,index,2545,0.2813818074231049,-0.04514385949150181,0.40526723388490765,0.0,0.1854072963518241,0.084,1.0216427113616223e-45,432.0,432.0,432.0,14.0,0.0,6.0,2000,2000,1.0216427113616223e-45,0.22119512741683833
DLinear_ETTh1_h336_revin_s2023_det,ETTh1,DLinear,revin,336,96,2023,deterministic,defect,2545,0.01796219240148156,-0.0463143108005867,0.07875022759910144,0.0,0.5067466266866567,0.617,0.3649472257141063,432.0,432.0,432.0,14.0,0.0,6.0,2000,2000,0.3649472257141063,0.01640068957017075
DLinear_ETTh1_h336_revin_s2023_det,ETTh1,DLinear,revin,336,96,2023,deterministic,control,2545,0.025958780574799955,-0.0018572410425773834,0.049105722683082914,0.0,0.11544227886056972,0.068,0.19042900016236008,432.0,432.0,432.0,14.0,0.0,6.0,2000,2000,0.19042900016236008,0.025427766616593808
DLinear_ETTh1_h336_revin_s2023_shuf,ETTh1,DLinear,revin,336,96,2023,shuffled,index,2545,0.28168212361867356,-0.06028766046729515,0.4063387621084433,0.0,0.20739630184907545,0.11,8.230517324861035e-46,432.0,432.0,432.0,14.0,0.0,6.0,2000,2000,8.230517324861035e-46,0.21611874631318284
DLinear_ETTh1_h336_revin_s2023_shuf,ETTh1,DLinear,revin,336,96,2023,shuffled,defect,2545,0.029934596172393333,-0.012712101241266857,0.07821321656925412,0.0,0.1629185407296352,0.191,0.13108334143008704,432.0,432.0,432.0,14.0,0.0,6.0,2000,2000,0.13108334143008704,0.03112343529072316
DLinear_ETTh1_h336_revin_s2023_shuf,ETTh1,DLinear,revin,336,96,2023,shuffled,control,2545,0.010189400525384267,-0.02808089098464516,0.06333256701241959,0.0,0.6281859070464768,0.716,0.6072982699482928,432.0,432.0,432.0,14.0,0.0,6.0,2000,2000,0.6072982699482928,0.011401030110273328
DLinear_ETTh1_h336_san_lite_s2021_det,ETTh1,DLinear,san_lite,336,96,2021,deterministic,index,2545,0.31652124685306243,-0.03336978071927749,0.4549048493745998,0.0,0.15792103948025987,0.07,2.250340624198501e-57,432.0,432.0,432.0,14.0,0.0,6.0,2000,2000,2.250340624198501e-57,0.2597640930282585
DLinear_ETTh1_h336_san_lite_s2021_det,ETTh1,DLinear,san_lite,336,96,2021,deterministic,defect,2545,-0.02019266812516472,-0.048537619200469125,0.016442868676055298,0.0,0.41629185407296354,0.302,0.30845017265096564,432.0,432.0,432.0,14.0,0.0,6.0,2000,2000,0.30845017265096564,-0.01740032047830757
DLinear_ETTh1_h336_san_lite_s2021_det,ETTh1,DLinear,san_lite,336,96,2021,deterministic,control,2545,0.018595395961664235,-0.010483201295265067,0.05217834478013116,0.0,0.3563218390804598,0.23,0.3482875363016473,432.0,432.0,432.0,14.0,0.0,6.0,2000,2000,0.3482875363016473,0.01987622556933416
DLinear_ETTh1_h336_san_lite_s2021_shuf,ETTh1,DLinear,san_lite,336,96,2021,shuffled,index,2545,0.3165275177088037,-0.033885630685087514,0.46157339595626706,0.0,0.1664167916041979,0.079,2.2389620829712537e-57,432.0,432.0,432.0,14.0,0.0,6.0,2000,2000,2.2389620829712537e-57,0.2560700633123413
DLinear_ETTh1_h336_san_lite_s2021_shuf,ETTh1,DLinear,san_lite,336,96,2021,shuffled,defect,2545,-0.010719410729794127,-0.04027684828820364,0.01956002122325256,0.0,0.5317341329335332,0.514,0.5887374692781855,432.0,432.0,432.0,14.0,0.0,6.0,2000,2000,0.5887374692781855,-0.010403329158979128
DLinear_ETTh1_h336_san_lite_s2021_shuf,ETTh1,DLinear,san_lite,336,96,2021,shuffled,control,2545,-0.0015126560637265122,-0.04825101823372694,0.03925314692526465,0.0,0.9290354822588706,0.981,0.9391840306780587,432.0,432.0,432.0,14.0,0.0,6.0,2000,2000,0.9391840306780587,-0.0018474973493430554
DLinear_ETTh1_h336_san_lite_s2022_det,ETTh1,DLinear,san_lite,336,96,2022,deterministic,index,2545,0.3170766289488441,-0.03439136300174295,0.45616819422900073,0.0,0.15592203898050974,0.076,1.4358245116839446e-57,432.0,432.0,432.0,14.0,0.0,6.0,2000,2000,1.4358245116839446e-57,0.255078295354416
DLinear_ETTh1_h336_san_lite_s2022_det,ETTh1,DLinear,san_lite,336,96,2022,deterministic,defect,2545,-0.011280278078390472,-0.03421030105866862,0.016162935375938672,0.0,0.6126936531734133,0.404,0.569386286820015,432.0,432.0,432.0,14.0,0.0,6.0,2000,2000,0.569386286820015,-0.010702976717663092
DLinear_ETTh1_h336_san_lite_s2022_det,ETTh1,DLinear,san_lite,336,96,2022,deterministic,control,2545,0.003981129106048064,-0.0313660389569632,0.03226142868260269,0.0,0.862568715642179,0.815,0.8408545627751699,432.0,432.0,432.0,14.0,0.0,6.0,2000,2000,0.8408545627751699,0.0027701610402475164
DLinear_ETTh1_h336_san_lite_s2022_shuf,ETTh1,DLinear,san_lite,336,96,2022,shuffled,index,2545,0.31698320723300805,-0.029267438719644427,0.4588539449111749,0.0,0.1424287856071964,0.074,1.5486421890878376e-57,432.0,432.0,432.0,14.0,0.0,6.0,2000,2000,1.5486421890878376e-57,0.2537551022375187
DLinear_ETTh1_h336_san_lite_s2022_shuf,ETTh1,DLinear,san_lite,336,96,2022,shuffled,defect,2545,0.002923271158084082,-0.033136301971826036,0.035964246418717316,0.0,0.8900549725137431,0.803,0.8827814304208348,432.0,432.0,432.0,14.0,0.0,6.0,2000,2000,0.8827814304208348,0.004154552837636361
DLinear_ETTh1_h336_san_lite_s2022_shuf,ETTh1,DLinear,san_lite,336,96,2022,shuffled,control,2545,0.0031524934355998953,-0.029301866212367193,0.037865852613565815,0.0,0.8590704647676162,0.832,0.8736643682144924,432.0,432.0,432.0,14.0,0.0,6.0,2000,2000,0.8736643682144924,0.004023366309475912
DLinear_ETTh1_h336_san_lite_s2023_det,ETTh1,DLinear,san_lite,336,96,2023,deterministic,index,2545,0.31671632079824996,-0.041351940776193453,0.4555537106278352,0.0,0.1519240379810095,0.086,1.9219540622638378e-57,432.0,432.0,432.0,14.0,0.0,6.0,2000,2000,1.9219540622638378e-57,0.25356306414589347
DLinear_ETTh1_h336_san_lite_s2023_det,ETTh1,DLinear,san_lite,336,96,2023,deterministic,defect,2545,0.009881381599949517,-0.03059501654235682,0.04602792627719132,0.0,0.6776611694152923,0.648,0.618203599679017,432.0,432.0,432.0,14.0,0.0,6.0,2000,2000,0.618203599679017,0.00885830438519449
DLinear_ETTh1_h336_san_lite_s2023_det,ETTh1,DLinear,san_lite,336,96,2023,deterministic,control,2545,0.01514668557233925,-0.019369860670107923,0.05292761174999319,0.0,0.5572213893053474,0.472,0.444885268645108,432.0,432.0,432.0,14.0,0.0,6.0,2000,2000,0.444885268645108,0.014534895573201935
DLinear_ETTh1_h336_san_lite_s2023_shuf,ETTh1,DLinear,san_lite,336,96,2023,shuffled,index,2545,0.31692049051591653,-0.03446594158909072,0.4533558954438882,0.0,0.15692153923038482,0.08,1.6292910539569493e-57,432.0,432.0,432.0,14.0,0.0,6.0,2000,2000,1.6292910539569493e-57,0.25681801772813884
DLinear_ETTh1_h336_san_lite_s2023_shuf,ETTh1,DLinear,san_lite,336,96,2023,shuffled,defect,2545,0.026514585936613835,-0.0163923752475309,0.07394437180164473,0.0,0.21689155422288856,0.248,0.18111010424322926,432.0,432.0,432.0,14.0,0.0,6.0,2000,2000,0.18111010424322926,0.02754686502079838
DLinear_ETTh1_h336_san_lite_s2023_shuf,ETTh1,DLinear,san_lite,336,96,2023,shuffled,control,2545,-0.01337900953139823,-0.06031149294051708,0.035496315310551835,0.0,0.5432283858070964,0.573,0.49979549213196994,432.0,432.0,432.0,14.0,0.0,6.0,2000,2000,0.49979549213196994,-0.013235249841845204
DLinear_ETTh1_h720_fredf_s2021_det,ETTh1,DLinear,fredf,720,96,2021,deterministic,index,2161,0.07901668535212637,-0.5016716447254702,0.4958618734371781,0.0,0.7996001999000499,0.834,0.00024031735380417035,816.0,816.0,816.0,13.0,0.0,3.0,2000,2000,0.00024031735380417035,0.047946377119320434
DLinear_ETTh1_h720_fredf_s2021_det,ETTh1,DLinear,fredf,720,96,2021,deterministic,defect,2161,0.02929361518531186,-0.008137052877172759,0.04702240592742557,0.0,0.24987506246876562,0.106,0.17337335446226798,816.0,816.0,816.0,13.0,0.0,3.0,2000,2000,0.17337335446226798,0.024388480602223258
DLinear_ETTh1_h720_fredf_s2021_det,ETTh1,DLinear,fredf,720,96,2021,deterministic,control,2161,0.0074807001342109235,-0.02999606320429633,0.024489938551920387,0.0,0.824087956021989,0.86,0.7280868842732259,816.0,816.0,816.0,13.0,0.0,3.0,2000,2000,0.7280868842732259,0.0010962253623306992
DLinear_ETTh1_h720_none_s2021_det,ETTh1,DLinear,none,720,96,2021,deterministic,index,2161,0.05642403645277773,-0.5194605027780836,0.4698954299426947,0.0,0.8505747126436781,0.856,0.008732512456920997,816.0,816.0,816.0,13.0,0.0,3.0,2000,2000,0.008732512456920997,0.03065379732440978
DLinear_ETTh1_h720_none_s2021_det,ETTh1,DLinear,none,720,96,2021,deterministic,defect,2161,0.014415016454957286,-0.0033608722762839428,0.034574414537243435,0.0,0.37881059470264866,0.114,0.5028900316459307,816.0,816.0,816.0,13.0,0.0,3.0,2000,2000,0.5028900316459307,0.014506817775566255
DLinear_ETTh1_h720_none_s2021_det,ETTh1,DLinear,none,720,96,2021,deterministic,control,2161,0.013492434069451869,-0.012909510725213388,0.06217101522069159,0.0,0.4732633683158421,0.408,0.5306122568630746,816.0,816.0,816.0,13.0,0.0,3.0,2000,2000,0.5306122568630746,0.01618729085012465
DLinear_ETTh1_h720_revin_s2021_det,ETTh1,DLinear,revin,720,96,2021,deterministic,index,2161,0.13647535632831456,-0.3803058443065401,0.4727909527080712,0.0,0.6501749125437282,0.636,2.2562423196488316e-10,816.0,816.0,816.0,13.0,0.0,3.0,2000,2000,2.2562423196488316e-10,0.09757744759175796
DLinear_ETTh1_h720_revin_s2021_det,ETTh1,DLinear,revin,720,96,2021,deterministic,defect,2161,0.011640063374684415,-0.01677026830959421,0.03925436126539442,0.0,0.5227386306846576,0.536,0.5885205001324626,816.0,816.0,816.0,13.0,0.0,3.0,2000,2000,0.5885205001324626,0.00901326843211809
DLinear_ETTh1_h720_revin_s2021_det,ETTh1,DLinear,revin,720,96,2021,deterministic,control,2161,-0.04502984312068707,-0.06841965260689148,-0.02160558652701309,1.0,0.14492753623188406,0.0005,0.03636719134304482,816.0,816.0,816.0,13.0,0.0,3.0,2000,2000,0.03636719134304482,-0.04448392294933676
DLinear_ETTh1_h720_san_lite_s2021_det,ETTh1,DLinear,san_lite,720,96,2021,deterministic,index,2161,0.16743910958754576,-0.36776493093436413,0.541434935368288,0.0,0.5632183908045977,0.546,7.14622044264074e-15,816.0,816.0,816.0,13.0,0.0,3.0,2000,2000,7.14622044264074e-15,0.14043231848009408
DLinear_ETTh1_h720_san_lite_s2021_det,ETTh1,DLinear,san_lite,720,96,2021,deterministic,defect,2161,-0.010172866543580926,-0.06382698687356622,0.04320793758395309,0.0,0.5887056471764118,0.69,0.6363615019045779,816.0,816.0,816.0,13.0,0.0,3.0,2000,2000,0.6363615019045779,-0.01164900766556525
DLinear_ETTh1_h720_san_lite_s2021_det,ETTh1,DLinear,san_lite,720,96,2021,deterministic,control,2161,-0.00036052449421906545,-0.02619917699136615,0.021518174707861167,0.0,0.9865067466266867,0.935,0.9866315396543929,816.0,816.0,816.0,13.0,0.0,3.0,2000,2000,0.9866315396543929,-1.0861467348238896e-05
DLinear_ETTh1_h96_fredf_s2021_det,ETTh1,DLinear,fredf,96,96,2021,deterministic,index,2785,0.34232614505698805,0.030677740710000723,0.541749931504462,1.0,0.03298350824587706,0.032,6.305863218913431e-73,192.0,192.0,192.0,15.0,0.0,15.0,2000,2000,6.305863218913431e-73,0.3115919708309638
DLinear_ETTh1_h96_fredf_s2021_det,ETTh1,DLinear,fredf,96,96,2021,deterministic,defect,2785,-0.0197567803153344,-0.04639291203085168,0.004967873324434814,0.0,0.1794102948525737,0.134,0.2972080424483675,192.0,192.0,192.0,15.0,0.0,15.0,2000,2000,0.2972080424483675,-0.019040050725433258
DLinear_ETTh1_h96_fredf_s2021_det,ETTh1,DLinear,fredf,96,96,2021,deterministic,control,2785,0.002527944264485573,-0.04303222805330119,0.04737845462226528,0.0,0.8875562218890555,0.872,0.8938900937057912,192.0,192.0,192.0,15.0,0.0,15.0,2000,2000,0.8938900937057912,0.00345921577245126
DLinear_ETTh1_h96_fredf_s2021_shuf,ETTh1,DLinear,fredf,96,96,2021,shuffled,index,2785,0.3425424470287889,0.021687630996732783,0.5331965407988105,1.0,0.029985007496251874,0.042,5.127628810096719e-73,192.0,192.0,192.0,15.0,0.0,15.0,2000,2000,5.127628810096719e-73,0.31243308393006547
DLinear_ETTh1_h96_fredf_s2021_shuf,ETTh1,DLinear,fredf,96,96,2021,shuffled,defect,2785,0.019990964400607266,-0.005741629949060952,0.04579870794837833,0.0,0.21639180409795103,0.13,0.2915187598964947,192.0,192.0,192.0,15.0,0.0,15.0,2000,2000,0.2915187598964947,0.01970291061172174
DLinear_ETTh1_h96_fredf_s2021_shuf,ETTh1,DLinear,fredf,96,96,2021,shuffled,control,2785,0.001438146448317958,-0.04375231197963365,0.03685977942869686,0.0,0.9365317341329336,0.91,0.939513122110069,192.0,192.0,192.0,15.0,0.0,15.0,2000,2000,0.939513122110069,0.0008392280992382958
DLinear_ETTh1_h96_fredf_s2022_det,ETTh1,DLinear,fredf,96,96,2022,deterministic,index,2785,0.3421021527328282,0.05167637712722543,0.5313217605471661,1.0,0.030984507746126936,0.018,7.811002834802696e-73,192.0,192.0,192.0,15.0,0.0,15.0,2000,2000,7.811002834802696e-73,0.31527620123125566
DLinear_ETTh1_h96_fredf_s2022_det,ETTh1,DLinear,fredf,96,96,2022,deterministic,defect,2785,0.01674284710568618,-0.023792419337918612,0.05975280534376458,0.0,0.38830584707646176,0.438,0.3770130146605125,192.0,192.0,192.0,15.0,0.0,15.0,2000,2000,0.3770130146605125,0.017225613073408388
DLinear_ETTh1_h96_fredf_s2022_det,ETTh1,DLinear,fredf,96,96,2022,deterministic,control,2785,0.004297614633622608,-0.026028149009300856,0.03349412629722209,0.0,0.7946026986506747,0.814,0.8206121403750929,192.0,192.0,192.0,15.0,0.0,15.0,2000,2000,0.8206121403750929,0.0036937803713833076
DLinear_ETTh1_h96_fredf_s2022_shuf,ETTh1,DLinear,fredf,96,96,2022,shuffled,index,2785,0.3418994131361142,0.03894054053071255,0.5296345054865068,1.0,0.033483258370814596,0.026,9.479741674728297e-73,192.0,192.0,192.0,15.0,0.0,15.0,2000,2000,9.479741674728297e-73,0.3140121931213903
DLinear_ETTh1_h96_fredf_s2022_shuf,ETTh1,DLinear,fredf,96,96,2022,shuffled,defect,2785,-0.021728433048848347,-0.06132235540434176,0.015686641645636504,0.0,0.25287356321839083,0.283,0.25160037446980954,192.0,192.0,192.0,15.0,0.0,15.0,2000,2000,0.25160037446980954,-0.02184818398462309
DLinear_ETTh1_h96_fredf_s2022_shuf,ETTh1,DLinear,fredf,96,96,2022,shuffled,control,2785,-0.021760242563828688,-0.05457671317862117,0.012195013047716727,0.0,0.17541229385307347,0.214,0.2509069544075636,192.0,192.0,192.0,15.0,0.0,15.0,2000,2000,0.2509069544075636,-0.021045322996702497
DLinear_ETTh1_h96_fredf_s2023_det,ETTh1,DLinear,fredf,96,96,2023,deterministic,index,2785,0.3422284338488082,0.05560954198932212,0.5428749329805362,1.0,0.025487256371814093,0.027,6.923162178873052e-73,192.0,192.0,192.0,15.0,0.0,15.0,2000,2000,6.923162178873052e-73,0.31626905386112375
DLinear_ETTh1_h96_fredf_s2023_det,ETTh1,DLinear,fredf,96,96,2023,deterministic,defect,2785,-0.004538933357521749,-0.03827264388717611,0.027276355062250273,0.0,0.8045977011494253,0.806,0.8107252060277651,192.0,192.0,192.0,15.0,0.0,15.0,2000,2000,0.8107252060277651,-0.0045398660610959565
DLinear_ETTh1_h96_fredf_s2023_det,ETTh1,DLinear,fredf,96,96,2023,deterministic,control,2785,0.02076750904365732,-0.007151591295597056,0.04744006873094681,0.0,0.21239380309845077,0.15,0.2731798626163773,192.0,192.0,192.0,15.0,0.0,15.0,2000,2000,0.2731798626163773,0.020656988044496505
DLinear_ETTh1_h96_fredf_s2023_shuf,ETTh1,DLinear,fredf,96,96,2023,shuffled,index,2785,0.34191107977293045,0.04127155328134973,0.5429626932802766,1.0,0.030484757621189407,0.02,9.374733047531781e-73,192.0,192.0,192.0,15.0,0.0,15.0,2000,2000,9.374733047531781e-73,0.31598675057181175
DLinear_ETTh1_h96_fredf_s2023_shuf,ETTh1,DLinear,fredf,96,96,2023,shuffled,defect,2785,0.012570860333274833,-0.02224302807996675,0.047586289878416815,0.0,0.4897551224387806,0.478,0.5071485884658646,192.0,192.0,192.0,15.0,0.0,15.0,2000,2000,0.5071485884658646,0.011975912684817317
DLinear_ETTh1_h96_fredf_s2023_shuf,ETTh1,DLinear,fredf,96,96,2023,shuffled,control,2785,-0.0064850834818110685,-0.044053245381600326,0.03292735650619333,0.0,0.7621189405297352,0.806,0.7322180652351534,192.0,192.0,192.0,15.0,0.0,15.0,2000,2000,0.7322180652351534,-0.0049328707253116855
DLinear_ETTh1_h96_none_s2021_det,ETTh1,DLinear,none,96,96,2021,deterministic,index,2785,0.32489127434450066,0.02836161951309287,0.5323295465681472,1.0,0.0384807596201899,0.036,7.15814964247679e-66,192.0,192.0,192.0,15.0,0.0,15.0,2000,2000,7.15814964247679e-66,0.29933993300135603
DLinear_ETTh1_h96_none_s2021_det,ETTh1,DLinear,none,96,96,2021,deterministic,defect,2785,0.012454672274444538,-0.01716204849950937,0.03828938519317997,0.0,0.4572713643178411,0.404,0.5110821296179444,192.0,192.0,192.0,15.0,0.0,15.0,2000,2000,0.5110821296179444,0.011786385480553264
DLinear_ETTh1_h96_none_s2021_det,ETTh1,DLinear,none,96,96,2021,deterministic,control,2785,0.014754788526389053,-0.01804036577447505,0.042538724787452444,0.0,0.4472763618190905,0.409,0.4362648121879975,192.0,192.0,192.0,15.0,0.0,15.0,2000,2000,0.4362648121879975,0.013499651555460044
DLinear_ETTh1_h96_none_s2021_shuf,ETTh1,DLinear,none,96,96,2021,shuffled,index,2785,0.3251960893725038,0.03686036777718985,0.5150495634391243,1.0,0.043478260869565216,0.032,5.427541754892486e-66,192.0,192.0,192.0,15.0,0.0,15.0,2000,2000,5.427541754892486e-66,0.2987764886536087
DLinear_ETTh1_h96_none_s2021_shuf,ETTh1,DLinear,none,96,96,2021,shuffled,defect,2785,-0.00857586662770564,-0.038949273728731734,0.022822577172131375,0.0,0.6361819090454772,0.558,0.6509132861749081,192.0,192.0,192.0,15.0,0.0,15.0,2000,2000,0.6509132861749081,-0.008707047524292409
DLinear_ETTh1_h96_none_s2021_shuf,ETTh1,DLinear,none,96,96,2021,shuffled,control,2785,-0.0009394909141197275,-0.038047467321434776,0.042776814195486464,0.0,0.9510244877561219,0.997,0.9604643005381587,192.0,192.0,192.0,15.0,0.0,15.0,2000,2000,0.9604643005381587,0.0008939408835788689
DLinear_ETTh1_h96_none_s2022_det,ETTh1,DLinear,none,96,96,2022,deterministic,index,2785,0.32522090534951886,0.036311521396396915,0.5408137020469027,1.0,0.03648175912043978,0.031,5.30655377088731e-66,192.0,192.0,192.0,15.0,0.0,15.0,2000,2000,5.30655377088731e-66,0.3025425206523382
DLinear_ETTh1_h96_none_s2022_det,ETTh1,DLinear,none,96,96,2022,deterministic,defect,2785,-0.005114929178264085,-0.03832460327946591,0.028557392854861804,0.0,0.7451274362818591,0.801,0.7872508822643539,192.0,192.0,192.0,15.0,0.0,15.0,2000,2000,0.7872508822643539,-0.0041742579384440115
DLinear_ETTh1_h96_none_s2022_det,ETTh1,DLinear,none,96,96,2022,deterministic,control,2785,0.010739190021690022,-0.023100056006431693,0.045523627505737414,0.0,0.5642178910544727,0.569,0.5709597560698632,192.0,192.0,192.0,15.0,0.0,15.0,2000,2000,0.5709597560698632,0.01041785848923046
DLinear_ETTh1_h96_none_s2022_shuf,ETTh1,DLinear,none,96,96,2022,shuffled,index,2785,0.32508435021193827,0.027614035901845774,0.5354461234331506,1.0,0.035982008995502246,0.024,6.00728498045881e-66,192.0,192.0,192.0,15.0,0.0,15.0,2000,2000,6.00728498045881e-66,0.2981605111948396
DLinear_ETTh1_h96_none_s2022_shuf,ETTh1,DLinear,none,96,96,2022,shuffled,defect,2785,-0.02073028924459746,-0.059097352234145674,0.01757424983661967,0.0,0.2623688155922039,0.322,0.2740404301849556,192.0,192.0,192.0,15.0,0.0,15.0,2000,2000,0.2740404301849556,-0.020066075037651485
DLinear_ETTh1_h96_none_s2022_shuf,ETTh1,DLinear,none,96,96,2022,shuffled,control,2785,-0.043757274912738814,-0.0748583198599554,-0.011664266422795114,1.0,0.010994502748625687,0.012,0.02095510432862567,192.0,192.0,192.0,15.0,0.0,15.0,2000,2000,0.02095510432862567,-0.04397861228822706
DLinear_ETTh1_h96_none_s2023_det,ETTh1,DLinear,none,96,96,2023,deterministic,index,2785,0.3255397418058445,0.026005758251744757,0.5282274919724749,1.0,0.044977511244377814,0.034,3.97151824522808e-66,192.0,192.0,192.0,15.0,0.0,15.0,2000,2000,3.97151824522808e-66,0.299725285017527
DLinear_ETTh1_h96_none_s2023_det,ETTh1,DLinear,none,96,96,2023,deterministic,defect,2785,0.023806794316854056,-0.01741442439701895,0.05820374472562986,0.0,0.20589705147426288,0.213,0.2090678475940696,192.0,192.0,192.0,15.0,0.0,15.0,2000,2000,0.2090678475940696,0.023563449839363725
DLinear_ETTh1_h96_none_s2023_det,ETTh1,DLinear,none,96,96,2023,deterministic,control,2785,0.0234937750234666,-0.012691324579767608,0.05881184974339976,0.0,0.2098950524737631,0.207,0.21511719789173622,192.0,192.0,192.0,15.0,0.0,15.0,2000,2000,0.21511719789173622,0.022898138483686666
DLinear_ETTh1_h96_none_s2023_shuf,ETTh1,DLinear,none,96,96,2023,shuffled,index,2785,0.32593272930882705,0.04847165910166061,0.531816149572161,1.0,0.046476761619190406,0.022,2.777550527356585e-66,192.0,192.0,192.0,15.0,0.0,15.0,2000,2000,2.777550527356585e-66,0.3054643857232951
DLinear_ETTh1_h96_none_s2023_shuf,ETTh1,DLinear,none,96,96,2023,shuffled,defect,2785,0.04222820663798692,0.011229626641924565,0.06944039605542522,1.0,0.02148925537231384,0.006,0.025872966592962756,192.0,192.0,192.0,15.0,0.0,15.0,2000,2000,0.025872966592962756,0.040351555156553504
DLinear_ETTh1_h96_none_s2023_shuf,ETTh1,DLinear,none,96,96,2023,shuffled,control,2785,0.022821595418612103,-0.02321601946205622,0.06630150296485816,0.0,0.24587706146926536,0.377,0.2285315780399817,192.0,192.0,192.0,15.0,0.0,15.0,2000,2000,0.2285315780399817,0.021573130664305665
DLinear_ETTh1_h96_revin_s2021_det,ETTh1,DLinear,revin,96,96,2021,deterministic,index,2785,0.31056037065962333,0.008988548135514056,0.511821521562308,1.0,0.043478260869565216,0.044,2.396284911488746e-60,192.0,192.0,192.0,15.0,0.0,15.0,2000,2000,2.396284911488746e-60,0.27971985753421086
DLinear_ETTh1_h96_revin_s2021_det,ETTh1,DLinear,revin,96,96,2021,deterministic,defect,2785,-0.04470363575978787,-0.09075549656766675,0.0035679531723127964,0.0,0.06696651674162919,0.069,0.01833779879663756,192.0,192.0,192.0,15.0,0.0,15.0,2000,2000,0.01833779879663756,-0.04449363113807577
DLinear_ETTh1_h96_revin_s2021_det,ETTh1,DLinear,revin,96,96,2021,deterministic,control,2785,-0.0010149379615573956,-0.030984042194837785,0.030553443924597135,0.0,0.9575212393803099,0.991,0.9572922555562404,192.0,192.0,192.0,15.0,0.0,15.0,2000,2000,0.9572922555562404,-8.307187813635491e-05
DLinear_ETTh1_h96_revin_s2021_shuf,ETTh1,DLinear,revin,96,96,2021,shuffled,index,2785,0.31117166720834316,0.01704503241376646,0.5201679827925837,1.0,0.04047976011994003,0.039,1.409056454677998e-60,192.0,192.0,192.0,15.0,0.0,15.0,2000,2000,1.409056454677998e-60,0.2841912546498039
DLinear_ETTh1_h96_revin_s2021_shuf,ETTh1,DLinear,revin,96,96,2021,shuffled,defect,2785,0.019572866210402152,-0.0054466432205705325,0.04358642433437783,0.0,0.1904047976011994,0.13,0.30172776570622584,192.0,192.0,192.0,15.0,0.0,15.0,2000,2000,0.30172776570622584,0.01898396667960355
DLinear_ETTh1_h96_revin_s2021_shuf,ETTh1,DLinear,revin,96,96,2021,shuffled,control,2785,0.023236976242392102,-0.020014452518899176,0.07117771281541917,0.0,0.26636681659170414,0.287,0.22017343533127476,192.0,192.0,192.0,15.0,0.0,15.0,2000,2000,0.22017343533127476,0.024337502493893735
DLinear_ETTh1_h96_revin_s2022_det,ETTh1,DLinear,revin,96,96,2022,deterministic,index,2785,0.3119011039401623,0.023654219779171808,0.511220258122974,1.0,0.043478260869565216,0.036,7.467258255086154e-61,192.0,192.0,192.0,15.0,0.0,15.0,2000,2000,7.467258255086154e-61,0.2860311472269682
DLinear_ETTh1_h96_revin_s2022_det,ETTh1,DLinear,revin,96,96,2022,deterministic,defect,2785,-0.011583680423324536,-0.03925020248930143,0.016777642700839444,0.0,0.49975012493753124,0.418,0.5410691980482708,192.0,192.0,192.0,15.0,0.0,15.0,2000,2000,0.5410691980482708,-0.01114277522892514
DLinear_ETTh1_h96_revin_s2022_det,ETTh1,DLinear,revin,96,96,2022,deterministic,control,2785,0.004426982863837632,-0.03425803925321302,0.04424914673550634,0.0,0.8055972013993004,0.813,0.8153082154252668,192.0,192.0,192.0,15.0,0.0,15.0,2000,2000,0.8153082154252668,0.005006303796504543
DLinear_ETTh1_h96_revin_s2022_shuf,ETTh1,DLinear,revin,96,96,2022,shuffled,index,2785,0.31204097803270225,0.010814382295739548,0.5077408624093709,1.0,0.04297851074462768,0.044,6.610096895967346e-61,192.0,192.0,192.0,15.0,0.0,15.0,2000,2000,6.610096895967346e-61,0.28417288075527497
DLinear_ETTh1_h96_revin_s2022_shuf,ETTh1,DLinear,revin,96,96,2022,shuffled,defect,2785,-0.022480782519846,-0.06285302025512506,0.018328522380889705,0.0,0.2588705647176412,0.28,0.2355561374677554,192.0,192.0,192.0,15.0,0.0,15.0,2000,2000,0.2355561374677554,-0.0221509729972146
DLinear_ETTh1_h96_revin_s2022_shuf,ETTh1,DLinear,revin,96,96,2022,shuffled,control,2785,-0.02390939250203845,-0.0554889066453113,0.011399303849291434,0.0,0.1714142928535732,0.169,0.20711212852373384,192.0,192.0,192.0,15.0,0.0,15.0,2000,2000,0.20711212852373384,-0.02398118497977629
DLinear_ETTh1_h96_revin_s2023_det,ETTh1,DLinear,revin,96,96,2023,deterministic,index,2785,0.310873315598651,0.023851417361041575,0.5165646525728891,1.0,0.04047976011994003,0.037,1.8261523831347102e-60,192.0,192.0,192.0,15.0,0.0,15.0,2000,2000,1.8261523831347102e-60,0.2876131219638806
DLinear_ETTh1_h96_revin_s2023_det,ETTh1,DLinear,revin,96,96,2023,deterministic,defect,2785,0.0015384941910966152,-0.025190123591018215,0.028336628932518634,0.0,0.928535732133933,0.929,0.9353015652316603,192.0,192.0,192.0,15.0,0.0,15.0,2000,2000,0.9353015652316603,0.0010105356925280851
DLinear_ETTh1_h96_revin_s2023_det,ETTh1,DLinear,revin,96,96,2023,deterministic,control,2785,-0.005305048528149701,-0.04404696317917188,0.03130576515066522,0.0,0.7701149425287356,0.774,0.7795438043999651,192.0,192.0,192.0,15.0,0.0,15.0,2000,2000,0.7795438043999651,-0.005100427259396965
DLinear_ETTh1_h96_revin_s2023_shuf,ETTh1,DLinear,revin,96,96,2023,shuffled,index,2785,0.31121304402103556,0.025950637465842787,0.5098169289786096,1.0,0.04447776111944028,0.033,1.3592609190755146e-60,192.0,192.0,192.0,15.0,0.0,15.0,2000,2000,1.3592609190755146e-60,0.28066150044606786
DLinear_ETTh1_h96_revin_s2023_shuf,ETTh1,DLinear,revin,96,96,2023,shuffled,defect,2785,0.011483272683784001,-0.023126055940826003,0.04488010815847016,0.0,0.5322338830584707,0.498,0.5445817702451998,192.0,192.0,192.0,15.0,0.0,15.0,2000,2000,0.5445817702451998,0.011376098134517572
DLinear_ETTh1_h96_revin_s2023_shuf,ETTh1,DLinear,revin,96,96,2023,shuffled,control,2785,-0.014290375162952933,-0.05230647246501175,0.020285569394193324,0.0,0.4512743628185907,0.421,0.45084202847617494,192.0,192.0,192.0,15.0,0.0,15.0,2000,2000,0.45084202847617494,-0.014750323141533286
DLinear_ETTh1_h96_san_lite_s2021_det,ETTh1,DLinear,san_lite,96,96,2021,deterministic,index,2785,0.34461892612144035,0.05136831999653757,0.5445437121652247,1.0,0.02948525737131434,0.023,6.9936968351011455e-74,192.0,192.0,192.0,15.0,0.0,15.0,2000,2000,6.9936968351011455e-74,0.31846318345910096
DLinear_ETTh1_h96_san_lite_s2021_det,ETTh1,DLinear,san_lite,96,96,2021,deterministic,defect,2785,-0.012983695729223189,-0.05834874112967676,0.02884843560605248,0.0,0.5297351324337831,0.542,0.49330174560447104,192.0,192.0,192.0,15.0,0.0,15.0,2000,2000,0.49330174560447104,-0.013897343138916598
DLinear_ETTh1_h96_san_lite_s2021_det,ETTh1,DLinear,san_lite,96,96,2021,deterministic,control,2785,0.028730457813916803,-0.0019416587994977984,0.06028201567319247,0.0,0.10644677661169415,0.072,0.12953880640191232,192.0,192.0,192.0,15.0,0.0,15.0,2000,2000,0.12953880640191232,0.0286242707425926
DLinear_ETTh1_h96_san_lite_s2021_shuf,ETTh1,DLinear,san_lite,96,96,2021,shuffled,index,2785,0.34464686138637757,0.031105299126750398,0.5603639368743952,1.0,0.033483258370814596,0.029,6.808187986698869e-74,192.0,192.0,192.0,15.0,0.0,15.0,2000,2000,6.808187986698869e-74,0.31804220322868226
DLinear_ETTh1_h96_san_lite_s2021_shuf,ETTh1,DLinear,san_lite,96,96,2021,shuffled,defect,2785,0.019531551616809983,-0.007065943442405039,0.045743015804526894,0.0,0.25287356321839083,0.148,0.30274934021518585,192.0,192.0,192.0,15.0,0.0,15.0,2000,2000,0.30274934021518585,0.019288481877191736
DLinear_ETTh1_h96_san_lite_s2021_shuf,ETTh1,DLinear,san_lite,96,96,2021,shuffled,control,2785,-0.02463757762999359,-0.060415179878633235,0.01328604093225282,0.0,0.17691154422788605,0.202,0.19361197872691605,192.0,192.0,192.0,15.0,0.0,15.0,2000,2000,0.19361197872691605,-0.0238821037145805
DLinear_ETTh1_h96_san_lite_s2022_det,ETTh1,DLinear,san_lite,96,96,2022,deterministic,index,2785,0.3451928106585229,0.04066830356394768,0.5477051125296786,1.0,0.03548225887056472,0.022,4.024099167687013e-74,192.0,192.0,192.0,15.0,0.0,15.0,2000,2000,4.024099167687013e-74,0.31521601202273186
DLinear_ETTh1_h96_san_lite_s2022_det,ETTh1,DLinear,san_lite,96,96,2022,deterministic,defect,2785,0.017396118768084924,-0.0298883365753369,0.0592695021615292,0.0,0.36081959020489757,0.52,0.3586805065021996,192.0,192.0,192.0,15.0,0.0,15.0,2000,2000,0.3586805065021996,0.015551363804122862
DLinear_ETTh1_h96_san_lite_s2022_det,ETTh1,DLinear,san_lite,96,96,2022,deterministic,control,2785,0.02090607209087153,-0.019493974278303235,0.05496255371469427,0.0,0.32033983008495753,0.306,0.2699923716458599,192.0,192.0,192.0,15.0,0.0,15.0,2000,2000,0.2699923716458599,0.01943128864939067
DLinear_ETTh1_h96_san_lite_s2022_shuf,ETTh1,DLinear,san_lite,96,96,2022,shuffled,index,2785,0.3450565613840976,0.033644877103069855,0.5476490377862056,1.0,0.03248375812093953,0.034,4.588740163170926e-74,192.0,192.0,192.0,15.0,0.0,15.0,2000,2000,4.588740163170926e-74,0.32144291995334057
DLinear_ETTh1_h96_san_lite_s2022_shuf,ETTh1,DLinear,san_lite,96,96,2022,shuffled,defect,2785,-0.023477579724999576,-0.06267518852113077,0.015514691614385158,0.0,0.21989005497251374,0.246,0.21543358181220107,192.0,192.0,192.0,15.0,0.0,15.0,2000,2000,0.21543358181220107,-0.023443406218155764
DLinear_ETTh1_h96_san_lite_s2022_shuf,ETTh1,DLinear,san_lite,96,96,2022,shuffled,control,2785,-0.00658937880405912,-0.047541147788181824,0.032532320151180606,0.0,0.7156421789105447,0.804,0.7280808905356915,192.0,192.0,192.0,15.0,0.0,15.0,2000,2000,0.7280808905356915,-0.0061107834445445
DLinear_ETTh1_h96_san_lite_s2023_det,ETTh1,DLinear,san_lite,96,96,2023,deterministic,index,2785,0.3441888094182114,0.04924830467549085,0.5418946285356958,1.0,0.02448775612193903,0.028,1.057672009311705e-73,192.0,192.0,192.0,15.0,0.0,15.0,2000,2000,1.057672009311705e-73,0.32000248315554075
DLinear_ETTh1_h96_san_lite_s2023_det,ETTh1,DLinear,san_lite,96,96,2023,deterministic,defect,2785,-0.02392922595460783,-0.05781122072977865,0.01270108617902584,0.0,0.15792103948025987,0.193,0.20673560102130673,192.0,192.0,192.0,15.0,0.0,15.0,2000,2000,0.20673560102130673,-0.02284419110980473
DLinear_ETTh1_h96_san_lite_s2023_det,ETTh1,DLinear,san_lite,96,96,2023,deterministic,control,2785,0.02078812773416671,-0.021455746633333706,0.062406809249315805,0.0,0.2908545727136432,0.343,0.2727039293970517,192.0,192.0,192.0,15.0,0.0,15.0,2000,2000,0.2727039293970517,0.021146552433216365
DLinear_ETTh1_h96_san_lite_s2023_shuf,ETTh1,DLinear,san_lite,96,96,2023,shuffled,index,2785,0.3441287929374566,0.05063062194810481,0.5421871236222555,1.0,0.030484757621189407,0.018,1.1204693906201859e-73,192.0,192.0,192.0,15.0,0.0,15.0,2000,2000,1.1204693906201859e-73,0.32008961213572995
DLinear_ETTh1_h96_san_lite_s2023_shuf,ETTh1,DLinear,san_lite,96,96,2023,shuffled,defect,2785,0.014184709353917305,-0.01762346753948949,0.04954194067089731,0.0,0.43278360819590206,0.4,0.4541968118196378,192.0,192.0,192.0,15.0,0.0,15.0,2000,2000,0.4541968118196378,0.01438814265661872
DLinear_ETTh1_h96_san_lite_s2023_shuf,ETTh1,DLinear,san_lite,96,96,2023,shuffled,control,2785,0.012740041288594897,-0.03582112589011713,0.056869453634613855,0.0,0.48375812093953025,0.613,0.501449540729222,192.0,192.0,192.0,15.0,0.0,15.0,2000,2000,0.501449540729222,0.011968082259920227
DLinear_ETTh2_h192_fredf_s2021_det,ETTh2,DLinear,fredf,192,96,2021,deterministic,index,2689,0.165600253718509,-0.16846037079091267,0.46997155337880275,0.0,0.32733633183408295,0.425,9.028621957405907e-18,288.0,288.0,288.0,14.0,0.0,10.0,2000,2000,9.028621957405907e-18,0.14508275411117497
DLinear_ETTh2_h192_fredf_s2021_det,ETTh2,DLinear,fredf,192,96,2021,deterministic,defect,2689,0.013059305707819687,-0.03057001543072118,0.05413648221949548,0.0,0.545727136431784,0.619,0.4983604052064784,288.0,288.0,288.0,14.0,0.0,10.0,2000,2000,0.4983604052064784,0.010725913251542115
DLinear_ETTh2_h192_fredf_s2021_det,ETTh2,DLinear,fredf,192,96,2021,deterministic,control,2689,-0.01901236267344368,-0.0458953366644104,0.013630631941439472,0.0,0.2653673163418291,0.229,0.32427370306927905,288.0,288.0,288.0,14.0,0.0,10.0,2000,2000,0.32427370306927905,-0.01851561401067495
DLinear_ETTh2_h192_none_s2021_det,ETTh2,DLinear,none,192,96,2021,deterministic,index,2689,-0.13417122276152726,-0.40295507740542336,0.20176999530659034,0.0,0.42028985507246375,0.403,3.4949605446624113e-12,288.0,288.0,288.0,14.0,0.0,10.0,2000,2000,3.4949605446624113e-12,-0.12240256114250471
DLinear_ETTh2_h192_none_s2021_det,ETTh2,DLinear,none,192,96,2021,deterministic,defect,2689,0.0126021422907918,-0.026453619988425516,0.05191438538975965,0.0,0.5412293853073463,0.564,0.5135179475472582,288.0,288.0,288.0,14.0,0.0,10.0,2000,2000,0.5135179475472582,0.012139210120048581
DLinear_ETTh2_h192_none_s2021_det,ETTh2,DLinear,none,192,96,2021,deterministic,control,2689,0.00417604856260494,-0.03260334236966076,0.03551951863937166,0.0,0.8245877061469266,0.934,0.8285893714422565,288.0,288.0,288.0,14.0,0.0,10.0,2000,2000,0.8285893714422565,0.0015019464231163702
DLinear_ETTh2_h192_revin_s2021_det,ETTh2,DLinear,revin,192,96,2021,deterministic,index,2689,0.2766439699849133,-0.11199576639951345,0.5795376578512522,0.0,0.09945027486256872,0.18,1.1808236431343215e-46,288.0,288.0,288.0,14.0,0.0,10.0,2000,2000,1.1808236431343215e-46,0.24729243497374956
DLinear_ETTh2_h192_revin_s2021_det,ETTh2,DLinear,revin,192,96,2021,deterministic,defect,2689,0.00888944124752858,-0.0247370428389351,0.04425922839159948,0.0,0.6966516741629185,0.571,0.6448837619944414,288.0,288.0,288.0,14.0,0.0,10.0,2000,2000,0.6448837619944414,0.009853980801479327
DLinear_ETTh2_h192_revin_s2021_det,ETTh2,DLinear,revin,192,96,2021,deterministic,control,2689,0.004520894931594207,-0.03783045074913737,0.03654047875656455,0.0,0.8125937031484258,0.842,0.8146822351001786,288.0,288.0,288.0,14.0,0.0,10.0,2000,2000,0.8146822351001786,0.002654863166452926
DLinear_ETTh2_h192_san_lite_s2021_det,ETTh2,DLinear,san_lite,192,96,2021,deterministic,index,2689,0.28183894249047126,-0.09451707816470149,0.5791351256341344,0.0,0.09645177411294353,0.171,2.3480840418133754e-48,288.0,288.0,288.0,14.0,0.0,10.0,2000,2000,2.3480840418133754e-48,0.24984945186472965
DLinear_ETTh2_h192_san_lite_s2021_det,ETTh2,DLinear,san_lite,192,96,2021,deterministic,defect,2689,-0.037571996644736025,-0.06346067514677227,0.0014214863237656248,0.0,0.059470264867566215,0.057,0.05142035477484197,288.0,288.0,288.0,14.0,0.0,10.0,2000,2000,0.05142035477484197,-0.03522482175610244
DLinear_ETTh2_h192_san_lite_s2021_det,ETTh2,DLinear,san_lite,192,96,2021,deterministic,control,2689,-0.005864233022283305,-0.04655987631197799,0.03130807586782433,0.0,0.777111444277861,0.856,0.7611000158846822,288.0,288.0,288.0,14.0,0.0,10.0,2000,2000,0.7611000158846822,-0.004744661364733525
DLinear_ETTh2_h336_fredf_s2021_det,ETTh2,DLinear,fredf,336,96,2021,deterministic,index,2545,0.030484527848517788,-0.3506538291608127,0.42804136585480934,0.0,0.8640679660169915,0.911,0.12415107636548468,432.0,432.0,432.0,14.0,0.0,6.0,2000,2000,0.12415107636548468,0.025112940298224248
DLinear_ETTh2_h336_fredf_s2021_det,ETTh2,DLinear,fredf,336,96,2021,deterministic,defect,2545,-0.023992337560774898,-0.05457152996543125,0.00510909911590197,0.0,0.1924037981009495,0.09,0.22622998701233576,432.0,432.0,432.0,14.0,0.0,6.0,2000,2000,0.22622998701233576,-0.02451519878663767
DLinear_ETTh2_h336_fredf_s2021_det,ETTh2,DLinear,fredf,336,96,2021,deterministic,control,2545,-0.0027585021879724847,-0.03202267726463226,0.025119812406820118,0.0,0.8650674662668666,0.796,0.8893446119404235,432.0,432.0,432.0,14.0,0.0,6.0,2000,2000,0.8893446119404235,-0.003693276546382343
DLinear_ETTh2_h336_fredf_s2021_shuf,ETTh2,DLinear,fredf,336,96,2021,shuffled,index,2545,0.03021407328421309,-0.33732745020665283,0.4053592583268853,0.0,0.8780609695152424,0.875,0.12752373229255598,432.0,432.0,432.0,14.0,0.0,6.0,2000,2000,0.12752373229255598,0.027993068578517775
DLinear_ETTh2_h336_fredf_s2021_shuf,ETTh2,DLinear,fredf,336,96,2021,shuffled,defect,2545,0.014845075032785919,-0.016620232119646066,0.044106349223105926,0.0,0.44577711144427784,0.391,0.45400362415926676,432.0,432.0,432.0,14.0,0.0,6.0,2000,2000,0.45400362415926676,0.0136321496495806
DLinear_ETTh2_h336_fredf_s2021_shuf,ETTh2,DLinear,fredf,336,96,2021,shuffled,control,2545,-0.006280510810742419,-0.035046796959241254,0.01985238031290584,0.0,0.750624687656172,0.702,0.7514128841810248,432.0,432.0,432.0,14.0,0.0,6.0,2000,2000,0.7514128841810248,-0.006084757851281347
DLinear_ETTh2_h336_fredf_s2022_det,ETTh2,DLinear,fredf,336,96,2022,deterministic,index,2545,0.023027820154965437,-0.3507047313075767,0.38860080690220583,0.0,0.8940529735132434,0.94,0.24544713612973657,432.0,432.0,432.0,14.0,0.0,6.0,2000,2000,0.24544713612973657,0.014093322204676777
DLinear_ETTh2_h336_fredf_s2022_det,ETTh2,DLinear,fredf,336,96,2022,deterministic,defect,2545,0.011907174803499218,-0.010771805017177647,0.03299215874156712,0.0,0.5177411294352824,0.29,0.548123063041495,432.0,432.0,432.0,14.0,0.0,6.0,2000,2000,0.548123063041495,0.012139175474224223
DLinear_ETTh2_h336_fredf_s2022_det,ETTh2,DLinear,fredf,336,96,2022,deterministic,control,2545,-0.04067657820643292,-0.09370509998251339,-0.0015065613859476163,1.0,0.06746626686656672,0.033,0.04020383118856413,432.0,432.0,432.0,14.0,0.0,6.0,2000,2000,0.04020383118856413,-0.04333977342010472
DLinear_ETTh2_h336_fredf_s2022_shuf,ETTh2,DLinear,fredf,336,96,2022,shuffled,index,2545,0.023492255964690872,-0.3477704716848443,0.41014887454650356,0.0,0.8900549725137431,0.949,0.23605528480624338,432.0,432.0,432.0,14.0,0.0,6.0,2000,2000,0.23605528480624338,0.01853740038818978
DLinear_ETTh2_h336_fredf_s2022_shuf,ETTh2,DLinear,fredf,336,96,2022,shuffled,defect,2545,0.010329231170447165,-0.036891448101401936,0.06294142922211979,0.0,0.6131934032983508,0.631,0.6023761082932919,432.0,432.0,432.0,14.0,0.0,6.0,2000,2000,0.6023761082932919,0.013063470229652492
DLinear_ETTh2_h336_fredf_s2022_shuf,ETTh2,DLinear,fredf,336,96,2022,shuffled,control,2545,0.0011115510198222154,-0.027161622468871823,0.03815932965428485,0.0,0.9600199900049975,0.928,0.9552904241669439,432.0,432.0,432.0,14.0,0.0,6.0,2000,2000,0.9552904241669439,0.002578595486331207
DLinear_ETTh2_h336_fredf_s2023_det,ETTh2,DLinear,fredf,336,96,2023,deterministic,index,2545,0.022511320122832513,-0.35731712069279536,0.4000814631367029,0.0,0.8925537231384307,0.942,0.25619612370551237,432.0,432.0,432.0,14.0,0.0,6.0,2000,2000,0.25619612370551237,0.01921375831067099
DLinear_ETTh2_h336_fredf_s2023_det,ETTh2,DLinear,fredf,336,96,2023,deterministic,defect,2545,0.01395216841345837,-0.013694897741715478,0.040223100867860025,0.0,0.41679160419790107,0.342,0.4816067898825308,432.0,432.0,432.0,14.0,0.0,6.0,2000,2000,0.4816067898825308,0.012482700397220353
DLinear_ETTh2_h336_fredf_s2023_det,ETTh2,DLinear,fredf,336,96,2023,deterministic,control,2545,-0.010101242450836984,-0.0526885677144319,0.028125972301530477,0.0,0.6031984007996002,0.593,0.6104107096418954,432.0,432.0,432.0,14.0,0.0,6.0,2000,2000,0.6104107096418954,-0.011274559262871471
DLinear_ETTh2_h336_fredf_s2023_shuf,ETTh2,DLinear,fredf,336,96,2023,shuffled,index,2545,0.02395575559971859,-0.34968995872920383,0.39508385907593774,0.0,0.9005497251374313,0.915,0.22693867983758365,432.0,432.0,432.0,14.0,0.0,6.0,2000,2000,0.22693867983758365,0.020800520806693708
DLinear_ETTh2_h336_fredf_s2023_shuf,ETTh2,DLinear,fredf,336,96,2023,shuffled,defect,2545,-0.02160866152092535,-0.08381661065472402,0.03899677338685968,0.0,0.30834582708645675,0.485,0.2757574535075731,432.0,432.0,432.0,14.0,0.0,6.0,2000,2000,0.2757574535075731,-0.021732943549279245
DLinear_ETTh2_h336_fredf_s2023_shuf,ETTh2,DLinear,fredf,336,96,2023,shuffled,control,2545,0.0219831659029958,-0.006829396020365764,0.04555789511000552,0.0,0.14492753623188406,0.134,0.2675213467116454,432.0,432.0,432.0,14.0,0.0,6.0,2000,2000,0.2675213467116454,0.02182229870339306
DLinear_ETTh2_h336_none_s2021_det,ETTh2,DLinear,none,336,96,2021,deterministic,index,2545,-0.23919439200499001,-0.5591798512643211,0.1382613215483053,0.0,0.23288355822088955,0.258,1.6263516397315814e-33,432.0,432.0,432.0,14.0,0.0,6.0,2000,2000,1.6263516397315814e-33,-0.20689309398527564
DLinear_ETTh2_h336_none_s2021_det,ETTh2,DLinear,none,336,96,2021,deterministic,defect,2545,-0.021879136459119212,-0.05119555912541938,0.01730836417086736,0.0,0.3708145927036482,0.259,0.2697920131227671,432.0,432.0,432.0,14.0,0.0,6.0,2000,2000,0.2697920131227671,-0.020663058850859492
DLinear_ETTh2_h336_none_s2021_det,ETTh2,DLinear,none,336,96,2021,deterministic,control,2545,0.01913255745103747,-0.025939301292839174,0.0496904143678785,0.0,0.36231884057971014,0.502,0.3345400637268997,432.0,432.0,432.0,14.0,0.0,6.0,2000,2000,0.3345400637268997,0.012309248565129664
DLinear_ETTh2_h336_none_s2021_shuf,ETTh2,DLinear,none,336,96,2021,shuffled,index,2545,-0.23879055231390406,-0.5645539597682198,0.15933220876684867,0.0,0.24587706146926536,0.249,2.082438935005608e-33,432.0,432.0,432.0,14.0,0.0,6.0,2000,2000,2.082438935005608e-33,-0.20916263153036677
DLinear_ETTh2_h336_none_s2021_shuf,ETTh2,DLinear,none,336,96,2021,shuffled,defect,2545,-0.029041903578449078,-0.07687193186588095,0.017924241589428562,0.0,0.17091454272863568,0.179,0.14297061209698134,432.0,432.0,432.0,14.0,0.0,6.0,2000,2000,0.14297061209698134,-0.02996654197922273
DLinear_ETTh2_h336_none_s2021_shuf,ETTh2,DLinear,none,336,96,2021,shuffled,control,2545,0.012662748468546462,-0.03254510450532754,0.053592714786607536,0.0,0.5562218890554723,0.607,0.523028047733312,432.0,432.0,432.0,14.0,0.0,6.0,2000,2000,0.523028047733312,0.011533910496289969
DLinear_ETTh2_h336_none_s2022_det,ETTh2,DLinear,none,336,96,2022,deterministic,index,2545,-0.23835409049534814,-0.5557387522993552,0.1681338643223196,0.0,0.2543728135932034,0.257,2.7189497908392343e-33,432.0,432.0,432.0,14.0,0.0,6.0,2000,2000,2.7189497908392343e-33,-0.20952643978627086
DLinear_ETTh2_h336_none_s2022_det,ETTh2,DLinear,none,336,96,2022,deterministic,defect,2545,-0.00021369124162414572,-0.04780156494244562,0.03881855472997815,0.0,0.9940029985007496,0.945,0.9914004261794624,432.0,432.0,432.0,14.0,0.0,6.0,2000,2000,0.9914004261794624,-0.0029253078734554874
DLinear_ETTh2_h336_none_s2022_det,ETTh2,DLinear,none,336,96,2022,deterministic,control,2545,0.024106334100146,-0.01896443771295189,0.05987487384023485,0.0,0.2193903048475762,0.27,0.22403169384347998,432.0,432.0,432.0,14.0,0.0,6.0,2000,2000,0.22403169384347998,0.021588947643134463
DLinear_ETTh2_h336_none_s2022_shuf,ETTh2,DLinear,none,336,96,2022,shuffled,index,2545,-0.22023252416499445,-0.5469104150722074,0.18054913763316846,0.0,0.2868565717141429,0.323,1.1456382001839965e-28,432.0,432.0,432.0,14.0,0.0,6.0,2000,2000,1.1456382001839965e-28,-0.194316783960198
DLinear_ETTh2_h336_none_s2022_shuf,ETTh2,DLinear,none,336,96,2022,shuffled,defect,2545,-0.0057017512313957686,-0.05675513016441459,0.04241236139687268,0.0,0.7856071964017991,0.888,0.7736641300296655,432.0,432.0,432.0,14.0,0.0,6.0,2000,2000,0.7736641300296655,-0.004107169165293121
DLinear_ETTh2_h336_none_s2022_shuf,ETTh2,DLinear,none,336,96,2022,shuffled,control,2545,-0.014936821308402102,-0.0496359683122447,0.018556533297419076,0.0,0.3423288355822089,0.345,0.4512188337157358,432.0,432.0,432.0,14.0,0.0,6.0,2000,2000,0.4512188337157358,-0.015782128413945974
DLinear_ETTh2_h336_none_s2023_det,ETTh2,DLinear,none,336,96,2023,deterministic,index,2545,-0.26193542688207144,-0.5699813619348444,0.121378392867796,0.0,0.21189405297351324,0.226,7.528834770832591e-40,432.0,432.0,432.0,14.0,0.0,6.0,2000,2000,7.528834770832591e-40,-0.23115457782993937
DLinear_ETTh2_h336_none_s2023_det,ETTh2,DLinear,none,336,96,2023,deterministic,defect,2545,0.022772806726838176,-0.00779280085985217,0.05933885510020777,0.0,0.22338830584707647,0.131,0.25071408143765184,432.0,432.0,432.0,14.0,0.0,6.0,2000,2000,0.25071408143765184,0.023901514207025788
DLinear_ETTh2_h336_none_s2023_det,ETTh2,DLinear,none,336,96,2023,deterministic,control,2545,0.009603392474127897,-0.03980170533885323,0.06356607490609902,0.0,0.7026486756621689,0.743,0.6281185611146196,432.0,432.0,432.0,14.0,0.0,6.0,2000,2000,0.6281185611146196,0.009869009809757866
DLinear_ETTh2_h336_none_s2023_shuf,ETTh2,DLinear,none,336,96,2023,shuffled,index,2545,-0.26078171577365034,-0.5752700617819473,0.12339491967550376,0.0,0.21139430284857572,0.225,1.6284330279736612e-39,432.0,432.0,432.0,14.0,0.0,6.0,2000,2000,1.6284330279736612e-39,-0.22827449792664944
DLinear_ETTh2_h336_none_s2023_shuf,ETTh2,DLinear,none,336,96,2023,shuffled,defect,2545,-0.01368395529740632,-0.07495488072791918,0.03846356312378002,0.0,0.568215892053973,0.626,0.4900731746253525,432.0,432.0,432.0,14.0,0.0,6.0,2000,2000,0.4900731746253525,-0.016262706350582013
DLinear_ETTh2_h336_none_s2023_shuf,ETTh2,DLinear,none,336,96,2023,shuffled,control,2545,0.02808477260065096,-0.004217632901168823,0.05805119562799278,0.0,0.11694152923538231,0.087,0.1566168671876989,432.0,432.0,432.0,14.0,0.0,6.0,2000,2000,0.1566168671876989,0.02829873949167181
DLinear_ETTh2_h336_revin_s2021_det,ETTh2,DLinear,revin,336,96,2021,deterministic,index,2545,0.3197661854802949,-0.16041924589513804,0.6531188681668038,0.0,0.11144427786106946,0.204,1.6116023686886424e-58,432.0,432.0,432.0,14.0,0.0,6.0,2000,2000,1.6116023686886424e-58,0.28535963334014186
DLinear_ETTh2_h336_revin_s2021_det,ETTh2,DLinear,revin,336,96,2021,deterministic,defect,2545,0.013541139219104137,-0.020069285818003053,0.052147001773584487,0.0,0.5942028985507246,0.442,0.49461374614346587,432.0,432.0,432.0,14.0,0.0,6.0,2000,2000,0.49461374614346587,0.014005907406218312
DLinear_ETTh2_h336_revin_s2021_det,ETTh2,DLinear,revin,336,96,2021,deterministic,control,2545,-0.009385915751242108,-0.024400034548566363,0.013679595352501742,0.0,0.5747126436781609,0.407,0.6359224247866166,432.0,432.0,432.0,14.0,0.0,6.0,2000,2000,0.6359224247866166,-0.0071843754160558024
DLinear_ETTh2_h336_revin_s2021_shuf,ETTh2,DLinear,revin,336,96,2021,shuffled,index,2545,0.3189976748690026,-0.16747968331005517,0.6551485757049339,0.0,0.11694152923538231,0.215,3.01632054632845e-58,432.0,432.0,432.0,14.0,0.0,6.0,2000,2000,3.01632054632845e-58,0.2828841393261905
DLinear_ETTh2_h336_revin_s2021_shuf,ETTh2,DLinear,revin,336,96,2021,shuffled,defect,2545,0.011236146988673047,-0.028527028719522684,0.0425612932070929,0.0,0.5297351324337831,0.556,0.570897845835137,432.0,432.0,432.0,14.0,0.0,6.0,2000,2000,0.570897845835137,0.00912993011797305
DLinear_ETTh2_h336_revin_s2021_shuf,ETTh2,DLinear,revin,336,96,2021,shuffled,control,2545,0.01567378568476518,-0.030111765014659075,0.05843750955564422,0.0,0.4027986006996502,0.558,0.4292033243028224,432.0,432.0,432.0,14.0,0.0,6.0,2000,2000,0.4292033243028224,0.013421867786021564
DLinear_ETTh2_h336_revin_s2022_det,ETTh2,DLinear,revin,336,96,2022,deterministic,index,2545,0.32158981709157786,-0.16022887376527897,0.6453455711623998,0.0,0.11294352823588207,0.214,3.619885528627347e-59,432.0,432.0,432.0,14.0,0.0,6.0,2000,2000,3.619885528627347e-59,0.27685506379808944
DLinear_ETTh2_h336_revin_s2022_det,ETTh2,DLinear,revin,336,96,2022,deterministic,defect,2545,-0.012807396868665957,-0.04350264558394937,0.014083757855083425,0.0,0.48875562218890556,0.383,0.5182919719532655,432.0,432.0,432.0,14.0,0.0,6.0,2000,2000,0.5182919719532655,-0.012681463312458015
DLinear_ETTh2_h336_revin_s2022_det,ETTh2,DLinear,revin,336,96,2022,deterministic,control,2545,-0.009352857563544936,-0.039667284374624696,0.016643754305242755,0.0,0.5707146426786607,0.526,0.6371122494755731,432.0,432.0,432.0,14.0,0.0,6.0,2000,2000,0.6371122494755731,-0.010113164781051709
DLinear_ETTh2_h336_revin_s2022_shuf,ETTh2,DLinear,revin,336,96,2022,shuffled,index,2545,0.3222576709245293,-0.16350622033363985,0.6497455103095984,0.0,0.12343828085957022,0.212,2.090552426859e-59,432.0,432.0,432.0,14.0,0.0,6.0,2000,2000,2.090552426859e-59,0.2765733863455639
DLinear_ETTh2_h336_revin_s2022_shuf,ETTh2,DLinear,revin,336,96,2022,shuffled,defect,2545,0.011407893623036538,-0.02757380755134611,0.054635920050463645,0.0,0.5872063968015993,0.521,0.5650260369767057,432.0,432.0,432.0,14.0,0.0,6.0,2000,2000,0.5650260369767057,0.013485953371249672
DLinear_ETTh2_h336_revin_s2022_shuf,ETTh2,DLinear,revin,336,96,2022,shuffled,control,2545,0.0023495218833092255,-0.039724310251362485,0.051710289717288575,0.0,0.9340329835082459,0.955,0.9056672367013123,432.0,432.0,432.0,14.0,0.0,6.0,2000,2000,0.9056672367013123,0.0023722196134165073
DLinear_ETTh2_h336_revin_s2023_det,ETTh2,DLinear,revin,336,96,2023,deterministic,index,2545,0.3196768087132266,-0.16410850326479812,0.6471529196549141,0.0,0.11744127936031984,0.217,1.733604720464931e-58,432.0,432.0,432.0,14.0,0.0,6.0,2000,2000,1.733604720464931e-58,0.28243480319119446
DLinear_ETTh2_h336_revin_s2023_det,ETTh2,DLinear,revin,336,96,2023,deterministic,defect,2545,-0.02860010131699572,-0.053219061234220495,0.0009714559216984792,0.0,0.1729135432283858,0.057,0.14915172439878227,432.0,432.0,432.0,14.0,0.0,6.0,2000,2000,0.14915172439878227,-0.02797219206211735
DLinear_ETTh2_h336_revin_s2023_det,ETTh2,DLinear,revin,336,96,2023,deterministic,control,2545,-0.015417448793553468,-0.04454712264326655,0.018853706029972488,0.0,0.4767616191904048,0.346,0.4367892168787636,432.0,432.0,432.0,14.0,0.0,6.0,2000,2000,0.4367892168787636,-0.014863829130123208
DLinear_ETTh2_h336_revin_s2023_shuf,ETTh2,DLinear,revin,336,96,2023,shuffled,index,2545,0.32071502036837346,-0.1678768962575838,0.6420131083694923,0.0,0.11294352823588207,0.251,7.417671260992359e-59,432.0,432.0,432.0,14.0,0.0,6.0,2000,2000,7.417671260992359e-59,0.2670924287586113
DLinear_ETTh2_h336_revin_s2023_shuf,ETTh2,DLinear,revin,336,96,2023,shuffled,defect,2545,-0.006405765162439004,-0.0517211892885157,0.03637396215297313,0.0,0.7476261869065467,0.801,0.7466236745536257,432.0,432.0,432.0,14.0,0.0,6.0,2000,2000,0.7466236745536257,-0.006339018303530284
DLinear_ETTh2_h336_revin_s2023_shuf,ETTh2,DLinear,revin,336,96,2023,shuffled,control,2545,-0.020773491520707416,-0.04990872055639693,0.011704763205575086,0.0,0.30884557721139433,0.252,0.2947422626382783,432.0,432.0,432.0,14.0,0.0,6.0,2000,2000,0.2947422626382783,-0.0184349422919341
DLinear_ETTh2_h336_san_lite_s2021_det,ETTh2,DLinear,san_lite,336,96,2021,deterministic,index,2545,0.3179009306052798,-0.1482294168418397,0.62832317249701,0.0,0.12043978010994502,0.221,7.359312306386745e-58,432.0,432.0,432.0,14.0,0.0,6.0,2000,2000,7.359312306386745e-58,0.2737347791680158
DLinear_ETTh2_h336_san_lite_s2021_det,ETTh2,DLinear,san_lite,336,96,2021,deterministic,defect,2545,0.008213978634074203,-0.016876961359873932,0.034111157756454805,0.0,0.6486756621689156,0.565,0.6786563774550805,432.0,432.0,432.0,14.0,0.0,6.0,2000,2000,0.6786563774550805,0.007955480680003586
DLinear_ETTh2_h336_san_lite_s2021_det,ETTh2,DLinear,san_lite,336,96,2021,deterministic,control,2545,0.012516754040318179,-0.02315527800394161,0.03748961273169538,0.0,0.5497251374312844,0.467,0.5278306245191129,432.0,432.0,432.0,14.0,0.0,6.0,2000,2000,0.5278306245191129,0.010054556849131053
DLinear_ETTh2_h336_san_lite_s2021_shuf,ETTh2,DLinear,san_lite,336,96,2021,shuffled,index,2545,0.31777921089045,-0.15510158984840344,0.6292896817462689,0.0,0.12843578210894552,0.209,8.123550233972748e-58,432.0,432.0,432.0,14.0,0.0,6.0,2000,2000,8.123550233972748e-58,0.2670845423264967
DLinear_ETTh2_h336_san_lite_s2021_shuf,ETTh2,DLinear,san_lite,336,96,2021,shuffled,defect,2545,0.010629960857232517,-0.027696214633980337,0.04014981631297001,0.0,0.5837081459270365,0.629,0.5918515518564148,432.0,432.0,432.0,14.0,0.0,6.0,2000,2000,0.5918515518564148,0.007704756839446738
DLinear_ETTh2_h336_san_lite_s2021_shuf,ETTh2,DLinear,san_lite,336,96,2021,shuffled,control,2545,-0.021897953949366715,-0.05661413575974419,0.017397663174469724,0.0,0.3343328335832084,0.264,0.2693803044524016,432.0,432.0,432.0,14.0,0.0,6.0,2000,2000,0.2693803044524016,-0.020118395147607337
DLinear_ETTh2_h336_san_lite_s2022_det,ETTh2,DLinear,san_lite,336,96,2022,deterministic,index,2545,0.3189431857535619,-0.15365356939846114,0.6386782459718393,0.0,0.12593703148425786,0.198,3.153216488048735e-58,432.0,432.0,432.0,14.0,0.0,6.0,2000,2000,3.153216488048735e-58,0.2783069312556805
DLinear_ETTh2_h336_san_lite_s2022_det,ETTh2,DLinear,san_lite,336,96,2022,deterministic,defect,2545,0.010922663136189358,-0.03851139558599404,0.04218516215231013,0.0,0.6136931534232883,0.694,0.5816897736149296,432.0,432.0,432.0,14.0,0.0,6.0,2000,2000,0.5816897736149296,0.006343784336167659
DLinear_ETTh2_h336_san_lite_s2022_det,ETTh2,DLinear,san_lite,336,96,2022,deterministic,control,2545,-0.030852401805954912,-0.06762964509024355,0.007038913431337704,0.0,0.15992003998001,0.117,0.11967577112613847,432.0,432.0,432.0,14.0,0.0,6.0,2000,2000,0.11967577112613847,-0.03005201250956877
DLinear_ETTh2_h336_san_lite_s2022_shuf,ETTh2,DLinear,san_lite,336,96,2022,shuffled,index,2545,0.319020388494799,-0.15904017772981183,0.6349670951818652,0.0,0.12043978010994502,0.215,2.961019452484125e-58,432.0,432.0,432.0,14.0,0.0,6.0,2000,2000,2.961019452484125e-58,0.2722331517031948
DLinear_ETTh2_h336_san_lite_s2022_shuf,ETTh2,DLinear,san_lite,336,96,2022,shuffled,defect,2545,0.010446865053734492,-0.026663865885800678,0.04973111875889171,0.0,0.5992003998001,0.509,0.5982492665630448,432.0,432.0,432.0,14.0,0.0,6.0,2000,2000,0.5982492665630448,0.012223528631936008
DLinear_ETTh2_h336_san_lite_s2022_shuf,ETTh2,DLinear,san_lite,336,96,2022,shuffled,control,2545,-0.010866453081952413,-0.035799894526688004,0.013312361132879156,0.0,0.5442278860569715,0.489,0.5836348860497748,432.0,432.0,432.0,14.0,0.0,6.0,2000,2000,0.5836348860497748,-0.008919655595980434
DLinear_ETTh2_h336_san_lite_s2023_det,ETTh2,DLinear,san_lite,336,96,2023,deterministic,index,2545,0.3182625821227771,-0.16332773068779788,0.6294893989754672,0.0,0.11644177911044477,0.211,5.4859472608825785e-58,432.0,432.0,432.0,14.0,0.0,6.0,2000,2000,5.4859472608825785e-58,0.27764179563317126
DLinear_ETTh2_h336_san_lite_s2023_det,ETTh2,DLinear,san_lite,336,96,2023,deterministic,defect,2545,0.014886037598406902,-0.011655951523719434,0.045403095706150885,0.0,0.36531734132933535,0.24,0.4527590844523973,432.0,432.0,432.0,14.0,0.0,6.0,2000,2000,0.4527590844523973,0.01714667743505511
DLinear_ETTh2_h336_san_lite_s2023_det,ETTh2,DLinear,san_lite,336,96,2023,deterministic,control,2545,0.016793083841080646,-0.008791800620140403,0.03939856499194293,0.0,0.440279860069965,0.191,0.39698903452015555,432.0,432.0,432.0,14.0,0.0,6.0,2000,2000,0.39698903452015555,0.016546942548202673
DLinear_ETTh2_h336_san_lite_s2023_shuf,ETTh2,DLinear,san_lite,336,96,2023,shuffled,index,2545,0.31825413176002443,-0.15618224211891715,0.6334258735222666,0.0,0.11894052973513243,0.193,5.523755420200144e-58,432.0,432.0,432.0,14.0,0.0,6.0,2000,2000,5.523755420200144e-58,0.27827648909065705
DLinear_ETTh2_h336_san_lite_s2023_shuf,ETTh2,DLinear,san_lite,336,96,2023,shuffled,defect,2545,-0.007661533619704148,-0.05253078311431412,0.03573323307941085,0.0,0.712143928035982,0.81,0.6991759755042652,432.0,432.0,432.0,14.0,0.0,6.0,2000,2000,0.6991759755042652,-0.00649973614671229
DLinear_ETTh2_h336_san_lite_s2023_shuf,ETTh2,DLinear,san_lite,336,96,2023,shuffled,control,2545,-0.01378842661962107,-0.04937864971564702,0.02115227830668025,0.0,0.4877561219390305,0.478,0.4867659573552273,432.0,432.0,432.0,14.0,0.0,6.0,2000,2000,0.4867659573552273,-0.012850960577970933
DLinear_ETTh2_h720_fredf_s2021_det,ETTh2,DLinear,fredf,720,96,2021,deterministic,index,2161,0.017204018108700432,-0.2506308976528741,0.1875829055591371,0.0,0.9375312343828086,0.957,0.42395968062754186,816.0,816.0,816.0,13.0,0.0,3.0,2000,2000,0.42395968062754186,-0.007937464922535449
DLinear_ETTh2_h720_fredf_s2021_det,ETTh2,DLinear,fredf,720,96,2021,deterministic,defect,2161,0.0012893074222584278,-0.02875656683121596,0.02565363639842262,0.0,0.9660169915042479,0.993,0.9522180811953502,816.0,816.0,816.0,13.0,0.0,3.0,2000,2000,0.9522180811953502,-0.00037096847641395094
DLinear_ETTh2_h720_fredf_s2021_det,ETTh2,DLinear,fredf,720,96,2021,deterministic,control,2161,0.03361802796554798,0.011046651780122216,0.05897862255164151,1.0,0.15292353823088456,0.006,0.11818796046820643,816.0,816.0,816.0,13.0,0.0,3.0,2000,2000,0.11818796046820643,0.03451329194530514
DLinear_ETTh2_h720_none_s2021_det,ETTh2,DLinear,none,720,96,2021,deterministic,index,2161,-0.05307260945619818,-0.34822882931993127,0.14134963579900717,0.0,0.7541229385307346,0.466,0.013640568609952792,816.0,816.0,816.0,13.0,0.0,3.0,2000,2000,0.013640568609952792,-0.07859667104165104
DLinear_ETTh2_h720_none_s2021_det,ETTh2,DLinear,none,720,96,2021,deterministic,defect,2161,-0.0015112403611257012,-0.026051067367599823,0.0213816347175902,0.0,0.9565217391304348,0.988,0.9440057376293636,816.0,816.0,816.0,13.0,0.0,3.0,2000,2000,0.9440057376293636,-0.0007285409756571391
DLinear_ETTh2_h720_none_s2021_det,ETTh2,DLinear,none,720,96,2021,deterministic,control,2161,0.01218252733292495,-0.006638120527110271,0.04600565596217874,0.0,0.17891054472763618,0.198,0.5712627879907678,816.0,816.0,816.0,13.0,0.0,3.0,2000,2000,0.5712627879907678,0.015304302830694528
DLinear_ETTh2_h720_revin_s2021_det,ETTh2,DLinear,revin,720,96,2021,deterministic,index,2161,0.2125456690281644,-0.09936532429064085,0.4070709971708441,0.0,0.22938530734632684,0.177,5.17386613995716e-23,816.0,816.0,816.0,13.0,0.0,3.0,2000,2000,5.17386613995716e-23,0.17972089116630616
DLinear_ETTh2_h720_revin_s2021_det,ETTh2,DLinear,revin,720,96,2021,deterministic,defect,2161,-0.006208562073848685,-0.049021236110765594,0.025584457748398945,0.0,0.7456271864067966,0.715,0.7729273774727932,816.0,816.0,816.0,13.0,0.0,3.0,2000,2000,0.7729273774727932,-0.008078842150773334
DLinear_ETTh2_h720_revin_s2021_det,ETTh2,DLinear,revin,720,96,2021,deterministic,control,2161,0.007505215733228427,-0.015330458012073805,0.027781983399656585,0.0,0.7076461769115442,0.6,0.727231274852668,816.0,816.0,816.0,13.0,0.0,3.0,2000,2000,0.727231274852668,0.005578136317026908
DLinear_ETTh2_h720_san_lite_s2021_det,ETTh2,DLinear,san_lite,720,96,2021,deterministic,index,2161,0.2063111941671115,-0.10361811541094118,0.3890136263863343,0.0,0.22138930534732634,0.183,8.939406708283644e-22,816.0,816.0,816.0,13.0,0.0,3.0,2000,2000,8.939406708283644e-22,0.17181523265936396
DLinear_ETTh2_h720_san_lite_s2021_det,ETTh2,DLinear,san_lite,720,96,2021,deterministic,defect,2161,0.03584309950039404,-0.006501488751207329,0.06082606821770841,0.0,0.14492753623188406,0.083,0.09574593836809346,816.0,816.0,816.0,13.0,0.0,3.0,2000,2000,0.09574593836809346,0.0326776392727011
DLinear_ETTh2_h720_san_lite_s2021_det,ETTh2,DLinear,san_lite,720,96,2021,deterministic,control,2161,0.004633797808628644,-0.04776916542760861,0.0479436315087055,0.0,0.8260869565217391,0.897,0.8294870739237278,816.0,816.0,816.0,13.0,0.0,3.0,2000,2000,0.8294870739237278,0.0021254746799290957
DLinear_ETTh2_h96_fredf_s2021_det,ETTh2,DLinear,fredf,96,96,2021,deterministic,index,2785,0.15165646109125694,-0.1152633344726674,0.39374535319215637,0.0,0.28785607196401797,0.31,1.2246962292385045e-15,192.0,192.0,192.0,15.0,0.0,15.0,2000,2000,1.2246962292385045e-15,0.13620801684450373
DLinear_ETTh2_h96_fredf_s2021_det,ETTh2,DLinear,fredf,96,96,2021,deterministic,defect,2785,0.03346801010336749,0.006899042842679959,0.05879026505375489,1.0,0.050474762618690654,0.017,0.07741371865781578,192.0,192.0,192.0,15.0,0.0,15.0,2000,2000,0.07741371865781578,0.0323323526924106
DLinear_ETTh2_h96_fredf_s2021_det,ETTh2,DLinear,fredf,96,96,2021,deterministic,control,2785,-0.007818557406557956,-0.04756322986999738,0.02852531863367556,0.0,0.6666666666666666,0.695,0.6799470233699687,192.0,192.0,192.0,15.0,0.0,15.0,2000,2000,0.6799470233699687,-0.008558939467677062
DLinear_ETTh2_h96_fredf_s2021_shuf,ETTh2,DLinear,fredf,96,96,2021,shuffled,index,2785,0.15282215227955895,-0.10772668258645253,0.3944751004083928,0.0,0.2753623188405797,0.327,7.41705363602114e-16,192.0,192.0,192.0,15.0,0.0,15.0,2000,2000,7.41705363602114e-16,0.135117567451534
DLinear_ETTh2_h96_fredf_s2021_shuf,ETTh2,DLinear,fredf,96,96,2021,shuffled,defect,2785,-0.008286624751140264,-0.040524204184157205,0.02648724265597944,0.0,0.6501749125437282,0.652,0.6619428501101472,192.0,192.0,192.0,15.0,0.0,15.0,2000,2000,0.6619428501101472,-0.007501867985275902
DLinear_ETTh2_h96_fredf_s2021_shuf,ETTh2,DLinear,fredf,96,96,2021,shuffled,control,2785,-0.00621871406985845,-0.04093174803042357,0.027541581953353118,0.0,0.7021489255372314,0.747,0.7428195036650256,192.0,192.0,192.0,15.0,0.0,15.0,2000,2000,0.7428195036650256,-0.005984829211608423
DLinear_ETTh2_h96_fredf_s2022_det,ETTh2,DLinear,fredf,96,96,2022,deterministic,index,2785,0.15211964086335403,-0.12285978641765172,0.3956816209624676,0.0,0.3098450774612694,0.327,1.0038806751586637e-15,192.0,192.0,192.0,15.0,0.0,15.0,2000,2000,1.0038806751586637e-15,0.13439845753117327
DLinear_ETTh2_h96_fredf_s2022_det,ETTh2,DLinear,fredf,96,96,2022,deterministic,defect,2785,0.0009406783544061277,-0.03609893164243507,0.03633648522325572,0.0,0.9580209895052474,0.976,0.9604143716160739,192.0,192.0,192.0,15.0,0.0,15.0,2000,2000,0.9604143716160739,-0.000552979905910017
DLinear_ETTh2_h96_fredf_s2022_det,ETTh2,DLinear,fredf,96,96,2022,deterministic,control,2785,-0.0015875947824662488,-0.028423483500501435,0.025762578322031326,0.0,0.9160419790104948,0.951,0.9332414840845483,192.0,192.0,192.0,15.0,0.0,15.0,2000,2000,0.9332414840845483,-0.0010325965137377225
DLinear_ETTh2_h96_fredf_s2022_shuf,ETTh2,DLinear,fredf,96,96,2022,shuffled,index,2785,0.1511912363585166,-0.11758747399695328,0.39030406111524785,0.0,0.3028485757121439,0.313,1.4945089456236368e-15,192.0,192.0,192.0,15.0,0.0,15.0,2000,2000,1.4945089456236368e-15,0.13744866590009294
DLinear_ETTh2_h96_fredf_s2022_shuf,ETTh2,DLinear,fredf,96,96,2022,shuffled,defect,2785,0.002289893431887614,-0.036035089173638096,0.04259539432721703,0.0,0.9010494752623688,0.93,0.9038311722686231,192.0,192.0,192.0,15.0,0.0,15.0,2000,2000,0.9038311722686231,0.002220882793610135
DLinear_ETTh2_h96_fredf_s2022_shuf,ETTh2,DLinear,fredf,96,96,2022,shuffled,control,2785,-0.022589758721466506,-0.05591546964803913,0.011566828616344393,0.0,0.2158920539730135,0.18,0.23329358318097304,192.0,192.0,192.0,15.0,0.0,15.0,2000,2000,0.23329358318097304,-0.023202612837696996
DLinear_ETTh2_h96_fredf_s2023_det,ETTh2,DLinear,fredf,96,96,2023,deterministic,index,2785,0.15237471473098083,-0.10968579114889752,0.4182934453916025,0.0,0.27936031984008,0.299,8.995428860738453e-16,192.0,192.0,192.0,15.0,0.0,15.0,2000,2000,8.995428860738453e-16,0.13869179337902268
DLinear_ETTh2_h96_fredf_s2023_det,ETTh2,DLinear,fredf,96,96,2023,deterministic,defect,2785,0.0016790518600200016,-0.031103585343565936,0.03727429132060986,0.0,0.9300349825087456,0.915,0.9294054820809157,192.0,192.0,192.0,15.0,0.0,15.0,2000,2000,0.9294054820809157,0.00206213919126597
DLinear_ETTh2_h96_fredf_s2023_det,ETTh2,DLinear,fredf,96,96,2023,deterministic,control,2785,0.008334334579389329,-0.02552236101068508,0.041445409875709174,0.0,0.624687656171914,0.625,0.6601184059025691,192.0,192.0,192.0,15.0,0.0,15.0,2000,2000,0.6601184059025691,0.008033515277514596
DLinear_ETTh2_h96_fredf_s2023_shuf,ETTh2,DLinear,fredf,96,96,2023,shuffled,index,2785,0.14968705014757258,-0.09763632918436138,0.40071691943870874,0.0,0.31634182908545727,0.282,2.8334321874282807e-15,192.0,192.0,192.0,15.0,0.0,15.0,2000,2000,2.8334321874282807e-15,0.1389036935782904
DLinear_ETTh2_h96_fredf_s2023_shuf,ETTh2,DLinear,fredf,96,96,2023,shuffled,defect,2785,-0.004433630863589111,-0.03816256044700153,0.025197541028704303,0.0,0.800599700149925,0.766,0.8150358825762244,192.0,192.0,192.0,15.0,0.0,15.0,2000,2000,0.8150358825762244,-0.005006277537813247
DLinear_ETTh2_h96_fredf_s2023_shuf,ETTh2,DLinear,fredf,96,96,2023,shuffled,control,2785,0.01233829866936899,-0.02317643029361474,0.044063786202978406,0.0,0.4847576211894053,0.525,0.5150378693433679,192.0,192.0,192.0,15.0,0.0,15.0,2000,2000,0.5150378693433679,0.010588827379308264
DLinear_ETTh2_h96_none_s2021_det,ETTh2,DLinear,none,96,96,2021,deterministic,index,2785,0.03336076380878489,-0.20724760542962808,0.2649453897617435,0.0,0.8210894552723638,0.809,0.07836800511036672,192.0,192.0,192.0,15.0,0.0,15.0,2000,2000,0.07836800511036672,0.02798146104025163
DLinear_ETTh2_h96_none_s2021_det,ETTh2,DLinear,none,96,96,2021,deterministic,defect,2785,-0.04560960918894337,-0.08941991564136512,-0.002156207411937687,1.0,0.01199400299850075,0.038,0.016104957840098123,192.0,192.0,192.0,15.0,0.0,15.0,2000,2000,0.016104957840098123,-0.04549497808419433
DLinear_ETTh2_h96_none_s2021_det,ETTh2,DLinear,none,96,96,2021,deterministic,control,2785,-0.020229565480914313,-0.047897837373784766,0.007088050097976677,0.0,0.30134932533733133,0.149,0.285797936350514,192.0,192.0,192.0,15.0,0.0,15.0,2000,2000,0.285797936350514,-0.020018430056478694
DLinear_ETTh2_h96_none_s2021_shuf,ETTh2,DLinear,none,96,96,2021,shuffled,index,2785,0.07524718760712618,-0.15083706363844857,0.2996631465023687,0.0,0.5932033983008496,0.594,7.17778817448607e-05,192.0,192.0,192.0,15.0,0.0,15.0,2000,2000,7.17778817448607e-05,0.06407793366141175
DLinear_ETTh2_h96_none_s2021_shuf,ETTh2,DLinear,none,96,96,2021,shuffled,defect,2785,0.01698065239540045,-0.011078497816420365,0.04584961010824548,0.0,0.3553223388305847,0.25,0.3702737235538792,192.0,192.0,192.0,15.0,0.0,15.0,2000,2000,0.3702737235538792,0.01684200290547052
DLinear_ETTh2_h96_none_s2021_shuf,ETTh2,DLinear,none,96,96,2021,shuffled,control,2785,0.0026777745244857733,-0.024949302775573133,0.028309749614071237,0.0,0.8680659670164917,0.814,0.8876415698757664,192.0,192.0,192.0,15.0,0.0,15.0,2000,2000,0.8876415698757664,0.0029174417687909196
DLinear_ETTh2_h96_none_s2022_det,ETTh2,DLinear,none,96,96,2022,deterministic,index,2785,0.04820033780974395,-0.18536802111322015,0.2710373517863614,0.0,0.7401299350324838,0.764,0.010983463635454507,192.0,192.0,192.0,15.0,0.0,15.0,2000,2000,0.010983463635454507,0.03759698268910644
DLinear_ETTh2_h96_none_s2022_det,ETTh2,DLinear,none,96,96,2022,deterministic,defect,2785,0.006094637518812756,-0.03194824165817637,0.040946189131738586,0.0,0.7816091954022989,0.725,0.7477745633924733,192.0,192.0,192.0,15.0,0.0,15.0,2000,2000,0.7477745633924733,0.006034505582658124
DLinear_ETTh2_h96_none_s2022_det,ETTh2,DLinear,none,96,96,2022,deterministic,control,2785,0.014894315416197327,-0.02437427140395422,0.051902308456368264,0.0,0.4777611194402799,0.465,0.4319389316822636,192.0,192.0,192.0,15.0,0.0,15.0,2000,2000,0.4319389316822636,0.014281392032471895
DLinear_ETTh2_h96_none_s2022_shuf,ETTh2,DLinear,none,96,96,2022,shuffled,index,2785,0.03246250221488886,-0.19990594490042185,0.26404164783749967,0.0,0.8225887056471765,0.786,0.08674211602011214,192.0,192.0,192.0,15.0,0.0,15.0,2000,2000,0.08674211602011214,0.0307706012714984
DLinear_ETTh2_h96_none_s2022_shuf,ETTh2,DLinear,none,96,96,2022,shuffled,defect,2785,-0.015243626219822124,-0.05646122238348592,0.02364520667050933,0.0,0.43728135932033985,0.417,0.42121856446454053,192.0,192.0,192.0,15.0,0.0,15.0,2000,2000,0.42121856446454053,-0.01614481419462672
DLinear_ETTh2_h96_none_s2022_shuf,ETTh2,DLinear,none,96,96,2022,shuffled,control,2785,-0.002186247521179937,-0.0436071229170999,0.0394354708455209,0.0,0.920039980009995,0.925,0.9081642672543911,192.0,192.0,192.0,15.0,0.0,15.0,2000,2000,0.9081642672543911,-0.002177632220936707
DLinear_ETTh2_h96_none_s2023_det,ETTh2,DLinear,none,96,96,2023,deterministic,index,2785,0.033640119791322476,-0.18459969794005587,0.24592627358622082,0.0,0.8040979510244878,0.811,0.07590207688737943,192.0,192.0,192.0,15.0,0.0,15.0,2000,2000,0.07590207688737943,0.026471927913061258
DLinear_ETTh2_h96_none_s2023_det,ETTh2,DLinear,none,96,96,2023,deterministic,defect,2785,-0.012358493767134974,-0.05108297766319442,0.02679696528281748,0.0,0.5397301349325337,0.487,0.5143502644849514,192.0,192.0,192.0,15.0,0.0,15.0,2000,2000,0.5143502644849514,-0.013667211733102518
DLinear_ETTh2_h96_none_s2023_det,ETTh2,DLinear,none,96,96,2023,deterministic,control,2785,0.008865344045625443,-0.02246457046796389,0.038739750598129785,0.0,0.665167416291854,0.605,0.6399507368385295,192.0,192.0,192.0,15.0,0.0,15.0,2000,2000,0.6399507368385295,0.007951333496032765
DLinear_ETTh2_h96_none_s2023_shuf,ETTh2,DLinear,none,96,96,2023,shuffled,index,2785,0.05930241156722936,-0.1704972492542923,0.2755741629490511,0.0,0.664167916041979,0.679,0.0017539625763773666,192.0,192.0,192.0,15.0,0.0,15.0,2000,2000,0.0017539625763773666,0.05160930083791156
DLinear_ETTh2_h96_none_s2023_shuf,ETTh2,DLinear,none,96,96,2023,shuffled,defect,2785,-0.0018404532059591947,-0.04127300652797635,0.03642913620678961,0.0,0.9150424787606197,0.942,0.9226398490508956,192.0,192.0,192.0,15.0,0.0,15.0,2000,2000,0.9226398490508956,-0.0018134358665397752
DLinear_ETTh2_h96_none_s2023_shuf,ETTh2,DLinear,none,96,96,2023,shuffled,control,2785,0.01958337068603082,-0.00928615061599543,0.0494145272177863,0.0,0.2448775612193903,0.189,0.30146839075922527,192.0,192.0,192.0,15.0,0.0,15.0,2000,2000,0.30146839075922527,0.01904903331552254
DLinear_ETTh2_h96_revin_s2021_det,ETTh2,DLinear,revin,96,96,2021,deterministic,index,2785,0.17113991426984895,-0.14218921107597024,0.4258003694007199,0.0,0.2493753123438281,0.28,1.7173132739214664e-19,192.0,192.0,192.0,15.0,0.0,15.0,2000,2000,1.7173132739214664e-19,0.151313837612696
DLinear_ETTh2_h96_revin_s2021_det,ETTh2,DLinear,revin,96,96,2021,deterministic,defect,2785,0.006753179752496138,-0.025354878659852483,0.04580297652057991,0.0,0.7301349325337332,0.677,0.7215992586839433,192.0,192.0,192.0,15.0,0.0,15.0,2000,2000,0.7215992586839433,0.008899243882435239
DLinear_ETTh2_h96_revin_s2021_det,ETTh2,DLinear,revin,96,96,2021,deterministic,control,2785,-0.027291980552855255,-0.06625708401929505,0.0034122301451357615,0.0,0.079960019990005,0.087,0.14986066694838757,192.0,192.0,192.0,15.0,0.0,15.0,2000,2000,0.14986066694838757,-0.028679825037341393
DLinear_ETTh2_h96_revin_s2021_shuf,ETTh2,DLinear,revin,96,96,2021,shuffled,index,2785,0.17017964354144186,-0.1363583559920187,0.43350538979564257,0.0,0.24087956021989004,0.284,2.725079745689456e-19,192.0,192.0,192.0,15.0,0.0,15.0,2000,2000,2.725079745689456e-19,0.14999408162972738
DLinear_ETTh2_h96_revin_s2021_shuf,ETTh2,DLinear,revin,96,96,2021,shuffled,defect,2785,-0.0051047149678578345,-0.035351970068104366,0.027515793815553913,0.0,0.768615692153923,0.777,0.7876655448167261,192.0,192.0,192.0,15.0,0.0,15.0,2000,2000,0.7876655448167261,-0.004726266741210023
DLinear_ETTh2_h96_revin_s2021_shuf,ETTh2,DLinear,revin,96,96,2021,shuffled,control,2785,0.013665177089558483,-0.027967367429759284,0.059579249501246385,0.0,0.4512743628185907,0.529,0.47089458649141525,192.0,192.0,192.0,15.0,0.0,15.0,2000,2000,0.47089458649141525,0.01405845816784613
DLinear_ETTh2_h96_revin_s2022_det,ETTh2,DLinear,revin,96,96,2022,deterministic,index,2785,0.16918043812379369,-0.14615290021087798,0.428076419061057,0.0,0.24187906046976512,0.319,4.394096010643315e-19,192.0,192.0,192.0,15.0,0.0,15.0,2000,2000,4.394096010643315e-19,0.1517439270853908
DLinear_ETTh2_h96_revin_s2022_det,ETTh2,DLinear,revin,96,96,2022,deterministic,defect,2785,0.001453479289861411,-0.0376132215435458,0.03709532485489903,0.0,0.9335332333833083,0.939,0.9388694960771384,192.0,192.0,192.0,15.0,0.0,15.0,2000,2000,0.9388694960771384,0.0012786919491755279
DLinear_ETTh2_h96_revin_s2022_det,ETTh2,DLinear,revin,96,96,2022,deterministic,control,2785,-0.012881754733284716,-0.04194910465725466,0.01792872171080103,0.0,0.3758120939530235,0.397,0.496701997167612,192.0,192.0,192.0,15.0,0.0,15.0,2000,2000,0.496701997167612,-0.012875649100041051
DLinear_ETTh2_h96_revin_s2022_shuf,ETTh2,DLinear,revin,96,96,2022,shuffled,index,2785,0.1685072913452476,-0.13966409390938153,0.4325313489990905,0.0,0.24687656171914044,0.337,6.053122339442959e-19,192.0,192.0,192.0,15.0,0.0,15.0,2000,2000,6.053122339442959e-19,0.14697531824430254
DLinear_ETTh2_h96_revin_s2022_shuf,ETTh2,DLinear,revin,96,96,2022,shuffled,defect,2785,0.0023194597257764266,-0.03202802489002813,0.038278528127952405,0.0,0.9245377311344328,0.907,0.9025956217730026,192.0,192.0,192.0,15.0,0.0,15.0,2000,2000,0.9025956217730026,0.002173705681177129
DLinear_ETTh2_h96_revin_s2022_shuf,ETTh2,DLinear,revin,96,96,2022,shuffled,control,2785,0.020896164810219078,-0.01490706083482401,0.05439873183151112,0.0,0.36731634182908546,0.246,0.2702194274833529,192.0,192.0,192.0,15.0,0.0,15.0,2000,2000,0.2702194274833529,0.02012587938019385
DLinear_ETTh2_h96_revin_s2023_det,ETTh2,DLinear,revin,96,96,2023,deterministic,index,2785,0.17219745229228273,-0.13300030516262554,0.4501811138652203,0.0,0.255872063968016,0.286,1.0297519106064145e-19,192.0,192.0,192.0,15.0,0.0,15.0,2000,2000,1.0297519106064145e-19,0.15883368326718528
DLinear_ETTh2_h96_revin_s2023_det,ETTh2,DLinear,revin,96,96,2023,deterministic,defect,2785,-0.003326963060386881,-0.046404787854132414,0.040562080955944976,0.0,0.8680659670164917,0.9,0.8606532789135746,192.0,192.0,192.0,15.0,0.0,15.0,2000,2000,0.8606532789135746,-0.003129470724279849
DLinear_ETTh2_h96_revin_s2023_det,ETTh2,DLinear,revin,96,96,2023,deterministic,control,2785,-0.013983927206497057,-0.053213678592208116,0.027527183913945045,0.0,0.49375312343828087,0.564,0.46061005741595984,192.0,192.0,192.0,15.0,0.0,15.0,2000,2000,0.46061005741595984,-0.011864784850538677
DLinear_ETTh2_h96_revin_s2023_shuf,ETTh2,DLinear,revin,96,96,2023,shuffled,index,2785,0.17235924361839797,-0.136114370988675,0.4306038828969911,0.0,0.239880059970015,0.335,9.519920646290942e-20,192.0,192.0,192.0,15.0,0.0,15.0,2000,2000,9.519920646290942e-20,0.1488290078556965
DLinear_ETTh2_h96_revin_s2023_shuf,ETTh2,DLinear,revin,96,96,2023,shuffled,defect,2785,-0.005605716495381188,-0.0383269096890485,0.025459773471876765,0.0,0.7476261869065467,0.734,0.7673996889137209,192.0,192.0,192.0,15.0,0.0,15.0,2000,2000,0.7673996889137209,-0.005551294701583485
DLinear_ETTh2_h96_revin_s2023_shuf,ETTh2,DLinear,revin,96,96,2023,shuffled,control,2785,-0.0009222281690843158,-0.026855320472475405,0.028194273485978458,0.0,0.9545227386306847,0.918,0.9611901736116314,192.0,192.0,192.0,15.0,0.0,15.0,2000,2000,0.9611901736116314,-0.0010211492069672954
DLinear_ETTh2_h96_san_lite_s2021_det,ETTh2,DLinear,san_lite,96,96,2021,deterministic,index,2785,0.21893283165924696,-0.07552419889372206,0.48845428041538336,0.0,0.1374312843578211,0.169,7.238328845340797e-31,192.0,192.0,192.0,15.0,0.0,15.0,2000,2000,7.238328845340797e-31,0.20294095073176524
DLinear_ETTh2_h96_san_lite_s2021_det,ETTh2,DLinear,san_lite,96,96,2021,deterministic,defect,2785,-0.003932358238557719,-0.04003737017851407,0.02865573878223265,0.0,0.8385807096451774,0.771,0.835630738353431,192.0,192.0,192.0,15.0,0.0,15.0,2000,2000,0.835630738353431,-0.005254938470222399
DLinear_ETTh2_h96_san_lite_s2021_det,ETTh2,DLinear,san_lite,96,96,2021,deterministic,control,2785,0.015011422315742467,-0.020200033061589427,0.0538188029218249,0.0,0.5132433783108445,0.398,0.42832741769477944,192.0,192.0,192.0,15.0,0.0,15.0,2000,2000,0.42832741769477944,0.01611512209559207
DLinear_ETTh2_h96_san_lite_s2021_shuf,ETTh2,DLinear,san_lite,96,96,2021,shuffled,index,2785,0.21869637074655232,-0.09953613423145556,0.4694819325015241,0.0,0.14842578710644677,0.193,8.368733746586577e-31,192.0,192.0,192.0,15.0,0.0,15.0,2000,2000,8.368733746586577e-31,0.20000095363776155
DLinear_ETTh2_h96_san_lite_s2021_shuf,ETTh2,DLinear,san_lite,96,96,2021,shuffled,defect,2785,-0.0049107497006039115,-0.03954250143115516,0.028278947117920273,0.0,0.7816091954022989,0.782,0.7955511795067917,192.0,192.0,192.0,15.0,0.0,15.0,2000,2000,0.7955511795067917,-0.005037335080831164
DLinear_ETTh2_h96_san_lite_s2021_shuf,ETTh2,DLinear,san_lite,96,96,2021,shuffled,control,2785,0.017463029299552037,-0.007762730319934142,0.04453320148216355,0.0,0.32283858070964516,0.174,0.35683499601919266,192.0,192.0,192.0,15.0,0.0,15.0,2000,2000,0.35683499601919266,0.017540439603689634
DLinear_ETTh2_h96_san_lite_s2022_det,ETTh2,DLinear,san_lite,96,96,2022,deterministic,index,2785,0.2172189371031116,-0.10364704355094916,0.47314391133447253,0.0,0.1519240379810095,0.209,2.0649277772853062e-30,192.0,192.0,192.0,15.0,0.0,15.0,2000,2000,2.0649277772853062e-30,0.18996391615715924
DLinear_ETTh2_h96_san_lite_s2022_det,ETTh2,DLinear,san_lite,96,96,2022,deterministic,defect,2785,0.042791758915741517,0.0006834123471330083,0.07750417961710801,1.0,0.0769615192403798,0.048,0.023955120610943452,192.0,192.0,192.0,15.0,0.0,15.0,2000,2000,0.023955120610943452,0.04083118601832066
DLinear_ETTh2_h96_san_lite_s2022_det,ETTh2,DLinear,san_lite,96,96,2022,deterministic,control,2785,-0.03168745943814641,-0.06872923561388787,0.00743599896872582,0.0,0.13243378310844578,0.122,0.09453513059353985,192.0,192.0,192.0,15.0,0.0,15.0,2000,2000,0.09453513059353985,-0.029855664661251422
DLinear_ETTh2_h96_san_lite_s2022_shuf,ETTh2,DLinear,san_lite,96,96,2022,shuffled,index,2785,0.21704030495536464,-0.06658248736565249,0.4714067268877457,0.0,0.1454272863568216,0.151,2.302250240098692e-30,192.0,192.0,192.0,15.0,0.0,15.0,2000,2000,2.302250240098692e-30,0.19826162217424206
DLinear_ETTh2_h96_san_lite_s2022_shuf,ETTh2,DLinear,san_lite,96,96,2022,shuffled,defect,2785,-3.4122732241568855e-05,-0.03741176245342108,0.037286682857563744,0.0,0.9985007496251874,0.946,0.9985634582888397,192.0,192.0,192.0,15.0,0.0,15.0,2000,2000,0.9985634582888397,-0.0007566801547078621
DLinear_ETTh2_h96_san_lite_s2022_shuf,ETTh2,DLinear,san_lite,96,96,2022,shuffled,control,2785,0.011790111176199202,-0.01995735554788869,0.036451734598483616,0.0,0.4962518740629685,0.48,0.5338833534990375,192.0,192.0,192.0,15.0,0.0,15.0,2000,2000,0.5338833534990375,0.010425417561952234
DLinear_ETTh2_h96_san_lite_s2023_det,ETTh2,DLinear,san_lite,96,96,2023,deterministic,index,2785,0.2199436014966182,-0.08764320315325215,0.4718402410430732,0.0,0.12993503248375812,0.173,3.8859015128466004e-31,192.0,192.0,192.0,15.0,0.0,15.0,2000,2000,3.8859015128466004e-31,0.19947215175668162
DLinear_ETTh2_h96_san_lite_s2023_det,ETTh2,DLinear,san_lite,96,96,2023,deterministic,defect,2785,-0.000816637911813225,-0.0449748096734088,0.038705623233352526,0.0,0.9705147426286856,0.951,0.9656307667746832,192.0,192.0,192.0,15.0,0.0,15.0,2000,2000,0.9656307667746832,-0.0016450703635599734
DLinear_ETTh2_h96_san_lite_s2023_det,ETTh2,DLinear,san_lite,96,96,2023,deterministic,control,2785,-0.014938625968501403,-0.04315304907584676,0.011339998604352022,0.0,0.4682658670664668,0.323,0.4305703477026299,192.0,192.0,192.0,15.0,0.0,15.0,2000,2000,0.4305703477026299,-0.01367253682578464
DLinear_ETTh2_h96_san_lite_s2023_shuf,ETTh2,DLinear,san_lite,96,96,2023,shuffled,index,2785,0.2195009445719786,-0.08696009665560042,0.4811858748672403,0.0,0.15942028985507245,0.174,5.104471709905951e-31,192.0,192.0,192.0,15.0,0.0,15.0,2000,2000,5.104471709905951e-31,0.19255886982810752
DLinear_ETTh2_h96_san_lite_s2023_shuf,ETTh2,DLinear,san_lite,96,96,2023,shuffled,defect,2785,-0.004960292770887225,-0.03589795127681235,0.02270682734013119,0.0,0.7571214392803598,0.729,0.793534990157994,192.0,192.0,192.0,15.0,0.0,15.0,2000,2000,0.793534990157994,-0.005420446902103604
DLinear_ETTh2_h96_san_lite_s2023_shuf,ETTh2,DLinear,san_lite,96,96,2023,shuffled,control,2785,-0.04137738433610618,-0.07424333446548508,-0.006024082094242615,1.0,0.06046976511744128,0.026,0.029019557961698972,192.0,192.0,192.0,15.0,0.0,15.0,2000,2000,0.029019557961698972,-0.0396572736302582
DLinear_ETTm1_h192_fredf_s2021_det,ETTm1,DLinear,fredf,192,96,2021,deterministic,index,11329,0.23705053937210432,0.007187823215874201,0.4153788128174994,1.0,0.01699150424787606,0.046,1.8768728184655951e-140,288.0,288.0,288.0,23.0,0.0,40.0,2000,2000,1.8768728184655951e-140,0.2283066381586147
DLinear_ETTm1_h192_fredf_s2021_det,ETTm1,DLinear,fredf,192,96,2021,deterministic,defect,11329,-0.007362975131707805,-0.02387436472195347,0.008908290726129614,0.0,0.37831084457771114,0.377,0.4332372309541883,288.0,288.0,288.0,23.0,0.0,40.0,2000,2000,0.4332372309541883,-0.007252188217034253
DLinear_ETTm1_h192_fredf_s2021_det,ETTm1,DLinear,fredf,192,96,2021,deterministic,control,11329,0.00636859213367756,-0.011830186525172195,0.02395877062407728,0.0,0.47126436781609193,0.476,0.49788020984367076,288.0,288.0,288.0,23.0,0.0,40.0,2000,2000,0.49788020984367076,0.006261097094434987
DLinear_ETTm1_h192_none_s2021_det,ETTm1,DLinear,none,192,96,2021,deterministic,index,11329,0.25032061271742667,0.03531252782688552,0.43458102933162435,1.0,0.01649175412293853,0.024,2.1924467550869465e-156,288.0,288.0,288.0,23.0,0.0,40.0,2000,2000,2.1924467550869465e-156,0.24106182908617232
DLinear_ETTm1_h192_none_s2021_det,ETTm1,DLinear,none,192,96,2021,deterministic,defect,11329,0.006201382552962127,-0.010958482889913216,0.022762174741601977,0.0,0.4917541229385307,0.452,0.5092331465080242,288.0,288.0,288.0,23.0,0.0,40.0,2000,2000,0.5092331465080242,0.006222528464094857
DLinear_ETTm1_h192_none_s2021_det,ETTm1,DLinear,none,192,96,2021,deterministic,control,11329,-0.01082789694246042,-0.03234351733716024,0.011482568763304259,0.0,0.23238380809595202,0.334,0.24913768534521963,288.0,288.0,288.0,23.0,0.0,40.0,2000,2000,0.24913768534521963,-0.010536134012508662
DLinear_ETTm1_h192_revin_s2021_det,ETTm1,DLinear,revin,192,96,2021,deterministic,index,11329,0.21031528629262727,-0.009605514978544526,0.3932446519250842,0.0,0.034482758620689655,0.065,5.572300027595547e-111,288.0,288.0,288.0,23.0,0.0,40.0,2000,2000,5.572300027595547e-111,0.2009407218526947
DLinear_ETTm1_h192_revin_s2021_det,ETTm1,DLinear,revin,192,96,2021,deterministic,defect,11329,0.009128462487439983,-0.010567874764142135,0.029076585125164638,0.0,0.32233883058470764,0.367,0.3312643360403923,288.0,288.0,288.0,23.0,0.0,40.0,2000,2000,0.3312643360403923,0.00921434327825996
DLinear_ETTm1_h192_revin_s2021_det,ETTm1,DLinear,revin,192,96,2021,deterministic,control,11329,-0.004553908509662813,-0.025463034606483005,0.01682230796745254,0.0,0.624687656171914,0.651,0.6278987458478041,288.0,288.0,288.0,23.0,0.0,40.0,2000,2000,0.6278987458478041,-0.004780144466231949
DLinear_ETTm1_h192_san_lite_s2021_det,ETTm1,DLinear,san_lite,192,96,2021,deterministic,index,11329,0.30056586200921553,0.09780219425385887,0.46369640098866016,1.0,0.0014992503748125937,0.007,1.4948525783479e-224,288.0,288.0,288.0,23.0,0.0,40.0,2000,2000,1.4948525783479e-224,0.2939279535260145
DLinear_ETTm1_h192_san_lite_s2021_det,ETTm1,DLinear,san_lite,192,96,2021,deterministic,defect,11329,0.005453298529889593,-0.01224952595216778,0.02288695833592599,0.0,0.5742128935532234,0.527,0.5616372560429771,288.0,288.0,288.0,23.0,0.0,40.0,2000,2000,0.5616372560429771,0.0056641067510816495
DLinear_ETTm1_h192_san_lite_s2021_det,ETTm1,DLinear,san_lite,192,96,2021,deterministic,control,11329,-0.006680098235841143,-0.02931328159640941,0.016205116188394642,0.0,0.4867566216891554,0.577,0.4770945140788294,288.0,288.0,288.0,23.0,0.0,40.0,2000,2000,0.4770945140788294,-0.006651815800381539
DLinear_ETTm1_h336_fredf_s2021_det,ETTm1,DLinear,fredf,336,96,2021,deterministic,index,11185,0.2705404683955313,-0.013975466655657614,0.4710422313387491,0.0,0.022488755622188907,0.054,4.923630970933702e-180,432.0,432.0,432.0,23.0,0.0,26.0,2000,2000,4.923630970933702e-180,0.2573277483147064
DLinear_ETTm1_h336_fredf_s2021_det,ETTm1,DLinear,fredf,336,96,2021,deterministic,defect,11185,-0.001137563525813178,-0.01671519670395625,0.016143840754783128,0.0,0.9050474762618691,0.96,0.9042436147673337,432.0,432.0,432.0,23.0,0.0,26.0,2000,2000,0.9042436147673337,-0.0005462588067089462
DLinear_ETTm1_h336_fredf_s2021_det,ETTm1,DLinear,fredf,336,96,2021,deterministic,control,11185,-0.015698954576716682,-0.03233942628436802,0.003791775022776239,0.0,0.12893553223388307,0.11,0.09686738070057481,432.0,432.0,432.0,23.0,0.0,26.0,2000,2000,0.09686738070057481,-0.014901072872761309
DLinear_ETTm1_h336_fredf_s2021_shuf,ETTm1,DLinear,fredf,336,96,2021,shuffled,index,11185,0.270889769352176,-0.004352106397902787,0.4776472654587307,0.0,0.02498750624687656,0.056,1.7077698136421402e-180,432.0,432.0,432.0,23.0,0.0,26.0,2000,2000,1.7077698136421402e-180,0.2636602499331009
DLinear_ETTm1_h336_fredf_s2021_shuf,ETTm1,DLinear,fredf,336,96,2021,shuffled,defect,11185,0.002236719302432108,-0.01579506594210054,0.018232731392678225,0.0,0.8200899550224887,0.825,0.8130113596937236,432.0,432.0,432.0,23.0,0.0,26.0,2000,2000,0.8130113596937236,0.001894474634672839
DLinear_ETTm1_h336_fredf_s2021_shuf,ETTm1,DLinear,fredf,336,96,2021,shuffled,control,11185,-0.0034369228651974105,-0.02377087326564517,0.01964094208585321,0.0,0.751624187906047,0.741,0.7162539483047061,432.0,432.0,432.0,23.0,0.0,26.0,2000,2000,0.7162539483047061,-0.0029701806383946065
DLinear_ETTm1_h336_fredf_s2022_det,ETTm1,DLinear,fredf,336,96,2022,deterministic,index,11185,0.27023289021692987,0.018192473234778878,0.4795539606976776,1.0,0.02448775612193903,0.042,1.2494629073620848e-179,432.0,432.0,432.0,23.0,0.0,26.0,2000,2000,1.2494629073620848e-179,0.26257130415657615
DLinear_ETTm1_h336_fredf_s2022_det,ETTm1,DLinear,fredf,336,96,2022,deterministic,defect,11185,-0.0023046937489896034,-0.0204781070288443,0.01725397182447813,0.0,0.815592203898051,0.828,0.8074387138186725,432.0,432.0,432.0,23.0,0.0,26.0,2000,2000,0.8074387138186725,-0.002194839690703856
DLinear_ETTm1_h336_fredf_s2022_det,ETTm1,DLinear,fredf,336,96,2022,deterministic,control,11185,-0.015324962455523772,-0.034105496171572935,0.003937602747646391,0.0,0.12543728135932034,0.122,0.10508570400533028,432.0,432.0,432.0,23.0,0.0,26.0,2000,2000,0.10508570400533028,-0.014675806159675389
DLinear_ETTm1_h336_fredf_s2022_shuf,ETTm1,DLinear,fredf,336,96,2022,shuffled,index,11185,0.2701774977631075,0.004962259143742454,0.4642721372995476,1.0,0.01899050474762619,0.048,1.4774430013161774e-179,432.0,432.0,432.0,23.0,0.0,26.0,2000,2000,1.4774430013161774e-179,0.25641598129604826
DLinear_ETTm1_h336_fredf_s2022_shuf,ETTm1,DLinear,fredf,336,96,2022,shuffled,defect,11185,-0.006175701188801422,-0.022805210839873538,0.010424289776044532,0.0,0.49975012493753124,0.415,0.5136868003936109,432.0,432.0,432.0,23.0,0.0,26.0,2000,2000,0.5136868003936109,-0.00687238828534186
DLinear_ETTm1_h336_fredf_s2022_shuf,ETTm1,DLinear,fredf,336,96,2022,shuffled,control,11185,0.005046262238985464,-0.012471058083399968,0.02321987792311113,0.0,0.5297351324337831,0.592,0.5935736055793006,432.0,432.0,432.0,23.0,0.0,26.0,2000,2000,0.5935736055793006,0.004873648056879325
DLinear_ETTm1_h336_fredf_s2023_det,ETTm1,DLinear,fredf,336,96,2023,deterministic,index,11185,0.27021343316719926,0.009594409049893955,0.47491260512323374,1.0,0.020989505247376312,0.043,1.3252329281998494e-179,432.0,432.0,432.0,23.0,0.0,26.0,2000,2000,1.3252329281998494e-179,0.26205214079616623
DLinear_ETTm1_h336_fredf_s2023_det,ETTm1,DLinear,fredf,336,96,2023,deterministic,defect,11185,0.004977844759385262,-0.013293870265107189,0.022885845602369972,0.0,0.607696151924038,0.555,0.5985900682081162,432.0,432.0,432.0,23.0,0.0,26.0,2000,2000,0.5985900682081162,0.005286806210339293
DLinear_ETTm1_h336_fredf_s2023_det,ETTm1,DLinear,fredf,336,96,2023,deterministic,control,11185,0.014328050150738767,-0.0030057315326041494,0.031150566769365777,0.0,0.11044477761119441,0.111,0.12970788684584117,432.0,432.0,432.0,23.0,0.0,26.0,2000,2000,0.12970788684584117,0.01421271928075626
DLinear_ETTm1_h336_fredf_s2023_shuf,ETTm1,DLinear,fredf,336,96,2023,shuffled,index,11185,0.27028536462359753,0.00954805375487181,0.4669344728890063,1.0,0.021989005497251374,0.034,1.0659986961732582e-179,432.0,432.0,432.0,23.0,0.0,26.0,2000,2000,1.0659986961732582e-179,0.2590872629332992
DLinear_ETTm1_h336_fredf_s2023_shuf,ETTm1,DLinear,fredf,336,96,2023,shuffled,defect,11185,0.00022730621426697039,-0.017096977317888562,0.017834279692233362,0.0,0.9765117441279361,0.987,0.9808217875794439,432.0,432.0,432.0,23.0,0.0,26.0,2000,2000,0.9808217875794439,0.0001795360622660676
DLinear_ETTm1_h336_fredf_s2023_shuf,ETTm1,DLinear,fredf,336,96,2023,shuffled,control,11185,0.009624960346584112,-0.016664828466303568,0.03593036462323097,0.0,0.35582208895552225,0.503,0.3087339323869287,432.0,432.0,432.0,23.0,0.0,26.0,2000,2000,0.3087339323869287,0.009078819195088354
DLinear_ETTm1_h336_none_s2021_det,ETTm1,DLinear,none,336,96,2021,deterministic,index,11185,0.27671374069753935,-0.006977340928517114,0.49325453745624925,0.0,0.017991004497751123,0.054,3.005637585162933e-188,432.0,432.0,432.0,23.0,0.0,26.0,2000,2000,3.005637585162933e-188,0.26765095875317607
DLinear_ETTm1_h336_none_s2021_det,ETTm1,DLinear,none,336,96,2021,deterministic,defect,11185,0.0010366904281635956,-0.017171587250245243,0.016921903296175368,0.0,0.9135432283858071,0.909,0.9126991629188346,432.0,432.0,432.0,23.0,0.0,26.0,2000,2000,0.9126991629188346,0.0006396627200595865
DLinear_ETTm1_h336_none_s2021_det,ETTm1,DLinear,none,336,96,2021,deterministic,control,11185,0.006878386533655439,-0.011279430629349314,0.024992228677086392,0.0,0.42628685657171417,0.461,0.46696878923587803,432.0,432.0,432.0,23.0,0.0,26.0,2000,2000,0.46696878923587803,0.006622959710868026
DLinear_ETTm1_h336_none_s2021_shuf,ETTm1,DLinear,none,336,96,2021,shuffled,index,11185,0.27781741028947315,0.006917736848444252,0.48555594806613533,1.0,0.02048975512243878,0.041,9.769617970250667e-190,432.0,432.0,432.0,23.0,0.0,26.0,2000,2000,9.769617970250667e-190,0.2611944326558424
DLinear_ETTm1_h336_none_s2021_shuf,ETTm1,DLinear,none,336,96,2021,shuffled,defect,11185,-0.008435211929036974,-0.023846120181925605,0.009393451381498334,0.0,0.3583208395802099,0.327,0.3723602101109632,432.0,432.0,432.0,23.0,0.0,26.0,2000,2000,0.3723602101109632,-0.00799284212967873
DLinear_ETTm1_h336_none_s2021_shuf,ETTm1,DLinear,none,336,96,2021,shuffled,control,11185,0.004001964375387307,-0.01242563780046223,0.020259358493980185,0.0,0.6736631684157921,0.625,0.6721307643849239,432.0,432.0,432.0,23.0,0.0,26.0,2000,2000,0.6721307643849239,0.0039761118181549145
DLinear_ETTm1_h336_none_s2022_det,ETTm1,DLinear,none,336,96,2022,deterministic,index,11185,0.2764853560632413,0.018346288471476763,0.4886596932928052,1.0,0.025987006496751622,0.036,6.09713459418589e-188,432.0,432.0,432.0,23.0,0.0,26.0,2000,2000,6.09713459418589e-188,0.265588258118757
DLinear_ETTm1_h336_none_s2022_det,ETTm1,DLinear,none,336,96,2022,deterministic,defect,11185,0.01876588222276908,0.0026507520446997553,0.03626068776710691,1.0,0.04997501249375312,0.023,0.04719175097816174,432.0,432.0,432.0,23.0,0.0,26.0,2000,2000,0.04719175097816174,0.019254943730365348
DLinear_ETTm1_h336_none_s2022_det,ETTm1,DLinear,none,336,96,2022,deterministic,control,11185,0.0070788531378535805,-0.008291959032315093,0.022276548192594663,0.0,0.4737631184407796,0.375,0.45408621584633224,432.0,432.0,432.0,23.0,0.0,26.0,2000,2000,0.45408621584633224,0.006982098705340779
DLinear_ETTm1_h336_none_s2022_shuf,ETTm1,DLinear,none,336,96,2022,shuffled,index,11185,0.27660507419393604,0.00803598184720597,0.4861513205041978,1.0,0.020989505247376312,0.043,4.208528276169934e-188,432.0,432.0,432.0,23.0,0.0,26.0,2000,2000,4.208528276169934e-188,0.26567804330502326
DLinear_ETTm1_h336_none_s2022_shuf,ETTm1,DLinear,none,336,96,2022,shuffled,defect,11185,-0.001455415677302348,-0.01642271096486281,0.01411779415263152,0.0,0.872063968015992,0.927,0.8776754486055582,432.0,432.0,432.0,23.0,0.0,26.0,2000,2000,0.8776754486055582,-0.0008907058040136575
DLinear_ETTm1_h336_none_s2022_shuf,ETTm1,DLinear,none,336,96,2022,shuffled,control,11185,0.010519293373513839,-0.007956725399645734,0.02848636577407242,0.0,0.24687656171914044,0.25,0.2659396022888495,432.0,432.0,432.0,23.0,0.0,26.0,2000,2000,0.2659396022888495,0.010201028296674367
DLinear_ETTm1_h336_none_s2023_det,ETTm1,DLinear,none,336,96,2023,deterministic,index,11185,0.2773650686552805,0.012937355963652917,0.477670726881675,1.0,0.01999000499750125,0.042,3.9854451654453785e-189,432.0,432.0,432.0,23.0,0.0,26.0,2000,2000,3.9854451654453785e-189,0.2672949661853432
DLinear_ETTm1_h336_none_s2023_det,ETTm1,DLinear,none,336,96,2023,deterministic,defect,11185,0.006706524592277904,-0.01569465852834144,0.02849106415119432,0.0,0.5252373813093453,0.615,0.47817263725158465,432.0,432.0,432.0,23.0,0.0,26.0,2000,2000,0.47817263725158465,0.0061954286717203835
DLinear_ETTm1_h336_none_s2023_det,ETTm1,DLinear,none,336,96,2023,deterministic,control,11185,-0.005296754822530616,-0.026101737109553515,0.018163877285720074,0.0,0.592703648175912,0.627,0.5753735131322335,432.0,432.0,432.0,23.0,0.0,26.0,2000,2000,0.5753735131322335,-0.005179006493236251
DLinear_ETTm1_h336_none_s2023_shuf,ETTm1,DLinear,none,336,96,2023,shuffled,index,11185,0.27702864738826155,-0.0008808404545521774,0.4924162782019814,0.0,0.01899050474762619,0.053,1.1322850679420392e-188,432.0,432.0,432.0,23.0,0.0,26.0,2000,2000,1.1322850679420392e-188,0.2670787873602569
DLinear_ETTm1_h336_none_s2023_shuf,ETTm1,DLinear,none,336,96,2023,shuffled,defect,11185,0.015208282857281728,-0.005423850598820875,0.0347252910787864,0.0,0.12843578210894552,0.136,0.1077600071940236,432.0,432.0,432.0,23.0,0.0,26.0,2000,2000,0.1077600071940236,0.014865451378957175
DLinear_ETTm1_h336_none_s2023_shuf,ETTm1,DLinear,none,336,96,2023,shuffled,control,11185,-0.005283722168657965,-0.021062947629811608,0.009301380409035056,0.0,0.5402298850574713,0.463,0.5763138941883132,432.0,432.0,432.0,23.0,0.0,26.0,2000,2000,0.5763138941883132,-0.0054497134053749655
DLinear_ETTm1_h336_revin_s2021_det,ETTm1,DLinear,revin,336,96,2021,deterministic,index,11185,0.2340877645961334,-0.008692198184019695,0.4357703020446238,0.0,0.05547226386806597,0.059,2.6837916490113537e-135,432.0,432.0,432.0,23.0,0.0,26.0,2000,2000,2.6837916490113537e-135,0.22913752389283965
DLinear_ETTm1_h336_revin_s2021_det,ETTm1,DLinear,revin,336,96,2021,deterministic,defect,11185,-0.018144085495384234,-0.03548298497627509,-0.00020903249054758538,1.0,0.04847576211894053,0.047,0.05500743871358813,432.0,432.0,432.0,23.0,0.0,26.0,2000,2000,0.05500743871358813,-0.01779483165539283
DLinear_ETTm1_h336_revin_s2021_det,ETTm1,DLinear,revin,336,96,2021,deterministic,control,11185,-0.014194746677812167,-0.029627896769724372,0.001794828253698504,0.0,0.14042978510744628,0.078,0.13331486058534356,432.0,432.0,432.0,23.0,0.0,26.0,2000,2000,0.13331486058534356,-0.014037530616669392
DLinear_ETTm1_h336_revin_s2021_shuf,ETTm1,DLinear,revin,336,96,2021,shuffled,index,11185,0.23361546561033983,-0.02747668010279967,0.4233433952659539,0.0,0.049475262368815595,0.083,9.248790518862689e-135,432.0,432.0,432.0,23.0,0.0,26.0,2000,2000,9.248790518862689e-135,0.2195888303579166
DLinear_ETTm1_h336_revin_s2021_shuf,ETTm1,DLinear,revin,336,96,2021,shuffled,defect,11185,0.0005819329747331562,-0.018636831607948563,0.018786618754281805,0.0,0.9515242378810594,0.991,0.9509275733714075,432.0,432.0,432.0,23.0,0.0,26.0,2000,2000,0.9509275733714075,0.0002215821111619146
DLinear_ETTm1_h336_revin_s2021_shuf,ETTm1,DLinear,revin,336,96,2021,shuffled,control,11185,0.004355290233954966,-0.009826184168980272,0.01899783491686675,0.0,0.6201899050474763,0.616,0.6450918924712312,432.0,432.0,432.0,23.0,0.0,26.0,2000,2000,0.6450918924712312,0.0039407826969717116
DLinear_ETTm1_h336_revin_s2022_det,ETTm1,DLinear,revin,336,96,2022,deterministic,index,11185,0.23356569496879878,-0.0200889837573708,0.43830067786118854,0.0,0.04597701149425287,0.071,1.0535282078307932e-134,432.0,432.0,432.0,23.0,0.0,26.0,2000,2000,1.0535282078307932e-134,0.22087698832406896
DLinear_ETTm1_h336_revin_s2022_det,ETTm1,DLinear,revin,336,96,2022,deterministic,defect,11185,-0.0010014722405445235,-0.024683757477576555,0.02210801389758541,0.0,0.92103948025987,0.932,0.9156536578924723,432.0,432.0,432.0,23.0,0.0,26.0,2000,2000,0.9156536578924723,-0.001220781863447161
DLinear_ETTm1_h336_revin_s2022_det,ETTm1,DLinear,revin,336,96,2022,deterministic,control,11185,8.626037468919424e-05,-0.018208694414943428,0.019568571780252182,0.0,0.992503748125937,0.977,0.9927214652898796,432.0,432.0,432.0,23.0,0.0,26.0,2000,2000,0.9927214652898796,0.0005001615794318539
DLinear_ETTm1_h336_revin_s2022_shuf,ETTm1,DLinear,revin,336,96,2022,shuffled,index,11185,0.2336320222585375,-0.02273680608367505,0.42973145131874735,0.0,0.05247376311844078,0.075,8.856592928788826e-135,432.0,432.0,432.0,23.0,0.0,26.0,2000,2000,8.856592928788826e-135,0.21687457640106284
DLinear_ETTm1_h336_revin_s2022_shuf,ETTm1,DLinear,revin,336,96,2022,shuffled,defect,11185,0.008228129750460373,-0.006465794177137608,0.023455066530081455,0.0,0.32233883058470764,0.28,0.38421232044933773,432.0,432.0,432.0,23.0,0.0,26.0,2000,2000,0.38421232044933773,0.008504852726726988
DLinear_ETTm1_h336_revin_s2022_shuf,ETTm1,DLinear,revin,336,96,2022,shuffled,control,11185,0.00850753628214612,-0.011134351840677754,0.029897260032026862,0.0,0.4142928535732134,0.398,0.36827477500483863,432.0,432.0,432.0,23.0,0.0,26.0,2000,2000,0.36827477500483863,0.008953424921756586
DLinear_ETTm1_h336_revin_s2023_det,ETTm1,DLinear,revin,336,96,2023,deterministic,index,11185,0.23595405864020588,-0.030334690537914162,0.43584530512891817,0.0,0.041979010494752625,0.08,1.971865657553207e-137,432.0,432.0,432.0,23.0,0.0,26.0,2000,2000,1.971865657553207e-137,0.22368496727971288
DLinear_ETTm1_h336_revin_s2023_det,ETTm1,DLinear,revin,336,96,2023,deterministic,defect,11185,0.015368015581004002,-0.0001658130416316111,0.030328403352928412,0.0,0.0944527736131934,0.055,0.10411233205857286,432.0,432.0,432.0,23.0,0.0,26.0,2000,2000,0.10411233205857286,0.015490195807981569
DLinear_ETTm1_h336_revin_s2023_det,ETTm1,DLinear,revin,336,96,2023,deterministic,control,11185,0.0065708061516744475,-0.011910769029926858,0.026154766473788903,0.0,0.4672663668165917,0.515,0.4871230643946446,432.0,432.0,432.0,23.0,0.0,26.0,2000,2000,0.4871230643946446,0.006450515849178322
DLinear_ETTm1_h336_revin_s2023_shuf,ETTm1,DLinear,revin,336,96,2023,shuffled,index,11185,0.23388961218577453,-0.03066326748952528,0.43457628377906743,0.0,0.051974012993503245,0.086,4.511481437369718e-135,432.0,432.0,432.0,23.0,0.0,26.0,2000,2000,4.511481437369718e-135,0.21811433351545897
DLinear_ETTm1_h336_revin_s2023_shuf,ETTm1,DLinear,revin,336,96,2023,shuffled,defect,11185,0.015506270023473068,-0.004765239260804925,0.03509958086243956,0.0,0.11594202898550725,0.133,0.1010349476042281,432.0,432.0,432.0,23.0,0.0,26.0,2000,2000,0.1010349476042281,0.015047151477183579
DLinear_ETTm1_h336_revin_s2023_shuf,ETTm1,DLinear,revin,336,96,2023,shuffled,control,11185,0.0020997607878089717,-0.018309901229573478,0.02189833657543329,0.0,0.8175912043978011,0.889,0.824267946068717,432.0,432.0,432.0,23.0,0.0,26.0,2000,2000,0.824267946068717,0.0016738438733168196
DLinear_ETTm1_h336_san_lite_s2021_det,ETTm1,DLinear,san_lite,336,96,2021,deterministic,index,11185,0.2984615898654681,0.052958935324450465,0.4751843728276805,1.0,0.015492253873063468,0.016,1.1655476236599538e-218,432.0,432.0,432.0,23.0,0.0,26.0,2000,2000,1.1655476236599538e-218,0.2837232746095004
DLinear_ETTm1_h336_san_lite_s2021_det,ETTm1,DLinear,san_lite,336,96,2021,deterministic,defect,11185,0.00988928054970858,-0.0033053887992830393,0.02281994809239424,0.0,0.2518740629685157,0.134,0.2956371020680194,432.0,432.0,432.0,23.0,0.0,26.0,2000,2000,0.2956371020680194,0.009972842937147992
DLinear_ETTm1_h336_san_lite_s2021_det,ETTm1,DLinear,san_lite,336,96,2021,deterministic,control,11185,0.0027406103145977204,-0.013674356463979737,0.020466226295943746,0.0,0.7786106946526736,0.77,0.7719450038627326,432.0,432.0,432.0,23.0,0.0,26.0,2000,2000,0.7719450038627326,0.002608223422879778
DLinear_ETTm1_h336_san_lite_s2021_shuf,ETTm1,DLinear,san_lite,336,96,2021,shuffled,index,11185,0.29847648717225816,0.06038856851952087,0.4839670010709017,1.0,0.010494752623688156,0.014,1.1089491543354404e-218,432.0,432.0,432.0,23.0,0.0,26.0,2000,2000,1.1089491543354404e-218,0.28316571485212877
DLinear_ETTm1_h336_san_lite_s2021_shuf,ETTm1,DLinear,san_lite,336,96,2021,shuffled,defect,11185,0.004427623484428161,-0.01454653730434046,0.02309700121195949,0.0,0.6901549225387307,0.663,0.6396123917690477,432.0,432.0,432.0,23.0,0.0,26.0,2000,2000,0.6396123917690477,0.004491432511050585
DLinear_ETTm1_h336_san_lite_s2021_shuf,ETTm1,DLinear,san_lite,336,96,2021,shuffled,control,11185,-0.0038302983647337937,-0.023241323239730122,0.018196481743121086,0.0,0.712143928035982,0.727,0.6854253004302905,432.0,432.0,432.0,23.0,0.0,26.0,2000,2000,0.6854253004302905,-0.003359833962917472
DLinear_ETTm1_h336_san_lite_s2022_det,ETTm1,DLinear,san_lite,336,96,2022,deterministic,index,11185,0.29843899888315784,0.0818809577986459,0.4797075941989613,1.0,0.009995002498750625,0.01,1.2569300779198858e-218,432.0,432.0,432.0,23.0,0.0,26.0,2000,2000,1.2569300779198858e-218,0.2886755656539954
DLinear_ETTm1_h336_san_lite_s2022_det,ETTm1,DLinear,san_lite,336,96,2022,deterministic,defect,11185,0.010017347719763968,-0.008645826631837062,0.028387131208866528,0.0,0.248375812093953,0.304,0.2894272443916849,432.0,432.0,432.0,23.0,0.0,26.0,2000,2000,0.2894272443916849,0.009864496605544634
DLinear_ETTm1_h336_san_lite_s2022_det,ETTm1,DLinear,san_lite,336,96,2022,deterministic,control,11185,0.0011979636051171565,-0.018243074491750347,0.018156306309220008,0.0,0.8950524737631185,0.89,0.899185791572871,432.0,432.0,432.0,23.0,0.0,26.0,2000,2000,0.899185791572871,0.0010949082605361362
DLinear_ETTm1_h336_san_lite_s2022_shuf,ETTm1,DLinear,san_lite,336,96,2022,shuffled,index,11185,0.298529577687037,0.0550502710738886,0.47549452013660437,1.0,0.01249375312343828,0.016,9.286669661283552e-219,432.0,432.0,432.0,23.0,0.0,26.0,2000,2000,9.286669661283552e-219,0.28551053265671217
DLinear_ETTm1_h336_san_lite_s2022_shuf,ETTm1,DLinear,san_lite,336,96,2022,shuffled,defect,11185,-0.004098660072425315,-0.01970957611575388,0.01246521349913495,0.0,0.6336831584207896,0.593,0.6646868151174683,432.0,432.0,432.0,23.0,0.0,26.0,2000,2000,0.6646868151174683,-0.004176838015385929
DLinear_ETTm1_h336_san_lite_s2022_shuf,ETTm1,DLinear,san_lite,336,96,2022,shuffled,control,11185,-0.0028513326233567207,-0.022291747162910228,0.017324772731623143,0.0,0.7641179410294853,0.736,0.7630019420554089,432.0,432.0,432.0,23.0,0.0,26.0,2000,2000,0.7630019420554089,-0.0032930575164828078
DLinear_ETTm1_h336_san_lite_s2023_det,ETTm1,DLinear,san_lite,336,96,2023,deterministic,index,11185,0.2985687864863371,0.045856479769737786,0.48188663994111386,1.0,0.008995502248875561,0.02,8.146038779027401e-219,432.0,432.0,432.0,23.0,0.0,26.0,2000,2000,8.146038779027401e-219,0.2849074264860656
DLinear_ETTm1_h336_san_lite_s2023_det,ETTm1,DLinear,san_lite,336,96,2023,deterministic,defect,11185,0.010865949806127942,-0.008017790181336618,0.028905291329742303,0.0,0.27886056971514245,0.268,0.2505055313086737,432.0,432.0,432.0,23.0,0.0,26.0,2000,2000,0.2505055313086737,0.010621055144192955
DLinear_ETTm1_h336_san_lite_s2023_det,ETTm1,DLinear,san_lite,336,96,2023,deterministic,control,11185,0.0071356995325127515,-0.008001682689675426,0.02270545704227604,0.0,0.48575712143928035,0.339,0.4504699048606401,432.0,432.0,432.0,23.0,0.0,26.0,2000,2000,0.4504699048606401,0.007539105232016405
DLinear_ETTm1_h336_san_lite_s2023_shuf,ETTm1,DLinear,san_lite,336,96,2023,shuffled,index,11185,0.2984797243619534,0.060684270113527984,0.4745729537900827,1.0,0.008995502248875561,0.013,1.0970181387463655e-218,432.0,432.0,432.0,23.0,0.0,26.0,2000,2000,1.0970181387463655e-218,0.28639371278983505
DLinear_ETTm1_h336_san_lite_s2023_shuf,ETTm1,DLinear,san_lite,336,96,2023,shuffled,defect,11185,0.0012691909882331257,-0.016808490320452955,0.019122171292055172,0.0,0.8985507246376812,0.893,0.893226576956138,432.0,432.0,432.0,23.0,0.0,26.0,2000,2000,0.893226576956138,0.001103547521425706
DLinear_ETTm1_h336_san_lite_s2023_shuf,ETTm1,DLinear,san_lite,336,96,2023,shuffled,control,11185,-0.010350998486518243,-0.02789099345268493,0.00590463425740389,0.0,0.25987006496751625,0.202,0.27366387846208395,432.0,432.0,432.0,23.0,0.0,26.0,2000,2000,0.27366387846208395,-0.010990836421899384
DLinear_ETTm1_h720_fredf_s2021_det,ETTm1,DLinear,fredf,720,96,2021,deterministic,index,10801,0.2885975004483003,-0.10052398017565638,0.5485452394834014,0.0,0.0384807596201899,0.138,1.2503727253846418e-197,816.0,816.0,816.0,23.0,0.0,14.0,2000,2000,1.2503727253846418e-197,0.26397155543684603
DLinear_ETTm1_h720_fredf_s2021_det,ETTm1,DLinear,fredf,720,96,2021,deterministic,defect,10801,0.005107998329006841,-0.01725509065104362,0.02577406463372713,0.0,0.6356821589205397,0.656,0.5955305195537299,816.0,816.0,816.0,23.0,0.0,14.0,2000,2000,0.5955305195537299,0.004802314066906142
DLinear_ETTm1_h720_fredf_s2021_det,ETTm1,DLinear,fredf,720,96,2021,deterministic,control,10801,-0.010855231185638954,-0.03481138253356767,0.012071317955097537,0.0,0.2593703148425787,0.394,0.2592740084144346,816.0,816.0,816.0,23.0,0.0,14.0,2000,2000,0.2592740084144346,-0.010351102957482464
DLinear_ETTm1_h720_none_s2021_det,ETTm1,DLinear,none,720,96,2021,deterministic,index,10801,0.29849489822768993,-0.08749575801971231,0.551944705961173,0.0,0.03948025987006497,0.115,2.8527271500872626e-211,816.0,816.0,816.0,23.0,0.0,14.0,2000,2000,2.8527271500872626e-211,0.2734932125873178
DLinear_ETTm1_h720_none_s2021_det,ETTm1,DLinear,none,720,96,2021,deterministic,defect,10801,-0.003753383269437443,-0.024307666337045262,0.015299629906007882,0.0,0.6876561719140429,0.66,0.6964899386110857,816.0,816.0,816.0,23.0,0.0,14.0,2000,2000,0.6964899386110857,-0.004545954785367935
DLinear_ETTm1_h720_none_s2021_det,ETTm1,DLinear,none,720,96,2021,deterministic,control,10801,-0.0010933818350762896,-0.014446604297333035,0.012652337978527635,0.0,0.9095452273863068,0.865,0.9095330284759278,816.0,816.0,816.0,23.0,0.0,14.0,2000,2000,0.9095330284759278,-0.0011434751834117245
DLinear_ETTm1_h720_revin_s2021_det,ETTm1,DLinear,revin,720,96,2021,deterministic,index,10801,0.24579924740240008,-0.08431913845852614,0.4756176962932488,0.0,0.09745127436281859,0.146,6.367880128914353e-144,816.0,816.0,816.0,23.0,0.0,14.0,2000,2000,6.367880128914353e-144,0.22594588186896525
DLinear_ETTm1_h720_revin_s2021_det,ETTm1,DLinear,revin,720,96,2021,deterministic,defect,10801,-0.00825100663775477,-0.030283402727320115,0.013153245293659448,0.0,0.3708145927036482,0.458,0.3911853188033544,816.0,816.0,816.0,23.0,0.0,14.0,2000,2000,0.3911853188033544,-0.008082252165586902
DLinear_ETTm1_h720_revin_s2021_det,ETTm1,DLinear,revin,720,96,2021,deterministic,control,10801,0.007590559352954476,-0.005642124304344529,0.02094657134974546,0.0,0.4482758620689655,0.273,0.4302089952929774,816.0,816.0,816.0,23.0,0.0,14.0,2000,2000,0.4302089952929774,0.007537066090368837
DLinear_ETTm1_h720_san_lite_s2021_det,ETTm1,DLinear,san_lite,720,96,2021,deterministic,index,10801,0.2745242867858751,-0.034993012694043216,0.5123701762115435,0.0,0.063968015992004,0.083,5.0603035966374585e-179,816.0,816.0,816.0,23.0,0.0,14.0,2000,2000,5.0603035966374585e-179,0.25933259731901726
DLinear_ETTm1_h720_san_lite_s2021_det,ETTm1,DLinear,san_lite,720,96,2021,deterministic,defect,10801,-0.011016519070963224,-0.02376138035237691,0.004284182338193133,0.0,0.22438780609695153,0.159,0.25226291131149825,816.0,816.0,816.0,23.0,0.0,14.0,2000,2000,0.25226291131149825,-0.01028767593006209
DLinear_ETTm1_h720_san_lite_s2021_det,ETTm1,DLinear,san_lite,720,96,2021,deterministic,control,10801,0.01917928203729089,0.002755517622799307,0.033762689278397505,1.0,0.0399800099950025,0.021,0.04624289445554738,816.0,816.0,816.0,23.0,0.0,14.0,2000,2000,0.04624289445554738,0.018627345446368366
DLinear_ETTm1_h96_fredf_s2021_det,ETTm1,DLinear,fredf,96,96,2021,deterministic,index,11425,0.2408428852688039,0.06565828189091097,0.39997861649503896,1.0,0.006496751624187906,0.014,3.9580686696131945e-146,192.0,192.0,192.0,23.0,0.0,60.0,2000,2000,3.9580686696131945e-146,0.23701696779581316
DLinear_ETTm1_h96_fredf_s2021_det,ETTm1,DLinear,fredf,96,96,2021,deterministic,defect,11425,-0.0053373060554556,-0.023676072023272435,0.013168722340746062,0.0,0.5882058970514743,0.525,0.5683603945858302,192.0,192.0,192.0,23.0,0.0,60.0,2000,2000,0.5683603945858302,-0.005691669965560616
DLinear_ETTm1_h96_fredf_s2021_det,ETTm1,DLinear,fredf,96,96,2021,deterministic,control,11425,-0.006345279446531117,-0.02311107538636023,0.008848391704453153,0.0,0.4767616191904048,0.445,0.49764284822280536,192.0,192.0,192.0,23.0,0.0,60.0,2000,2000,0.49764284822280536,-0.0065266412105629565
DLinear_ETTm1_h96_fredf_s2021_shuf,ETTm1,DLinear,fredf,96,96,2021,shuffled,index,11425,0.24107381942457418,0.05630915266719629,0.3941721604953316,1.0,0.005497251374312844,0.013,2.094063251320675e-146,192.0,192.0,192.0,23.0,0.0,60.0,2000,2000,2.094063251320675e-146,0.23326140612054538
DLinear_ETTm1_h96_fredf_s2021_shuf,ETTm1,DLinear,fredf,96,96,2021,shuffled,defect,11425,0.005970481012735931,-0.013852016013588077,0.025972258509175068,0.0,0.5797101449275363,0.524,0.523380206391995,192.0,192.0,192.0,23.0,0.0,60.0,2000,2000,0.523380206391995,0.006306248053853817
DLinear_ETTm1_h96_fredf_s2021_shuf,ETTm1,DLinear,fredf,96,96,2021,shuffled,control,11425,0.0002627354895379741,-0.016216068974697854,0.01565389258253258,0.0,0.9780109945027486,0.998,0.9775967605334147,192.0,192.0,192.0,23.0,0.0,60.0,2000,2000,0.9775967605334147,7.954359473654839e-05
DLinear_ETTm1_h96_fredf_s2022_det,ETTm1,DLinear,fredf,96,96,2022,deterministic,index,11425,0.24062427310690646,0.06299543699029644,0.3843072948745188,1.0,0.005497251374312844,0.01,7.227373718508264e-146,192.0,192.0,192.0,23.0,0.0,60.0,2000,2000,7.227373718508264e-146,0.2342093893424343
DLinear_ETTm1_h96_fredf_s2022_det,ETTm1,DLinear,fredf,96,96,2022,deterministic,defect,11425,-0.002859086518371646,-0.020704110437426513,0.014556434210351034,0.0,0.7496251874062968,0.743,0.7599183053688112,192.0,192.0,192.0,23.0,0.0,60.0,2000,2000,0.7599183053688112,-0.0032219419933056017
DLinear_ETTm1_h96_fredf_s2022_det,ETTm1,DLinear,fredf,96,96,2022,deterministic,control,11425,0.0046937379154858745,-0.013518372692777019,0.02278982720467133,0.0,0.6286856571714143,0.635,0.6158917041248492,192.0,192.0,192.0,23.0,0.0,60.0,2000,2000,0.6158917041248492,0.0043915785049611
DLinear_ETTm1_h96_fredf_s2022_shuf,ETTm1,DLinear,fredf,96,96,2022,shuffled,index,11425,0.24068682576956013,0.061910137070968686,0.38878197590641494,1.0,0.0034982508745627187,0.009,6.083886575116957e-146,192.0,192.0,192.0,23.0,0.0,60.0,2000,2000,6.083886575116957e-146,0.23357787656884432
DLinear_ETTm1_h96_fredf_s2022_shuf,ETTm1,DLinear,fredf,96,96,2022,shuffled,defect,11425,-0.003352791026097939,-0.021560375520512508,0.01554668981421936,0.0,0.7226386806596702,0.73,0.7200763578458097,192.0,192.0,192.0,23.0,0.0,60.0,2000,2000,0.7200763578458097,-0.0031872028119909446
DLinear_ETTm1_h96_fredf_s2022_shuf,ETTm1,DLinear,fredf,96,96,2022,shuffled,control,11425,0.00502739257898312,-0.011442423560710279,0.02185065659546281,0.0,0.5877061469265368,0.522,0.5910304508365052,192.0,192.0,192.0,23.0,0.0,60.0,2000,2000,0.5910304508365052,0.005026406663930723
DLinear_ETTm1_h96_fredf_s2023_det,ETTm1,DLinear,fredf,96,96,2023,deterministic,index,11425,0.24053982205978977,0.05217616786699617,0.394612947103922,1.0,0.005497251374312844,0.011,9.118740950618303e-146,192.0,192.0,192.0,23.0,0.0,60.0,2000,2000,9.118740950618303e-146,0.2341346629628218
DLinear_ETTm1_h96_fredf_s2023_det,ETTm1,DLinear,fredf,96,96,2023,deterministic,defect,11425,-0.0033854347583229254,-0.018183329123307678,0.011905012122984162,0.0,0.6901549225387307,0.659,0.7174672582659477,192.0,192.0,192.0,23.0,0.0,60.0,2000,2000,0.7174672582659477,-0.00344898885753503
DLinear_ETTm1_h96_fredf_s2023_det,ETTm1,DLinear,fredf,96,96,2023,deterministic,control,11425,0.020462071501570967,-0.005249300502692949,0.042437381671351866,0.0,0.04047976011994003,0.111,0.028738880298318406,192.0,192.0,192.0,23.0,0.0,60.0,2000,2000,0.028738880298318406,0.02007391475069028
DLinear_ETTm1_h96_fredf_s2023_shuf,ETTm1,DLinear,fredf,96,96,2023,shuffled,index,11425,0.24039017162131843,0.05508150289959338,0.39423518693744597,1.0,0.006496751624187906,0.015,1.37639486387807e-145,192.0,192.0,192.0,23.0,0.0,60.0,2000,2000,1.37639486387807e-145,0.23509886843647448
DLinear_ETTm1_h96_fredf_s2023_shuf,ETTm1,DLinear,fredf,96,96,2023,shuffled,defect,11425,-0.012533140465297358,-0.03264910219130809,0.007443886869485253,0.0,0.2028985507246377,0.227,0.18038157903119423,192.0,192.0,192.0,23.0,0.0,60.0,2000,2000,0.18038157903119423,-0.012354532401230266
DLinear_ETTm1_h96_fredf_s2023_shuf,ETTm1,DLinear,fredf,96,96,2023,shuffled,control,11425,-0.0014167358157050835,-0.01747764062243712,0.01456364421096512,0.0,0.8820589705147426,0.915,0.8796403629621727,192.0,192.0,192.0,23.0,0.0,60.0,2000,2000,0.8796403629621727,-0.0012012652926147753
DLinear_ETTm1_h96_none_s2021_det,ETTm1,DLinear,none,96,96,2021,deterministic,index,11425,0.27121120266288595,0.09430453990573717,0.4192295335093845,1.0,0.001999000499750125,0.004,9.349061180030893e-185,192.0,192.0,192.0,23.0,0.0,60.0,2000,2000,9.349061180030893e-185,0.2643405687874084
DLinear_ETTm1_h96_none_s2021_det,ETTm1,DLinear,none,96,96,2021,deterministic,defect,11425,-0.005922484207396302,-0.02338642659411043,0.011713267516839102,0.0,0.5122438780609695,0.486,0.5267247924836643,192.0,192.0,192.0,23.0,0.0,60.0,2000,2000,0.5267247924836643,-0.005991246165289896
DLinear_ETTm1_h96_none_s2021_det,ETTm1,DLinear,none,96,96,2021,deterministic,control,11425,-0.004820335886934054,-0.0269387264439212,0.016432465149520643,0.0,0.6286856571714143,0.664,0.606404528930565,192.0,192.0,192.0,23.0,0.0,60.0,2000,2000,0.606404528930565,-0.004946210886972555
DLinear_ETTm1_h96_none_s2021_shuf,ETTm1,DLinear,none,96,96,2021,shuffled,index,11425,0.2720688397233959,0.0837146715494953,0.41996824977559627,1.0,0.0009995002498750624,0.006,6.509603212768315e-186,192.0,192.0,192.0,23.0,0.0,60.0,2000,2000,6.509603212768315e-186,0.2626862500035966
DLinear_ETTm1_h96_none_s2021_shuf,ETTm1,DLinear,none,96,96,2021,shuffled,defect,11425,-0.005232306806347528,-0.026359996591063424,0.01610529596874128,0.0,0.56071964017991,0.604,0.5759943595547662,192.0,192.0,192.0,23.0,0.0,60.0,2000,2000,0.5759943595547662,-0.005409712754432017
DLinear_ETTm1_h96_none_s2021_shuf,ETTm1,DLinear,none,96,96,2021,shuffled,control,11425,-0.002270146470486733,-0.020064066446144342,0.014232699432313733,0.0,0.7916041979010495,0.831,0.8082840409467559,192.0,192.0,192.0,23.0,0.0,60.0,2000,2000,0.8082840409467559,-0.0021564611088128374
DLinear_ETTm1_h96_none_s2022_det,ETTm1,DLinear,none,96,96,2022,deterministic,index,11425,0.26745648747070966,0.0911868950007607,0.41567661705205367,1.0,0.0024987506246876563,0.003,9.865343381022275e-180,192.0,192.0,192.0,23.0,0.0,60.0,2000,2000,9.865343381022275e-180,0.26262383016865365
DLinear_ETTm1_h96_none_s2022_det,ETTm1,DLinear,none,96,96,2022,deterministic,defect,11425,0.004692544439191645,-0.012757208185547837,0.02315907839137659,0.0,0.6041979010494752,0.561,0.6159814520325005,192.0,192.0,192.0,23.0,0.0,60.0,2000,2000,0.6159814520325005,0.00504926775843866
DLinear_ETTm1_h96_none_s2022_det,ETTm1,DLinear,none,96,96,2022,deterministic,control,11425,0.004203466169484663,-0.01448489271158176,0.023744301741395614,0.0,0.6351824087956022,0.703,0.6532300061441427,192.0,192.0,192.0,23.0,0.0,60.0,2000,2000,0.6532300061441427,0.003953352921485894
DLinear_ETTm1_h96_none_s2022_shuf,ETTm1,DLinear,none,96,96,2022,shuffled,index,11425,0.2682849722273829,0.0934849064483041,0.41832993037131244,1.0,0.001999000499750125,0.002,7.7930766769363e-181,192.0,192.0,192.0,23.0,0.0,60.0,2000,2000,7.7930766769363e-181,0.2620997531234495
DLinear_ETTm1_h96_none_s2022_shuf,ETTm1,DLinear,none,96,96,2022,shuffled,defect,11425,-0.0007691802012847784,-0.018823646164003796,0.01808344186627115,0.0,0.9320339830084957,0.952,0.9344778329873638,192.0,192.0,192.0,23.0,0.0,60.0,2000,2000,0.9344778329873638,-0.0006050874883696129
DLinear_ETTm1_h96_none_s2022_shuf,ETTm1,DLinear,none,96,96,2022,shuffled,control,11425,0.008000147598533394,-0.009699258166909797,0.026362485483200738,0.0,0.4032983508245877,0.359,0.39250648133446375,192.0,192.0,192.0,23.0,0.0,60.0,2000,2000,0.39250648133446375,0.008621991352105405
DLinear_ETTm1_h96_none_s2023_det,ETTm1,DLinear,none,96,96,2023,deterministic,index,11425,0.27140155767042734,0.08641129204630223,0.41622762137471697,1.0,0.0014992503748125937,0.002,5.178880309674235e-185,192.0,192.0,192.0,23.0,0.0,60.0,2000,2000,5.178880309674235e-185,0.26249599914221855
DLinear_ETTm1_h96_none_s2023_det,ETTm1,DLinear,none,96,96,2023,deterministic,defect,11425,0.008387778814547251,-0.008886993967683152,0.02670555394172381,0.0,0.3803098450774613,0.337,0.3699794185173825,192.0,192.0,192.0,23.0,0.0,60.0,2000,2000,0.3699794185173825,0.008588137632687197
DLinear_ETTm1_h96_none_s2023_det,ETTm1,DLinear,none,96,96,2023,deterministic,control,11425,0.009243540264537659,-0.010650131336624536,0.028559178746513706,0.0,0.3248375812093953,0.368,0.3231632438544201,192.0,192.0,192.0,23.0,0.0,60.0,2000,2000,0.3231632438544201,0.00913698655290993
DLinear_ETTm1_h96_none_s2023_shuf,ETTm1,DLinear,none,96,96,2023,shuffled,index,11425,0.26793984690368045,0.08532975141916378,0.4191459664863615,1.0,0.0014992503748125937,0.007,2.245716670387685e-180,192.0,192.0,192.0,23.0,0.0,60.0,2000,2000,2.245716670387685e-180,0.26099100964783745
DLinear_ETTm1_h96_none_s2023_shuf,ETTm1,DLinear,none,96,96,2023,shuffled,defect,11425,-0.011069388556242747,-0.03008725014600551,0.008564908468452802,0.0,0.23738130934532733,0.28,0.23675734620869837,192.0,192.0,192.0,23.0,0.0,60.0,2000,2000,0.23675734620869837,-0.010799655915695743
DLinear_ETTm1_h96_none_s2023_shuf,ETTm1,DLinear,none,96,96,2023,shuffled,control,11425,-0.0046916626399866376,-0.02357746600005654,0.015291534861497763,0.0,0.5932033983008496,0.605,0.616047765905998,192.0,192.0,192.0,23.0,0.0,60.0,2000,2000,0.616047765905998,-0.00459532737709867
DLinear_ETTm1_h96_revin_s2021_det,ETTm1,DLinear,revin,96,96,2021,deterministic,index,11425,0.23287364861618962,0.05515368333654344,0.3894514367400626,1.0,0.004997501249375313,0.008,9.485307604143712e-137,192.0,192.0,192.0,23.0,0.0,60.0,2000,2000,9.485307604143712e-137,0.22880677232235974
DLinear_ETTm1_h96_revin_s2021_det,ETTm1,DLinear,revin,96,96,2021,deterministic,defect,11425,-0.010441214470759148,-0.02801708307929381,0.007103048528035497,0.0,0.263368315842079,0.259,0.2644266232632573,192.0,192.0,192.0,23.0,0.0,60.0,2000,2000,0.2644266232632573,-0.010269594111116808
DLinear_ETTm1_h96_revin_s2021_det,ETTm1,DLinear,revin,96,96,2021,deterministic,control,11425,0.006405475253414878,-0.016010591357610904,0.028420205193193087,0.0,0.5462268865567217,0.562,0.4935729245279673,192.0,192.0,192.0,23.0,0.0,60.0,2000,2000,0.4935729245279673,0.006208431869983691
DLinear_ETTm1_h96_revin_s2021_shuf,ETTm1,DLinear,revin,96,96,2021,shuffled,index,11425,0.23268906442676043,0.05605116930188906,0.3815133619763873,1.0,0.009495252373813094,0.011,1.5508652755214073e-136,192.0,192.0,192.0,23.0,0.0,60.0,2000,2000,1.5508652755214073e-136,0.22484637099183674
DLinear_ETTm1_h96_revin_s2021_shuf,ETTm1,DLinear,revin,96,96,2021,shuffled,defect,11425,-0.006166342090574323,-0.02692808723579442,0.015368225237620476,0.0,0.5337331334332833,0.578,0.5098457830183859,192.0,192.0,192.0,23.0,0.0,60.0,2000,2000,0.5098457830183859,-0.005902143137447042
DLinear_ETTm1_h96_revin_s2021_shuf,ETTm1,DLinear,revin,96,96,2021,shuffled,control,11425,0.008674301968188254,-0.009125360761554282,0.027483898665323806,0.0,0.3243378310844578,0.354,0.3538557171968366,192.0,192.0,192.0,23.0,0.0,60.0,2000,2000,0.3538557171968366,0.00916489464086789
DLinear_ETTm1_h96_revin_s2022_det,ETTm1,DLinear,revin,96,96,2022,deterministic,index,11425,0.23187287511707022,0.05608513644084414,0.3885573554172119,1.0,0.0079960019990005,0.012,1.3573744080976823e-135,192.0,192.0,192.0,23.0,0.0,60.0,2000,2000,1.3573744080976823e-135,0.22860411991621982
DLinear_ETTm1_h96_revin_s2022_det,ETTm1,DLinear,revin,96,96,2022,deterministic,defect,11425,0.008971766781205877,-0.008327875188433545,0.025447363335291105,0.0,0.31334332833583206,0.308,0.3375938243894563,192.0,192.0,192.0,23.0,0.0,60.0,2000,2000,0.3375938243894563,0.008668519486243935
DLinear_ETTm1_h96_revin_s2022_det,ETTm1,DLinear,revin,96,96,2022,deterministic,control,11425,0.021098385756800255,0.0012511017706191858,0.03966451133605304,1.0,0.025487256371814093,0.036,0.024129489862873697,192.0,192.0,192.0,23.0,0.0,60.0,2000,2000,0.024129489862873697,0.020718856149192492
DLinear_ETTm1_h96_revin_s2022_shuf,ETTm1,DLinear,revin,96,96,2022,shuffled,index,11425,0.2347749478013761,0.06362848174956985,0.3910677269422076,1.0,0.0069965017491254375,0.007,5.859367185004301e-139,192.0,192.0,192.0,23.0,0.0,60.0,2000,2000,5.859367185004301e-139,0.22911004872984955
DLinear_ETTm1_h96_revin_s2022_shuf,ETTm1,DLinear,revin,96,96,2022,shuffled,defect,11425,0.0033715194041089524,-0.013206972854728763,0.020646604127873548,0.0,0.6921539230384808,0.744,0.7185790630197639,192.0,192.0,192.0,23.0,0.0,60.0,2000,2000,0.7185790630197639,0.0032033941867688487
DLinear_ETTm1_h96_revin_s2022_shuf,ETTm1,DLinear,revin,96,96,2022,shuffled,control,11425,-0.004281242904656942,-0.021301756762290878,0.013615731240192988,0.0,0.6356821589205397,0.622,0.6472451808702546,192.0,192.0,192.0,23.0,0.0,60.0,2000,2000,0.6472451808702546,-0.004228853997785431
DLinear_ETTm1_h96_revin_s2023_det,ETTm1,DLinear,revin,96,96,2023,deterministic,index,11425,0.23448259956039055,0.059142153720205044,0.3760350171076467,1.0,0.0069965017491254375,0.013,1.2844216678727606e-138,192.0,192.0,192.0,23.0,0.0,60.0,2000,2000,1.2844216678727606e-138,0.22719024029200682
DLinear_ETTm1_h96_revin_s2023_det,ETTm1,DLinear,revin,96,96,2023,deterministic,defect,11425,0.0051107535606452,-0.010718282407754166,0.022311333499696356,0.0,0.5422288855572214,0.507,0.5848918642268446,192.0,192.0,192.0,23.0,0.0,60.0,2000,2000,0.5848918642268446,0.005472600979236504
DLinear_ETTm1_h96_revin_s2023_det,ETTm1,DLinear,revin,96,96,2023,deterministic,control,11425,-0.015079926011312549,-0.033847899072035545,0.004562678047623395,0.0,0.10394802598700649,0.137,0.10700776539527256,192.0,192.0,192.0,23.0,0.0,60.0,2000,2000,0.10700776539527256,-0.014663858212855506
DLinear_ETTm1_h96_revin_s2023_shuf,ETTm1,DLinear,revin,96,96,2023,shuffled,index,11425,0.23391437762753534,0.05098787507905889,0.38608629458674,1.0,0.006496751624187906,0.01,5.888466085360826e-138,192.0,192.0,192.0,23.0,0.0,60.0,2000,2000,5.888466085360826e-138,0.22787045398458133
DLinear_ETTm1_h96_revin_s2023_shuf,ETTm1,DLinear,revin,96,96,2023,shuffled,defect,11425,0.0001707725353548445,-0.017269793143598028,0.016296524480808663,0.0,0.9825087456271864,0.986,0.9854372608509148,192.0,192.0,192.0,23.0,0.0,60.0,2000,2000,0.9854372608509148,-4.5365563004067815e-05
DLinear_ETTm1_h96_revin_s2023_shuf,ETTm1,DLinear,revin,96,96,2023,shuffled,control,11425,0.014788513145722208,-0.004069553470226608,0.03365394784451393,0.0,0.10944527736131934,0.122,0.11395984081695529,192.0,192.0,192.0,23.0,0.0,60.0,2000,2000,0.11395984081695529,0.014709642406971798
DLinear_ETTm1_h96_san_lite_s2021_det,ETTm1,DLinear,san_lite,96,96,2021,deterministic,index,11425,0.3377102768819192,0.1748007950959021,0.46558127502928165,1.0,0.0004997501249375312,0.0005,2.6658662708828845e-285,192.0,192.0,192.0,23.0,0.0,60.0,2000,2000,2.6658662708828845e-285,0.32741375623894897
DLinear_ETTm1_h96_san_lite_s2021_det,ETTm1,DLinear,san_lite,96,96,2021,deterministic,defect,11425,0.01001513249166639,-0.00946514545487029,0.029312419409430537,0.0,0.32233883058470764,0.32,0.28441745809915076,192.0,192.0,192.0,23.0,0.0,60.0,2000,2000,0.28441745809915076,0.010117780788750842
DLinear_ETTm1_h96_san_lite_s2021_det,ETTm1,DLinear,san_lite,96,96,2021,deterministic,control,11425,-0.014550259392239782,-0.030882278961991513,0.0020767353273227402,0.0,0.09095452273863068,0.093,0.11990391344573591,192.0,192.0,192.0,23.0,0.0,60.0,2000,2000,0.11990391344573591,-0.01422870570410889
DLinear_ETTm1_h96_san_lite_s2021_shuf,ETTm1,DLinear,san_lite,96,96,2021,shuffled,index,11425,0.3378594274979348,0.173967685895525,0.47568942484653487,1.0,0.0004997501249375312,0.001,1.4986095410722733e-285,192.0,192.0,192.0,23.0,0.0,60.0,2000,2000,1.4986095410722733e-285,0.33053483445979964
DLinear_ETTm1_h96_san_lite_s2021_shuf,ETTm1,DLinear,san_lite,96,96,2021,shuffled,defect,11425,0.008880525450537002,-0.010408266722986776,0.028679070336925433,0.0,0.3853073463268366,0.378,0.34252998113610666,192.0,192.0,192.0,23.0,0.0,60.0,2000,2000,0.34252998113610666,0.008760214974652614
DLinear_ETTm1_h96_san_lite_s2021_shuf,ETTm1,DLinear,san_lite,96,96,2021,shuffled,control,11425,-0.006240761987856404,-0.02529988327898294,0.014159282895273429,0.0,0.5252373813093453,0.539,0.504751646697074,192.0,192.0,192.0,23.0,0.0,60.0,2000,2000,0.504751646697074,-0.006066052318540129
DLinear_ETTm1_h96_san_lite_s2022_det,ETTm1,DLinear,san_lite,96,96,2022,deterministic,index,11425,0.3377065734606393,0.17463859104240276,0.4726862701087932,1.0,0.0004997501249375312,0.0005,2.7042584607562353e-285,192.0,192.0,192.0,23.0,0.0,60.0,2000,2000,2.7042584607562353e-285,0.3309940214257035
DLinear_ETTm1_h96_san_lite_s2022_det,ETTm1,DLinear,san_lite,96,96,2022,deterministic,defect,11425,0.006142617950376187,-0.009873543096210458,0.022070529448613343,0.0,0.48875562218890556,0.435,0.5114753676776143,192.0,192.0,192.0,23.0,0.0,60.0,2000,2000,0.5114753676776143,0.006399020261442021
DLinear_ETTm1_h96_san_lite_s2022_det,ETTm1,DLinear,san_lite,96,96,2022,deterministic,control,11425,-0.006395962497952783,-0.024004572364347547,0.01220814102760373,0.0,0.5222388805597201,0.531,0.49421490761709974,192.0,192.0,192.0,23.0,0.0,60.0,2000,2000,0.49421490761709974,-0.005851347520979723
DLinear_ETTm1_h96_san_lite_s2022_shuf,ETTm1,DLinear,san_lite,96,96,2022,shuffled,index,11425,0.33775831888437735,0.17328472328552558,0.47106402297637917,1.0,0.0004997501249375312,0.0005,2.214502325034922e-285,192.0,192.0,192.0,23.0,0.0,60.0,2000,2000,2.214502325034922e-285,0.33294460276870635
DLinear_ETTm1_h96_san_lite_s2022_shuf,ETTm1,DLinear,san_lite,96,96,2022,shuffled,defect,11425,-9.708507621913063e-05,-0.01885822787442669,0.01786752059589019,0.0,0.992503748125937,0.984,0.991720695782701,192.0,192.0,192.0,23.0,0.0,60.0,2000,2000,0.991720695782701,-0.0002960144880917025
DLinear_ETTm1_h96_san_lite_s2022_shuf,ETTm1,DLinear,san_lite,96,96,2022,shuffled,control,11425,-0.007322237601182964,-0.025197824112741442,0.010341292439885356,0.0,0.45077461269365315,0.4,0.4338482054870182,192.0,192.0,192.0,23.0,0.0,60.0,2000,2000,0.4338482054870182,-0.007404014557008138
DLinear_ETTm1_h96_san_lite_s2023_det,ETTm1,DLinear,san_lite,96,96,2023,deterministic,index,11425,0.33778460000463106,0.17498773853748964,0.47559783604610056,1.0,0.0009995002498750624,0.0005,2.00078382606395e-285,192.0,192.0,192.0,23.0,0.0,60.0,2000,2000,2.00078382606395e-285,0.33187709047540387
DLinear_ETTm1_h96_san_lite_s2023_det,ETTm1,DLinear,san_lite,96,96,2023,deterministic,defect,11425,0.014351863348420403,-0.007585497324690102,0.03566114880484664,0.0,0.16041979010494753,0.206,0.12503658006185323,192.0,192.0,192.0,23.0,0.0,60.0,2000,2000,0.12503658006185323,0.013893784013544902
DLinear_ETTm1_h96_san_lite_s2023_det,ETTm1,DLinear,san_lite,96,96,2023,deterministic,control,11425,-0.0034316736623388917,-0.020534355070626776,0.013784669233204509,0.0,0.6846576711644178,0.741,0.7137771844843991,192.0,192.0,192.0,23.0,0.0,60.0,2000,2000,0.7137771844843991,-0.0031771988345558064
DLinear_ETTm1_h96_san_lite_s2023_shuf,ETTm1,DLinear,san_lite,96,96,2023,shuffled,index,11425,0.33784582410919456,0.16806354589145348,0.4802010534114787,1.0,0.0004997501249375312,0.0005,1.5794582899875084e-285,192.0,192.0,192.0,23.0,0.0,60.0,2000,2000,1.5794582899875084e-285,0.3314055507662958
DLinear_ETTm1_h96_san_lite_s2023_shuf,ETTm1,DLinear,san_lite,96,96,2023,shuffled,defect,11425,-0.008863180834872095,-0.02734911017556606,0.009824540397751774,0.0,0.36731634182908546,0.365,0.3434735188573437,192.0,192.0,192.0,23.0,0.0,60.0,2000,2000,0.3434735188573437,-0.00887160514210554
DLinear_ETTm1_h96_san_lite_s2023_shuf,ETTm1,DLinear,san_lite,96,96,2023,shuffled,control,11425,-0.002642672756564777,-0.02029115891899715,0.016094874285314448,0.0,0.7791104447776112,0.833,0.7775930425968094,192.0,192.0,192.0,23.0,0.0,60.0,2000,2000,0.7775930425968094,-0.002117041579467135
DLinear_ETTm2_h192_fredf_s2021_det,ETTm2,DLinear,fredf,192,96,2021,deterministic,index,11329,0.05088976656358887,-0.10397363625158808,0.20327397308412726,0.0,0.543728135932034,0.571,6.08264547460895e-08,288.0,288.0,288.0,23.0,0.0,40.0,2000,2000,6.08264547460895e-08,0.04712239677636085
DLinear_ETTm2_h192_fredf_s2021_det,ETTm2,DLinear,fredf,192,96,2021,deterministic,defect,11329,0.0027332530674677355,-0.01671023407282336,0.023196617997649133,0.0,0.7756121939030485,0.813,0.7711212729416138,288.0,288.0,288.0,23.0,0.0,40.0,2000,2000,0.7711212729416138,0.002745633438882801
DLinear_ETTm2_h192_fredf_s2021_det,ETTm2,DLinear,fredf,192,96,2021,deterministic,control,11329,0.006077197471128737,-0.011341896373470854,0.023578014895351312,0.0,0.5387306346826587,0.492,0.5177517932789633,288.0,288.0,288.0,23.0,0.0,40.0,2000,2000,0.5177517932789633,0.00581798801979611
DLinear_ETTm2_h192_none_s2021_det,ETTm2,DLinear,none,192,96,2021,deterministic,index,11329,0.02104195495081698,-0.12598657410693992,0.16189876644093568,0.0,0.8105947026486756,0.799,0.025119500465329153,288.0,288.0,288.0,23.0,0.0,40.0,2000,2000,0.025119500465329153,0.018140075993048916
DLinear_ETTm2_h192_none_s2021_det,ETTm2,DLinear,none,192,96,2021,deterministic,defect,11329,-0.0003213200037466184,-0.01791488536780939,0.01841776167352681,0.0,0.9705147426286856,0.994,0.9727184026532536,288.0,288.0,288.0,23.0,0.0,40.0,2000,2000,0.9727184026532536,-1.7263632407726935e-05
DLinear_ETTm2_h192_none_s2021_det,ETTm2,DLinear,none,192,96,2021,deterministic,control,11329,-0.0036715565824672228,-0.021734112834774777,0.015023084366725737,0.0,0.7226386806596702,0.672,0.6959635064940058,288.0,288.0,288.0,23.0,0.0,40.0,2000,2000,0.6959635064940058,-0.003663780327993047
DLinear_ETTm2_h192_revin_s2021_det,ETTm2,DLinear,revin,192,96,2021,deterministic,index,11329,0.08468292734453983,-0.06867802623530384,0.23527588064345847,0.0,0.3218390804597701,0.281,2.0037721829252833e-19,288.0,288.0,288.0,23.0,0.0,40.0,2000,2000,2.0037721829252833e-19,0.08537021405746378
DLinear_ETTm2_h192_revin_s2021_det,ETTm2,DLinear,revin,192,96,2021,deterministic,defect,11329,0.005280102490287055,-0.013701394312441204,0.023115659812861147,0.0,0.5737131434282858,0.527,0.5741313096073819,288.0,288.0,288.0,23.0,0.0,40.0,2000,2000,0.5741313096073819,0.00558423654789614
DLinear_ETTm2_h192_revin_s2021_det,ETTm2,DLinear,revin,192,96,2021,deterministic,control,11329,-0.002756109681071003,-0.020249720193674818,0.015136575164755259,0.0,0.7581209395302348,0.755,0.7692613378549773,288.0,288.0,288.0,23.0,0.0,40.0,2000,2000,0.7692613378549773,-0.002802211471837527
DLinear_ETTm2_h192_san_lite_s2021_det,ETTm2,DLinear,san_lite,192,96,2021,deterministic,index,11329,0.09869272886235475,-0.0646551397237572,0.25432909111630064,0.0,0.2413793103448276,0.249,8.264584797495954e-26,288.0,288.0,288.0,23.0,0.0,40.0,2000,2000,8.264584797495954e-26,0.09435943156069693
DLinear_ETTm2_h192_san_lite_s2021_det,ETTm2,DLinear,san_lite,192,96,2021,deterministic,defect,11329,-0.006790253612627756,-0.0253251197802004,0.011666110215453968,0.0,0.47926036981509246,0.469,0.4698595518394685,288.0,288.0,288.0,23.0,0.0,40.0,2000,2000,0.4698595518394685,-0.006533712831481891
DLinear_ETTm2_h192_san_lite_s2021_det,ETTm2,DLinear,san_lite,192,96,2021,deterministic,control,11329,0.004020320041344422,-0.014637148689224241,0.02260002823610835,0.0,0.6526736631684158,0.663,0.6687275421889809,288.0,288.0,288.0,23.0,0.0,40.0,2000,2000,0.6687275421889809,0.004221828125613107
DLinear_ETTm2_h336_fredf_s2021_det,ETTm2,DLinear,fredf,336,96,2021,deterministic,index,11185,0.056903828589725605,-0.14248491533182367,0.24136331829789828,0.0,0.5907046476761619,0.555,1.767683967572316e-09,432.0,432.0,432.0,23.0,0.0,26.0,2000,2000,1.767683967572316e-09,0.05727601205100815
DLinear_ETTm2_h336_fredf_s2021_det,ETTm2,DLinear,fredf,336,96,2021,deterministic,defect,11185,-0.0011772312619114302,-0.021677267852850037,0.018644168389749735,0.0,0.9030484757621189,0.921,0.9009214398150552,432.0,432.0,432.0,23.0,0.0,26.0,2000,2000,0.9009214398150552,-0.001121880568984425
DLinear_ETTm2_h336_fredf_s2021_det,ETTm2,DLinear,fredf,336,96,2021,deterministic,control,11185,0.018287002500329073,0.0026485986883713676,0.032633652019997794,1.0,0.03398300849575212,0.021,0.05312154168173422,432.0,432.0,432.0,23.0,0.0,26.0,2000,2000,0.05312154168173422,0.01804325498668727
DLinear_ETTm2_h336_fredf_s2021_shuf,ETTm2,DLinear,fredf,336,96,2021,shuffled,index,11185,0.04855216290150072,-0.1364132398324369,0.244590221440446,0.0,0.6511744127936032,0.632,2.8273505097034527e-07,432.0,432.0,432.0,23.0,0.0,26.0,2000,2000,2.8273505097034527e-07,0.04939039038527339
DLinear_ETTm2_h336_fredf_s2021_shuf,ETTm2,DLinear,fredf,336,96,2021,shuffled,defect,11185,-0.0013884668289022364,-0.016933158892130935,0.014428292238103503,0.0,0.8710644677661169,0.922,0.883261057058984,432.0,432.0,432.0,23.0,0.0,26.0,2000,2000,0.883261057058984,-0.0010724350350316604
DLinear_ETTm2_h336_fredf_s2021_shuf,ETTm2,DLinear,fredf,336,96,2021,shuffled,control,11185,0.010460893880669717,-0.0077478812666893415,0.028915434790577513,0.0,0.24737631184407796,0.28,0.2686027944111733,432.0,432.0,432.0,23.0,0.0,26.0,2000,2000,0.2686027944111733,0.01029718396432708
DLinear_ETTm2_h336_fredf_s2022_det,ETTm2,DLinear,fredf,336,96,2022,deterministic,index,11185,0.05884306613393532,-0.15219539379253808,0.24807512049121125,0.0,0.5652173913043478,0.586,4.880015872923839e-10,432.0,432.0,432.0,23.0,0.0,26.0,2000,2000,4.880015872923839e-10,0.05712267754492794
DLinear_ETTm2_h336_fredf_s2022_det,ETTm2,DLinear,fredf,336,96,2022,deterministic,defect,11185,0.0022826767549414227,-0.014979085376959307,0.018610811155032943,0.0,0.7781109445277361,0.836,0.8092426445659042,432.0,432.0,432.0,23.0,0.0,26.0,2000,2000,0.8092426445659042,0.001968469783348648
DLinear_ETTm2_h336_fredf_s2022_det,ETTm2,DLinear,fredf,336,96,2022,deterministic,control,11185,0.0067621809012147075,-0.008007641945641495,0.021710144940981096,0.0,0.4612693653173413,0.388,0.4745283449086162,432.0,432.0,432.0,23.0,0.0,26.0,2000,2000,0.4745283449086162,0.0066705833312456775
DLinear_ETTm2_h336_fredf_s2022_shuf,ETTm2,DLinear,fredf,336,96,2022,shuffled,index,11185,0.05314717883598252,-0.1445472296717879,0.24439169004340305,0.0,0.5872063968015993,0.594,1.903507783455869e-08,432.0,432.0,432.0,23.0,0.0,26.0,2000,2000,1.903507783455869e-08,0.05456543078431953
DLinear_ETTm2_h336_fredf_s2022_shuf,ETTm2,DLinear,fredf,336,96,2022,shuffled,defect,11185,0.004154684719424851,-0.018619706314272254,0.025432764725335302,0.0,0.6521739130434783,0.706,0.6603888783309202,432.0,432.0,432.0,23.0,0.0,26.0,2000,2000,0.6603888783309202,0.003935085421491364
DLinear_ETTm2_h336_fredf_s2022_shuf,ETTm2,DLinear,fredf,336,96,2022,shuffled,control,11185,0.00539473462162574,-0.00933035702593393,0.020275890493913,0.0,0.551224387806097,0.425,0.568327028397615,432.0,432.0,432.0,23.0,0.0,26.0,2000,2000,0.568327028397615,0.0060149846603333446
DLinear_ETTm2_h336_fredf_s2023_det,ETTm2,DLinear,fredf,336,96,2023,deterministic,index,11185,0.052781202000596134,-0.13840261586530872,0.24724360032353007,0.0,0.6371814092953523,0.563,2.3797896461877195e-08,432.0,432.0,432.0,23.0,0.0,26.0,2000,2000,2.3797896461877195e-08,0.056508353424764964
DLinear_ETTm2_h336_fredf_s2023_det,ETTm2,DLinear,fredf,336,96,2023,deterministic,defect,11185,0.006204913535209795,-0.01198940364892566,0.023182435717192886,0.0,0.49825087456271866,0.498,0.511697308243126,432.0,432.0,432.0,23.0,0.0,26.0,2000,2000,0.511697308243126,0.005859812216941016
DLinear_ETTm2_h336_fredf_s2023_det,ETTm2,DLinear,fredf,336,96,2023,deterministic,control,11185,0.005056590008272926,-0.016359760212391977,0.024688870847238264,0.0,0.5802098950524738,0.657,0.5928180343025145,432.0,432.0,432.0,23.0,0.0,26.0,2000,2000,0.5928180343025145,0.004608010886491465
DLinear_ETTm2_h336_fredf_s2023_shuf,ETTm2,DLinear,fredf,336,96,2023,shuffled,index,11185,0.0554254324129824,-0.1397499156428557,0.25178613027030533,0.0,0.5892053973013494,0.574,4.587455012911649e-09,432.0,432.0,432.0,23.0,0.0,26.0,2000,2000,4.587455012911649e-09,0.05669692464175918
DLinear_ETTm2_h336_fredf_s2023_shuf,ETTm2,DLinear,fredf,336,96,2023,shuffled,defect,11185,0.026342365852723912,0.004793014651255335,0.04533939792955967,1.0,0.010494752623688156,0.018,0.0053392189527277905,432.0,432.0,432.0,23.0,0.0,26.0,2000,2000,0.0053392189527277905,0.025985823729145357
DLinear_ETTm2_h336_fredf_s2023_shuf,ETTm2,DLinear,fredf,336,96,2023,shuffled,control,11185,0.002633178692904524,-0.01505917374860299,0.0175714018934254,0.0,0.7726136931534233,0.766,0.7806513467543991,432.0,432.0,432.0,23.0,0.0,26.0,2000,2000,0.7806513467543991,0.00210774684426001
DLinear_ETTm2_h336_none_s2021_det,ETTm2,DLinear,none,336,96,2021,deterministic,index,11185,-0.030613717092206484,-0.19349699883311305,0.14601261254800188,0.0,0.7586206896551724,0.708,0.0012056660904099748,432.0,432.0,432.0,23.0,0.0,26.0,2000,2000,0.0012056660904099748,-0.030969122969171398
DLinear_ETTm2_h336_none_s2021_det,ETTm2,DLinear,none,336,96,2021,deterministic,defect,11185,-0.0012705210263272708,-0.022137815672973463,0.022564598677947103,0.0,0.9150424787606197,0.87,0.893115356016395,432.0,432.0,432.0,23.0,0.0,26.0,2000,2000,0.893115356016395,-0.0016190121974342397
DLinear_ETTm2_h336_none_s2021_det,ETTm2,DLinear,none,336,96,2021,deterministic,control,11185,0.005241501227683608,-0.011203364616664735,0.020973285541447104,0.0,0.5727136431784108,0.529,0.5793653474576584,432.0,432.0,432.0,23.0,0.0,26.0,2000,2000,0.5793653474576584,0.005465208471281213
DLinear_ETTm2_h336_none_s2021_shuf,ETTm2,DLinear,none,336,96,2021,shuffled,index,11185,-0.053218382335446054,-0.21652677669793385,0.13021830901082226,0.0,0.6041979010494752,0.558,1.822267615516134e-08,432.0,432.0,432.0,23.0,0.0,26.0,2000,2000,1.822267615516134e-08,-0.050507233770266884
DLinear_ETTm2_h336_none_s2021_shuf,ETTm2,DLinear,none,336,96,2021,shuffled,defect,11185,-0.013140566449278935,-0.03259839222088664,0.007100314613036235,0.0,0.16441779110444776,0.177,0.16462815231032812,432.0,432.0,432.0,23.0,0.0,26.0,2000,2000,0.16462815231032812,-0.013626417495784575
DLinear_ETTm2_h336_none_s2021_shuf,ETTm2,DLinear,none,336,96,2021,shuffled,control,11185,-0.008352993041860757,-0.023036518547168004,0.00621814995544004,0.0,0.35132433783108447,0.269,0.37703853357050643,432.0,432.0,432.0,23.0,0.0,26.0,2000,2000,0.37703853357050643,-0.008233969229187624
DLinear_ETTm2_h336_none_s2022_det,ETTm2,DLinear,none,336,96,2022,deterministic,index,11185,-0.03287579699237499,-0.1974664567338942,0.12751434797654312,0.0,0.7556221889055472,0.669,0.000507509514292585,432.0,432.0,432.0,23.0,0.0,26.0,2000,2000,0.000507509514292585,-0.035435610387667967
DLinear_ETTm2_h336_none_s2022_det,ETTm2,DLinear,none,336,96,2022,deterministic,defect,11185,0.003804123201266393,-0.012075489808786524,0.01966407926478287,0.0,0.6781609195402298,0.619,0.6874611276945539,432.0,432.0,432.0,23.0,0.0,26.0,2000,2000,0.6874611276945539,0.0037900397254609034
DLinear_ETTm2_h336_none_s2022_det,ETTm2,DLinear,none,336,96,2022,deterministic,control,11185,-0.002818159414606739,-0.017589603987147918,0.013252969616009816,0.0,0.7651174412793603,0.742,0.7656780918265675,432.0,432.0,432.0,23.0,0.0,26.0,2000,2000,0.7656780918265675,-0.0026397420934788814
DLinear_ETTm2_h336_none_s2022_shuf,ETTm2,DLinear,none,336,96,2022,shuffled,index,11185,-0.033137714975679675,-0.20682643682984606,0.1384240958028812,0.0,0.7381309345327336,0.708,0.00045753387880160054,432.0,432.0,432.0,23.0,0.0,26.0,2000,2000,0.00045753387880160054,-0.03333395309728908
DLinear_ETTm2_h336_none_s2022_shuf,ETTm2,DLinear,none,336,96,2022,shuffled,defect,11185,0.0075875508879859645,-0.010525784762441742,0.024874845079265594,0.0,0.4367816091954023,0.38,0.42231170250017014,432.0,432.0,432.0,23.0,0.0,26.0,2000,2000,0.42231170250017014,0.007700660585193062
DLinear_ETTm2_h336_none_s2022_shuf,ETTm2,DLinear,none,336,96,2022,shuffled,control,11185,-0.022816153160723676,-0.04060333514987838,-0.004347902107953823,1.0,0.022988505747126436,0.012,0.015825755942446677,432.0,432.0,432.0,23.0,0.0,26.0,2000,2000,0.015825755942446677,-0.022453107404216154
DLinear_ETTm2_h336_none_s2023_det,ETTm2,DLinear,none,336,96,2023,deterministic,index,11185,-0.04269768780485843,-0.20784740959439263,0.13141880096362066,0.0,0.6546726636681659,0.648,6.317656658738867e-06,432.0,432.0,432.0,23.0,0.0,26.0,2000,2000,6.317656658738867e-06,-0.03975611367259759
DLinear_ETTm2_h336_none_s2023_det,ETTm2,DLinear,none,336,96,2023,deterministic,defect,11185,0.00243281099739422,-0.01155461885604395,0.015971801824476353,0.0,0.8050974512743628,0.729,0.7969622087685888,432.0,432.0,432.0,23.0,0.0,26.0,2000,2000,0.7969622087685888,0.002352590976989266
DLinear_ETTm2_h336_none_s2023_det,ETTm2,DLinear,none,336,96,2023,deterministic,control,11185,0.0028649019363078836,-0.014284794116016694,0.01894333971795746,0.0,0.7656171914042978,0.762,0.7619080918801016,432.0,432.0,432.0,23.0,0.0,26.0,2000,2000,0.7619080918801016,0.0025728547992585
DLinear_ETTm2_h336_none_s2023_shuf,ETTm2,DLinear,none,336,96,2023,shuffled,index,11185,-0.05092556721955869,-0.20182552722845554,0.1177875233998484,0.0,0.6066966516741629,0.587,7.220158569675206e-08,432.0,432.0,432.0,23.0,0.0,26.0,2000,2000,7.220158569675206e-08,-0.04536555337827816
DLinear_ETTm2_h336_none_s2023_shuf,ETTm2,DLinear,none,336,96,2023,shuffled,defect,11185,0.031760393341561444,0.00848114630636539,0.05185139353647115,1.0,0.0024987506246876563,0.004,0.0007828102771584392,432.0,432.0,432.0,23.0,0.0,26.0,2000,2000,0.0007828102771584392,0.031273101363263195
DLinear_ETTm2_h336_none_s2023_shuf,ETTm2,DLinear,none,336,96,2023,shuffled,control,11185,0.004813760808472803,-0.01425137193871154,0.022407586509555995,0.0,0.6496751624187906,0.665,0.6106985733001065,432.0,432.0,432.0,23.0,0.0,26.0,2000,2000,0.6106985733001065,0.00405184929383789
DLinear_ETTm2_h336_revin_s2021_det,ETTm2,DLinear,revin,336,96,2021,deterministic,index,11185,0.1047059178549672,-0.11365897758655703,0.30722622350209705,0.0,0.3058470764617691,0.342,1.6940775270900144e-28,432.0,432.0,432.0,23.0,0.0,26.0,2000,2000,1.6940775270900144e-28,0.10556893785525183
DLinear_ETTm2_h336_revin_s2021_det,ETTm2,DLinear,revin,336,96,2021,deterministic,defect,11185,-0.010154052610170066,-0.025987078087165435,0.005505333140514112,0.0,0.27636181909045476,0.213,0.28289615968911597,432.0,432.0,432.0,23.0,0.0,26.0,2000,2000,0.28289615968911597,-0.010187353614218011
DLinear_ETTm2_h336_revin_s2021_det,ETTm2,DLinear,revin,336,96,2021,deterministic,control,11185,0.004083160794615566,-0.01759822296142776,0.02499528040807439,0.0,0.7246376811594203,0.676,0.6658778007824032,432.0,432.0,432.0,23.0,0.0,26.0,2000,2000,0.6658778007824032,0.004247758176316797
DLinear_ETTm2_h336_revin_s2021_shuf,ETTm2,DLinear,revin,336,96,2021,shuffled,index,11185,0.10489225992539206,-0.1120074620707857,0.3102887613805698,0.0,0.31434282858570717,0.372,1.3593159555681625e-28,432.0,432.0,432.0,23.0,0.0,26.0,2000,2000,1.3593159555681625e-28,0.10099506179681608
DLinear_ETTm2_h336_revin_s2021_shuf,ETTm2,DLinear,revin,336,96,2021,shuffled,defect,11185,0.003179501335627179,-0.015722010972377656,0.0223940255886878,0.0,0.7741129435282359,0.765,0.7366850961613707,432.0,432.0,432.0,23.0,0.0,26.0,2000,2000,0.7366850961613707,0.0032733673800692236
DLinear_ETTm2_h336_revin_s2021_shuf,ETTm2,DLinear,revin,336,96,2021,shuffled,control,11185,-0.011229567111344773,-0.0269279855854833,0.004424967332447407,0.0,0.3003498250874563,0.174,0.23500030184215503,432.0,432.0,432.0,23.0,0.0,26.0,2000,2000,0.23500030184215503,-0.011034054273154424
DLinear_ETTm2_h336_revin_s2022_det,ETTm2,DLinear,revin,336,96,2022,deterministic,index,11185,0.10350825856071637,-0.10871844019336516,0.3021785827696938,0.0,0.30134932533733133,0.342,6.909762077576828e-28,432.0,432.0,432.0,23.0,0.0,26.0,2000,2000,6.909762077576828e-28,0.09955425255692393
DLinear_ETTm2_h336_revin_s2022_det,ETTm2,DLinear,revin,336,96,2022,deterministic,defect,11185,0.008437715210028087,-0.012041809899505632,0.030106034930973687,0.0,0.41379310344827586,0.451,0.37221833798934445,432.0,432.0,432.0,23.0,0.0,26.0,2000,2000,0.37221833798934445,0.008053263094317132
DLinear_ETTm2_h336_revin_s2022_det,ETTm2,DLinear,revin,336,96,2022,deterministic,control,11185,0.015283292958081453,-0.0035312591558842397,0.03328578491188491,0.0,0.11144427786106946,0.114,0.10603465901207632,432.0,432.0,432.0,23.0,0.0,26.0,2000,2000,0.10603465901207632,0.015140084535823044
DLinear_ETTm2_h336_revin_s2022_shuf,ETTm2,DLinear,revin,336,96,2022,shuffled,index,11185,0.10300357378446928,-0.1149579275994078,0.310825567354968,0.0,0.3248375812093953,0.346,1.2435574935858493e-27,432.0,432.0,432.0,23.0,0.0,26.0,2000,2000,1.2435574935858493e-27,0.10325079874385605
DLinear_ETTm2_h336_revin_s2022_shuf,ETTm2,DLinear,revin,336,96,2022,shuffled,defect,11185,-0.0014665044521402412,-0.021460359696798412,0.01746934358217441,0.0,0.8850574712643678,0.861,0.8767508811102531,432.0,432.0,432.0,23.0,0.0,26.0,2000,2000,0.8767508811102531,-0.001898198562832841
DLinear_ETTm2_h336_revin_s2022_shuf,ETTm2,DLinear,revin,336,96,2022,shuffled,control,11185,-0.00683544334105879,-0.023401942600204288,0.009098976193755938,0.0,0.4657671164417791,0.376,0.4697545755972603,432.0,432.0,432.0,23.0,0.0,26.0,2000,2000,0.4697545755972603,-0.006978335267082734
DLinear_ETTm2_h336_revin_s2023_det,ETTm2,DLinear,revin,336,96,2023,deterministic,index,11185,0.1034625238645657,-0.12640181082874116,0.3120659009574089,0.0,0.3353323338330835,0.35,7.288534598616977e-28,432.0,432.0,432.0,23.0,0.0,26.0,2000,2000,7.288534598616977e-28,0.10336370699916375
DLinear_ETTm2_h336_revin_s2023_det,ETTm2,DLinear,revin,336,96,2023,deterministic,defect,11185,0.0025990525056287734,-0.015753344494894465,0.022296520062502545,0.0,0.7931034482758621,0.76,0.7834227829171789,432.0,432.0,432.0,23.0,0.0,26.0,2000,2000,0.7834227829171789,0.003005302199159319
DLinear_ETTm2_h336_revin_s2023_det,ETTm2,DLinear,revin,336,96,2023,deterministic,control,11185,-0.009619614020895752,-0.026622710309792182,0.008090919491139116,0.0,0.2893553223388306,0.288,0.30900273666540423,432.0,432.0,432.0,23.0,0.0,26.0,2000,2000,0.30900273666540423,-0.009774083545322792
DLinear_ETTm2_h336_revin_s2023_shuf,ETTm2,DLinear,revin,336,96,2023,shuffled,index,11185,0.10281242358721751,-0.11776010382058552,0.3144234543734578,0.0,0.31434282858570717,0.359,1.5524009866936492e-27,432.0,432.0,432.0,23.0,0.0,26.0,2000,2000,1.5524009866936492e-27,0.1023868767750105
DLinear_ETTm2_h336_revin_s2023_shuf,ETTm2,DLinear,revin,336,96,2023,shuffled,defect,11185,0.0026387927498844636,-0.017163917327831985,0.0215745386867132,0.0,0.8140929535232384,0.791,0.7801956869788147,432.0,432.0,432.0,23.0,0.0,26.0,2000,2000,0.7801956869788147,0.002428951849275088
DLinear_ETTm2_h336_revin_s2023_shuf,ETTm2,DLinear,revin,336,96,2023,shuffled,control,11185,0.003429397349835823,-0.015594494594205116,0.023914500946375143,0.0,0.7116441779110445,0.748,0.7168484461249887,432.0,432.0,432.0,23.0,0.0,26.0,2000,2000,0.7168484461249887,0.003719929336704974
DLinear_ETTm2_h336_san_lite_s2021_det,ETTm2,DLinear,san_lite,336,96,2021,deterministic,index,11185,0.10476222975285467,-0.10457865211146135,0.30931805344531266,0.0,0.3233383308345827,0.34,1.5851014535348595e-28,432.0,432.0,432.0,23.0,0.0,26.0,2000,2000,1.5851014535348595e-28,0.10275218341326163
DLinear_ETTm2_h336_san_lite_s2021_det,ETTm2,DLinear,san_lite,336,96,2021,deterministic,defect,11185,-0.018762912664194685,-0.03773114491269278,0.0002468430399486216,0.0,0.050974512743628186,0.055,0.04722673123815678,432.0,432.0,432.0,23.0,0.0,26.0,2000,2000,0.04722673123815678,-0.018950700760812865
DLinear_ETTm2_h336_san_lite_s2021_det,ETTm2,DLinear,san_lite,336,96,2021,deterministic,control,11185,-0.008342076828754215,-0.027071278918505047,0.010697639980239666,0.0,0.4192903548225887,0.376,0.37766238948904673,432.0,432.0,432.0,23.0,0.0,26.0,2000,2000,0.37766238948904673,-0.008151979007622661
DLinear_ETTm2_h336_san_lite_s2021_shuf,ETTm2,DLinear,san_lite,336,96,2021,shuffled,index,11185,0.10484544488697754,-0.105994106751081,0.3181249881913769,0.0,0.2978510744627686,0.342,1.4366703852245216e-28,432.0,432.0,432.0,23.0,0.0,26.0,2000,2000,1.4366703852245216e-28,0.10226029422975617
DLinear_ETTm2_h336_san_lite_s2021_shuf,ETTm2,DLinear,san_lite,336,96,2021,shuffled,defect,11185,-0.0013820147945141953,-0.016551125332392298,0.012780036217887874,0.0,0.8605697151424287,0.846,0.8837996679526281,432.0,432.0,432.0,23.0,0.0,26.0,2000,2000,0.8837996679526281,-0.001534530794356688
DLinear_ETTm2_h336_san_lite_s2021_shuf,ETTm2,DLinear,san_lite,336,96,2021,shuffled,control,11185,-0.00988149656476861,-0.027213558816085316,0.008489159288366565,0.0,0.2848575712143928,0.27,0.2960173948674426,432.0,432.0,432.0,23.0,0.0,26.0,2000,2000,0.2960173948674426,-0.009485686176052426
DLinear_ETTm2_h336_san_lite_s2022_det,ETTm2,DLinear,san_lite,336,96,2022,deterministic,index,11185,0.1047968893430494,-0.11528381593267568,0.31176910244294803,0.0,0.32033983008495753,0.351,1.5215153954281353e-28,432.0,432.0,432.0,23.0,0.0,26.0,2000,2000,1.5215153954281353e-28,0.1042094875216381
DLinear_ETTm2_h336_san_lite_s2022_det,ETTm2,DLinear,san_lite,336,96,2022,deterministic,defect,11185,-0.0053290612950400015,-0.02228786273921372,0.01243525151944758,0.0,0.5777111444277861,0.514,0.5730455468976221,432.0,432.0,432.0,23.0,0.0,26.0,2000,2000,0.5730455468976221,-0.005726326696974159
DLinear_ETTm2_h336_san_lite_s2022_det,ETTm2,DLinear,san_lite,336,96,2022,deterministic,control,11185,-0.0035171973373364493,-0.017758207215604362,0.011593442890351408,0.0,0.6841579210394803,0.629,0.7099232206385366,432.0,432.0,432.0,23.0,0.0,26.0,2000,2000,0.7099232206385366,-0.003387907730373918
DLinear_ETTm2_h336_san_lite_s2022_shuf,ETTm2,DLinear,san_lite,336,96,2022,shuffled,index,11185,0.10497853433817231,-0.11300628132156912,0.3198216890871409,0.0,0.3183408295852074,0.357,1.2274278968010136e-28,432.0,432.0,432.0,23.0,0.0,26.0,2000,2000,1.2274278968010136e-28,0.10395918161490668
DLinear_ETTm2_h336_san_lite_s2022_shuf,ETTm2,DLinear,san_lite,336,96,2022,shuffled,defect,11185,-0.006063374104146509,-0.023139385778950534,0.009489545578293719,0.0,0.5642178910544727,0.449,0.5213741136247358,432.0,432.0,432.0,23.0,0.0,26.0,2000,2000,0.5213741136247358,-0.006238651981437462
DLinear_ETTm2_h336_san_lite_s2022_shuf,ETTm2,DLinear,san_lite,336,96,2022,shuffled,control,11185,-0.00650307529563249,-0.022027255048715288,0.007892133868741321,0.0,0.4352823588205897,0.394,0.49162343055712054,432.0,432.0,432.0,23.0,0.0,26.0,2000,2000,0.49162343055712054,-0.006552034570863003
DLinear_ETTm2_h336_san_lite_s2023_det,ETTm2,DLinear,san_lite,336,96,2023,deterministic,index,11185,0.1048301483490207,-0.11069358423750364,0.3107421933858928,0.0,0.3078460769615192,0.322,1.4628800197804138e-28,432.0,432.0,432.0,23.0,0.0,26.0,2000,2000,1.4628800197804138e-28,0.10788613041036162
DLinear_ETTm2_h336_san_lite_s2023_det,ETTm2,DLinear,san_lite,336,96,2023,deterministic,defect,11185,-0.009316957127496934,-0.026294508030232033,0.007826479073919698,0.0,0.3233383308345827,0.318,0.3244720608862004,432.0,432.0,432.0,23.0,0.0,26.0,2000,2000,0.3244720608862004,-0.008486487078628587
DLinear_ETTm2_h336_san_lite_s2023_det,ETTm2,DLinear,san_lite,336,96,2023,deterministic,control,11185,-0.003960604695008274,-0.021205237160028683,0.01322425207743127,0.0,0.6896551724137931,0.642,0.6753246627972247,432.0,432.0,432.0,23.0,0.0,26.0,2000,2000,0.6753246627972247,-0.004166218247243312
DLinear_ETTm2_h336_san_lite_s2023_shuf,ETTm2,DLinear,san_lite,336,96,2023,shuffled,index,11185,0.10478678962634652,-0.1213585667178325,0.3102258433444265,0.0,0.3193403298350825,0.36,1.5397783308560875e-28,432.0,432.0,432.0,23.0,0.0,26.0,2000,2000,1.5397783308560875e-28,0.10103425383756909
DLinear_ETTm2_h336_san_lite_s2023_shuf,ETTm2,DLinear,san_lite,336,96,2023,shuffled,defect,11185,0.0017472879528500906,-0.014393431372578275,0.020753702033667613,0.0,0.8420789605197402,0.822,0.8533988924988647,432.0,432.0,432.0,23.0,0.0,26.0,2000,2000,0.8533988924988647,0.0022294093648395855
DLinear_ETTm2_h336_san_lite_s2023_shuf,ETTm2,DLinear,san_lite,336,96,2023,shuffled,control,11185,-0.011109402104548678,-0.025878595594708714,0.005670205920774529,0.0,0.2543728135932034,0.167,0.24004732356012648,432.0,432.0,432.0,23.0,0.0,26.0,2000,2000,0.24004732356012648,-0.01087869144393673
DLinear_ETTm2_h720_fredf_s2021_det,ETTm2,DLinear,fredf,720,96,2021,deterministic,index,10801,-0.035263279067144666,-0.277495037445067,0.24428441357251757,0.0,0.784607696151924,0.831,0.00024766015565910065,816.0,816.0,816.0,23.0,0.0,14.0,2000,2000,0.00024766015565910065,-0.0245322018634447
DLinear_ETTm2_h720_fredf_s2021_det,ETTm2,DLinear,fredf,720,96,2021,deterministic,defect,10801,0.012516560319377038,-0.015602238419483066,0.04092394386671229,0.0,0.2433783108445777,0.37,0.19334092417238113,816.0,816.0,816.0,23.0,0.0,14.0,2000,2000,0.19334092417238113,0.012348917330961577
DLinear_ETTm2_h720_fredf_s2021_det,ETTm2,DLinear,fredf,720,96,2021,deterministic,control,10801,-0.005220904578488312,-0.027930766322311548,0.01847521726230207,0.0,0.6451774112943528,0.679,0.5874243017525792,816.0,816.0,816.0,23.0,0.0,14.0,2000,2000,0.5874243017525792,-0.004851058010435802
DLinear_ETTm2_h720_none_s2021_det,ETTm2,DLinear,none,720,96,2021,deterministic,index,10801,-0.22477835618386502,-0.38441267289698766,-0.0007121014246653516,1.0,0.08595702148925537,0.05,1.0995647963044324e-120,816.0,816.0,816.0,23.0,0.0,14.0,2000,2000,1.0995647963044324e-120,-0.2075483349842428
DLinear_ETTm2_h720_none_s2021_det,ETTm2,DLinear,none,720,96,2021,deterministic,defect,10801,-0.008454608728658277,-0.024631409411186758,0.009290510676088564,0.0,0.391304347826087,0.383,0.3796026224404364,816.0,816.0,816.0,23.0,0.0,14.0,2000,2000,0.3796026224404364,-0.007609978699308787
DLinear_ETTm2_h720_none_s2021_det,ETTm2,DLinear,none,720,96,2021,deterministic,control,10801,-0.0038536604969438143,-0.018071645968255442,0.011428331413578045,0.0,0.6341829085457271,0.673,0.6887999578842,816.0,816.0,816.0,23.0,0.0,14.0,2000,2000,0.6887999578842,-0.003180244075111485
DLinear_ETTm2_h720_revin_s2021_det,ETTm2,DLinear,revin,720,96,2021,deterministic,index,10801,0.10681100174861606,-0.19099817783061865,0.3930990014078424,0.0,0.4482758620689655,0.477,1.2526869145035048e-28,816.0,816.0,816.0,23.0,0.0,14.0,2000,2000,1.2526869145035048e-28,0.10960785976787622
DLinear_ETTm2_h720_revin_s2021_det,ETTm2,DLinear,revin,720,96,2021,deterministic,defect,10801,0.003251661129329973,-0.013571516771853583,0.02185233570334568,0.0,0.7261369315342329,0.727,0.7354215634273995,816.0,816.0,816.0,23.0,0.0,14.0,2000,2000,0.7354215634273995,0.0032535844160541485
DLinear_ETTm2_h720_revin_s2021_det,ETTm2,DLinear,revin,720,96,2021,deterministic,control,10801,-0.0035693779484701643,-0.021805095692052013,0.015793782655117078,0.0,0.6621689155422289,0.701,0.7106817466192975,816.0,816.0,816.0,23.0,0.0,14.0,2000,2000,0.7106817466192975,-0.003592362155972418
DLinear_ETTm2_h720_san_lite_s2021_det,ETTm2,DLinear,san_lite,720,96,2021,deterministic,index,10801,0.09208607817374127,-0.2195297775094045,0.37780820713323804,0.0,0.519240379810095,0.552,1.070443591315878e-21,816.0,816.0,816.0,23.0,0.0,14.0,2000,2000,1.070443591315878e-21,0.08924534998440746
DLinear_ETTm2_h720_san_lite_s2021_det,ETTm2,DLinear,san_lite,720,96,2021,deterministic,defect,10801,-0.005555840717820053,-0.025299218763155874,0.011655845178660421,0.0,0.5282358820589705,0.502,0.5636828465461307,816.0,816.0,816.0,23.0,0.0,14.0,2000,2000,0.5636828465461307,-0.006439120336407212
DLinear_ETTm2_h720_san_lite_s2021_det,ETTm2,DLinear,san_lite,720,96,2021,deterministic,control,10801,0.02143378753917133,0.0030298243873182417,0.039046736555253404,1.0,0.026486756621689155,0.023,0.025916243101738665,816.0,816.0,816.0,23.0,0.0,14.0,2000,2000,0.025916243101738665,0.02079363848124361
DLinear_ETTm2_h96_fredf_s2021_det,ETTm2,DLinear,fredf,96,96,2021,deterministic,index,11425,0.17435352047611996,0.031057735594797308,0.30380077335469596,1.0,0.019490254872563718,0.015,1.6576332192655466e-77,192.0,192.0,192.0,23.0,0.0,60.0,2000,2000,1.6576332192655466e-77,0.17252924429788066
DLinear_ETTm2_h96_fredf_s2021_det,ETTm2,DLinear,fredf,96,96,2021,deterministic,defect,11425,0.0040725977929127,-0.01681331173326818,0.023684664307307507,0.0,0.6906546726636682,0.705,0.6633505395756725,192.0,192.0,192.0,23.0,0.0,60.0,2000,2000,0.6633505395756725,0.0038902749131317156
DLinear_ETTm2_h96_fredf_s2021_det,ETTm2,DLinear,fredf,96,96,2021,deterministic,control,11425,-0.013374694863688119,-0.036218259623300345,0.008916032789702679,0.0,0.22438780609695153,0.218,0.15285223664722314,192.0,192.0,192.0,23.0,0.0,60.0,2000,2000,0.15285223664722314,-0.013466261782217742
DLinear_ETTm2_h96_fredf_s2021_shuf,ETTm2,DLinear,fredf,96,96,2021,shuffled,index,11425,0.17438159222564328,0.03738426640023021,0.30332357219415595,1.0,0.015992003998001,0.015,1.5672343623344899e-77,192.0,192.0,192.0,23.0,0.0,60.0,2000,2000,1.5672343623344899e-77,0.17192042864029775
DLinear_ETTm2_h96_fredf_s2021_shuf,ETTm2,DLinear,fredf,96,96,2021,shuffled,defect,11425,0.008064197545700714,-0.009095292923304143,0.025181235307910988,0.0,0.3523238380809595,0.374,0.3887279414065098,192.0,192.0,192.0,23.0,0.0,60.0,2000,2000,0.3887279414065098,0.00785692793565764
DLinear_ETTm2_h96_fredf_s2021_shuf,ETTm2,DLinear,fredf,96,96,2021,shuffled,control,11425,0.0028707825065960608,-0.013280537304643791,0.019021125600048563,0.0,0.7571214392803598,0.714,0.7589665509015322,192.0,192.0,192.0,23.0,0.0,60.0,2000,2000,0.7589665509015322,0.003082663253116712
DLinear_ETTm2_h96_fredf_s2022_det,ETTm2,DLinear,fredf,96,96,2022,deterministic,index,11425,0.1732855244085265,0.030198733207575525,0.3044966527560578,1.0,0.020989505247376312,0.017,1.3904812436269312e-76,192.0,192.0,192.0,23.0,0.0,60.0,2000,2000,1.3904812436269312e-76,0.17007588393827347
DLinear_ETTm2_h96_fredf_s2022_det,ETTm2,DLinear,fredf,96,96,2022,deterministic,defect,11425,-0.001522975645948319,-0.018285329927353964,0.015436089784990142,0.0,0.8730634682658671,0.845,0.8706913573582251,192.0,192.0,192.0,23.0,0.0,60.0,2000,2000,0.8706913573582251,-0.001551614431223139
DLinear_ETTm2_h96_fredf_s2022_det,ETTm2,DLinear,fredf,96,96,2022,deterministic,control,11425,-0.009320463999364224,-0.028552833652833433,0.009164370319950403,0.0,0.3118440779610195,0.311,0.319152875639205,192.0,192.0,192.0,23.0,0.0,60.0,2000,2000,0.319152875639205,-0.009550562574482068
DLinear_ETTm2_h96_fredf_s2022_shuf,ETTm2,DLinear,fredf,96,96,2022,shuffled,index,11425,0.17385731071164315,0.038176868019851394,0.3029600092892951,1.0,0.017991004497751123,0.02,4.460121783824247e-77,192.0,192.0,192.0,23.0,0.0,60.0,2000,2000,4.460121783824247e-77,0.17133283681079617
DLinear_ETTm2_h96_fredf_s2022_shuf,ETTm2,DLinear,fredf,96,96,2022,shuffled,defect,11425,0.010985391164716892,-0.008428199045928923,0.031274521504176006,0.0,0.26786606696651677,0.241,0.24033382256697478,192.0,192.0,192.0,23.0,0.0,60.0,2000,2000,0.24033382256697478,0.011469059954982494
DLinear_ETTm2_h96_fredf_s2022_shuf,ETTm2,DLinear,fredf,96,96,2022,shuffled,control,11425,0.008473665041932879,-0.009092837969782018,0.02482242167187391,0.0,0.3268365817091454,0.372,0.3650990545676954,192.0,192.0,192.0,23.0,0.0,60.0,2000,2000,0.3650990545676954,0.008083304500048962
DLinear_ETTm2_h96_fredf_s2023_det,ETTm2,DLinear,fredf,96,96,2023,deterministic,index,11425,0.1738497296107802,0.03434805119564809,0.30641803047834293,1.0,0.020989505247376312,0.013,4.527981580362628e-77,192.0,192.0,192.0,23.0,0.0,60.0,2000,2000,4.527981580362628e-77,0.17050153239650312
DLinear_ETTm2_h96_fredf_s2023_det,ETTm2,DLinear,fredf,96,96,2023,deterministic,defect,11425,0.003120325637310425,-0.01383117793018888,0.02027003878568078,0.0,0.736631684157921,0.728,0.7387492516814267,192.0,192.0,192.0,23.0,0.0,60.0,2000,2000,0.7387492516814267,0.0029132383665739013
DLinear_ETTm2_h96_fredf_s2023_det,ETTm2,DLinear,fredf,96,96,2023,deterministic,control,11425,0.007019442508578857,-0.008886990952032943,0.023066245976299915,0.0,0.44677661169415295,0.406,0.4530982056665652,192.0,192.0,192.0,23.0,0.0,60.0,2000,2000,0.4530982056665652,0.007274487672223224
DLinear_ETTm2_h96_fredf_s2023_shuf,ETTm2,DLinear,fredf,96,96,2023,shuffled,index,11425,0.17373274465181776,0.030329570906471145,0.3033961838215764,1.0,0.02148925537231384,0.014,5.715641029527503e-77,192.0,192.0,192.0,23.0,0.0,60.0,2000,2000,5.715641029527503e-77,0.16923548075597866
DLinear_ETTm2_h96_fredf_s2023_shuf,ETTm2,DLinear,fredf,96,96,2023,shuffled,defect,11425,-0.01053627431742388,-0.028002016480113027,0.007294859098968682,0.0,0.19940029985007496,0.264,0.26010211523962057,192.0,192.0,192.0,23.0,0.0,60.0,2000,2000,0.26010211523962057,-0.010291993660904693
DLinear_ETTm2_h96_fredf_s2023_shuf,ETTm2,DLinear,fredf,96,96,2023,shuffled,control,11425,0.011834697693394248,-0.004604701430314891,0.029240686109156387,0.0,0.1774112943528236,0.16,0.2058966588381157,192.0,192.0,192.0,23.0,0.0,60.0,2000,2000,0.2058966588381157,0.011633963901567934
DLinear_ETTm2_h96_none_s2021_det,ETTm2,DLinear,none,96,96,2021,deterministic,index,11425,0.15383865689617626,0.03072432968071076,0.2760410868985202,1.0,0.03398300849575212,0.012,9.452307097300248e-61,192.0,192.0,192.0,23.0,0.0,60.0,2000,2000,9.452307097300248e-61,0.15093084490910905
DLinear_ETTm2_h96_none_s2021_det,ETTm2,DLinear,none,96,96,2021,deterministic,defect,11425,-0.005483312664839106,-0.023227523310544597,0.010620395971758113,0.0,0.5737131434282858,0.499,0.5578261025944857,192.0,192.0,192.0,23.0,0.0,60.0,2000,2000,0.5578261025944857,-0.00573378518752845
DLinear_ETTm2_h96_none_s2021_det,ETTm2,DLinear,none,96,96,2021,deterministic,control,11425,-0.009411718067879774,-0.027380372441865468,0.00926999372847178,0.0,0.3563218390804598,0.333,0.3144378269424798,192.0,192.0,192.0,23.0,0.0,60.0,2000,2000,0.3144378269424798,-0.009025339626479126
DLinear_ETTm2_h96_none_s2021_shuf,ETTm2,DLinear,none,96,96,2021,shuffled,index,11425,0.16127752733329087,0.042411580486434036,0.28107575119886474,1.0,0.017991004497751123,0.011,1.380909119318018e-66,192.0,192.0,192.0,23.0,0.0,60.0,2000,2000,1.380909119318018e-66,0.15922922000040501
DLinear_ETTm2_h96_none_s2021_shuf,ETTm2,DLinear,none,96,96,2021,shuffled,defect,11425,0.013184386232202288,-0.006662348326143498,0.030960107093829875,0.0,0.1679160419790105,0.2,0.1587795103054167,192.0,192.0,192.0,23.0,0.0,60.0,2000,2000,0.1587795103054167,0.012782671218667264
DLinear_ETTm2_h96_none_s2021_shuf,ETTm2,DLinear,none,96,96,2021,shuffled,control,11425,-0.00409969820565263,-0.025200916920201478,0.017653509573858882,0.0,0.6626686656671664,0.701,0.6612496373676755,192.0,192.0,192.0,23.0,0.0,60.0,2000,2000,0.6612496373676755,-0.004015761394820245
DLinear_ETTm2_h96_none_s2022_det,ETTm2,DLinear,none,96,96,2022,deterministic,index,11425,0.16078897016294788,0.030022271652230183,0.28061518584791384,1.0,0.028985507246376812,0.01,3.402556284279333e-66,192.0,192.0,192.0,23.0,0.0,60.0,2000,2000,3.402556284279333e-66,0.15771313820179575
DLinear_ETTm2_h96_none_s2022_det,ETTm2,DLinear,none,96,96,2022,deterministic,defect,11425,0.011518769082813206,-0.008126831995775961,0.03135187410657716,0.0,0.2288855572213893,0.244,0.21826231584676847,192.0,192.0,192.0,23.0,0.0,60.0,2000,2000,0.21826231584676847,0.011688095225866627
DLinear_ETTm2_h96_none_s2022_det,ETTm2,DLinear,none,96,96,2022,deterministic,control,11425,0.00773049534291153,-0.008574372763135524,0.02414260762859785,0.0,0.3868065967016492,0.401,0.40865695180764916,192.0,192.0,192.0,23.0,0.0,60.0,2000,2000,0.40865695180764916,0.0075418563880050105
DLinear_ETTm2_h96_none_s2022_shuf,ETTm2,DLinear,none,96,96,2022,shuffled,index,11425,0.17488401048449675,0.04497495183910177,0.2908619858000522,1.0,0.01249375312343828,0.008,5.735700510857198e-78,192.0,192.0,192.0,23.0,0.0,60.0,2000,2000,5.735700510857198e-78,0.1690241031330706
DLinear_ETTm2_h96_none_s2022_shuf,ETTm2,DLinear,none,96,96,2022,shuffled,defect,11425,-0.007438411973825991,-0.024910521398040245,0.010940580211802763,0.0,0.43728135932033985,0.419,0.4265898664287676,192.0,192.0,192.0,23.0,0.0,60.0,2000,2000,0.4265898664287676,-0.007318309499102862
DLinear_ETTm2_h96_none_s2022_shuf,ETTm2,DLinear,none,96,96,2022,shuffled,control,11425,0.003950461667355923,-0.013043908431681232,0.02145486658965584,0.0,0.679160419790105,0.66,0.6728515675400837,192.0,192.0,192.0,23.0,0.0,60.0,2000,2000,0.6728515675400837,0.0038888330244197886
DLinear_ETTm2_h96_none_s2023_det,ETTm2,DLinear,none,96,96,2023,deterministic,index,11425,0.16217078525303275,0.04095775721565626,0.2794380242491846,1.0,0.02048975512243878,0.009,2.6366609487156604e-67,192.0,192.0,192.0,23.0,0.0,60.0,2000,2000,2.6366609487156604e-67,0.15945725975766167
DLinear_ETTm2_h96_none_s2023_det,ETTm2,DLinear,none,96,96,2023,deterministic,defect,11425,-0.004705204877220118,-0.022682015218373146,0.013485702218533761,0.0,0.6216891554222889,0.637,0.6150296959523484,192.0,192.0,192.0,23.0,0.0,60.0,2000,2000,0.6150296959523484,-0.00436024353108606
DLinear_ETTm2_h96_none_s2023_det,ETTm2,DLinear,none,96,96,2023,deterministic,control,11425,0.007335955837756006,-0.011669454102978148,0.025834034699031505,0.0,0.45527236381809094,0.473,0.4329874188229653,192.0,192.0,192.0,23.0,0.0,60.0,2000,2000,0.4329874188229653,0.007064775975247188
DLinear_ETTm2_h96_none_s2023_shuf,ETTm2,DLinear,none,96,96,2023,shuffled,index,11425,0.15782614016729465,0.034095428458995804,0.2803359866844717,1.0,0.025487256371814093,0.011,7.613866378267679e-64,192.0,192.0,192.0,23.0,0.0,60.0,2000,2000,7.613866378267679e-64,0.1540362885230129
DLinear_ETTm2_h96_none_s2023_shuf,ETTm2,DLinear,none,96,96,2023,shuffled,defect,11425,-0.005097708643825465,-0.022782156019107432,0.012423328290131456,0.0,0.5802098950524738,0.616,0.5858505153712033,192.0,192.0,192.0,23.0,0.0,60.0,2000,2000,0.5858505153712033,-0.004866535068359494
DLinear_ETTm2_h96_none_s2023_shuf,ETTm2,DLinear,none,96,96,2023,shuffled,control,11425,0.0011227706316757236,-0.017155488641299354,0.01966000621907953,0.0,0.912543728135932,0.854,0.9044790119995821,192.0,192.0,192.0,23.0,0.0,60.0,2000,2000,0.9044790119995821,0.0015338990806530717
DLinear_ETTm2_h96_revin_s2021_det,ETTm2,DLinear,revin,96,96,2021,deterministic,index,11425,0.21357618329170214,0.09091891277108029,0.3384722040070276,1.0,0.0029985007496251873,0.0005,2.4350134142545133e-115,192.0,192.0,192.0,23.0,0.0,60.0,2000,2000,2.4350134142545133e-115,0.21066364050632894
DLinear_ETTm2_h96_revin_s2021_det,ETTm2,DLinear,revin,96,96,2021,deterministic,defect,11425,-0.0036037050969408703,-0.021833694939307563,0.016504189390168428,0.0,0.6916541729135433,0.749,0.7001075999894024,192.0,192.0,192.0,23.0,0.0,60.0,2000,2000,0.7001075999894024,-0.00301476837097206
DLinear_ETTm2_h96_revin_s2021_det,ETTm2,DLinear,revin,96,96,2021,deterministic,control,11425,-0.004471431935436771,-0.024349530750278733,0.014113469569397716,0.0,0.6836581709145427,0.618,0.6327067415108115,192.0,192.0,192.0,23.0,0.0,60.0,2000,2000,0.6327067415108115,-0.0050039941025024955
DLinear_ETTm2_h96_revin_s2021_shuf,ETTm2,DLinear,revin,96,96,2021,shuffled,index,11425,0.2180524929791539,0.08890146027967948,0.3313613319630419,1.0,0.0034982508745627187,0.002,3.8421682432999835e-120,192.0,192.0,192.0,23.0,0.0,60.0,2000,2000,3.8421682432999835e-120,0.21312412638758674
DLinear_ETTm2_h96_revin_s2021_shuf,ETTm2,DLinear,revin,96,96,2021,shuffled,defect,11425,-0.010121749108218576,-0.02490272207846049,0.00528898505452949,0.0,0.2768615692153923,0.208,0.27932182452847165,192.0,192.0,192.0,23.0,0.0,60.0,2000,2000,0.27932182452847165,-0.009902182829260904
DLinear_ETTm2_h96_revin_s2021_shuf,ETTm2,DLinear,revin,96,96,2021,shuffled,control,11425,-0.019449679008248115,-0.03913739120446931,0.0013767655941146685,0.0,0.047476261869065464,0.067,0.037631851819565514,192.0,192.0,192.0,23.0,0.0,60.0,2000,2000,0.037631851819565514,-0.01892410765469878
DLinear_ETTm2_h96_revin_s2022_det,ETTm2,DLinear,revin,96,96,2022,deterministic,index,11425,0.21199036854154737,0.08841026557644059,0.32750371913976617,1.0,0.0029985007496251873,0.0005,1.1584259057732739e-113,192.0,192.0,192.0,23.0,0.0,60.0,2000,2000,1.1584259057732739e-113,0.20917556285383118
DLinear_ETTm2_h96_revin_s2022_det,ETTm2,DLinear,revin,96,96,2022,deterministic,defect,11425,-0.005659294000236439,-0.022466520879361712,0.010298664618683052,0.0,0.5452273863068465,0.463,0.5452567632228895,192.0,192.0,192.0,23.0,0.0,60.0,2000,2000,0.5452567632228895,-0.00603768887274856
DLinear_ETTm2_h96_revin_s2022_det,ETTm2,DLinear,revin,96,96,2022,deterministic,control,11425,-0.0015579625170614754,-0.01974549592034579,0.01664681326316541,0.0,0.8760619690154923,0.862,0.8677478357487763,192.0,192.0,192.0,23.0,0.0,60.0,2000,2000,0.8677478357487763,-0.0015726437600433688
DLinear_ETTm2_h96_revin_s2022_shuf,ETTm2,DLinear,revin,96,96,2022,shuffled,index,11425,0.21689137988877769,0.0924293457418285,0.33599782462030375,1.0,0.001999000499750125,0.002,6.913250945179586e-119,192.0,192.0,192.0,23.0,0.0,60.0,2000,2000,6.913250945179586e-119,0.2135456117793817
DLinear_ETTm2_h96_revin_s2022_shuf,ETTm2,DLinear,revin,96,96,2022,shuffled,defect,11425,-0.008146199886480921,-0.024312397429080614,0.008015380737739608,0.0,0.38630684657671166,0.294,0.38392277982070544,192.0,192.0,192.0,23.0,0.0,60.0,2000,2000,0.38392277982070544,-0.008205253818334902
DLinear_ETTm2_h96_revin_s2022_shuf,ETTm2,DLinear,revin,96,96,2022,shuffled,control,11425,0.008631203987631569,-0.0071113098887085275,0.024106973854115907,0.0,0.34332833583208394,0.268,0.35625221163299137,192.0,192.0,192.0,23.0,0.0,60.0,2000,2000,0.35625221163299137,0.008946195369858303
DLinear_ETTm2_h96_revin_s2023_det,ETTm2,DLinear,revin,96,96,2023,deterministic,index,11425,0.22024170630445494,0.10126881634384408,0.33879928413202925,1.0,0.0024987506246876563,0.0005,1.5848312849767397e-122,192.0,192.0,192.0,23.0,0.0,60.0,2000,2000,1.5848312849767397e-122,0.21908287337494517
DLinear_ETTm2_h96_revin_s2023_det,ETTm2,DLinear,revin,96,96,2023,deterministic,defect,11425,0.010224339614456571,-0.008119000405127173,0.028744892321942595,0.0,0.26286856571714146,0.286,0.27447755778711214,192.0,192.0,192.0,23.0,0.0,60.0,2000,2000,0.27447755778711214,0.010323592569260366
DLinear_ETTm2_h96_revin_s2023_det,ETTm2,DLinear,revin,96,96,2023,deterministic,control,11425,-0.005923783741972058,-0.022667695953440255,0.010914378256916652,0.0,0.527736131934033,0.495,0.5266340928219843,192.0,192.0,192.0,23.0,0.0,60.0,2000,2000,0.5266340928219843,-0.005898155990079684
DLinear_ETTm2_h96_revin_s2023_shuf,ETTm2,DLinear,revin,96,96,2023,shuffled,index,11425,0.21819295503141764,0.09032355977834271,0.32773184870414523,1.0,0.00399800099950025,0.001,2.7057716124089108e-120,192.0,192.0,192.0,23.0,0.0,60.0,2000,2000,2.7057716124089108e-120,0.21192787374973027
DLinear_ETTm2_h96_revin_s2023_shuf,ETTm2,DLinear,revin,96,96,2023,shuffled,defect,11425,0.014351269175263194,-0.006355111682124692,0.03366149951136304,0.0,0.16391804097951024,0.193,0.12505220508848436,192.0,192.0,192.0,23.0,0.0,60.0,2000,2000,0.12505220508848436,0.013617116095003726
DLinear_ETTm2_h96_revin_s2023_shuf,ETTm2,DLinear,revin,96,96,2023,shuffled,control,11425,0.004006562521320575,-0.011870057517261837,0.020685931322852052,0.0,0.6421789105447276,0.609,0.6684808539356834,192.0,192.0,192.0,23.0,0.0,60.0,2000,2000,0.6684808539356834,0.004320852041070866
DLinear_ETTm2_h96_san_lite_s2021_det,ETTm2,DLinear,san_lite,96,96,2021,deterministic,index,11425,0.23694560934076891,0.11745476683149188,0.35239021262755965,1.0,0.0004997501249375312,0.0005,1.674073085516505e-141,192.0,192.0,192.0,23.0,0.0,60.0,2000,2000,1.674073085516505e-141,0.23313875547522395
DLinear_ETTm2_h96_san_lite_s2021_det,ETTm2,DLinear,san_lite,96,96,2021,deterministic,defect,11425,-0.002327815567326771,-0.018894369258323225,0.014828295303568117,0.0,0.809095452273863,0.773,0.8035122606749077,192.0,192.0,192.0,23.0,0.0,60.0,2000,2000,0.8035122606749077,-0.00223372509177611
DLinear_ETTm2_h96_san_lite_s2021_det,ETTm2,DLinear,san_lite,96,96,2021,deterministic,control,11425,0.0014262189435931094,-0.015825776840571824,0.01892529534116885,0.0,0.8850574712643678,0.893,0.8788409185511098,192.0,192.0,192.0,23.0,0.0,60.0,2000,2000,0.8788409185511098,0.0014358503795588594
DLinear_ETTm2_h96_san_lite_s2021_shuf,ETTm2,DLinear,san_lite,96,96,2021,shuffled,index,11425,0.237400750346898,0.11654216916604655,0.3556075760059247,1.0,0.0014992503748125937,0.001,4.868288116094487e-142,192.0,192.0,192.0,23.0,0.0,60.0,2000,2000,4.868288116094487e-142,0.2332982386608687
DLinear_ETTm2_h96_san_lite_s2021_shuf,ETTm2,DLinear,san_lite,96,96,2021,shuffled,defect,11425,-0.008828331665344684,-0.02394743369187857,0.007451057148538782,0.0,0.35932033983008493,0.278,0.345374308282417,192.0,192.0,192.0,23.0,0.0,60.0,2000,2000,0.345374308282417,-0.008624886824138672
DLinear_ETTm2_h96_san_lite_s2021_shuf,ETTm2,DLinear,san_lite,96,96,2021,shuffled,control,11425,0.008636352788217554,-0.007879917377784342,0.02494612628586461,0.0,0.3403298350824588,0.311,0.3559653719002981,192.0,192.0,192.0,23.0,0.0,60.0,2000,2000,0.3559653719002981,0.00859423968319286
DLinear_ETTm2_h96_san_lite_s2022_det,ETTm2,DLinear,san_lite,96,96,2022,deterministic,index,11425,0.23644411511604424,0.10863750167499453,0.351595396483232,1.0,0.001999000499750125,0.001,6.510480340611698e-141,192.0,192.0,192.0,23.0,0.0,60.0,2000,2000,6.510480340611698e-141,0.23320048554364925
DLinear_ETTm2_h96_san_lite_s2022_det,ETTm2,DLinear,san_lite,96,96,2022,deterministic,defect,11425,0.006296838182978085,-0.011954910242716412,0.02440013348602053,0.0,0.49825087456271866,0.464,0.50093095899185,192.0,192.0,192.0,23.0,0.0,60.0,2000,2000,0.50093095899185,0.006315242607915046
DLinear_ETTm2_h96_san_lite_s2022_det,ETTm2,DLinear,san_lite,96,96,2022,deterministic,control,11425,-0.006505806333681903,-0.023863730645488097,0.011528123388081854,0.0,0.49025487256371814,0.437,0.4868291963247209,192.0,192.0,192.0,23.0,0.0,60.0,2000,2000,0.4868291963247209,-0.006588191990739173
DLinear_ETTm2_h96_san_lite_s2022_shuf,ETTm2,DLinear,san_lite,96,96,2022,shuffled,index,11425,0.23680790060611506,0.10451848042128593,0.354132491026205,1.0,0.001999000499750125,0.0005,2.431455481635536e-141,192.0,192.0,192.0,23.0,0.0,60.0,2000,2000,2.431455481635536e-141,0.23383399421108275
DLinear_ETTm2_h96_san_lite_s2022_shuf,ETTm2,DLinear,san_lite,96,96,2022,shuffled,defect,11425,-0.009282233835940441,-0.026932902585729727,0.0071832919759013,0.0,0.3218390804597701,0.29,0.3211418911960603,192.0,192.0,192.0,23.0,0.0,60.0,2000,2000,0.3211418911960603,-0.009413499474871958
DLinear_ETTm2_h96_san_lite_s2022_shuf,ETTm2,DLinear,san_lite,96,96,2022,shuffled,control,11425,0.006524155563797277,-0.010675842747450957,0.025127777144238167,0.0,0.4942528735632184,0.48,0.4856012648339475,192.0,192.0,192.0,23.0,0.0,60.0,2000,2000,0.4856012648339475,0.0065538001487514975
DLinear_ETTm2_h96_san_lite_s2023_det,ETTm2,DLinear,san_lite,96,96,2023,deterministic,index,11425,0.2365123803011045,0.107417105458454,0.35515560878769137,1.0,0.0014992503748125937,0.0005,5.412468027470846e-141,192.0,192.0,192.0,23.0,0.0,60.0,2000,2000,5.412468027470846e-141,0.23257879072584198
DLinear_ETTm2_h96_san_lite_s2023_det,ETTm2,DLinear,san_lite,96,96,2023,deterministic,defect,11425,0.01058845552183267,-0.007686701095633042,0.02814468886743274,0.0,0.2768615692153923,0.253,0.25774918628749965,192.0,192.0,192.0,23.0,0.0,60.0,2000,2000,0.25774918628749965,0.010370911547507779
DLinear_ETTm2_h96_san_lite_s2023_det,ETTm2,DLinear,san_lite,96,96,2023,deterministic,control,11425,0.00018407272670316086,-0.02010882821379301,0.020687762589010075,0.0,0.9835082458770614,0.948,0.9843032194177072,192.0,192.0,192.0,23.0,0.0,60.0,2000,2000,0.9843032194177072,-0.0004889714612770429
DLinear_ETTm2_h96_san_lite_s2023_shuf,ETTm2,DLinear,san_lite,96,96,2023,shuffled,index,11425,0.23610126336584883,0.10910612266485764,0.35846004545329596,1.0,0.0009995002498750624,0.001,1.644922102196494e-140,192.0,192.0,192.0,23.0,0.0,60.0,2000,2000,1.644922102196494e-140,0.2329807840115813
DLinear_ETTm2_h96_san_lite_s2023_shuf,ETTm2,DLinear,san_lite,96,96,2023,shuffled,defect,11425,-0.0066766205303421915,-0.024492925484556182,0.011647290853389024,0.0,0.41579210394802596,0.446,0.47546342931484,192.0,192.0,192.0,23.0,0.0,60.0,2000,2000,0.47546342931484,-0.006997339296540044
DLinear_ETTm2_h96_san_lite_s2023_shuf,ETTm2,DLinear,san_lite,96,96,2023,shuffled,control,11425,0.00011196374571207297,-0.015614095614329193,0.015906891234276563,0.0,0.9920039980009995,0.993,0.9904519164165201,192.0,192.0,192.0,23.0,0.0,60.0,2000,2000,0.9904519164165201,-8.140139582525394e-05
DLinear_Exchange_h192_fredf_s2021_det,Exchange,DLinear,fredf,192,96,2021,deterministic,index,569,-0.44321706764497826,-0.7849972079074867,-0.13454013049589691,1.0,0.24887556221889057,0.0005,4.4191057186402023e-26,284.0,288.0,288.0,9.0,1.0,3.0,2000,2000,4.4191057186402023e-26,-0.45037791385208026
DLinear_Exchange_h192_fredf_s2021_det,Exchange,DLinear,fredf,192,96,2021,deterministic,defect,569,-0.020304046087644172,-0.09683072698484756,0.030813570079542496,0.0,0.552223888055972,0.443,0.6284559418066746,284.0,288.0,288.0,9.0,1.0,3.0,2000,2000,0.6284559418066746,-0.027078930093640735
DLinear_Exchange_h192_fredf_s2021_det,Exchange,DLinear,fredf,192,96,2021,deterministic,control,569,0.02789796777147949,-0.007731614704178121,0.05436842933491685,0.0,0.39580209895052476,0.16,0.5061238538377362,284.0,288.0,288.0,9.0,1.0,3.0,2000,2000,0.5061238538377362,0.02268021815075852
DLinear_Exchange_h192_none_s2021_det,Exchange,DLinear,none,192,96,2021,deterministic,index,569,-0.44823940404986584,-0.7603857671849339,-0.06703325441990053,1.0,0.23388305847076463,0.0005,1.2254862943121244e-26,284.0,288.0,288.0,9.0,1.0,3.0,2000,2000,1.2254862943121244e-26,-0.44884194263803345
DLinear_Exchange_h192_none_s2021_det,Exchange,DLinear,none,192,96,2021,deterministic,defect,569,-0.018464370535487464,-0.0650050674156621,0.06273159770665512,0.0,0.7011494252873564,0.645,0.6598960145724134,284.0,288.0,288.0,9.0,1.0,3.0,2000,2000,0.6598960145724134,-0.008119796799345363
DLinear_Exchange_h192_none_s2021_det,Exchange,DLinear,none,192,96,2021,deterministic,control,569,-0.0523157816569196,-0.07960108223531283,0.02214676469591704,0.0,0.08845577211394302,0.167,0.21246021367076884,284.0,288.0,288.0,9.0,1.0,3.0,2000,2000,0.21246021367076884,-0.042807464942625745
DLinear_Exchange_h192_revin_s2021_det,Exchange,DLinear,revin,192,96,2021,deterministic,index,569,-0.4347816061106255,-0.7123169212884699,-0.215303537848957,1.0,0.10744627686156921,0.0005,3.6900056285171003e-25,284.0,288.0,288.0,9.0,1.0,3.0,2000,2000,3.6900056285171003e-25,-0.43190432583481014
DLinear_Exchange_h192_revin_s2021_det,Exchange,DLinear,revin,192,96,2021,deterministic,defect,569,-0.10456453455726497,-0.17672749963108225,0.034701104268172675,0.0,0.17091454272863568,0.232,0.012700441235284002,284.0,288.0,288.0,9.0,1.0,3.0,2000,2000,0.012700441235284002,-0.08873260761393231
DLinear_Exchange_h192_revin_s2021_det,Exchange,DLinear,revin,192,96,2021,deterministic,control,569,0.028595939711900116,-0.07764655157660644,0.0999131057309405,0.0,0.4352823588205897,0.565,0.4955425801770217,284.0,288.0,288.0,9.0,1.0,3.0,2000,2000,0.4955425801770217,0.025162364963521828
DLinear_Exchange_h192_san_lite_s2021_det,Exchange,DLinear,san_lite,192,96,2021,deterministic,index,569,-0.2767528768950769,-0.6499010801920981,-0.03828167226542419,1.0,0.28535732133933034,0.015,4.230193141244146e-11,284.0,288.0,288.0,9.0,1.0,3.0,2000,2000,4.230193141244146e-11,-0.28092807313301715
DLinear_Exchange_h192_san_lite_s2021_det,Exchange,DLinear,san_lite,192,96,2021,deterministic,defect,569,-0.011763579348629004,-0.10978384250536466,0.0525894582427799,0.0,0.8280859570214892,0.694,0.7792025094316273,284.0,288.0,288.0,9.0,1.0,3.0,2000,2000,0.7792025094316273,-0.015335933618805092
DLinear_Exchange_h192_san_lite_s2021_det,Exchange,DLinear,san_lite,192,96,2021,deterministic,control,569,0.029625277332294576,-0.0076022357874345374,0.07600197864624814,0.0,0.45327336331834084,0.113,0.4801558964672099,284.0,288.0,288.0,9.0,1.0,3.0,2000,2000,0.4801558964672099,0.0343341898729879
DLinear_Exchange_h336_fredf_s2021_det,Exchange,DLinear,fredf,336,96,2021,deterministic,index,425,0.48346829031905086,-0.5734352724817008,0.7225622377550867,0.0,0.31334332833583206,0.245,2.392896461742189e-23,212.0,432.0,432.0,8.0,1.0,3.0,2000,2000,2.392896461742189e-23,0.38478020855696277
DLinear_Exchange_h336_fredf_s2021_det,Exchange,DLinear,fredf,336,96,2021,deterministic,defect,425,-0.1140929483672289,-0.17336196218294125,-0.014384446525572326,1.0,0.06446776611694154,0.002,0.018807856698813703,212.0,432.0,432.0,8.0,1.0,3.0,2000,2000,0.018807856698813703,-0.10461556756624801
DLinear_Exchange_h336_fredf_s2021_det,Exchange,DLinear,fredf,336,96,2021,deterministic,control,425,0.058189492113613975,0.0031194821049661003,0.12779091287440023,1.0,0.3543228385807096,0.032,0.23084112011018287,212.0,432.0,432.0,8.0,1.0,3.0,2000,2000,0.23084112011018287,0.061647722161510855
DLinear_Exchange_h336_none_s2021_det,Exchange,DLinear,none,336,96,2021,deterministic,index,425,0.4327823545043848,-0.5656357327770433,0.6255893860140359,0.0,0.33183408295852074,0.278,5.033123136621497e-19,212.0,432.0,432.0,8.0,1.0,3.0,2000,2000,5.033123136621497e-19,0.2971123593345559
DLinear_Exchange_h336_none_s2021_det,Exchange,DLinear,none,336,96,2021,deterministic,defect,425,-0.036441199918713175,-0.07856977832101297,0.02583647232890297,0.0,0.3408295852073963,0.295,0.4530317539771873,212.0,432.0,432.0,8.0,1.0,3.0,2000,2000,0.4530317539771873,-0.03318630696424999
DLinear_Exchange_h336_none_s2021_det,Exchange,DLinear,none,336,96,2021,deterministic,control,425,-0.18299151177877476,-0.24030361898227487,-0.06076598240168598,1.0,0.031484257871064465,0.0005,0.00016454366791729034,212.0,432.0,432.0,8.0,1.0,3.0,2000,2000,0.00016454366791729034,-0.162296464189791
DLinear_Exchange_h336_revin_s2021_det,Exchange,DLinear,revin,336,96,2021,deterministic,index,425,0.41879992496600027,-0.5320997046504858,0.5288866418232875,0.0,0.4687656171914043,0.286,6.487111646355158e-18,212.0,432.0,432.0,8.0,1.0,3.0,2000,2000,6.487111646355158e-18,0.26851389502490874
DLinear_Exchange_h336_revin_s2021_det,Exchange,DLinear,revin,336,96,2021,deterministic,defect,425,-0.06478247956105111,-0.11298792326167001,-0.0024857721700924274,1.0,0.11044477761119441,0.035,0.18221929357397004,212.0,432.0,432.0,8.0,1.0,3.0,2000,2000,0.18221929357397004,-0.06024344520862714
DLinear_Exchange_h336_revin_s2021_det,Exchange,DLinear,revin,336,96,2021,deterministic,control,425,-0.005591439871191634,-0.04734307896030273,0.03405279967163851,0.0,0.9305347326336831,0.766,0.9083382818569663,212.0,432.0,432.0,8.0,1.0,3.0,2000,2000,0.9083382818569663,-0.0056177327314097985
DLinear_Exchange_h336_san_lite_s2021_det,Exchange,DLinear,san_lite,336,96,2021,deterministic,index,425,0.49631098466492635,-0.5752663383480231,0.6589587123001788,0.0,0.41179410294852575,0.234,1.6189328732587559e-24,212.0,432.0,432.0,8.0,1.0,3.0,2000,2000,1.6189328732587559e-24,0.3716769200353134
DLinear_Exchange_h336_san_lite_s2021_det,Exchange,DLinear,san_lite,336,96,2021,deterministic,defect,425,0.06633208797736474,0.004097717060197334,0.1291275360148331,1.0,0.23588205897051473,0.036,0.17198250517201186,212.0,432.0,432.0,8.0,1.0,3.0,2000,2000,0.17198250517201186,0.06261997940919853
DLinear_Exchange_h336_san_lite_s2021_det,Exchange,DLinear,san_lite,336,96,2021,deterministic,control,425,-0.0684744649919495,-0.11253792818129,-0.008490611764164683,1.0,0.17891054472763618,0.025,0.15854690807059035,212.0,432.0,432.0,8.0,1.0,3.0,2000,2000,0.15854690807059035,-0.06684510705213452
DLinear_Exchange_h720_fredf_s2021_det,Exchange,DLinear,fredf,720,96,2021,deterministic,index,41,0.6623693379790943,-0.21165590647356483,0.8517365108943713,0.0,0.19090454772613694,0.146,2.799500573766379e-05,20.0,816.0,816.0,4.0,1.0,3.0,2000,2000,2.799500573766379e-05,0.47415267865370747
DLinear_Exchange_h720_fredf_s2021_det,Exchange,DLinear,fredf,720,96,2021,deterministic,defect,41,0.11428571428571432,-0.08277711990403602,0.2649123952041339,0.0,0.24687656171914044,0.295,0.4697988825336006,20.0,816.0,816.0,4.0,1.0,3.0,2000,2000,0.4697988825336006,0.10038135619619908
DLinear_Exchange_h720_fredf_s2021_det,Exchange,DLinear,fredf,720,96,2021,deterministic,control,41,-0.29006968641114983,-0.46530856052859937,0.06446499467414726,0.0,0.23288355822088955,0.114,0.06657064628013493,20.0,816.0,816.0,4.0,1.0,3.0,2000,2000,0.06657064628013493,-0.22179635902564707
DLinear_Exchange_h720_none_s2021_det,Exchange,DLinear,none,720,96,2021,deterministic,index,41,0.7862369337979096,-0.10403025050888746,0.9497594631541854,0.0,0.19390304847576212,0.08,6.606122207977621e-07,20.0,816.0,816.0,4.0,1.0,3.0,2000,2000,6.606122207977621e-07,0.6689916565725953
DLinear_Exchange_h720_none_s2021_det,Exchange,DLinear,none,720,96,2021,deterministic,defect,41,-0.21167247386759583,-0.4749618849098264,0.03993741948542644,0.0,0.6981509245377311,0.095,0.18065719535567482,20.0,816.0,816.0,4.0,1.0,3.0,2000,2000,0.18065719535567482,-0.22130540306872457
DLinear_Exchange_h720_none_s2021_det,Exchange,DLinear,none,720,96,2021,deterministic,control,41,0.05470383275261326,-0.19635903683313885,0.2858286372366932,0.0,0.7481259370314842,0.589,0.7293596869095321,20.0,816.0,816.0,4.0,1.0,3.0,2000,2000,0.7293596869095321,0.05254767411152255
DLinear_Exchange_h720_revin_s2021_det,Exchange,DLinear,revin,720,96,2021,deterministic,index,41,-0.7341463414634147,-0.8565631998918536,0.10180580999738288,0.0,0.18290854572713644,0.074,3.4313845346805595e-06,20.0,816.0,816.0,4.0,1.0,3.0,2000,2000,3.4313845346805595e-06,-0.5852217150075233
DLinear_Exchange_h720_revin_s2021_det,Exchange,DLinear,revin,720,96,2021,deterministic,defect,41,0.036062717770034856,-0.16253131811603247,0.2727339956076154,0.0,0.5382308845577212,0.725,0.8195835399777088,20.0,816.0,816.0,4.0,1.0,3.0,2000,2000,0.8195835399777088,0.03946204928177994
DLinear_Exchange_h720_revin_s2021_det,Exchange,DLinear,revin,720,96,2021,deterministic,control,41,-0.045818815331010454,-0.27883382119994726,0.2056410295040573,0.0,0.6826586706646677,0.584,0.7719817704104044,20.0,816.0,816.0,4.0,1.0,3.0,2000,2000,0.7719817704104044,-0.0493320362714814
DLinear_Exchange_h720_san_lite_s2021_det,Exchange,DLinear,san_lite,720,96,2021,deterministic,index,41,-0.055400696864111504,-0.5150530259526989,0.8487477096620035,0.0,0.9330334832583708,0.892,0.7260499530646864,20.0,816.0,816.0,4.0,1.0,3.0,2000,2000,0.7260499530646864,0.07949029141643611
DLinear_Exchange_h720_san_lite_s2021_det,Exchange,DLinear,san_lite,720,96,2021,deterministic,defect,41,-0.07961672473867598,-0.3195093302267811,0.20050929619270336,0.0,0.29035482258870565,0.606,0.6145843976891219,20.0,816.0,816.0,4.0,1.0,3.0,2000,2000,0.6145843976891219,-0.06471131792123083
DLinear_Exchange_h720_san_lite_s2021_det,Exchange,DLinear,san_lite,720,96,2021,deterministic,control,41,-0.0980836236933798,-0.3302533745952308,0.14607178651112815,0.0,0.545727136431784,0.475,0.5350370564443148,20.0,816.0,816.0,4.0,1.0,3.0,2000,2000,0.5350370564443148,-0.09878672516085299
DLinear_Exchange_h96_fredf_s2021_det,Exchange,DLinear,fredf,96,96,2021,deterministic,index,665,0.022875978614723066,-0.3057733063141958,0.46358581486192857,0.0,0.9435282358820589,0.799,0.5555441976025284,192.0,192.0,192.0,9.0,0.0,4.0,2000,2000,0.5555441976025284,0.06538727024374029
DLinear_Exchange_h96_fredf_s2021_det,Exchange,DLinear,fredf,96,96,2021,deterministic,defect,665,0.020794251992730117,-0.043938914854279906,0.0902033696587841,0.0,0.5837081459270365,0.592,0.5920757760668401,192.0,192.0,192.0,9.0,0.0,4.0,2000,2000,0.5920757760668401,0.021178478586096304
DLinear_Exchange_h96_fredf_s2021_det,Exchange,DLinear,fredf,96,96,2021,deterministic,control,665,0.002214466482063185,-0.06561111602946111,0.06109932724168289,0.0,0.967016491754123,0.892,0.9544951617964688,192.0,192.0,192.0,9.0,0.0,4.0,2000,2000,0.9544951617964688,0.0017706546219016278
DLinear_Exchange_h96_none_s2021_det,Exchange,DLinear,none,96,96,2021,deterministic,index,665,-0.08161958951432637,-0.35281277199825,0.35119312336040387,0.0,0.7916041979010495,0.816,0.035449190412214504,192.0,192.0,192.0,9.0,0.0,4.0,2000,2000,0.035449190412214504,-0.030414448572446295
DLinear_Exchange_h96_none_s2021_det,Exchange,DLinear,none,96,96,2021,deterministic,defect,665,-0.006489889654125546,-0.06742981089201125,0.06639955864510426,0.0,0.8755622188905547,0.796,0.8671869101418328,192.0,192.0,192.0,9.0,0.0,4.0,2000,2000,0.8671869101418328,-0.006515735677485176
DLinear_Exchange_h96_none_s2021_det,Exchange,DLinear,none,96,96,2021,deterministic,control,665,0.01655216680581297,-0.06095021054658417,0.07994988950761237,0.0,0.6571714142928535,0.656,0.6697293401173912,192.0,192.0,192.0,9.0,0.0,4.0,2000,2000,0.6697293401173912,0.013617012663847499
DLinear_Exchange_h96_revin_s2021_det,Exchange,DLinear,revin,96,96,2021,deterministic,index,665,0.032604835109590974,-0.30325067822142737,0.48167712519629086,0.0,0.8960519740129935,0.899,0.40081429348802666,192.0,192.0,192.0,9.0,0.0,4.0,2000,2000,0.40081429348802666,0.04067222619078217
DLinear_Exchange_h96_revin_s2021_det,Exchange,DLinear,revin,96,96,2021,deterministic,defect,665,0.01789817265403822,-0.025480934171489177,0.08314501404174415,0.0,0.6836581709145427,0.35,0.6446525053932102,192.0,192.0,192.0,9.0,0.0,4.0,2000,2000,0.6446525053932102,0.02295683527153634
DLinear_Exchange_h96_revin_s2021_det,Exchange,DLinear,revin,96,96,2021,deterministic,control,665,-0.0629051054859552,-0.16544571648632692,-0.0028241327033464627,1.0,0.28385807096451776,0.039,0.10502810947694816,192.0,192.0,192.0,9.0,0.0,4.0,2000,2000,0.10502810947694816,-0.07125080595923615
DLinear_Exchange_h96_san_lite_s2021_det,Exchange,DLinear,san_lite,96,96,2021,deterministic,index,665,0.12804454966788512,-0.1524029287488694,0.4881970107632341,0.0,0.6701649175412294,0.329,0.0009686508238537992,192.0,192.0,192.0,9.0,0.0,4.0,2000,2000,0.0009686508238537992,0.15165696216746163
DLinear_Exchange_h96_san_lite_s2021_det,Exchange,DLinear,san_lite,96,96,2021,deterministic,defect,665,0.009957448162901556,-0.07453109199527373,0.10784707358015849,0.0,0.7941029485257372,0.843,0.7974987770840187,192.0,192.0,192.0,9.0,0.0,4.0,2000,2000,0.7974987770840187,0.011351909775050587
DLinear_Exchange_h96_san_lite_s2021_det,Exchange,DLinear,san_lite,96,96,2021,deterministic,control,665,0.06493574378799491,-0.006158405752348267,0.12952711137934397,0.0,0.13943028485757122,0.079,0.09427276476753409,192.0,192.0,192.0,9.0,0.0,4.0,2000,2000,0.09427276476753409,0.055956308136994155
DLinear_ILI_h24_fredf_s2021_det,ILI,DLinear,fredf,24,36,2021,deterministic,index,74,-0.2348611625323954,-0.9109615856118579,0.04589776611564493,0.0,0.46976511744127936,0.062,0.04478644769823392,37.0,60.0,60.0,5.0,1.0,2.0,2000,2000,0.04478644769823392,-0.30947186408802624
DLinear_ILI_h24_fredf_s2021_det,ILI,DLinear,fredf,24,36,2021,deterministic,defect,74,-0.14520547945205475,-0.4353481997332938,0.06329639068334025,0.0,0.3458270864567716,0.243,0.21474018744281598,37.0,60.0,60.0,5.0,1.0,2.0,2000,2000,0.21474018744281598,-0.1403824327618115
DLinear_ILI_h24_fredf_s2021_det,ILI,DLinear,fredf,24,36,2021,deterministic,control,74,-0.027767493520918174,-0.16971939924944435,0.09691747986614975,0.0,0.7766116941529235,0.659,0.8124662865719368,37.0,60.0,60.0,5.0,1.0,2.0,2000,2000,0.8124662865719368,-0.0340816347285584
DLinear_ILI_h24_none_s2021_det,ILI,DLinear,none,24,36,2021,deterministic,index,74,-0.2269529803776379,-0.9250029631385563,0.04298223519476094,0.0,0.4522738630684658,0.072,0.05249073146428925,37.0,60.0,60.0,5.0,1.0,2.0,2000,2000,0.05249073146428925,-0.2955987359442873
DLinear_ILI_h24_none_s2021_det,ILI,DLinear,none,24,36,2021,deterministic,defect,74,-0.04858941132913734,-0.18578082387994319,0.10257777777777778,0.0,0.5592203898050975,0.617,0.6780334805064387,37.0,60.0,60.0,5.0,1.0,2.0,2000,2000,0.6780334805064387,-0.03690569255237028
DLinear_ILI_h24_none_s2021_det,ILI,DLinear,none,24,36,2021,deterministic,control,74,0.22621251388374672,0.04103825298527364,0.37357380289184755,1.0,0.03648175912043978,0.006,0.053265700270002325,37.0,60.0,60.0,5.0,1.0,2.0,2000,2000,0.053265700270002325,0.21887179788640532
DLinear_ILI_h24_revin_s2021_det,ILI,DLinear,revin,24,36,2021,deterministic,index,74,-0.2597112180673824,-0.9522661290591385,-0.028318650122688107,1.0,0.43228385807096453,0.037,0.026488519288861426,37.0,60.0,60.0,5.0,1.0,2.0,2000,2000,0.026488519288861426,-0.33968510582357553
DLinear_ILI_h24_revin_s2021_det,ILI,DLinear,revin,24,36,2021,deterministic,defect,74,-0.008604220659015177,-0.10146671012474444,0.07502053842866555,0.0,0.9775112443778111,0.786,0.9413967111079207,37.0,60.0,60.0,5.0,1.0,2.0,2000,2000,0.9413967111079207,-0.011953847953939062
DLinear_ILI_h24_revin_s2021_det,ILI,DLinear,revin,24,36,2021,deterministic,control,74,-0.010884857460199925,-0.15201247604596965,0.10818137378345949,0.0,0.9270364817591205,0.864,0.9259033523592236,37.0,60.0,60.0,5.0,1.0,2.0,2000,2000,0.9259033523592236,-0.01220763364142724
DLinear_ILI_h24_san_lite_s2021_det,ILI,DLinear,san_lite,24,36,2021,deterministic,index,74,0.041865975564605695,-0.3871593889374565,0.37477669652897366,0.0,0.8505747126436781,0.76,0.7205655488506686,37.0,60.0,60.0,5.0,1.0,2.0,2000,2000,0.7205655488506686,0.015349352046820282
DLinear_ILI_h24_san_lite_s2021_det,ILI,DLinear,san_lite,24,36,2021,deterministic,defect,74,-0.4477897075157348,-0.5716513345037095,-0.19891149059035476,1.0,0.015992003998001,0.0005,0.00013028621791617132,37.0,60.0,60.0,5.0,1.0,2.0,2000,2000,0.00013028621791617132,-0.4272661136380128
DLinear_ILI_h24_san_lite_s2021_det,ILI,DLinear,san_lite,24,36,2021,deterministic,control,74,-0.14428730099962972,-0.23736933180085587,0.006566221342576473,0.0,0.19590204897551225,0.058,0.21765366039176037,37.0,60.0,60.0,5.0,1.0,2.0,2000,2000,0.21765366039176037,-0.12918828610150404
DLinear_ILI_h36_fredf_s2021_det,ILI,DLinear,fredf,36,36,2021,deterministic,index,62,0.08111102717131274,-0.9360231799188573,0.44574283214088656,0.0,0.9025487256371814,0.826,0.526408895373746,31.0,72.0,72.0,4.0,1.0,2.0,2000,2000,0.526408895373746,-0.049740299056651
DLinear_ILI_h36_fredf_s2021_det,ILI,DLinear,fredf,36,36,2021,deterministic,defect,62,0.03019314547606457,-0.08538187631419698,0.12007741309056921,0.0,0.6361819090454772,0.667,0.8135754484256729,31.0,72.0,72.0,4.0,1.0,2.0,2000,2000,0.8135754484256729,0.02143599401054964
DLinear_ILI_h36_fredf_s2021_det,ILI,DLinear,fredf,36,36,2021,deterministic,control,62,0.05270579940066985,-0.08346437841788261,0.3190534989794118,0.0,0.7011494252873564,0.38,0.680599311410493,31.0,72.0,72.0,4.0,1.0,2.0,2000,2000,0.680599311410493,0.07892822321325192
DLinear_ILI_h36_none_s2021_det,ILI,DLinear,none,36,36,2021,deterministic,index,62,0.08216866863085796,-0.9296201447456413,0.46840354767184034,0.0,0.9095452273863068,0.793,0.5210304422584804,31.0,72.0,72.0,4.0,1.0,2.0,2000,2000,0.5210304422584804,-0.02593240092028336
DLinear_ILI_h36_none_s2021_det,ILI,DLinear,none,36,36,2021,deterministic,defect,62,0.13766966331746872,0.04260510117957523,0.2177373299826632,1.0,0.06346826586706647,0.005,0.2822697783427859,31.0,72.0,72.0,4.0,1.0,2.0,2000,2000,0.2822697783427859,0.1266139327328232
DLinear_ILI_h36_none_s2021_det,ILI,DLinear,none,36,36,2021,deterministic,control,62,0.1691974515877213,-0.11986043312165598,0.38582817904677436,0.0,0.07296351824087956,0.406,0.18634325244764183,31.0,72.0,72.0,4.0,1.0,2.0,2000,2000,0.18634325244764183,0.15312387614739834
DLinear_ILI_h36_revin_s2021_det,ILI,DLinear,revin,36,36,2021,deterministic,index,62,0.04948251114300824,-0.9411531274419241,0.3571274717222648,0.0,0.9250374812593704,0.901,0.6991480489035811,31.0,72.0,72.0,4.0,1.0,2.0,2000,2000,0.6991480489035811,-0.09794002613509627
DLinear_ILI_h36_revin_s2021_det,ILI,DLinear,revin,36,36,2021,deterministic,defect,62,0.07501699780917127,0.005919246366590262,0.15388273948821454,1.0,0.20839580209895053,0.041,0.557941720796069,31.0,72.0,72.0,4.0,1.0,2.0,2000,2000,0.557941720796069,0.07844527655825681
DLinear_ILI_h36_revin_s2021_det,ILI,DLinear,revin,36,36,2021,deterministic,control,62,0.07526881720430106,-0.03408567754927533,0.18466073723197862,0.0,0.28285857071464265,0.202,0.5566207255660539,31.0,72.0,72.0,4.0,1.0,2.0,2000,2000,0.5566207255660539,0.07104532182717867
DLinear_ILI_h36_san_lite_s2021_det,ILI,DLinear,san_lite,36,36,2021,deterministic,index,62,0.325728387600413,-0.4327974600614826,0.5475644482524002,0.0,0.5387306346826587,0.368,0.010958479928176472,31.0,72.0,72.0,4.0,1.0,2.0,2000,2000,0.010958479928176472,0.22507598446523105
DLinear_ILI_h36_san_lite_s2021_det,ILI,DLinear,san_lite,36,36,2021,deterministic,defect,62,0.04102137946664652,-0.12288743923632975,0.2376584431620593,0.0,0.8265867066466767,0.667,0.7486748156162923,31.0,72.0,72.0,4.0,1.0,2.0,2000,2000,0.7486748156162923,0.04251843435778814
DLinear_ILI_h36_san_lite_s2021_det,ILI,DLinear,san_lite,36,36,2021,deterministic,control,62,0.00526302535821309,-0.14089191232048376,0.2230034525339583,0.0,0.974512743628186,0.679,0.9672117563841064,31.0,72.0,72.0,4.0,1.0,2.0,2000,2000,0.9672117563841064,0.03553073195826659
DLinear_ILI_h48_fredf_s2021_det,ILI,DLinear,fredf,48,36,2021,deterministic,index,50,0.14458583433373348,-0.46078846153846154,0.40333668656992705,0.0,0.7031484257871065,0.977,0.3114898406481501,25.0,84.0,84.0,4.0,1.0,2.0,2000,2000,0.3114898406481501,0.0006490700429267884
DLinear_ILI_h48_fredf_s2021_det,ILI,DLinear,fredf,48,36,2021,deterministic,defect,50,0.1417046818727491,-0.11811932118648141,0.22955702892284038,0.0,0.44127936031984005,0.248,0.3212303206540411,25.0,84.0,84.0,4.0,1.0,2.0,2000,2000,0.3212303206540411,0.09985552749862052
DLinear_ILI_h48_fredf_s2021_det,ILI,DLinear,fredf,48,36,2021,deterministic,control,50,-0.0033133253301320525,-0.2958423455900024,0.23752090346413052,0.0,0.9750124937531235,0.893,0.9814961010953004,25.0,84.0,84.0,4.0,1.0,2.0,2000,2000,0.9814961010953004,0.01024889507731224
DLinear_ILI_h48_none_s2021_det,ILI,DLinear,none,48,36,2021,deterministic,index,50,0.09320528211284512,-0.5771357146291044,0.35879036616402094,0.0,0.8520739630184908,0.882,0.5141193182672905,25.0,84.0,84.0,4.0,1.0,2.0,2000,2000,0.5141193182672905,-0.06262079495593117
DLinear_ILI_h48_none_s2021_det,ILI,DLinear,none,48,36,2021,deterministic,defect,50,0.13210084033613445,-0.16233235591020526,0.2898418345271862,0.0,0.31784107946026985,0.376,0.35511891878286883,25.0,84.0,84.0,4.0,1.0,2.0,2000,2000,0.35511891878286883,0.11028356998810869
DLinear_ILI_h48_none_s2021_det,ILI,DLinear,none,48,36,2021,deterministic,control,50,0.039519807923169274,-0.2548303374026723,0.35709737674579245,0.0,0.8470764617691154,0.952,0.7820575798230511,25.0,84.0,84.0,4.0,1.0,2.0,2000,2000,0.7820575798230511,0.012016877543563308
DLinear_ILI_h48_revin_s2021_det,ILI,DLinear,revin,48,36,2021,deterministic,index,50,0.018967587034813924,-0.8918826017979905,0.311097226894795,0.0,0.9475262368815592,0.687,0.8943728217539129,25.0,84.0,84.0,4.0,1.0,2.0,2000,2000,0.8943728217539129,-0.15999088930746008
DLinear_ILI_h48_revin_s2021_det,ILI,DLinear,revin,48,36,2021,deterministic,defect,50,0.028283313325330132,-0.11117519826964672,0.16525601260052958,0.0,0.8845577211394303,0.802,0.843058213277056,25.0,84.0,84.0,4.0,1.0,2.0,2000,2000,0.843058213277056,0.02083803970981828
DLinear_ILI_h48_revin_s2021_det,ILI,DLinear,revin,48,36,2021,deterministic,control,50,0.07303721488595438,-0.1532866145951051,0.23516685943920143,0.0,0.6911544227886057,0.555,0.6091686570483708,25.0,84.0,84.0,4.0,1.0,2.0,2000,2000,0.6091686570483708,0.04780432439472709
DLinear_ILI_h48_san_lite_s2021_det,ILI,DLinear,san_lite,48,36,2021,deterministic,index,50,0.4871548619447779,0.117839292579777,0.6095871190218553,1.0,0.14392803598200898,0.0005,0.0006494286607601162,25.0,84.0,84.0,4.0,1.0,2.0,2000,2000,0.0006494286607601162,0.39899653420583103
DLinear_ILI_h48_san_lite_s2021_det,ILI,DLinear,san_lite,48,36,2021,deterministic,defect,50,-0.0846578631452581,-0.23649817413030944,0.05979787704824339,0.0,0.47276361819090457,0.291,0.5534455040088774,25.0,84.0,84.0,4.0,1.0,2.0,2000,2000,0.5534455040088774,-0.08167604899439118
DLinear_ILI_h48_san_lite_s2021_det,ILI,DLinear,san_lite,48,36,2021,deterministic,control,50,0.06919567827130851,-0.15020427781783224,0.17951674112504204,0.0,0.729135432283858,0.506,0.6281234842063421,25.0,84.0,84.0,4.0,1.0,2.0,2000,2000,0.6281234842063421,0.040060613021440074
DLinear_ILI_h60_fredf_s2021_det,ILI,DLinear,fredf,60,36,2021,deterministic,index,38,-0.42138089506510557,-0.7946909669497657,0.12372602739726027,0.0,0.616191904047976,0.085,0.010372426049876314,19.0,96.0,96.0,4.0,1.0,2.0,2000,2000,0.010372426049876314,-0.43782128091616596
DLinear_ILI_h60_fredf_s2021_det,ILI,DLinear,fredf,60,36,2021,deterministic,defect,38,-0.12506838822628297,-0.29228304393693705,0.17857142857142858,0.0,0.3473263368315842,0.295,0.4467996500538114,19.0,96.0,96.0,4.0,1.0,2.0,2000,2000,0.4467996500538114,-0.11114967513437665
DLinear_ILI_h60_fredf_s2021_det,ILI,DLinear,fredf,60,36,2021,deterministic,control,38,-0.1051537367326841,-0.5017536168347216,0.059958347034966566,0.0,0.5452273863068465,0.286,0.5224162889602229,19.0,96.0,96.0,4.0,1.0,2.0,2000,2000,0.5224162889602229,-0.14841492130641737
DLinear_ILI_h60_none_s2021_det,ILI,DLinear,none,60,36,2021,deterministic,index,38,-0.42181857971331654,-0.7936021034180544,0.17276912957684717,0.0,0.6176911544227887,0.107,0.01029315597773117,19.0,96.0,96.0,4.0,1.0,2.0,2000,2000,0.01029315597773117,-0.4458930652882733
DLinear_ILI_h60_none_s2021_det,ILI,DLinear,none,60,36,2021,deterministic,defect,38,0.20932268300689352,-0.06428154432759191,0.5843016882262662,0.0,0.13493253373313344,0.107,0.20292573438584138,19.0,96.0,96.0,4.0,1.0,2.0,2000,2000,0.20292573438584138,0.22949515859504452
DLinear_ILI_h60_none_s2021_det,ILI,DLinear,none,60,36,2021,deterministic,control,38,0.09421162052740999,-0.19342465753424656,0.27195095248522005,0.0,0.8085957021489255,0.387,0.5665993874079153,19.0,96.0,96.0,4.0,1.0,2.0,2000,2000,0.5665993874079153,0.07288503903853934
DLinear_ILI_h60_revin_s2021_det,ILI,DLinear,revin,60,36,2021,deterministic,index,38,-0.38089506510559135,-0.8852010077774126,0.11354669004822446,0.0,0.624687656171914,0.099,0.02050949416430578,19.0,96.0,96.0,4.0,1.0,2.0,2000,2000,0.02050949416430578,-0.4416541405963772
DLinear_ILI_h60_revin_s2021_det,ILI,DLinear,revin,60,36,2021,deterministic,defect,38,0.10559142138089507,-0.016596107485258988,0.2809102235635128,0.0,0.21639180409795103,0.075,0.5206865019546085,19.0,96.0,96.0,4.0,1.0,2.0,2000,2000,0.5206865019546085,0.1238673957245254
DLinear_ILI_h60_revin_s2021_det,ILI,DLinear,revin,60,36,2021,deterministic,control,38,0.001641317430791115,-0.18261964670417638,0.15379481362969089,0.0,1.0,0.772,0.992034257000396,19.0,96.0,96.0,4.0,1.0,2.0,2000,2000,0.992034257000396,0.010206794905575745
DLinear_ILI_h60_san_lite_s2021_det,ILI,DLinear,san_lite,60,36,2021,deterministic,index,38,-0.3082394135025714,-0.9031339031339032,0.1726027397260274,0.0,0.6821589205397302,0.144,0.060799993937712855,19.0,96.0,96.0,4.0,1.0,2.0,2000,2000,0.060799993937712855,-0.381804719139481
DLinear_ILI_h60_san_lite_s2021_det,ILI,DLinear,san_lite,60,36,2021,deterministic,defect,38,-0.031185031185031187,-0.23466125453607628,0.30647106648686057,0.0,0.8255872063968016,0.77,0.8495511646407943,19.0,96.0,96.0,4.0,1.0,2.0,2000,2000,0.8495511646407943,-0.012255074787156189
DLinear_ILI_h60_san_lite_s2021_det,ILI,DLinear,san_lite,60,36,2021,deterministic,control,38,-0.07867381551592079,-0.1927208945406709,0.1996593285360638,0.0,0.6111944027986007,0.806,0.6322558520754056,19.0,96.0,96.0,4.0,1.0,2.0,2000,2000,0.6322558520754056,-0.019846566064681864
DLinear_Weather_h192_fredf_s2021_det,Weather,DLinear,fredf,192,96,2021,deterministic,index,5079,-0.03953135858044498,-0.35276968552186877,0.2575593478070461,0.0,0.7951024487756122,0.773,0.004847331043535259,288.0,288.0,288.0,18.0,0.0,18.0,2000,2000,0.004847331043535259,-0.04806707792399615
DLinear_Weather_h192_fredf_s2021_det,Weather,DLinear,fredf,192,96,2021,deterministic,defect,5079,-0.002068615414675405,-0.02797431935545601,0.023308386574502543,0.0,0.8850574712643678,0.862,0.8828086382803615,288.0,288.0,288.0,18.0,0.0,18.0,2000,2000,0.8828086382803615,-0.002179256266644913
DLinear_Weather_h192_fredf_s2021_det,Weather,DLinear,fredf,192,96,2021,deterministic,control,5079,-0.005588231452199221,-0.030465641183035786,0.019764332400741023,0.0,0.6731634182908546,0.638,0.6904696023211829,288.0,288.0,288.0,18.0,0.0,18.0,2000,2000,0.6904696023211829,-0.005851662901849478
DLinear_Weather_h192_none_s2021_det,Weather,DLinear,none,192,96,2021,deterministic,index,5079,-0.001991014120129036,-0.3141488318203768,0.28204493205470343,0.0,0.993503248375812,0.983,0.8871749190122352,288.0,288.0,288.0,18.0,0.0,18.0,2000,2000,0.8871749190122352,-0.007170797353613248
DLinear_Weather_h192_none_s2021_det,Weather,DLinear,none,192,96,2021,deterministic,defect,5079,0.0066252028627078,-0.020518829026727966,0.031054402951372784,0.0,0.6181909045477262,0.636,0.6368464675591088,288.0,288.0,288.0,18.0,0.0,18.0,2000,2000,0.6368464675591088,0.006010851788319251
DLinear_Weather_h192_none_s2021_det,Weather,DLinear,none,192,96,2021,deterministic,control,5079,0.024363624569880817,-0.003394714540219274,0.05027646373516136,0.0,0.07746126936531735,0.081,0.0825366071983302,288.0,288.0,288.0,18.0,0.0,18.0,2000,2000,0.0825366071983302,0.02357310411228695
DLinear_Weather_h192_revin_s2021_det,Weather,DLinear,revin,192,96,2021,deterministic,index,5079,-0.07255660178731543,-0.37639816176057966,0.2255107775656589,0.0,0.6331834082958521,0.611,2.3360625440634945e-07,288.0,288.0,288.0,18.0,0.0,18.0,2000,2000,2.3360625440634945e-07,-0.07764383844361465
DLinear_Weather_h192_revin_s2021_det,Weather,DLinear,revin,192,96,2021,deterministic,defect,5079,-0.0005625403497267236,-0.018249653311949048,0.017247954555025386,0.0,0.9660169915042479,0.979,0.9680240256586659,288.0,288.0,288.0,18.0,0.0,18.0,2000,2000,0.9680240256586659,-0.00025921446056089087
DLinear_Weather_h192_revin_s2021_det,Weather,DLinear,revin,192,96,2021,deterministic,control,5079,0.02274122646763693,-0.002340838649468495,0.0470556202743038,0.0,0.10694652673663169,0.076,0.10511594775560217,288.0,288.0,288.0,18.0,0.0,18.0,2000,2000,0.10511594775560217,0.022251165772377877
DLinear_Weather_h192_san_lite_s2021_det,Weather,DLinear,san_lite,192,96,2021,deterministic,index,5079,-0.036673913983192044,-0.3269623538386352,0.23015605584254056,0.0,0.8035982008995503,0.787,0.008964990740179812,288.0,288.0,288.0,18.0,0.0,18.0,2000,2000,0.008964990740179812,-0.04324042664153157
DLinear_Weather_h192_san_lite_s2021_det,Weather,DLinear,san_lite,192,96,2021,deterministic,defect,5079,-0.004703054761428427,-0.026312981813952595,0.018474302798471932,0.0,0.6731634182908546,0.667,0.73751941121319,288.0,288.0,288.0,18.0,0.0,18.0,2000,2000,0.73751941121319,-0.004740227801091667
DLinear_Weather_h192_san_lite_s2021_det,Weather,DLinear,san_lite,192,96,2021,deterministic,control,5079,-0.004262585481014103,-0.03374494163369968,0.02469983105956445,0.0,0.7816091954022989,0.753,0.7613166765447326,288.0,288.0,288.0,18.0,0.0,18.0,2000,2000,0.7613166765447326,-0.0046533795243991595
DLinear_Weather_h336_fredf_s2021_det,Weather,DLinear,fredf,336,96,2021,deterministic,index,4935,-0.058094197353228315,-0.3398801502310357,0.22959186421103708,0.0,0.7491254372813593,0.667,4.490452321284948e-05,432.0,432.0,432.0,18.0,0.0,12.0,2000,2000,4.490452321284948e-05,-0.06159641819556322
DLinear_Weather_h336_fredf_s2021_det,Weather,DLinear,fredf,336,96,2021,deterministic,defect,4935,0.0033616915761985884,-0.028573569132001445,0.03577916870291477,0.0,0.809095452273863,0.776,0.8133291495766899,432.0,432.0,432.0,18.0,0.0,12.0,2000,2000,0.8133291495766899,0.004068584720907189
DLinear_Weather_h336_fredf_s2021_det,Weather,DLinear,fredf,336,96,2021,deterministic,control,4935,-0.009813043726853819,-0.04388488341712208,0.020599214301319342,0.0,0.48375812093953025,0.55,0.49063946281949056,432.0,432.0,432.0,18.0,0.0,12.0,2000,2000,0.49063946281949056,-0.010302476875870806
DLinear_Weather_h336_none_s2021_det,Weather,DLinear,none,336,96,2021,deterministic,index,4935,-0.040198115233909135,-0.3280885131135959,0.20718952830600676,0.0,0.815592203898051,0.75,0.004748559618839794,432.0,432.0,432.0,18.0,0.0,12.0,2000,2000,0.004748559618839794,-0.04919592343920774
DLinear_Weather_h336_none_s2021_det,Weather,DLinear,none,336,96,2021,deterministic,defect,4935,-0.00833670852659632,-0.033225654793609345,0.017041095942938775,0.0,0.63968015992004,0.572,0.5581505819686838,432.0,432.0,432.0,18.0,0.0,12.0,2000,2000,0.5581505819686838,-0.007311047620069219
DLinear_Weather_h336_none_s2021_det,Weather,DLinear,none,336,96,2021,deterministic,control,4935,-0.044714191006971535,-0.06885175621023382,-0.012382028161063761,1.0,0.00399800099950025,0.013,0.0016846762911854234,432.0,432.0,432.0,18.0,0.0,12.0,2000,2000,0.0016846762911854234,-0.0430024273995404
DLinear_Weather_h336_revin_s2021_det,Weather,DLinear,revin,336,96,2021,deterministic,index,4935,-0.06169753116440598,-0.38014283882670963,0.2062428430949273,0.0,0.7261369315342329,0.629,1.4656734453049903e-05,432.0,432.0,432.0,18.0,0.0,12.0,2000,2000,1.4656734453049903e-05,-0.0735859087198144
DLinear_Weather_h336_revin_s2021_det,Weather,DLinear,revin,336,96,2021,deterministic,defect,4935,0.011599034454256262,-0.009016198063012341,0.032526462689930646,0.0,0.4127936031984008,0.26,0.415218603764958,432.0,432.0,432.0,18.0,0.0,12.0,2000,2000,0.415218603764958,0.011467414179195045
DLinear_Weather_h336_revin_s2021_det,Weather,DLinear,revin,336,96,2021,deterministic,control,4935,0.0012675788183701998,-0.03183059122101925,0.03257351734299119,0.0,0.9335332333833083,0.965,0.9290518489299989,432.0,432.0,432.0,18.0,0.0,12.0,2000,2000,0.9290518489299989,0.0008654318097721079
DLinear_Weather_h336_san_lite_s2021_det,Weather,DLinear,san_lite,336,96,2021,deterministic,index,4935,-0.04707412379976058,-0.33217838000707256,0.20600836616309076,0.0,0.7786106946526736,0.653,0.0009443523531726369,432.0,432.0,432.0,18.0,0.0,12.0,2000,2000,0.0009443523531726369,-0.06143192629940248
DLinear_Weather_h336_san_lite_s2021_det,Weather,DLinear,san_lite,336,96,2021,deterministic,defect,4935,-0.005436451468907643,-0.03400755142490808,0.022762521898994303,0.0,0.6776611694152923,0.762,0.7025580891143102,432.0,432.0,432.0,18.0,0.0,12.0,2000,2000,0.7025580891143102,-0.004585104073266683
DLinear_Weather_h336_san_lite_s2021_det,Weather,DLinear,san_lite,336,96,2021,deterministic,control,4935,-0.005831509031190952,-0.030860845268027595,0.018891315215425156,0.0,0.6771614192903548,0.686,0.6820851579647633,432.0,432.0,432.0,18.0,0.0,12.0,2000,2000,0.6820851579647633,-0.005141374142991546
DLinear_Weather_h720_fredf_s2021_det,Weather,DLinear,fredf,720,96,2021,deterministic,index,4551,0.13811291576862744,-0.3146808014916485,0.40229726843893904,0.0,0.5752123938030984,0.601,1.20552693725298e-20,816.0,816.0,816.0,17.0,0.0,6.0,2000,2000,1.20552693725298e-20,0.09285262739180525
DLinear_Weather_h720_fredf_s2021_det,Weather,DLinear,fredf,720,96,2021,deterministic,defect,4551,-0.0017395850625986202,-0.023748356336732144,0.031640478582424886,0.0,0.8975512243878061,0.919,0.906589497178669,816.0,816.0,816.0,17.0,0.0,6.0,2000,2000,0.906589497178669,0.00011554544090652321
DLinear_Weather_h720_fredf_s2021_det,Weather,DLinear,fredf,720,96,2021,deterministic,control,4551,-0.013856994440627584,-0.0294634898090839,0.017733098190722864,0.0,0.41179410294852575,0.454,0.3499401550482921,816.0,816.0,816.0,17.0,0.0,6.0,2000,2000,0.3499401550482921,-0.008669362682091576
DLinear_Weather_h720_none_s2021_det,Weather,DLinear,none,720,96,2021,deterministic,index,4551,0.1165472385726147,-0.34452746148687763,0.418652041720245,0.0,0.6451774112943528,0.661,3.794360510183257e-15,816.0,816.0,816.0,17.0,0.0,6.0,2000,2000,3.794360510183257e-15,0.07594068555174531
DLinear_Weather_h720_none_s2021_det,Weather,DLinear,none,720,96,2021,deterministic,defect,4551,-0.002468190993202781,-0.022919922112838678,0.019354440145599363,0.0,0.8595702148925537,0.812,0.8677724658732424,816.0,816.0,816.0,17.0,0.0,6.0,2000,2000,0.8677724658732424,-0.002378449161648302
DLinear_Weather_h720_none_s2021_det,Weather,DLinear,none,720,96,2021,deterministic,control,4551,0.0031022300382324386,-0.02262425164527974,0.024087662705477093,0.0,0.8310844577711144,0.758,0.8342477296462566,816.0,816.0,816.0,17.0,0.0,6.0,2000,2000,0.8342477296462566,0.00270500744468427
DLinear_Weather_h720_revin_s2021_det,Weather,DLinear,revin,720,96,2021,deterministic,index,4551,0.22966856248737172,-0.18346496951849584,0.43465221496473294,0.0,0.33183408295852074,0.273,3.929278422860549e-54,816.0,816.0,816.0,17.0,0.0,6.0,2000,2000,3.929278422860549e-54,0.18331894962448173
DLinear_Weather_h720_revin_s2021_det,Weather,DLinear,revin,720,96,2021,deterministic,defect,4551,-0.002960635156185759,-0.03506961416429312,0.026775640335977898,0.0,0.8650674662668666,0.799,0.8417107090360987,816.0,816.0,816.0,17.0,0.0,6.0,2000,2000,0.8417107090360987,-0.004368340942443044
DLinear_Weather_h720_revin_s2021_det,Weather,DLinear,revin,720,96,2021,deterministic,control,4551,0.012542363408667151,-0.018077492398311152,0.042485373904172535,0.0,0.2933533233383308,0.401,0.39753675297102753,816.0,816.0,816.0,17.0,0.0,6.0,2000,2000,0.39753675297102753,0.013014846295960517
DLinear_Weather_h720_san_lite_s2021_det,Weather,DLinear,san_lite,720,96,2021,deterministic,index,4551,0.2437161937934332,-0.19131494427499332,0.3995025058037728,0.0,0.30634682658670664,0.249,9.964619887073832e-61,816.0,816.0,816.0,17.0,0.0,6.0,2000,2000,9.964619887073832e-61,0.18143101120332528
DLinear_Weather_h720_san_lite_s2021_det,Weather,DLinear,san_lite,720,96,2021,deterministic,defect,4551,-0.010685756232323524,-0.04126827509023862,0.028860585514931782,0.0,0.5577211394302849,0.645,0.47103647367753587,816.0,816.0,816.0,17.0,0.0,6.0,2000,2000,0.47103647367753587,-0.007940624483661637
DLinear_Weather_h720_san_lite_s2021_det,Weather,DLinear,san_lite,720,96,2021,deterministic,control,4551,-0.021420093891344645,-0.040018337413808815,6.253134026400032e-06,0.0,0.0864567716141929,0.051,0.14849599830142696,816.0,816.0,816.0,17.0,0.0,6.0,2000,2000,0.14849599830142696,-0.01981771808276168
DLinear_Weather_h96_fredf_s2021_det,Weather,DLinear,fredf,96,96,2021,deterministic,index,5175,-0.08065088529115874,-0.3622142965544404,0.19051934983264404,0.0,0.5387306346826587,0.528,6.581834095990403e-09,192.0,192.0,192.0,18.0,0.0,27.0,2000,2000,6.581834095990403e-09,-0.08754243759406259
DLinear_Weather_h96_fredf_s2021_det,Weather,DLinear,fredf,96,96,2021,deterministic,defect,5175,0.009057538038880682,-0.01649872641608105,0.035788423697951106,0.0,0.5297351324337831,0.477,0.514715104439726,192.0,192.0,192.0,18.0,0.0,27.0,2000,2000,0.514715104439726,0.009702423555707024
DLinear_Weather_h96_fredf_s2021_det,Weather,DLinear,fredf,96,96,2021,deterministic,control,5175,0.020671498678864687,-0.001363450077017808,0.042400624765135494,0.0,0.13843078460769614,0.076,0.13703813604031834,192.0,192.0,192.0,18.0,0.0,27.0,2000,2000,0.13703813604031834,0.01977202393241305
DLinear_Weather_h96_none_s2021_det,Weather,DLinear,none,96,96,2021,deterministic,index,5175,-0.038484493062996755,-0.33100240284495225,0.21996093728022312,0.0,0.7716141929035483,0.782,0.005636517968112811,192.0,192.0,192.0,18.0,0.0,27.0,2000,2000,0.005636517968112811,-0.04478450187798052
DLinear_Weather_h96_none_s2021_det,Weather,DLinear,none,96,96,2021,deterministic,defect,5175,-0.007520623714444777,-0.03705898068973721,0.024725693224720405,0.0,0.6261869065467266,0.601,0.5885335063101211,192.0,192.0,192.0,18.0,0.0,27.0,2000,2000,0.5885335063101211,-0.007436720290573922
DLinear_Weather_h96_none_s2021_det,Weather,DLinear,none,96,96,2021,deterministic,control,5175,0.0004514522422488433,-0.0256965429772956,0.028596507683554574,0.0,0.9705147426286856,0.953,0.9740946916783363,192.0,192.0,192.0,18.0,0.0,27.0,2000,2000,0.9740946916783363,0.0010349457927602125
DLinear_Weather_h96_revin_s2021_det,Weather,DLinear,revin,96,96,2021,deterministic,index,5175,-0.09174255618846557,-0.3682302465918144,0.16601960100559612,0.0,0.47476261869065467,0.491,4.136892466687682e-11,192.0,192.0,192.0,18.0,0.0,27.0,2000,2000,4.136892466687682e-11,-0.09601477671197031
DLinear_Weather_h96_revin_s2021_det,Weather,DLinear,revin,96,96,2021,deterministic,defect,5175,-0.0041884479128671635,-0.03325216511329537,0.02324539979225007,0.0,0.7526236881559221,0.77,0.7632030912457417,192.0,192.0,192.0,18.0,0.0,27.0,2000,2000,0.7632030912457417,-0.00409537365816446
DLinear_Weather_h96_revin_s2021_det,Weather,DLinear,revin,96,96,2021,deterministic,control,5175,-0.014611468914276761,-0.03847751946890799,0.011802166803730111,0.0,0.31434282858570717,0.289,0.29325372759946877,192.0,192.0,192.0,18.0,0.0,27.0,2000,2000,0.29325372759946877,-0.013951250353392435
DLinear_Weather_h96_san_lite_s2021_det,Weather,DLinear,san_lite,96,96,2021,deterministic,index,5175,-0.023202835437822613,-0.28761766647625714,0.21756548805397108,0.0,0.847576211894053,0.811,0.09511895225439393,192.0,192.0,192.0,18.0,0.0,27.0,2000,2000,0.09511895225439393,-0.033880239474603245
DLinear_Weather_h96_san_lite_s2021_det,Weather,DLinear,san_lite,96,96,2021,deterministic,defect,5175,-0.019991145491032532,-0.04915975762743246,0.008111397118367706,0.0,0.2028985507246377,0.174,0.15044156441623344,192.0,192.0,192.0,18.0,0.0,27.0,2000,2000,0.15044156441623344,-0.019787989103050966
DLinear_Weather_h96_san_lite_s2021_det,Weather,DLinear,san_lite,96,96,2021,deterministic,control,5175,0.00039050001982397976,-0.024029390069491126,0.02770451929921793,0.0,0.9835082458770614,0.994,0.9775912708024339,192.0,192.0,192.0,18.0,0.0,27.0,2000,2000,0.9775912708024339,0.0004717939948173742
PatchTST_ETTh1_h336_fredf_s2021_det,ETTh1,PatchTST,fredf,336,96,2021,deterministic,index,2545,0.2782542989036571,-0.08883917056589688,0.39759465409859035,0.0,0.21889055472263869,0.137,9.571774415731804e-45,432.0,432.0,432.0,14.0,0.0,6.0,2000,2000,9.571774415731804e-45,0.20581359352878945
PatchTST_ETTh1_h336_fredf_s2021_det,ETTh1,PatchTST,fredf,336,96,2021,deterministic,defect,2545,-0.023075163443323055,-0.04954838831599314,0.005671142801517153,0.0,0.19940029985007496,0.128,0.2444779312762395,432.0,432.0,432.0,14.0,0.0,6.0,2000,2000,0.2444779312762395,-0.02272709584768154
PatchTST_ETTh1_h336_fredf_s2021_det,ETTh1,PatchTST,fredf,336,96,2021,deterministic,control,2545,-0.01735508610648837,-0.04626178072286818,0.004753891154610423,0.0,0.39730134932533734,0.129,0.38137956028292996,432.0,432.0,432.0,14.0,0.0,6.0,2000,2000,0.38137956028292996,-0.019070916387897995
PatchTST_ETTh1_h336_none_s2021_det,ETTh1,PatchTST,none,336,96,2021,deterministic,index,2545,0.2719230528429114,-0.0737503786999077,0.39679609179120656,0.0,0.21639180409795103,0.131,8.225174922878597e-43,432.0,432.0,432.0,14.0,0.0,6.0,2000,2000,8.225174922878597e-43,0.20689534034096113
PatchTST_ETTh1_h336_none_s2021_det,ETTh1,PatchTST,none,336,96,2021,deterministic,defect,2545,-0.01687207449811413,-0.04120711963921294,0.013114690722376962,0.0,0.3448275862068966,0.272,0.39477209824105597,432.0,432.0,432.0,14.0,0.0,6.0,2000,2000,0.39477209824105597,-0.01550177805639418
PatchTST_ETTh1_h336_none_s2021_det,ETTh1,PatchTST,none,336,96,2021,deterministic,control,2545,0.018527485128534964,-0.009970309077047343,0.0419374521885411,0.0,0.28085957021489255,0.203,0.3500507831291423,432.0,432.0,432.0,14.0,0.0,6.0,2000,2000,0.3500507831291423,0.017203100952124954
PatchTST_ETTh1_h336_san_lite_s2021_det,ETTh1,PatchTST,san_lite,336,96,2021,deterministic,index,2545,0.3079025538644379,-0.0461198241907214,0.4443051133219684,0.0,0.1774112943528236,0.087,2.1733267084345943e-54,432.0,432.0,432.0,14.0,0.0,6.0,2000,2000,2.1733267084345943e-54,0.24482663871086716
PatchTST_ETTh1_h336_san_lite_s2021_det,ETTh1,PatchTST,san_lite,336,96,2021,deterministic,defect,2545,-0.008148445734562923,-0.04811765721639339,0.038543739426331734,0.0,0.696151924037981,0.765,0.6810784266386227,432.0,432.0,432.0,14.0,0.0,6.0,2000,2000,0.6810784266386227,-0.006322088944964293
PatchTST_ETTh1_h336_san_lite_s2021_det,ETTh1,PatchTST,san_lite,336,96,2021,deterministic,control,2545,-0.0006200373592226201,-0.02688941248036956,0.027716093596192194,0.0,0.9600199900049975,0.94,0.975051428425814,432.0,432.0,432.0,14.0,0.0,6.0,2000,2000,0.975051428425814,-0.0006251793396840746
PatchTST_ETTh1_h96_fredf_s2021_det,ETTh1,PatchTST,fredf,96,96,2021,deterministic,index,2785,0.32829987164199625,0.022755229863557852,0.5166356939088623,1.0,0.04297851074462768,0.036,3.193855550205234e-67,192.0,192.0,192.0,15.0,0.0,15.0,2000,2000,3.193855550205234e-67,0.29738381215640813
PatchTST_ETTh1_h96_fredf_s2021_det,ETTh1,PatchTST,fredf,96,96,2021,deterministic,defect,2785,0.009844492691900037,-0.01898497363295514,0.038950174336558105,0.0,0.5392303848075962,0.544,0.6034601420792103,192.0,192.0,192.0,15.0,0.0,15.0,2000,2000,0.6034601420792103,0.008751561118743322
PatchTST_ETTh1_h96_fredf_s2021_det,ETTh1,PatchTST,fredf,96,96,2021,deterministic,control,2785,0.020099903653723328,-0.02692011484503109,0.062462807957059364,0.0,0.35582208895552225,0.392,0.28889729490541716,192.0,192.0,192.0,15.0,0.0,15.0,2000,2000,0.28889729490541716,0.01972068535646276
PatchTST_ETTh1_h96_none_s2021_det,ETTh1,PatchTST,none,96,96,2021,deterministic,index,2785,0.3087401042187705,0.010498668439914129,0.5208871581757685,1.0,0.044977511244377814,0.04,1.1576128670567764e-59,192.0,192.0,192.0,15.0,0.0,15.0,2000,2000,1.1576128670567764e-59,0.28086221962740116
PatchTST_ETTh1_h96_none_s2021_det,ETTh1,PatchTST,none,96,96,2021,deterministic,defect,2785,-0.011407990350173095,-0.050969555074706845,0.02729096747475665,0.0,0.5882058970514743,0.564,0.5472227897060251,192.0,192.0,192.0,15.0,0.0,15.0,2000,2000,0.5472227897060251,-0.01127700012881553
PatchTST_ETTh1_h96_none_s2021_det,ETTh1,PatchTST,none,96,96,2021,deterministic,control,2785,-0.01523368894067493,-0.05493624133062383,0.022562408130774723,0.0,0.45377311344327836,0.431,0.42152136620949476,192.0,192.0,192.0,15.0,0.0,15.0,2000,2000,0.42152136620949476,-0.015709132362775685
PatchTST_ETTh1_h96_san_lite_s2021_det,ETTh1,PatchTST,san_lite,96,96,2021,deterministic,index,2785,0.33603969827469543,0.03395755190704665,0.5469371429642297,1.0,0.031484257871064465,0.026,2.4311009488383542e-70,192.0,192.0,192.0,15.0,0.0,15.0,2000,2000,2.4311009488383542e-70,0.30863916147208603
PatchTST_ETTh1_h96_san_lite_s2021_det,ETTh1,PatchTST,san_lite,96,96,2021,deterministic,defect,2785,0.0002913092716369921,-0.029114722819503676,0.02936311055384559,0.0,0.9855072463768116,0.944,0.9877365720465074,192.0,192.0,192.0,15.0,0.0,15.0,2000,2000,0.9877365720465074,-0.0008533313270048343
PatchTST_ETTh1_h96_san_lite_s2021_det,ETTh1,PatchTST,san_lite,96,96,2021,deterministic,control,2785,-0.02670161683887062,-0.05839651445263985,0.0036618461510635925,0.0,0.16141929035482258,0.1,0.15887240911839673,192.0,192.0,192.0,15.0,0.0,15.0,2000,2000,0.15887240911839673,-0.027172630578621366
PatchTST_ETTh2_h336_fredf_s2021_det,ETTh2,PatchTST,fredf,336,96,2021,deterministic,index,2545,0.3352940611827691,-0.14774005771664872,0.6466436798508657,0.0,0.09245377311344327,0.163,3.69606354907737e-64,432.0,432.0,432.0,14.0,0.0,6.0,2000,2000,3.69606354907737e-64,0.29386180451710636
PatchTST_ETTh2_h336_fredf_s2021_det,ETTh2,PatchTST,fredf,336,96,2021,deterministic,defect,2545,-0.002434508524346106,-0.035545607413153026,0.01951306044505024,0.0,0.9130434782608695,0.688,0.9022718586610474,432.0,432.0,432.0,14.0,0.0,6.0,2000,2000,0.9022718586610474,-0.006266069628845359
PatchTST_ETTh2_h336_fredf_s2021_det,ETTh2,PatchTST,fredf,336,96,2021,deterministic,control,2545,0.011181415822750519,-0.018653621469712892,0.03844162431652879,0.0,0.5792103948025987,0.513,0.5727751239898629,432.0,432.0,432.0,14.0,0.0,6.0,2000,2000,0.5727751239898629,0.00931259439843521
PatchTST_ETTh2_h336_none_s2021_det,ETTh2,PatchTST,none,336,96,2021,deterministic,index,2545,0.27668452827393236,-0.15299510218768442,0.5848742134329357,0.0,0.17041479260369816,0.258,2.9151105891458687e-44,432.0,432.0,432.0,14.0,0.0,6.0,2000,2000,2.9151105891458687e-44,0.23370042503002386
PatchTST_ETTh2_h336_none_s2021_det,ETTh2,PatchTST,none,336,96,2021,deterministic,defect,2545,-0.03650251031391233,-0.08227685975024648,0.015357610168473488,0.0,0.05697151424287856,0.137,0.06560447845390244,432.0,432.0,432.0,14.0,0.0,6.0,2000,2000,0.06560447845390244,-0.03809486428344013
PatchTST_ETTh2_h336_none_s2021_det,ETTh2,PatchTST,none,336,96,2021,deterministic,control,2545,-0.02085644965201365,-0.050666176022354174,0.011683729989556817,0.0,0.1969015492253873,0.209,0.29281822597666995,432.0,432.0,432.0,14.0,0.0,6.0,2000,2000,0.29281822597666995,-0.019762821762113667
PatchTST_ETTh2_h336_san_lite_s2021_det,ETTh2,PatchTST,san_lite,336,96,2021,deterministic,index,2545,0.30632848021549514,-0.17146296122342905,0.6215851462130871,0.0,0.12293853073463268,0.243,7.472048817979324e-54,432.0,432.0,432.0,14.0,0.0,6.0,2000,2000,7.472048817979324e-54,0.26292043031077267
PatchTST_ETTh2_h336_san_lite_s2021_det,ETTh2,PatchTST,san_lite,336,96,2021,deterministic,defect,2545,0.03261615405657308,-0.02576896797958112,0.07823587272326556,0.0,0.10494752623688156,0.273,0.09994997095746963,432.0,432.0,432.0,14.0,0.0,6.0,2000,2000,0.09994997095746963,0.031217329060203594
PatchTST_ETTh2_h336_san_lite_s2021_det,ETTh2,PatchTST,san_lite,336,96,2021,deterministic,control,2545,-0.0073630355492672874,-0.038870261627066804,0.03473651078878746,0.0,0.735632183908046,0.791,0.7103564692344508,432.0,432.0,432.0,14.0,0.0,6.0,2000,2000,0.7103564692344508,-0.004112257956525854
PatchTST_ETTh2_h96_fredf_s2021_det,ETTh2,PatchTST,fredf,96,96,2021,deterministic,index,2785,0.2374658361587101,-0.07430803191640538,0.5014439113125041,0.0,0.12293853073463268,0.159,5.144856884265495e-36,192.0,192.0,192.0,15.0,0.0,15.0,2000,2000,5.144856884265495e-36,0.21387194081590497
PatchTST_ETTh2_h96_fredf_s2021_det,ETTh2,PatchTST,fredf,96,96,2021,deterministic,defect,2785,0.016193579108852715,-0.02306981211415326,0.05232189346472133,0.0,0.3988005997001499,0.37,0.3928657179226882,192.0,192.0,192.0,15.0,0.0,15.0,2000,2000,0.3928657179226882,0.01655579345549874
PatchTST_ETTh2_h96_fredf_s2021_det,ETTh2,PatchTST,fredf,96,96,2021,deterministic,control,2785,0.013004251919981438,-0.03214535033828851,0.05160163235172719,0.0,0.526736631684158,0.547,0.4926176054301027,192.0,192.0,192.0,15.0,0.0,15.0,2000,2000,0.4926176054301027,0.012552318649282246
PatchTST_ETTh2_h96_none_s2021_det,ETTh2,PatchTST,none,96,96,2021,deterministic,index,2785,0.16238136095304373,-0.11947919807354557,0.41557646804137516,0.0,0.25737131434282856,0.3,1.0545419184909066e-17,192.0,192.0,192.0,15.0,0.0,15.0,2000,2000,1.0545419184909066e-17,0.14390093971460607
PatchTST_ETTh2_h96_none_s2021_det,ETTh2,PatchTST,none,96,96,2021,deterministic,defect,2785,0.01590820731706396,-0.027432113589826307,0.058740286198983915,0.0,0.39980009995002497,0.435,0.40125909522042924,192.0,192.0,192.0,15.0,0.0,15.0,2000,2000,0.40125909522042924,0.016110147210155436
PatchTST_ETTh2_h96_none_s2021_det,ETTh2,PatchTST,none,96,96,2021,deterministic,control,2785,0.01922775519397271,-0.016665699296983697,0.0526788761953574,0.0,0.335832083958021,0.279,0.31033180940797434,192.0,192.0,192.0,15.0,0.0,15.0,2000,2000,0.31033180940797434,0.018897661836147443
PatchTST_ETTh2_h96_san_lite_s2021_det,ETTh2,PatchTST,san_lite,96,96,2021,deterministic,index,2785,0.20559264715117184,-0.09094515708563787,0.4679662016315201,0.0,0.1504247876061969,0.197,2.0425388747203502e-27,192.0,192.0,192.0,15.0,0.0,15.0,2000,2000,2.0425388747203502e-27,0.19078820639168134
PatchTST_ETTh2_h96_san_lite_s2021_det,ETTh2,PatchTST,san_lite,96,96,2021,deterministic,defect,2785,0.024923148300691932,-0.004484246817938357,0.050633631704898215,0.0,0.22938530734632684,0.108,0.18849793099802525,192.0,192.0,192.0,15.0,0.0,15.0,2000,2000,0.18849793099802525,0.02327344111718464
PatchTST_ETTh2_h96_san_lite_s2021_det,ETTh2,PatchTST,san_lite,96,96,2021,deterministic,control,2785,-0.0437883716857052,-0.07364446539842197,-0.011835956870917734,1.0,0.022488755622188907,0.011,0.020864184365629045,192.0,192.0,192.0,15.0,0.0,15.0,2000,2000,0.020864184365629045,-0.04276648963602646
PatchTST_ETTm1_h336_fredf_s2021_det,ETTm1,PatchTST,fredf,336,96,2021,deterministic,index,11185,0.3100770340407113,0.07176156252842063,0.483516627761762,1.0,0.015992003998001,0.011,7.651213677714249e-236,432.0,432.0,432.0,23.0,0.0,26.0,2000,2000,7.651213677714249e-236,0.29239644282797556
PatchTST_ETTm1_h336_fredf_s2021_det,ETTm1,PatchTST,fredf,336,96,2021,deterministic,defect,11185,0.000430362967788439,-0.01882724333279228,0.019143145286742408,0.0,0.9690154922538731,0.93,0.963698579368955,432.0,432.0,432.0,23.0,0.0,26.0,2000,2000,0.963698579368955,0.0006771796834275386
PatchTST_ETTm1_h336_fredf_s2021_det,ETTm1,PatchTST,fredf,336,96,2021,deterministic,control,11185,-0.014550440881974148,-0.03163964660763983,0.0014736159395528734,0.0,0.10394802598700649,0.073,0.12385957251704371,432.0,432.0,432.0,23.0,0.0,26.0,2000,2000,0.12385957251704371,-0.014575046825233305
PatchTST_ETTm1_h336_none_s2021_det,ETTm1,PatchTST,none,336,96,2021,deterministic,index,11185,0.25403257692527376,0.0055635052269840946,0.4509270829824598,1.0,0.03548225887056472,0.048,5.623815217795325e-159,432.0,432.0,432.0,23.0,0.0,26.0,2000,2000,5.623815217795325e-159,0.24628000433274308
PatchTST_ETTm1_h336_none_s2021_det,ETTm1,PatchTST,none,336,96,2021,deterministic,defect,11185,0.0011642137956863346,-0.01677361089921552,0.02090150606924573,0.0,0.9150424787606197,0.905,0.9020114648764895,432.0,432.0,432.0,23.0,0.0,26.0,2000,2000,0.9020114648764895,0.0013551780000776916
PatchTST_ETTm1_h336_none_s2021_det,ETTm1,PatchTST,none,336,96,2021,deterministic,control,11185,0.002162914762278915,-0.013565018766541325,0.02002062310430404,0.0,0.8010994502748626,0.82,0.8190726952870657,432.0,432.0,432.0,23.0,0.0,26.0,2000,2000,0.8190726952870657,0.002126050888600518
PatchTST_ETTm1_h336_san_lite_s2021_det,ETTm1,PatchTST,san_lite,336,96,2021,deterministic,index,11185,0.2653683179922773,0.010685028587183823,0.45128971791914807,1.0,0.02948525737131434,0.043,2.705038387895489e-173,432.0,432.0,432.0,23.0,0.0,26.0,2000,2000,2.705038387895489e-173,0.25395052630223763
PatchTST_ETTm1_h336_san_lite_s2021_det,ETTm1,PatchTST,san_lite,336,96,2021,deterministic,defect,11185,0.0016286360468407166,-0.017450730839845937,0.020456986711402447,0.0,0.8605697151424287,0.908,0.8632524049123533,432.0,432.0,432.0,23.0,0.0,26.0,2000,2000,0.8632524049123533,0.0011688907349057288
PatchTST_ETTm1_h336_san_lite_s2021_det,ETTm1,PatchTST,san_lite,336,96,2021,deterministic,control,11185,-0.00040913444748651764,-0.020206886326622733,0.01984509464480655,0.0,0.9655172413793104,0.988,0.9654880739393897,432.0,432.0,432.0,23.0,0.0,26.0,2000,2000,0.9654880739393897,-0.00023076132094292228
PatchTST_ETTm1_h96_fredf_s2021_det,ETTm1,PatchTST,fredf,96,96,2021,deterministic,index,11425,0.33459559205006506,0.16241242812886852,0.4725105300923429,1.0,0.0004997501249375312,0.0005,4.2118516593357944e-280,192.0,192.0,192.0,23.0,0.0,60.0,2000,2000,4.2118516593357944e-280,0.3242544811456684
PatchTST_ETTm1_h96_fredf_s2021_det,ETTm1,PatchTST,fredf,96,96,2021,deterministic,defect,11425,-0.008494801949473376,-0.027640267383551704,0.011141885956472834,0.0,0.392303848075962,0.388,0.3639041725762199,192.0,192.0,192.0,23.0,0.0,60.0,2000,2000,0.3639041725762199,-0.008631170379001966
PatchTST_ETTm1_h96_fredf_s2021_det,ETTm1,PatchTST,fredf,96,96,2021,deterministic,control,11425,-0.001264657548827498,-0.01887772515201803,0.01637960003862944,0.0,0.8900549725137431,0.927,0.8924770416423286,192.0,192.0,192.0,23.0,0.0,60.0,2000,2000,0.8924770416423286,-0.0010948407421937573
PatchTST_ETTm1_h96_none_s2021_det,ETTm1,PatchTST,none,96,96,2021,deterministic,index,11425,0.20170525753578544,0.015415316039500736,0.3650997407044382,1.0,0.026986506746626688,0.036,4.3699987033879655e-103,192.0,192.0,192.0,23.0,0.0,60.0,2000,2000,4.3699987033879655e-103,0.19511740386087034
PatchTST_ETTm1_h96_none_s2021_det,ETTm1,PatchTST,none,96,96,2021,deterministic,defect,11425,-0.008789282876631367,-0.026974302006140774,0.010840075256666516,0.0,0.27786106946526734,0.346,0.3475121095517071,192.0,192.0,192.0,23.0,0.0,60.0,2000,2000,0.3475121095517071,-0.008874018477142932
PatchTST_ETTm1_h96_none_s2021_det,ETTm1,PatchTST,none,96,96,2021,deterministic,control,11425,0.002390395615149179,-0.012397787677755219,0.018955332411307785,0.0,0.8225887056471765,0.763,0.7983424062962113,192.0,192.0,192.0,23.0,0.0,60.0,2000,2000,0.7983424062962113,0.0025087791396222344
PatchTST_ETTm1_h96_san_lite_s2021_det,ETTm1,PatchTST,san_lite,96,96,2021,deterministic,index,11425,0.25763826866722733,0.07181755994423948,0.4168132116603446,1.0,0.0029985007496251873,0.014,6.302310234381062e-167,192.0,192.0,192.0,23.0,0.0,60.0,2000,2000,6.302310234381062e-167,0.2502989823555555
PatchTST_ETTm1_h96_san_lite_s2021_det,ETTm1,PatchTST,san_lite,96,96,2021,deterministic,defect,11425,-0.007556012071820582,-0.028136037663805662,0.01397436943875275,0.0,0.46026986506746626,0.492,0.4193150720178416,192.0,192.0,192.0,23.0,0.0,60.0,2000,2000,0.4193150720178416,-0.007446570982647662
PatchTST_ETTm1_h96_san_lite_s2021_det,ETTm1,PatchTST,san_lite,96,96,2021,deterministic,control,11425,0.016631149067175645,-0.0027960971271169953,0.035576203089406275,0.0,0.09195402298850575,0.087,0.0754713822006984,192.0,192.0,192.0,23.0,0.0,60.0,2000,2000,0.0754713822006984,0.01638296200086924
PatchTST_ETTm2_h336_fredf_s2021_det,ETTm2,PatchTST,fredf,336,96,2021,deterministic,index,11185,0.12846216266239535,-0.09262480221902726,0.3533569946445346,0.0,0.24187906046976512,0.264,4.885661665942887e-42,432.0,432.0,432.0,23.0,0.0,26.0,2000,2000,4.885661665942887e-42,0.12788393676845067
PatchTST_ETTm2_h336_fredf_s2021_det,ETTm2,PatchTST,fredf,336,96,2021,deterministic,defect,11185,-0.0008343622037251466,-0.021221818839305347,0.021903382314644438,0.0,0.9340329835082459,0.945,0.9296879117535747,432.0,432.0,432.0,23.0,0.0,26.0,2000,2000,0.9296879117535747,-0.00044533684032883495
PatchTST_ETTm2_h336_fredf_s2021_det,ETTm2,PatchTST,fredf,336,96,2021,deterministic,control,11185,-0.019277112471663554,-0.035335236207215265,-0.0017235129238327256,1.0,0.022488755622188907,0.036,0.041485960990723866,432.0,432.0,432.0,23.0,0.0,26.0,2000,2000,0.041485960990723866,-0.018612767571239034
PatchTST_ETTm2_h336_none_s2021_det,ETTm2,PatchTST,none,336,96,2021,deterministic,index,11185,0.1064096302338476,-0.11375307251039136,0.3111328796419336,0.0,0.30434782608695654,0.357,2.2311133712489581e-29,432.0,432.0,432.0,23.0,0.0,26.0,2000,2000,2.2311133712489581e-29,0.10330435858323947
PatchTST_ETTm2_h336_none_s2021_det,ETTm2,PatchTST,none,336,96,2021,deterministic,defect,11185,0.018894739972018054,0.0007323229697082441,0.037525396215978946,1.0,0.04447776111944028,0.04,0.04569471023851597,432.0,432.0,432.0,23.0,0.0,26.0,2000,2000,0.04569471023851597,0.01892929743216556
PatchTST_ETTm2_h336_none_s2021_det,ETTm2,PatchTST,none,336,96,2021,deterministic,control,11185,0.008045407441471242,-0.01684306615855548,0.030395528517370273,0.0,0.4782608695652174,0.499,0.39485962816771714,432.0,432.0,432.0,23.0,0.0,26.0,2000,2000,0.39485962816771714,0.007775381952098084
PatchTST_ETTm2_h336_san_lite_s2021_det,ETTm2,PatchTST,san_lite,336,96,2021,deterministic,index,11185,0.10456062082499906,-0.11760761510278318,0.31809147984987585,0.0,0.3003498250874563,0.374,2.0108036234520561e-28,432.0,432.0,432.0,23.0,0.0,26.0,2000,2000,2.0108036234520561e-28,0.10670739036358595
PatchTST_ETTm2_h336_san_lite_s2021_det,ETTm2,PatchTST,san_lite,336,96,2021,deterministic,defect,11185,-0.001103378886090163,-0.019497729401050094,0.014196536003706609,0.0,0.9105447276361819,0.87,0.9071079275860945,432.0,432.0,432.0,23.0,0.0,26.0,2000,2000,0.9071079275860945,-0.0015991461682458095
PatchTST_ETTm2_h336_san_lite_s2021_det,ETTm2,PatchTST,san_lite,336,96,2021,deterministic,control,11185,-0.013239292482001673,-0.03526749675880704,0.008847744891967454,0.0,0.1679160419790105,0.244,0.16147922418394167,432.0,432.0,432.0,23.0,0.0,26.0,2000,2000,0.16147922418394167,-0.013177057810081265
PatchTST_ETTm2_h96_fredf_s2021_det,ETTm2,PatchTST,fredf,96,96,2021,deterministic,index,11425,0.24302149829770786,0.10872820315568475,0.3760032113780184,1.0,0.0024987506246876563,0.0005,9.518237825853601e-149,192.0,192.0,192.0,23.0,0.0,60.0,2000,2000,9.518237825853601e-149,0.2419734425489838
PatchTST_ETTm2_h96_fredf_s2021_det,ETTm2,PatchTST,fredf,96,96,2021,deterministic,defect,11425,-0.000672979555465446,-0.01874285225501136,0.018038185685856422,0.0,0.9440279860069966,0.952,0.9426574956693988,192.0,192.0,192.0,23.0,0.0,60.0,2000,2000,0.9426574956693988,-0.00042434674483196524
PatchTST_ETTm2_h96_fredf_s2021_det,ETTm2,PatchTST,fredf,96,96,2021,deterministic,control,11425,-0.0007547734771836798,-0.018331085528040914,0.01634152039583308,0.0,0.9320339830084957,0.929,0.9357023760014456,192.0,192.0,192.0,23.0,0.0,60.0,2000,2000,0.9357023760014456,-0.001101789738312841
PatchTST_ETTm2_h96_none_s2021_det,ETTm2,PatchTST,none,96,96,2021,deterministic,index,11425,0.1958619279708705,0.05647717745078781,0.330267895243529,1.0,0.012993503248375811,0.005,2.6068951957275536e-97,192.0,192.0,192.0,23.0,0.0,60.0,2000,2000,2.6068951957275536e-97,0.19334207822462934
PatchTST_ETTm2_h96_none_s2021_det,ETTm2,PatchTST,none,96,96,2021,deterministic,defect,11425,0.003604601468498337,-0.014824670612361774,0.021617934475228702,0.0,0.703648175912044,0.695,0.7000366237053416,192.0,192.0,192.0,23.0,0.0,60.0,2000,2000,0.7000366237053416,0.0035572745382871957
PatchTST_ETTm2_h96_none_s2021_det,ETTm2,PatchTST,none,96,96,2021,deterministic,control,11425,0.01063101804510218,-0.006076867856505069,0.02805093960069991,0.0,0.2563718140929535,0.202,0.2558409418887848,192.0,192.0,192.0,23.0,0.0,60.0,2000,2000,0.2558409418887848,0.010976452127319767
PatchTST_ETTm2_h96_san_lite_s2021_det,ETTm2,PatchTST,san_lite,96,96,2021,deterministic,index,11425,0.21979364115280167,0.09344248791819305,0.3385874539851396,1.0,0.001999000499750125,0.0005,4.897431113564513e-122,192.0,192.0,192.0,23.0,0.0,60.0,2000,2000,4.897431113564513e-122,0.21798763240840657
PatchTST_ETTm2_h96_san_lite_s2021_det,ETTm2,PatchTST,san_lite,96,96,2021,deterministic,defect,11425,0.006430242591615333,-0.011539652506091255,0.02507684847415019,0.0,0.48575712143928035,0.5,0.49190355878231595,192.0,192.0,192.0,23.0,0.0,60.0,2000,2000,0.49190355878231595,0.006417312658329086
PatchTST_ETTm2_h96_san_lite_s2021_det,ETTm2,PatchTST,san_lite,96,96,2021,deterministic,control,11425,0.019282235175859475,0.00022688005072936615,0.03766244054777589,1.0,0.05147426286856572,0.048,0.039308255528394405,192.0,192.0,192.0,23.0,0.0,60.0,2000,2000,0.039308255528394405,0.019381190730174337
PatchTST_Exchange_h336_fredf_s2021_det,Exchange,PatchTST,fredf,336,96,2021,deterministic,index,425,0.5044584264744962,-0.5724593876870874,0.7152148188782251,0.0,0.42328835582208896,0.261,2.8285839390662193e-25,212.0,432.0,432.0,8.0,1.0,3.0,2000,2000,2.8285839390662193e-25,0.39289170648040056
PatchTST_Exchange_h336_fredf_s2021_det,Exchange,PatchTST,fredf,336,96,2021,deterministic,defect,425,-0.04125431836300824,-0.11814240939034316,0.03646201245697901,0.0,0.17041479260369816,0.27,0.39561514037375123,212.0,432.0,432.0,8.0,1.0,3.0,2000,2000,0.39561514037375123,-0.046659656610483116
PatchTST_Exchange_h336_fredf_s2021_det,Exchange,PatchTST,fredf,336,96,2021,deterministic,control,425,0.028712385299588878,-0.020275698918272116,0.07326685128577991,0.0,0.08595702148925537,0.214,0.554370210699062,212.0,432.0,432.0,8.0,1.0,3.0,2000,2000,0.554370210699062,0.027687674239724333
PatchTST_Exchange_h336_none_s2021_det,Exchange,PatchTST,none,336,96,2021,deterministic,index,425,0.4683977114630067,-0.4525044249349456,0.6202059866310932,0.0,0.33683158420789605,0.224,5.166192897005934e-22,212.0,432.0,432.0,8.0,1.0,3.0,2000,2000,5.166192897005934e-22,0.32720576993888584
PatchTST_Exchange_h336_none_s2021_det,Exchange,PatchTST,none,336,96,2021,deterministic,defect,425,0.03472385924872208,-0.008163783923328338,0.058345718632523,0.0,0.2928535732133933,0.121,0.4746040852741952,212.0,432.0,432.0,8.0,1.0,3.0,2000,2000,0.4746040852741952,0.027415144721477366
PatchTST_Exchange_h336_none_s2021_det,Exchange,PatchTST,none,336,96,2021,deterministic,control,425,-0.0006076190773944444,-0.05283289563408179,0.06548364679413135,0.0,0.9955022488755623,0.722,0.9900174140075304,212.0,432.0,432.0,8.0,1.0,3.0,2000,2000,0.9900174140075304,0.008036259517343543
PatchTST_Exchange_h336_san_lite_s2021_det,Exchange,PatchTST,san_lite,336,96,2021,deterministic,index,425,0.4865448406309109,-0.37260127286507494,0.618782615364862,0.0,0.28585707146426786,0.195,1.2631544066753186e-23,212.0,432.0,432.0,8.0,1.0,3.0,2000,2000,1.2631544066753186e-23,0.35874867517005343
PatchTST_Exchange_h336_san_lite_s2021_det,Exchange,PatchTST,san_lite,336,96,2021,deterministic,defect,425,0.03849666255021807,-0.030940041183454874,0.14981706265167363,0.0,0.4012993503248376,0.356,0.42795566151819486,212.0,432.0,432.0,8.0,1.0,3.0,2000,2000,0.42795566151819486,0.044381669096506114
PatchTST_Exchange_h336_san_lite_s2021_det,Exchange,PatchTST,san_lite,336,96,2021,deterministic,control,425,-0.00022901002016538743,-0.09101348220092485,0.05668644083148188,0.0,0.9920039980009995,1.0,0.9962375055739804,212.0,432.0,432.0,8.0,1.0,3.0,2000,2000,0.9962375055739804,-0.005633310323650118
PatchTST_Exchange_h96_fredf_s2021_det,Exchange,PatchTST,fredf,96,96,2021,deterministic,index,665,0.09916075600920242,-0.20332812742760015,0.5032723668180916,0.0,0.7501249375312344,0.448,0.010612864749291224,192.0,192.0,192.0,9.0,0.0,4.0,2000,2000,0.010612864749291224,0.13740231611382325
PatchTST_Exchange_h96_fredf_s2021_det,Exchange,PatchTST,fredf,96,96,2021,deterministic,defect,665,-0.019075081059862293,-0.05912510192605067,0.009273037234102282,0.0,0.656671664167916,0.134,0.6230513172764371,192.0,192.0,192.0,9.0,0.0,4.0,2000,2000,0.6230513172764371,-0.023003612363978666
PatchTST_Exchange_h96_fredf_s2021_det,Exchange,PatchTST,fredf,96,96,2021,deterministic,control,665,-0.09209020597733344,-0.12376203110304729,-0.06214345374189135,1.0,0.0009995002498750624,0.0005,0.017644330267674906,192.0,192.0,192.0,9.0,0.0,4.0,2000,2000,0.017644330267674906,-0.09358310083849188
PatchTST_Exchange_h96_none_s2021_det,Exchange,PatchTST,none,96,96,2021,deterministic,index,665,0.07046654408734308,-0.30241535756508303,0.3769386338028856,0.0,0.7821089455272364,0.666,0.06940169845154938,192.0,192.0,192.0,9.0,0.0,4.0,2000,2000,0.06940169845154938,0.062232846425867246
PatchTST_Exchange_h96_none_s2021_det,Exchange,PatchTST,none,96,96,2021,deterministic,defect,665,0.0028312804153007077,-0.03820350719335913,0.060933353460876256,0.0,0.9465267366316842,0.685,0.9418403410466474,192.0,192.0,192.0,9.0,0.0,4.0,2000,2000,0.9418403410466474,0.009822459486708141
PatchTST_Exchange_h96_none_s2021_det,Exchange,PatchTST,none,96,96,2021,deterministic,control,665,0.0009340756645766159,-0.05383224413024951,0.04432602233501381,0.0,0.992503748125937,0.998,0.9807972146900474,192.0,192.0,192.0,9.0,0.0,4.0,2000,2000,0.9807972146900474,-0.0007846068716438399
PatchTST_Exchange_h96_san_lite_s2021_det,Exchange,PatchTST,san_lite,96,96,2021,deterministic,index,665,0.11736419361657156,-0.17343369013390558,0.39289001962578973,0.0,0.6551724137931034,0.373,0.0024923907719166627,192.0,192.0,192.0,9.0,0.0,4.0,2000,2000,0.0024923907719166627,0.1128870981530373
PatchTST_Exchange_h96_san_lite_s2021_det,Exchange,PatchTST,san_lite,96,96,2021,deterministic,defect,665,0.0016828949612716258,-0.057601584365784,0.06552254768029395,0.0,0.95952023988006,0.907,0.9654104421575656,192.0,192.0,192.0,9.0,0.0,4.0,2000,2000,0.9654104421575656,0.004385918126668612
PatchTST_Exchange_h96_san_lite_s2021_det,Exchange,PatchTST,san_lite,96,96,2021,deterministic,control,665,-0.04141765191226194,-0.1763320719083588,0.07350231059148632,0.0,0.3953023488255872,0.545,0.2858552432203809,192.0,192.0,192.0,9.0,0.0,4.0,2000,2000,0.2858552432203809,-0.04745470561717927
PatchTST_ILI_h24_fredf_s2021_det,ILI,PatchTST,fredf,24,36,2021,deterministic,index,74,-0.15317289892632355,-0.817726565461506,0.27633605231486813,0.0,0.6151924037981009,0.302,0.19063266333681517,37.0,60.0,60.0,5.0,1.0,2.0,2000,2000,0.19063266333681517,-0.22932721629200367
PatchTST_ILI_h24_fredf_s2021_det,ILI,PatchTST,fredf,24,36,2021,deterministic,defect,74,0.03890410958904109,-0.07576767542105498,0.20328223474134025,0.0,0.5822088955522239,0.483,0.7395896107315665,37.0,60.0,60.0,5.0,1.0,2.0,2000,2000,0.7395896107315665,0.05214098878304902
PatchTST_ILI_h24_fredf_s2021_det,ILI,PatchTST,fredf,24,36,2021,deterministic,control,74,-0.02216956682710107,-0.1892901065358799,0.11575291752687407,0.0,0.8850574712643678,0.874,0.8497661097184638,37.0,60.0,60.0,5.0,1.0,2.0,2000,2000,0.8497661097184638,-0.019916779066124324
PatchTST_ILI_h24_none_s2021_det,ILI,PatchTST,none,24,36,2021,deterministic,index,74,-0.1375638652350981,-0.792103118749537,0.33146140496838583,0.0,0.6506746626686657,0.338,0.23985624616918322,37.0,60.0,60.0,5.0,1.0,2.0,2000,2000,0.23985624616918322,-0.20912467744366786
PatchTST_ILI_h24_none_s2021_det,ILI,PatchTST,none,24,36,2021,deterministic,defect,74,-0.058156238430211026,-0.42238224355840037,0.07641324017423873,0.0,0.6206896551724138,0.349,0.6192686555149081,37.0,60.0,60.0,5.0,1.0,2.0,2000,2000,0.6192686555149081,-0.09975866450546823
PatchTST_ILI_h24_none_s2021_det,ILI,PatchTST,none,24,36,2021,deterministic,control,74,-0.2390077748981858,-0.29712850825636716,-0.06554136853721547,1.0,0.28085957021489255,0.0005,0.041143266767034455,37.0,60.0,60.0,5.0,1.0,2.0,2000,2000,0.041143266767034455,-0.2041118721077424
PatchTST_ILI_h24_san_lite_s2021_det,ILI,PatchTST,san_lite,24,36,2021,deterministic,index,74,0.09224731580895962,-0.4651238591916558,0.6311243462672415,0.0,0.8800599700149925,0.733,0.4306022973275869,37.0,60.0,60.0,5.0,1.0,2.0,2000,2000,0.4306022973275869,0.04283447014299541
PatchTST_ILI_h24_san_lite_s2021_det,ILI,PatchTST,san_lite,24,36,2021,deterministic,defect,74,0.1735209181784524,-0.101358442201292,0.4531364868156133,0.0,0.2978510744627686,0.412,0.13819045402843466,37.0,60.0,60.0,5.0,1.0,2.0,2000,2000,0.13819045402843466,0.161412848796768
PatchTST_ILI_h24_san_lite_s2021_det,ILI,PatchTST,san_lite,24,36,2021,deterministic,control,74,0.016216216216216214,-0.15672183615107646,0.15976945074158036,0.0,0.7646176911544228,0.872,0.8898046404069669,37.0,60.0,60.0,5.0,1.0,2.0,2000,2000,0.8898046404069669,0.004487214459921815
PatchTST_ILI_h48_fredf_s2021_det,ILI,PatchTST,fredf,48,36,2021,deterministic,index,50,-0.009747899159663865,-0.8428545944986905,0.21570323386670512,0.0,0.9610194902548725,0.477,0.9455983317902151,25.0,84.0,84.0,4.0,1.0,2.0,2000,2000,0.9455983317902151,-0.1958623829244741
PatchTST_ILI_h48_fredf_s2021_det,ILI,PatchTST,fredf,48,36,2021,deterministic,defect,50,0.12595438175270107,-0.0004984640160136727,0.31671289961300053,0.0,0.2958520739630185,0.056,0.37794951580429315,25.0,84.0,84.0,4.0,1.0,2.0,2000,2000,0.37794951580429315,0.14073464752616102
PatchTST_ILI_h48_fredf_s2021_det,ILI,PatchTST,fredf,48,36,2021,deterministic,control,50,0.04153661464585834,-0.14540153782200077,0.20414318253724623,0.0,0.8535732133933034,0.745,0.771237707635323,25.0,84.0,84.0,4.0,1.0,2.0,2000,2000,0.771237707635323,0.025226638438933188
PatchTST_ILI_h48_none_s2021_det,ILI,PatchTST,none,48,36,2021,deterministic,index,50,0.037118847539015606,-0.6982986810799986,0.2639942852030095,0.0,0.8765617191404298,0.702,0.7949934178970486,25.0,84.0,84.0,4.0,1.0,2.0,2000,2000,0.7949934178970486,-0.12716939498570493
PatchTST_ILI_h48_none_s2021_det,ILI,PatchTST,none,48,36,2021,deterministic,defect,50,-0.222280912364946,-0.3075332916686698,-0.10994691222155158,1.0,0.062468765617191405,0.0005,0.11971608558167882,25.0,84.0,84.0,4.0,1.0,2.0,2000,2000,0.11971608558167882,-0.20951487558772647
PatchTST_ILI_h48_none_s2021_det,ILI,PatchTST,none,48,36,2021,deterministic,control,50,0.05430972388955582,-0.18832916746779466,0.22009035106080696,0.0,0.6116941529235382,0.599,0.7038206615295259,25.0,84.0,84.0,4.0,1.0,2.0,2000,2000,0.7038206615295259,0.03523607469685679
PatchTST_ILI_h48_san_lite_s2021_det,ILI,PatchTST,san_lite,48,36,2021,deterministic,index,50,0.6154621848739495,0.16229931269917153,0.7368522257475243,1.0,0.09795102448775612,0.0005,1.645622696196498e-05,25.0,84.0,84.0,4.0,1.0,2.0,2000,2000,1.645622696196498e-05,0.5230677162866739
PatchTST_ILI_h48_san_lite_s2021_det,ILI,PatchTST,san_lite,48,36,2021,deterministic,defect,50,-0.0757262905162065,-0.2827685652487383,0.12977598307854865,0.0,0.8610694652673663,0.626,0.5960536686046887,25.0,84.0,84.0,4.0,1.0,2.0,2000,2000,0.5960536686046887,-0.061243266844390166
PatchTST_ILI_h48_san_lite_s2021_det,ILI,PatchTST,san_lite,48,36,2021,deterministic,control,50,-0.13315726290516205,-0.21737876676118614,-0.015650587389816235,1.0,0.1454272863568216,0.034,0.35128441380484554,25.0,84.0,84.0,4.0,1.0,2.0,2000,2000,0.35128441380484554,-0.11600768690435027
PatchTST_Weather_h336_fredf_s2021_det,Weather,PatchTST,fredf,336,96,2021,deterministic,index,4935,0.05765800886211298,-0.2256923976851459,0.2566566439247393,0.0,0.743128435782109,0.778,5.120908174280619e-05,432.0,432.0,432.0,18.0,0.0,12.0,2000,2000,5.120908174280619e-05,0.028994494128112194
PatchTST_Weather_h336_fredf_s2021_det,Weather,PatchTST,fredf,336,96,2021,deterministic,defect,4935,0.0013702914202698012,-0.021082244738759616,0.026118518226434777,0.0,0.9320339830084957,0.901,0.923319948643718,432.0,432.0,432.0,18.0,0.0,12.0,2000,2000,0.923319948643718,0.0016756253939087223
PatchTST_Weather_h336_fredf_s2021_det,Weather,PatchTST,fredf,336,96,2021,deterministic,control,4935,0.002633722240469509,-0.020101754583804213,0.02362563412296069,0.0,0.8305847076461769,0.772,0.8532297655005171,432.0,432.0,432.0,18.0,0.0,12.0,2000,2000,0.8532297655005171,0.002500523289354932
PatchTST_Weather_h336_none_s2021_det,Weather,PatchTST,none,336,96,2021,deterministic,index,4935,-0.10173767745661849,-0.41708933660676084,0.17951249114362158,0.0,0.5577211394302849,0.437,8.914654015735238e-13,432.0,432.0,432.0,18.0,0.0,12.0,2000,2000,8.914654015735238e-13,-0.11447551962300363
PatchTST_Weather_h336_none_s2021_det,Weather,PatchTST,none,336,96,2021,deterministic,defect,4935,-0.007290178921567243,-0.02790344694910755,0.015297935168601482,0.0,0.6486756621689156,0.574,0.6085950661118436,432.0,432.0,432.0,18.0,0.0,12.0,2000,2000,0.6085950661118436,-0.006127948816982757
PatchTST_Weather_h336_none_s2021_det,Weather,PatchTST,none,336,96,2021,deterministic,control,4935,0.016001774027279654,-0.002681464675222781,0.03806379249695822,0.0,0.19890054972513743,0.094,0.2610114948826062,432.0,432.0,432.0,18.0,0.0,12.0,2000,2000,0.2610114948826062,0.016323791766283607
PatchTST_Weather_h336_san_lite_s2021_det,Weather,PatchTST,san_lite,336,96,2021,deterministic,index,4935,-0.0806494316346236,-0.35647476456196014,0.19005439745973968,0.0,0.6376811594202898,0.577,1.4701369356265724e-08,432.0,432.0,432.0,18.0,0.0,12.0,2000,2000,1.4701369356265724e-08,-0.0818511477824632
PatchTST_Weather_h336_san_lite_s2021_det,Weather,PatchTST,san_lite,336,96,2021,deterministic,defect,4935,-0.010627080106293783,-0.04163787228281404,0.017734290212929674,0.0,0.4522738630684658,0.486,0.45538233472525824,432.0,432.0,432.0,18.0,0.0,12.0,2000,2000,0.45538233472525824,-0.011133915249502064
PatchTST_Weather_h336_san_lite_s2021_det,Weather,PatchTST,san_lite,336,96,2021,deterministic,control,4935,-0.012348754696882753,-0.036203939522846944,0.013263218252912956,0.0,0.3238380809595202,0.362,0.38571925170814936,432.0,432.0,432.0,18.0,0.0,12.0,2000,2000,0.38571925170814936,-0.011550638618885292
PatchTST_Weather_h96_fredf_s2021_det,Weather,PatchTST,fredf,96,96,2021,deterministic,index,5175,-0.03100846832450553,-0.30197619839410167,0.216166936756354,0.0,0.8050974512743628,0.754,0.025717230902603652,192.0,192.0,192.0,18.0,0.0,27.0,2000,2000,0.025717230902603652,-0.04100545837276357
PatchTST_Weather_h96_fredf_s2021_det,Weather,PatchTST,fredf,96,96,2021,deterministic,defect,5175,0.013831383314370454,-0.01802405807932094,0.04458900470327268,0.0,0.2898550724637681,0.396,0.3197855730369046,192.0,192.0,192.0,18.0,0.0,27.0,2000,2000,0.3197855730369046,0.014063040717047443
PatchTST_Weather_h96_fredf_s2021_det,Weather,PatchTST,fredf,96,96,2021,deterministic,control,5175,-0.013503185573725759,-0.035978118586194714,0.01126674629599426,0.0,0.2863568215892054,0.319,0.3314032959507295,192.0,192.0,192.0,18.0,0.0,27.0,2000,2000,0.3314032959507295,-0.012890708331733895
PatchTST_Weather_h96_none_s2021_det,Weather,PatchTST,none,96,96,2021,deterministic,index,5175,-0.17253177835057054,-0.4383618880777483,0.09021452005314758,0.0,0.1729135432283858,0.191,2.2978763163256616e-35,192.0,192.0,192.0,18.0,0.0,27.0,2000,2000,2.2978763163256616e-35,-0.17845583306574042
PatchTST_Weather_h96_none_s2021_det,Weather,PatchTST,none,96,96,2021,deterministic,defect,5175,-0.009426322250148389,-0.036349930088172853,0.019731003163440026,0.0,0.47876061969015493,0.524,0.497746153985719,192.0,192.0,192.0,18.0,0.0,27.0,2000,2000,0.497746153985719,-0.009087304161036877
PatchTST_Weather_h96_none_s2021_det,Weather,PatchTST,none,96,96,2021,deterministic,control,5175,-0.005849953937279212,-0.028399621643430083,0.01541007600110765,0.0,0.670664667666167,0.532,0.6739082587751877,192.0,192.0,192.0,18.0,0.0,27.0,2000,2000,0.6739082587751877,-0.006816060141914324
PatchTST_Weather_h96_san_lite_s2021_det,Weather,PatchTST,san_lite,96,96,2021,deterministic,index,5175,-0.11040172968315459,-0.3839979344732269,0.15452112169061588,0.0,0.3733133433283358,0.402,2.0014725633182283e-15,192.0,192.0,192.0,18.0,0.0,27.0,2000,2000,2.0014725633182283e-15,-0.11825686290241137
PatchTST_Weather_h96_san_lite_s2021_det,Weather,PatchTST,san_lite,96,96,2021,deterministic,defect,5175,0.019558723316994542,-0.005886430066485017,0.04647436003113121,0.0,0.14642678660669664,0.134,0.1594661844974924,192.0,192.0,192.0,18.0,0.0,27.0,2000,2000,0.1594661844974924,0.01982965142775193
PatchTST_Weather_h96_san_lite_s2021_det,Weather,PatchTST,san_lite,96,96,2021,deterministic,control,5175,-6.136177658394615e-05,-0.029261437447251234,0.027768468919183588,0.0,0.9975012493753124,0.997,0.9964783208295328,192.0,192.0,192.0,18.0,0.0,27.0,2000,2000,0.9964783208295328,-0.0003212458806683074
iTransformer_ETTh1_h336_fredf_s2021_det,ETTh1,iTransformer,fredf,336,96,2021,deterministic,index,2545,0.28683133847601866,-0.03786080579460576,0.419060065130907,0.0,0.1839080459770115,0.096,1.9519731414335512e-47,432.0,432.0,432.0,14.0,0.0,6.0,2000,2000,1.9519731414335512e-47,0.22430594827198327
iTransformer_ETTh1_h336_fredf_s2021_det,ETTh1,iTransformer,fredf,336,96,2021,deterministic,defect,2545,0.016943890202823553,-0.023181930459581907,0.06202816704221452,0.0,0.4222888555722139,0.496,0.392763044830433,432.0,432.0,432.0,14.0,0.0,6.0,2000,2000,0.392763044830433,0.016329059566174642
iTransformer_ETTh1_h336_fredf_s2021_det,ETTh1,iTransformer,fredf,336,96,2021,deterministic,control,2545,-0.008281415919720503,-0.030752976110793348,0.023541488536158346,0.0,0.584207896051974,0.651,0.6761674040975838,432.0,432.0,432.0,14.0,0.0,6.0,2000,2000,0.6761674040975838,-0.006090535703823284
iTransformer_ETTh1_h336_none_s2021_det,ETTh1,iTransformer,none,336,96,2021,deterministic,index,2545,0.2751457927807403,-0.09252551161383435,0.41054165879680615,0.0,0.20189905047476261,0.143,8.632293615043357e-44,432.0,432.0,432.0,14.0,0.0,6.0,2000,2000,8.632293615043357e-44,0.21367433181141463
iTransformer_ETTh1_h336_none_s2021_det,ETTh1,iTransformer,none,336,96,2021,deterministic,defect,2545,-0.026721850224104955,-0.08015418978452879,0.019225417034951564,0.0,0.24987506246876562,0.252,0.17772309044419565,432.0,432.0,432.0,14.0,0.0,6.0,2000,2000,0.17772309044419565,-0.02804195159622098
iTransformer_ETTh1_h336_none_s2021_det,ETTh1,iTransformer,none,336,96,2021,deterministic,control,2545,0.0348991602663128,0.003431978934373214,0.05586635040146494,1.0,0.095952023988006,0.029,0.07836599256261029,432.0,432.0,432.0,14.0,0.0,6.0,2000,2000,0.07836599256261029,0.03177327036685138
iTransformer_ETTh1_h336_san_lite_s2021_det,ETTh1,iTransformer,san_lite,336,96,2021,deterministic,index,2545,0.31692810698045104,-0.01522639267146827,0.46190083744783617,0.0,0.14342828585707146,0.067,1.6192779180645405e-57,432.0,432.0,432.0,14.0,0.0,6.0,2000,2000,1.6192779180645405e-57,0.25796011076483943
iTransformer_ETTh1_h336_san_lite_s2021_det,ETTh1,iTransformer,san_lite,336,96,2021,deterministic,defect,2545,-0.0033980952067381273,-0.03241441049414934,0.02424891583229494,0.0,0.8840579710144928,0.832,0.8639144434197904,432.0,432.0,432.0,14.0,0.0,6.0,2000,2000,0.8639144434197904,-0.0030655332741708844
iTransformer_ETTh1_h336_san_lite_s2021_det,ETTh1,iTransformer,san_lite,336,96,2021,deterministic,control,2545,0.009199061399907539,-0.03257399163704074,0.04429196745226524,0.0,0.6401799100449775,0.79,0.6426599235231211,432.0,432.0,432.0,14.0,0.0,6.0,2000,2000,0.6426599235231211,0.005439058695253564
iTransformer_ETTh1_h96_fredf_s2021_det,ETTh1,iTransformer,fredf,96,96,2021,deterministic,index,2785,0.3296571057612265,0.012779950865736491,0.55600325260567,1.0,0.03498250874562719,0.044,9.17660161659109e-68,192.0,192.0,192.0,15.0,0.0,15.0,2000,2000,9.17660161659109e-68,0.3019507803811413
iTransformer_ETTh1_h96_fredf_s2021_det,ETTh1,iTransformer,fredf,96,96,2021,deterministic,defect,2785,-0.0028601920374750974,-0.03962478204197406,0.034270986382740475,0.0,0.8985507246376812,0.931,0.8800434802469344,192.0,192.0,192.0,15.0,0.0,15.0,2000,2000,0.8800434802469344,-0.0022869603625528105
iTransformer_ETTh1_h96_fredf_s2021_det,ETTh1,iTransformer,fredf,96,96,2021,deterministic,control,2785,0.02702876264564325,-0.003972040308486511,0.05871736243549815,0.0,0.12493753123438281,0.08,0.1538292434554916,192.0,192.0,192.0,15.0,0.0,15.0,2000,2000,0.1538292434554916,0.027419380767243623
iTransformer_ETTh1_h96_none_s2021_det,ETTh1,iTransformer,none,96,96,2021,deterministic,index,2785,0.3385835206313425,-0.009366096586346767,0.5708291893236118,0.0,0.02148925537231384,0.056,2.213540777019373e-71,192.0,192.0,192.0,15.0,0.0,15.0,2000,2000,2.213540777019373e-71,0.3107485022649682
iTransformer_ETTh1_h96_none_s2021_det,ETTh1,iTransformer,none,96,96,2021,deterministic,defect,2785,-0.040853873932281355,-0.0697820462825203,-0.007656409135642431,1.0,0.022988505747126436,0.014,0.031115034770654075,192.0,192.0,192.0,15.0,0.0,15.0,2000,2000,0.031115034770654075,-0.03913690421380086
iTransformer_ETTh1_h96_none_s2021_det,ETTh1,iTransformer,none,96,96,2021,deterministic,control,2785,0.00550375383386318,-0.03144814255957709,0.04013913470718745,0.0,0.7551224387806097,0.77,0.7715117759084944,192.0,192.0,192.0,15.0,0.0,15.0,2000,2000,0.7715117759084944,0.004770219901880612
iTransformer_ETTh1_h96_san_lite_s2021_det,ETTh1,iTransformer,san_lite,96,96,2021,deterministic,index,2785,0.39105122680733045,0.07865298954477068,0.5950363860034593,1.0,0.017491254372813594,0.018,1.379675802686423e-94,192.0,192.0,192.0,15.0,0.0,15.0,2000,2000,1.379675802686423e-94,0.36007641934277956
iTransformer_ETTh1_h96_san_lite_s2021_det,ETTh1,iTransformer,san_lite,96,96,2021,deterministic,defect,2785,0.0029980290100110087,-0.040608630927511734,0.04433562477044226,0.0,0.8925537231384307,0.916,0.8743095458296074,192.0,192.0,192.0,15.0,0.0,15.0,2000,2000,0.8743095458296074,0.002119756342251709
iTransformer_ETTh1_h96_san_lite_s2021_det,ETTh1,iTransformer,san_lite,96,96,2021,deterministic,control,2785,0.0011413327304598806,-0.025903651997669117,0.03137581678762411,0.0,0.9465267366316842,0.878,0.9519797392674642,192.0,192.0,192.0,15.0,0.0,15.0,2000,2000,0.9519797392674642,0.002514497004578758
iTransformer_ETTh2_h336_fredf_s2021_det,ETTh2,iTransformer,fredf,336,96,2021,deterministic,index,2545,0.26246696692923455,-0.19892734052957006,0.5757266453176896,0.0,0.19440279860069964,0.34,5.270773980624455e-40,432.0,432.0,432.0,14.0,0.0,6.0,2000,2000,5.270773980624455e-40,0.21674103379382614
iTransformer_ETTh2_h336_fredf_s2021_det,ETTh2,iTransformer,fredf,336,96,2021,deterministic,defect,2545,-0.002193835888422714,-0.029142400495357976,0.029505423692465997,0.0,0.9045477261369316,0.823,0.9118916191524336,432.0,432.0,432.0,14.0,0.0,6.0,2000,2000,0.9118916191524336,-0.00212671820345256
iTransformer_ETTh2_h336_fredf_s2021_det,ETTh2,iTransformer,fredf,336,96,2021,deterministic,control,2545,-0.01626503590195727,-0.04021290333689598,0.0025208106594975977,0.0,0.32733633183408295,0.082,0.41200111134843365,432.0,432.0,432.0,14.0,0.0,6.0,2000,2000,0.41200111134843365,-0.018587326485401172
iTransformer_ETTh2_h336_none_s2021_det,ETTh2,iTransformer,none,336,96,2021,deterministic,index,2545,0.3081935694195406,-0.09874280921588298,0.5932715513429007,0.0,0.13093453273363317,0.139,1.728511437867427e-54,432.0,432.0,432.0,14.0,0.0,6.0,2000,2000,1.728511437867427e-54,0.283097559154694
iTransformer_ETTh2_h336_none_s2021_det,ETTh2,iTransformer,none,336,96,2021,deterministic,defect,2545,-0.015432424746564095,-0.044883052884378674,0.01079361488595738,0.0,0.45977011494252873,0.271,0.4363439135852356,432.0,432.0,432.0,14.0,0.0,6.0,2000,2000,0.4363439135852356,-0.0155132060415468
iTransformer_ETTh2_h336_none_s2021_det,ETTh2,iTransformer,none,336,96,2021,deterministic,control,2545,0.0653257010619823,0.011573636492973514,0.12048854464019931,1.0,0.012993503248375811,0.024,0.00098455661491854,432.0,432.0,432.0,14.0,0.0,6.0,2000,2000,0.00098455661491854,0.06557969953295219
iTransformer_ETTh2_h336_san_lite_s2021_det,ETTh2,iTransformer,san_lite,336,96,2021,deterministic,index,2545,0.30103065088089204,-0.14439406041997763,0.6025545904522351,0.0,0.14642678660669664,0.24,4.5548592514211155e-52,432.0,432.0,432.0,14.0,0.0,6.0,2000,2000,4.5548592514211155e-52,0.2581238652893447
iTransformer_ETTh2_h336_san_lite_s2021_det,ETTh2,iTransformer,san_lite,336,96,2021,deterministic,defect,2545,0.008417516408103135,-0.02324796150876871,0.0422920365575443,0.0,0.6981509245377311,0.519,0.6711549981292952,432.0,432.0,432.0,14.0,0.0,6.0,2000,2000,0.6711549981292952,0.010787017181681279
iTransformer_ETTh2_h336_san_lite_s2021_det,ETTh2,iTransformer,san_lite,336,96,2021,deterministic,control,2545,0.008242131342223643,-0.03134756904908898,0.05269535031857689,0.0,0.7051474262868566,0.782,0.6776168899744522,432.0,432.0,432.0,14.0,0.0,6.0,2000,2000,0.6776168899744522,0.007541491350942862
iTransformer_ETTh2_h96_fredf_s2021_det,ETTh2,iTransformer,fredf,96,96,2021,deterministic,index,2785,0.11008401733975215,-0.17197068874716276,0.343570493502951,0.0,0.4367816091954023,0.476,6.306075194632255e-09,192.0,192.0,192.0,15.0,0.0,15.0,2000,2000,6.306075194632255e-09,0.09423694561946937
iTransformer_ETTh2_h96_fredf_s2021_det,ETTh2,iTransformer,fredf,96,96,2021,deterministic,defect,2785,0.021213935531857093,-0.013553006980914658,0.048850171834499696,0.0,0.21989005497251374,0.232,0.2630018918323931,192.0,192.0,192.0,15.0,0.0,15.0,2000,2000,0.2630018918323931,0.01942006936327705
iTransformer_ETTh2_h96_fredf_s2021_det,ETTh2,iTransformer,fredf,96,96,2021,deterministic,control,2785,0.02705754120159926,-0.00971599203577279,0.06347483788457643,0.0,0.11244377811094453,0.164,0.15339149386016168,192.0,192.0,192.0,15.0,0.0,15.0,2000,2000,0.15339149386016168,0.02661328176442818
iTransformer_ETTh2_h96_none_s2021_det,ETTh2,iTransformer,none,96,96,2021,deterministic,index,2785,0.16217996772517504,-0.13978647033539693,0.41045716778413954,0.0,0.24387806096951525,0.334,1.1563899705051191e-17,192.0,192.0,192.0,15.0,0.0,15.0,2000,2000,1.1563899705051191e-17,0.1416154878756592
iTransformer_ETTh2_h96_none_s2021_det,ETTh2,iTransformer,none,96,96,2021,deterministic,defect,2785,0.025003429272371175,-0.0008034959036716153,0.051629929360450494,0.0,0.12743628185907047,0.058,0.18707834996566164,192.0,192.0,192.0,15.0,0.0,15.0,2000,2000,0.18707834996566164,0.02426431087319617
iTransformer_ETTh2_h96_none_s2021_det,ETTh2,iTransformer,none,96,96,2021,deterministic,control,2785,-0.006554277232044667,-0.04720101534783391,0.02976783165289109,0.0,0.7161419290354822,0.666,0.7294724182074341,192.0,192.0,192.0,15.0,0.0,15.0,2000,2000,0.7294724182074341,-0.008526843222815585
iTransformer_ETTh2_h96_san_lite_s2021_det,ETTh2,iTransformer,san_lite,96,96,2021,deterministic,index,2785,0.22039043963082916,-0.086656458860608,0.4879546674704194,0.0,0.12143928035982009,0.169,2.949003426493616e-31,192.0,192.0,192.0,15.0,0.0,15.0,2000,2000,2.949003426493616e-31,0.2048563896162616
iTransformer_ETTh2_h96_san_lite_s2021_det,ETTh2,iTransformer,san_lite,96,96,2021,deterministic,defect,2785,0.027222766799834798,-0.012623263607967877,0.06614064822853029,0.0,0.26286856571714146,0.194,0.1508965653659668,192.0,192.0,192.0,15.0,0.0,15.0,2000,2000,0.1508965653659668,0.02641834622248685
iTransformer_ETTh2_h96_san_lite_s2021_det,ETTh2,iTransformer,san_lite,96,96,2021,deterministic,control,2785,0.03166851983293816,0.006638738210432803,0.05631473896816912,1.0,0.05147426286856572,0.018,0.09473237052184244,192.0,192.0,192.0,15.0,0.0,15.0,2000,2000,0.09473237052184244,0.03080843060331835
iTransformer_ETTm1_h336_fredf_s2021_det,ETTm1,iTransformer,fredf,336,96,2021,deterministic,index,11185,0.252270491333828,-0.0019301314435445688,0.45533411803997265,0.0,0.03498250874562719,0.052,8.311836343053366e-157,432.0,432.0,432.0,23.0,0.0,26.0,2000,2000,8.311836343053366e-157,0.24273128337726996
iTransformer_ETTm1_h336_fredf_s2021_det,ETTm1,iTransformer,fredf,336,96,2021,deterministic,defect,11185,0.01160110587098518,-0.00655361604171142,0.02975121973547304,0.0,0.23288355822088955,0.213,0.21987206921580627,432.0,432.0,432.0,23.0,0.0,26.0,2000,2000,0.21987206921580627,0.011687294372016058
iTransformer_ETTm1_h336_fredf_s2021_det,ETTm1,iTransformer,fredf,336,96,2021,deterministic,control,11185,0.0018143070196776558,-0.019106456557542655,0.021544570931202763,0.0,0.8420789605197402,0.916,0.8478432467215682,432.0,432.0,432.0,23.0,0.0,26.0,2000,2000,0.8478432467215682,0.0013280236772999405
iTransformer_ETTm1_h336_none_s2021_det,ETTm1,iTransformer,none,336,96,2021,deterministic,index,11185,0.2595249827589786,-0.01131059678083019,0.46421633848928584,0.0,0.028985507246376812,0.061,7.772608752315709e-166,432.0,432.0,432.0,23.0,0.0,26.0,2000,2000,7.772608752315709e-166,0.2497737553868809
iTransformer_ETTm1_h336_none_s2021_det,ETTm1,iTransformer,none,336,96,2021,deterministic,defect,11185,-0.012605726363611982,-0.03265034520127529,0.00825831373310343,0.0,0.2013993003498251,0.252,0.18249523628517028,432.0,432.0,432.0,23.0,0.0,26.0,2000,2000,0.18249523628517028,-0.011956121208716027
iTransformer_ETTm1_h336_none_s2021_det,ETTm1,iTransformer,none,336,96,2021,deterministic,control,11185,0.006029913932875471,-0.011637186722120788,0.023152018595740582,0.0,0.5387306346826587,0.514,0.5236754142213778,432.0,432.0,432.0,23.0,0.0,26.0,2000,2000,0.5236754142213778,0.005831704032551217
iTransformer_ETTm1_h336_san_lite_s2021_det,ETTm1,iTransformer,san_lite,336,96,2021,deterministic,index,11185,0.2669492562554931,0.02725309538820988,0.46952538963524243,1.0,0.02848575712143928,0.033,2.4311174125306777e-175,432.0,432.0,432.0,23.0,0.0,26.0,2000,2000,2.4311174125306777e-175,0.25873884664205044
iTransformer_ETTm1_h336_san_lite_s2021_det,ETTm1,iTransformer,san_lite,336,96,2021,deterministic,defect,11185,0.008694214007863528,-0.010366220838181008,0.026943396358580292,0.0,0.35582208895552225,0.378,0.3578593744129749,432.0,432.0,432.0,23.0,0.0,26.0,2000,2000,0.3578593744129749,0.008546496598891421
iTransformer_ETTm1_h336_san_lite_s2021_det,ETTm1,iTransformer,san_lite,336,96,2021,deterministic,control,11185,-0.006810213669400635,-0.022760209826849544,0.009613912986231299,0.0,0.4877561219390305,0.447,0.4713955341879593,432.0,432.0,432.0,23.0,0.0,26.0,2000,2000,0.4713955341879593,-0.006573619144663757
iTransformer_ETTm1_h96_fredf_s2021_det,ETTm1,iTransformer,fredf,96,96,2021,deterministic,index,11425,0.15303911653311983,-0.01573913182483374,0.31260561440383,0.0,0.06746626686656672,0.087,3.8587739741014583e-60,192.0,192.0,192.0,23.0,0.0,60.0,2000,2000,3.8587739741014583e-60,0.1489808078893615
iTransformer_ETTm1_h96_fredf_s2021_det,ETTm1,iTransformer,fredf,96,96,2021,deterministic,defect,11425,-0.012292687136499985,-0.03120425973326013,0.006896480064196803,0.0,0.19740129935032483,0.199,0.1888863622135356,192.0,192.0,192.0,23.0,0.0,60.0,2000,2000,0.1888863622135356,-0.012628420249475551
iTransformer_ETTm1_h96_fredf_s2021_det,ETTm1,iTransformer,fredf,96,96,2021,deterministic,control,11425,-0.01165010316859281,-0.028925758775955886,0.006069649926764267,0.0,0.23088455772113944,0.198,0.21305849916604336,192.0,192.0,192.0,23.0,0.0,60.0,2000,2000,0.21305849916604336,-0.011554849331449903
iTransformer_ETTm1_h96_none_s2021_det,ETTm1,iTransformer,none,96,96,2021,deterministic,index,11425,0.1985747579483236,0.013781397820667137,0.3595090040624299,1.0,0.019490254872563718,0.033,5.698221988304187e-100,192.0,192.0,192.0,23.0,0.0,60.0,2000,2000,5.698221988304187e-100,0.19441136197022704
iTransformer_ETTm1_h96_none_s2021_det,ETTm1,iTransformer,none,96,96,2021,deterministic,defect,11425,0.015905693013131925,0.0016426319099141005,0.031230585178675878,1.0,0.06896551724137931,0.033,0.08912152190603129,192.0,192.0,192.0,23.0,0.0,60.0,2000,2000,0.08912152190603129,0.01589327363833167
iTransformer_ETTm1_h96_none_s2021_det,ETTm1,iTransformer,none,96,96,2021,deterministic,control,11425,-0.003481742061872791,-0.018019261601706187,0.011274373412699799,0.0,0.688655672163918,0.671,0.709789038214609,192.0,192.0,192.0,23.0,0.0,60.0,2000,2000,0.709789038214609,-0.0033310884203260065
iTransformer_ETTm1_h96_san_lite_s2021_det,ETTm1,iTransformer,san_lite,96,96,2021,deterministic,index,11425,0.21284195721630414,0.03728453823922454,0.3674591191910248,1.0,0.01199400299850075,0.013,1.4610458121977554e-114,192.0,192.0,192.0,23.0,0.0,60.0,2000,2000,1.4610458121977554e-114,0.20891841150528404
iTransformer_ETTm1_h96_san_lite_s2021_det,ETTm1,iTransformer,san_lite,96,96,2021,deterministic,defect,11425,-0.009341630043761491,-0.026958514094396344,0.008608160356183194,0.0,0.3023488255872064,0.34,0.3180551367522295,192.0,192.0,192.0,23.0,0.0,60.0,2000,2000,0.3180551367522295,-0.00894303621236761
iTransformer_ETTm1_h96_san_lite_s2021_det,ETTm1,iTransformer,san_lite,96,96,2021,deterministic,control,11425,0.007865038462587967,-0.013683578981257351,0.027631134408137394,0.0,0.3873063468265867,0.471,0.4005497547232171,192.0,192.0,192.0,23.0,0.0,60.0,2000,2000,0.4005497547232171,0.0075852495454043645
iTransformer_ETTm2_h336_fredf_s2021_det,ETTm2,iTransformer,fredf,336,96,2021,deterministic,index,11185,0.08434807287184057,-0.12731820219631046,0.302957523695513,0.0,0.4052973513243378,0.419,4.655201079580505e-19,432.0,432.0,432.0,23.0,0.0,26.0,2000,2000,4.655201079580505e-19,0.08902944116868725
iTransformer_ETTm2_h336_fredf_s2021_det,ETTm2,iTransformer,fredf,336,96,2021,deterministic,defect,11185,-0.00723821281110793,-0.02305916799883489,0.008473686004354681,0.0,0.4542728635682159,0.368,0.44398988555185004,432.0,432.0,432.0,23.0,0.0,26.0,2000,2000,0.44398988555185004,-0.007144170433418094
iTransformer_ETTm2_h336_fredf_s2021_det,ETTm2,iTransformer,fredf,336,96,2021,deterministic,control,11185,-0.0013896548350352997,-0.02103967432641408,0.019095374199359045,0.0,0.8770614692653673,0.926,0.8831618890914387,432.0,432.0,432.0,23.0,0.0,26.0,2000,2000,0.8831618890914387,-0.0010234749024516368
iTransformer_ETTm2_h336_none_s2021_det,ETTm2,iTransformer,none,336,96,2021,deterministic,index,11185,0.12885238982757025,-0.07472643662780906,0.31692264891851113,0.0,0.18840579710144928,0.189,2.7782036067902338e-42,432.0,432.0,432.0,23.0,0.0,26.0,2000,2000,2.7782036067902338e-42,0.1289541092972952
iTransformer_ETTm2_h336_none_s2021_det,ETTm2,iTransformer,none,336,96,2021,deterministic,defect,11185,-0.004261919604260585,-0.021919374741042864,0.01410804129586289,0.0,0.6676661669165417,0.645,0.652193608187839,432.0,432.0,432.0,23.0,0.0,26.0,2000,2000,0.652193608187839,-0.004018339814666164
iTransformer_ETTm2_h336_none_s2021_det,ETTm2,iTransformer,none,336,96,2021,deterministic,control,11185,0.006232495361307127,-0.01567191945169612,0.027175880383196595,0.0,0.5322338830584707,0.538,0.5098225596575781,432.0,432.0,432.0,23.0,0.0,26.0,2000,2000,0.5098225596575781,0.00617828841393809
iTransformer_ETTm2_h336_san_lite_s2021_det,ETTm2,iTransformer,san_lite,336,96,2021,deterministic,index,11185,0.12312648219109744,-0.07623533607957379,0.31685249353741285,0.0,0.21039480259870064,0.254,9.273741163058768e-39,432.0,432.0,432.0,23.0,0.0,26.0,2000,2000,9.273741163058768e-39,0.11935756180125534
iTransformer_ETTm2_h336_san_lite_s2021_det,ETTm2,iTransformer,san_lite,336,96,2021,deterministic,defect,11185,-0.004617098108560301,-0.026600052595718002,0.015127879733215752,0.0,0.6261869065467266,0.695,0.6253525241243838,432.0,432.0,432.0,23.0,0.0,26.0,2000,2000,0.6253525241243838,-0.004675929793644577
iTransformer_ETTm2_h336_san_lite_s2021_det,ETTm2,iTransformer,san_lite,336,96,2021,deterministic,control,11185,0.006266478976371951,-0.01150177215116494,0.024989614860348328,0.0,0.5037481259370314,0.489,0.507517631191932,432.0,432.0,432.0,23.0,0.0,26.0,2000,2000,0.507517631191932,0.006424779406596929
iTransformer_ETTm2_h96_fredf_s2021_det,ETTm2,iTransformer,fredf,96,96,2021,deterministic,index,11425,0.14885641410940648,0.0227343249595685,0.2762251215740676,1.0,0.04047976011994003,0.026,5.380938086863146e-57,192.0,192.0,192.0,23.0,0.0,60.0,2000,2000,5.380938086863146e-57,0.14840874528361053
iTransformer_ETTm2_h96_fredf_s2021_det,ETTm2,iTransformer,fredf,96,96,2021,deterministic,defect,11425,-0.010956299883302956,-0.02734610101267462,0.00718124536046159,0.0,0.23588205897051473,0.254,0.24158131401858696,192.0,192.0,192.0,23.0,0.0,60.0,2000,2000,0.24158131401858696,-0.010333815161014073
iTransformer_ETTm2_h96_fredf_s2021_det,ETTm2,iTransformer,fredf,96,96,2021,deterministic,control,11425,0.0017911951615832479,-0.013610818657347083,0.016985750477402587,0.0,0.8490754622688655,0.786,0.848174212545469,192.0,192.0,192.0,23.0,0.0,60.0,2000,2000,0.848174212545469,0.0017713290311290025
iTransformer_ETTm2_h96_none_s2021_det,ETTm2,iTransformer,none,96,96,2021,deterministic,index,11425,0.212633074866965,0.08229969831062901,0.3304092016363593,1.0,0.0014992503748125937,0.002,2.4297300836594676e-114,192.0,192.0,192.0,23.0,0.0,60.0,2000,2000,2.4297300836594676e-114,0.21087334595401777
iTransformer_ETTm2_h96_none_s2021_det,ETTm2,iTransformer,none,96,96,2021,deterministic,defect,11425,0.0013488885977781782,-0.016806783333281696,0.019707492356719928,0.0,0.879560219890055,0.876,0.8853635346167453,192.0,192.0,192.0,23.0,0.0,60.0,2000,2000,0.8853635346167453,0.0013103226291362748
iTransformer_ETTm2_h96_none_s2021_det,ETTm2,iTransformer,none,96,96,2021,deterministic,control,11425,0.0014481132699970618,-0.01598058364108346,0.018774023137216468,0.0,0.8740629685157422,0.85,0.8769956613118,192.0,192.0,192.0,23.0,0.0,60.0,2000,2000,0.8769956613118,0.0016017971531021044
iTransformer_ETTm2_h96_san_lite_s2021_det,ETTm2,iTransformer,san_lite,96,96,2021,deterministic,index,11425,0.21250516761119773,0.09251504489288022,0.3357697603799835,1.0,0.001999000499750125,0.0005,3.316759463737713e-114,192.0,192.0,192.0,23.0,0.0,60.0,2000,2000,3.316759463737713e-114,0.21040457913479874
iTransformer_ETTm2_h96_san_lite_s2021_det,ETTm2,iTransformer,san_lite,96,96,2021,deterministic,defect,11425,0.005055068973614177,-0.014708575906022271,0.024811001787934415,0.0,0.5902048975512244,0.627,0.5889891158270902,192.0,192.0,192.0,23.0,0.0,60.0,2000,2000,0.5889891158270902,0.004959060912400131
iTransformer_ETTm2_h96_san_lite_s2021_det,ETTm2,iTransformer,san_lite,96,96,2021,deterministic,control,11425,0.004388191938407439,-0.018269190434995503,0.025072496395970867,0.0,0.6741629185407296,0.701,0.6390527542860049,192.0,192.0,192.0,23.0,0.0,60.0,2000,2000,0.6390527542860049,0.004026852333841113
iTransformer_Exchange_h336_fredf_s2021_det,Exchange,iTransformer,fredf,336,96,2021,deterministic,index,425,0.4007542480186334,-0.08116926963534529,0.6078701328773064,0.0,0.5177411294352824,0.11,1.5571975951675501e-16,212.0,432.0,432.0,8.0,1.0,3.0,2000,2000,1.5571975951675501e-16,0.31734193099335084
iTransformer_Exchange_h336_fredf_s2021_det,Exchange,iTransformer,fredf,336,96,2021,deterministic,defect,425,0.02902768441950259,-0.0344052135570429,0.06920734932314446,0.0,0.6316841579210395,0.376,0.5500290436984265,212.0,432.0,432.0,8.0,1.0,3.0,2000,2000,0.5500290436984265,0.02444892033745595
iTransformer_Exchange_h336_fredf_s2021_det,Exchange,iTransformer,fredf,336,96,2021,deterministic,control,425,0.04710103015428867,-0.04792153975739097,0.08009910120692303,0.0,0.328335832083958,0.405,0.3321115090392617,212.0,432.0,432.0,8.0,1.0,3.0,2000,2000,0.3321115090392617,0.032046714144607094
iTransformer_Exchange_h336_none_s2021_det,Exchange,iTransformer,none,336,96,2021,deterministic,index,425,0.424768567006925,-0.04994818492382162,0.635992467255647,0.0,0.45177411294352826,0.071,2.200330500813626e-18,212.0,432.0,432.0,8.0,1.0,3.0,2000,2000,2.200330500813626e-18,0.3372376212205264
iTransformer_Exchange_h336_none_s2021_det,Exchange,iTransformer,none,336,96,2021,deterministic,defect,425,-0.018498069437713965,-0.07150703668550627,0.028072961709026113,0.0,0.7141429285357321,0.52,0.703278519185075,212.0,432.0,432.0,8.0,1.0,3.0,2000,2000,0.703278519185075,-0.01765691072405797
iTransformer_Exchange_h336_none_s2021_det,Exchange,iTransformer,none,336,96,2021,deterministic,control,425,0.01770255271920089,-0.09426112967170772,0.08111333396536516,0.0,0.7126436781609196,0.702,0.7154713315213383,212.0,432.0,432.0,8.0,1.0,3.0,2000,2000,0.7154713315213383,0.011179528351566234
iTransformer_Exchange_h336_san_lite_s2021_det,Exchange,iTransformer,san_lite,336,96,2021,deterministic,index,425,0.47578449609979523,-0.20958584275947234,0.5317028652088511,0.0,0.33183408295852074,0.137,1.1597632851177705e-22,212.0,432.0,432.0,8.0,1.0,3.0,2000,2000,1.1597632851177705e-22,0.3495046485161202
iTransformer_Exchange_h336_san_lite_s2021_det,Exchange,iTransformer,san_lite,336,96,2021,deterministic,defect,425,0.0679120226352566,-0.01773201788350992,0.11103509648174602,0.0,0.16691654172913542,0.208,0.16199474361632982,212.0,432.0,432.0,8.0,1.0,3.0,2000,2000,0.16199474361632982,0.062007370785068475
iTransformer_Exchange_h336_san_lite_s2021_det,Exchange,iTransformer,san_lite,336,96,2021,deterministic,control,425,0.008572009191664974,-0.08876212456515312,0.10398452370880801,0.0,0.7546226886556722,0.85,0.8598944931638018,212.0,432.0,432.0,8.0,1.0,3.0,2000,2000,0.8598944931638018,0.00557724091114747
iTransformer_Exchange_h96_fredf_s2021_det,Exchange,iTransformer,fredf,96,96,2021,deterministic,index,665,-0.004147661566811852,-0.34520748051723343,0.22859521625018664,0.0,0.9880059970014993,0.932,0.9148859552993065,192.0,192.0,192.0,9.0,0.0,4.0,2000,2000,0.9148859552993065,-0.027987033465178748
iTransformer_Exchange_h96_fredf_s2021_det,Exchange,iTransformer,fredf,96,96,2021,deterministic,defect,665,-0.021181290902280124,-0.09120890052249656,0.04720070657270828,0.0,0.47976011994003,0.514,0.5852008890769106,192.0,192.0,192.0,9.0,0.0,4.0,2000,2000,0.5852008890769106,-0.023041219573414748
iTransformer_Exchange_h96_fredf_s2021_det,Exchange,iTransformer,fredf,96,96,2021,deterministic,control,665,-0.008058611197482473,-0.05358364769826427,0.029547732849349972,0.0,0.8470764617691154,0.629,0.8354976657812366,192.0,192.0,192.0,9.0,0.0,4.0,2000,2000,0.8354976657812366,-0.009613390086330727
iTransformer_Exchange_h96_none_s2021_det,Exchange,iTransformer,none,96,96,2021,deterministic,index,665,0.06871966631002777,-0.25888561583196373,0.34184672926988197,0.0,0.7786106946526736,0.744,0.07659697188714112,192.0,192.0,192.0,9.0,0.0,4.0,2000,2000,0.07659697188714112,0.04277082008281869
iTransformer_Exchange_h96_none_s2021_det,Exchange,iTransformer,none,96,96,2021,deterministic,defect,665,0.006905696347674789,-0.04728189978533282,0.04538743997977577,0.0,0.8385807096451774,0.78,0.8587643266234884,192.0,192.0,192.0,9.0,0.0,4.0,2000,2000,0.8587643266234884,0.004671858064895885
iTransformer_Exchange_h96_none_s2021_det,Exchange,iTransformer,none,96,96,2021,deterministic,control,665,-0.05875450593269237,-0.1406987957211006,0.02459565332749116,0.0,0.08095952023988005,0.202,0.1300264202588763,192.0,192.0,192.0,9.0,0.0,4.0,2000,2000,0.1300264202588763,-0.058010777950247984
iTransformer_Exchange_h96_san_lite_s2021_det,Exchange,iTransformer,san_lite,96,96,2021,deterministic,index,665,0.1842019163832734,-0.1024996223352719,0.401496624936049,0.0,0.4542728635682159,0.183,2.0691420968241017e-06,192.0,192.0,192.0,9.0,0.0,4.0,2000,2000,2.0691420968241017e-06,0.17137576920489925
iTransformer_Exchange_h96_san_lite_s2021_det,Exchange,iTransformer,san_lite,96,96,2021,deterministic,defect,665,-0.04168219310895279,-0.08909862327244247,0.01166197171801274,0.0,0.20939530234882558,0.113,0.2827890762841071,192.0,192.0,192.0,9.0,0.0,4.0,2000,2000,0.2827890762841071,-0.04080324889727088
iTransformer_Exchange_h96_san_lite_s2021_det,Exchange,iTransformer,san_lite,96,96,2021,deterministic,control,665,-0.023338589064651208,-0.07233975319872595,0.01825457955677058,0.0,0.47126436781609193,0.222,0.5475780126641899,192.0,192.0,192.0,9.0,0.0,4.0,2000,2000,0.5475780126641899,-0.025689624907538296
iTransformer_ILI_h24_fredf_s2021_det,ILI,iTransformer,fredf,24,36,2021,deterministic,index,74,-0.0834209552017771,-0.8052733579700868,0.27783311734576766,0.0,0.7316341829085458,0.425,0.476001118082122,37.0,60.0,60.0,5.0,1.0,2.0,2000,2000,0.476001118082122,-0.15923345987157245
iTransformer_ILI_h24_fredf_s2021_det,ILI,iTransformer,fredf,24,36,2021,deterministic,defect,74,-0.06437615697889669,-0.17037759702900376,0.06981302164304143,0.0,0.7086456771614192,0.292,0.5822987104636961,37.0,60.0,60.0,5.0,1.0,2.0,2000,2000,0.5822987104636961,-0.06771167134798418
iTransformer_ILI_h24_fredf_s2021_det,ILI,iTransformer,fredf,24,36,2021,deterministic,control,74,0.11511292114031839,0.063816549640032,0.1951826504310728,1.0,0.01199400299850075,0.0005,0.325349004486186,37.0,60.0,60.0,5.0,1.0,2.0,2000,2000,0.325349004486186,0.1261989626057123
iTransformer_ILI_h24_none_s2021_det,ILI,iTransformer,none,24,36,2021,deterministic,index,74,-0.06440577563865234,-0.7047319920590239,0.33790355132031175,0.0,0.8265867066466767,0.462,0.5821251533462933,37.0,60.0,60.0,5.0,1.0,2.0,2000,2000,0.5821251533462933,-0.12397983618039098
iTransformer_ILI_h24_none_s2021_det,ILI,iTransformer,none,24,36,2021,deterministic,defect,74,-0.13880784894483522,-0.21551118375973516,-0.042837039968125316,1.0,0.5797101449275363,0.001,0.23563225888391437,37.0,60.0,60.0,5.0,1.0,2.0,2000,2000,0.23563225888391437,-0.13144320618042135
iTransformer_ILI_h24_none_s2021_det,ILI,iTransformer,none,24,36,2021,deterministic,control,74,-0.22763420955201774,-0.36529648730155284,0.02925457104636103,0.0,0.16741629185407297,0.089,0.051786107520633534,37.0,60.0,60.0,5.0,1.0,2.0,2000,2000,0.051786107520633534,-0.2136597259533809
iTransformer_ILI_h24_san_lite_s2021_det,ILI,iTransformer,san_lite,24,36,2021,deterministic,index,74,-0.08555349870418362,-0.6909742799573309,0.34210647180651643,0.0,0.841079460269865,0.488,0.46479783572859457,37.0,60.0,60.0,5.0,1.0,2.0,2000,2000,0.46479783572859457,-0.15250130314322666
iTransformer_ILI_h24_san_lite_s2021_det,ILI,iTransformer,san_lite,24,36,2021,deterministic,defect,74,0.014024435394298405,-0.08372062142492366,0.20270810802802922,0.0,0.9180409795102449,0.565,0.9046219133186156,37.0,60.0,60.0,5.0,1.0,2.0,2000,2000,0.9046219133186156,0.049762160381010084
iTransformer_ILI_h24_san_lite_s2021_det,ILI,iTransformer,san_lite,24,36,2021,deterministic,control,74,-0.12459089226212512,-0.29299132288136165,0.09875614402223545,0.0,0.36481759120439783,0.257,0.287099967866283,37.0,60.0,60.0,5.0,1.0,2.0,2000,2000,0.287099967866283,-0.12299714968242867
iTransformer_ILI_h48_fredf_s2021_det,ILI,iTransformer,fredf,48,36,2021,deterministic,index,50,0.11490996398559422,-0.7935310232133417,0.4472216881368968,0.0,0.6511744127936032,0.962,0.42118346720046995,25.0,84.0,84.0,4.0,1.0,2.0,2000,2000,0.42118346720046995,-0.031014476430684976
iTransformer_ILI_h48_fredf_s2021_det,ILI,iTransformer,fredf,48,36,2021,deterministic,defect,50,-0.02770708283313325,-0.1617234282094389,0.14539798615783903,0.0,0.7236381809095452,0.882,0.8462153616101529,25.0,84.0,84.0,4.0,1.0,2.0,2000,2000,0.8462153616101529,-0.010729852887817425
iTransformer_ILI_h48_fredf_s2021_det,ILI,iTransformer,fredf,48,36,2021,deterministic,control,50,-0.13699879951980792,-0.2110639867532045,-0.021673314431255707,1.0,0.32233883058470764,0.041,0.3375629785815132,25.0,84.0,84.0,4.0,1.0,2.0,2000,2000,0.3375629785815132,-0.12369701751934248
iTransformer_ILI_h48_none_s2021_det,ILI,iTransformer,none,48,36,2021,deterministic,index,50,0.09723889555822329,-0.9000940970052397,0.4213073831659668,0.0,0.7711144427786107,0.99,0.49607888708421066,25.0,84.0,84.0,4.0,1.0,2.0,2000,2000,0.49607888708421066,-0.05684231893537874
iTransformer_ILI_h48_none_s2021_det,ILI,iTransformer,none,48,36,2021,deterministic,defect,50,0.041440576230492195,-0.1419704654482803,0.24866605778012787,0.0,0.7791104447776112,0.661,0.7717519502225212,25.0,84.0,84.0,4.0,1.0,2.0,2000,2000,0.7717519502225212,0.04120610519415034
iTransformer_ILI_h48_none_s2021_det,ILI,iTransformer,none,48,36,2021,deterministic,control,50,0.11875150060024009,-0.10898606439211918,0.21932942645787298,0.0,0.48075962018990503,0.39,0.40582648135685806,25.0,84.0,84.0,4.0,1.0,2.0,2000,2000,0.40582648135685806,0.08548132033106899
iTransformer_ILI_h48_san_lite_s2021_det,ILI,iTransformer,san_lite,48,36,2021,deterministic,index,50,0.2590636254501801,-0.4472381135522331,0.3427635618732154,0.0,0.5247376311844077,0.467,0.06976315601147534,25.0,84.0,84.0,4.0,1.0,2.0,2000,2000,0.06976315601147534,0.10874617508997202
iTransformer_ILI_h48_san_lite_s2021_det,ILI,iTransformer,san_lite,48,36,2021,deterministic,defect,50,0.17282112845138053,-0.05101259555034968,0.3726181420420371,0.0,0.10194902548725637,0.208,0.22637564385519549,25.0,84.0,84.0,4.0,1.0,2.0,2000,2000,0.22637564385519549,0.16689441035122246
iTransformer_ILI_h48_san_lite_s2021_det,ILI,iTransformer,san_lite,48,36,2021,deterministic,control,50,0.11577430972388955,-0.15402630829031003,0.3478825169446714,0.0,0.2748625687156422,0.392,0.4176987303708687,25.0,84.0,84.0,4.0,1.0,2.0,2000,2000,0.4176987303708687,0.10335518423701118
iTransformer_Weather_h336_fredf_s2021_det,Weather,iTransformer,fredf,336,96,2021,deterministic,index,4935,-0.11493925278894493,-0.41941790853032024,0.1666595107864957,0.0,0.5172413793103449,0.433,6.824781136386681e-16,432.0,432.0,432.0,18.0,0.0,12.0,2000,2000,6.824781136386681e-16,-0.12099938321655944
iTransformer_Weather_h336_fredf_s2021_det,Weather,iTransformer,fredf,336,96,2021,deterministic,defect,4935,-0.007270896645801778,-0.03478067000021875,0.022103728693821944,0.0,0.5727136431784108,0.62,0.6095432810350973,432.0,432.0,432.0,18.0,0.0,12.0,2000,2000,0.6095432810350973,-0.007628159474522962
iTransformer_Weather_h336_fredf_s2021_det,Weather,iTransformer,fredf,336,96,2021,deterministic,control,4935,-0.0008404929592251471,-0.031032009153812684,0.030016201727428502,0.0,0.9590204897551224,0.995,0.9529216230178325,432.0,432.0,432.0,18.0,0.0,12.0,2000,2000,0.9529216230178325,-0.0001704182428200251
iTransformer_Weather_h336_none_s2021_det,Weather,iTransformer,none,336,96,2021,deterministic,index,4935,-0.09006001450180047,-0.3988780779838,0.201329999109794,0.0,0.585207396301849,0.512,2.5154090988996685e-10,432.0,432.0,432.0,18.0,0.0,12.0,2000,2000,2.5154090988996685e-10,-0.09716468918711084
iTransformer_Weather_h336_none_s2021_det,Weather,iTransformer,none,336,96,2021,deterministic,defect,4935,0.013274037900336513,-0.012062174417131963,0.03637054046762393,0.0,0.37681159420289856,0.345,0.35112944435813775,432.0,432.0,432.0,18.0,0.0,12.0,2000,2000,0.35112944435813775,0.012504002012451472
iTransformer_Weather_h336_none_s2021_det,Weather,iTransformer,none,336,96,2021,deterministic,control,4935,0.006679549809663235,-0.02314397029912664,0.03853800882300878,0.0,0.6561719140429785,0.712,0.638935363063668,432.0,432.0,432.0,18.0,0.0,12.0,2000,2000,0.638935363063668,0.006383513537967516
iTransformer_Weather_h336_san_lite_s2021_det,Weather,iTransformer,san_lite,336,96,2021,deterministic,index,4935,-0.056159013979629455,-0.33894132161325385,0.20243681526348903,0.0,0.7526236881559221,0.722,7.988460204832674e-05,432.0,432.0,432.0,18.0,0.0,12.0,2000,2000,7.988460204832674e-05,-0.06075782675309434
iTransformer_Weather_h336_san_lite_s2021_det,Weather,iTransformer,san_lite,336,96,2021,deterministic,defect,4935,-0.026919149955372652,-0.04940807022202008,-0.0028935652388185286,1.0,0.050474762618690654,0.02,0.05864214018884015,432.0,432.0,432.0,18.0,0.0,12.0,2000,2000,0.05864214018884015,-0.02587651793901731
iTransformer_Weather_h336_san_lite_s2021_det,Weather,iTransformer,san_lite,336,96,2021,deterministic,control,4935,-0.001515524173448039,-0.03817709346458632,0.029603304185137472,0.0,0.9290354822588706,0.915,0.9152220619699922,432.0,432.0,432.0,18.0,0.0,12.0,2000,2000,0.9152220619699922,-0.002216393725376408
iTransformer_Weather_h96_fredf_s2021_det,Weather,iTransformer,fredf,96,96,2021,deterministic,index,5175,-0.1704766112494864,-0.42358426168175567,0.07486322566712605,0.0,0.15242378810594703,0.178,1.4403839018452877e-34,192.0,192.0,192.0,18.0,0.0,27.0,2000,2000,1.4403839018452877e-34,-0.1753036096589862
iTransformer_Weather_h96_fredf_s2021_det,Weather,iTransformer,fredf,96,96,2021,deterministic,defect,5175,-0.0054641940955607255,-0.025511922382901016,0.016585333619521556,0.0,0.6436781609195402,0.627,0.6942882144461787,192.0,192.0,192.0,18.0,0.0,27.0,2000,2000,0.6942882144461787,-0.005119310288663133
iTransformer_Weather_h96_fredf_s2021_det,Weather,iTransformer,fredf,96,96,2021,deterministic,control,5175,0.004466954655107298,-0.023705188412330352,0.033243112325401565,0.0,0.7546226886556722,0.772,0.7479751908498926,192.0,192.0,192.0,18.0,0.0,27.0,2000,2000,0.7479751908498926,0.004621433450729265
iTransformer_Weather_h96_none_s2021_det,Weather,iTransformer,none,96,96,2021,deterministic,index,5175,-0.1536702512040193,-0.42585555212552534,0.11165955462815633,0.0,0.23338330834582707,0.277,2.1064046421815304e-28,192.0,192.0,192.0,18.0,0.0,27.0,2000,2000,2.1064046421815304e-28,-0.15820707828876282
iTransformer_Weather_h96_none_s2021_det,Weather,iTransformer,none,96,96,2021,deterministic,defect,5175,0.019118169242063533,-0.0062514066875539375,0.0435697054262815,0.0,0.18340829585207397,0.12,0.16907568007659235,192.0,192.0,192.0,18.0,0.0,27.0,2000,2000,0.16907568007659235,0.018457724536446275
iTransformer_Weather_h96_none_s2021_det,Weather,iTransformer,none,96,96,2021,deterministic,control,5175,0.01876446640792118,-0.004292142311197875,0.041181793242960875,0.0,0.15942028985507245,0.118,0.17710008211299988,192.0,192.0,192.0,18.0,0.0,27.0,2000,2000,0.17710008211299988,0.018461529482203018
iTransformer_Weather_h96_san_lite_s2021_det,Weather,iTransformer,san_lite,96,96,2021,deterministic,index,5175,-0.12611442046441593,-0.39517049742351784,0.14057955593012378,0.0,0.3188405797101449,0.338,1.1741541061938097e-19,192.0,192.0,192.0,18.0,0.0,27.0,2000,2000,1.1741541061938097e-19,-0.13024703634218715
iTransformer_Weather_h96_san_lite_s2021_det,Weather,iTransformer,san_lite,96,96,2021,deterministic,defect,5175,-0.01838558837486463,-0.046996617467697,0.012697764422849141,0.0,0.19940029985007496,0.235,0.18600671109278,192.0,192.0,192.0,18.0,0.0,27.0,2000,2000,0.18600671109278,-0.017581150473160556
iTransformer_Weather_h96_san_lite_s2021_det,Weather,iTransformer,san_lite,96,96,2021,deterministic,control,5175,0.007392039077757114,-0.018037473112714544,0.03415383551482056,0.0,0.5387306346826587,0.537,0.5949246275846936,192.0,192.0,192.0,18.0,0.0,27.0,2000,2000,0.5949246275846936,0.007980717183770265
